trimestre,canalAcesso,produto,acessoATM,qtdTransacoes,valorTransacoes
20204,Correspondentes no País,Empréstimos e Financiamentos,Não aplicável,13203892,"47859027916,57"
20204,ATM,Outras não Financeiras,ATM/Acesso restrito,135339535,0
20204,ATM,Consulta Saldo/Extrato,ATM/Acesso aberto/Cartão terceiro,140897251,0
20204,ATM,Saque,ATM/Acesso aberto/Cartão próprio,131468880,"65028029665,89"
20204,Agências,Outras não Financeiras,Não aplicável,65093637,0
20204,Telefone Celular,Outras não Financeiras,Não aplicável,2383039796,0
20204,Telefone Celular,Ordem de Transferência de Crédito,Não aplicável,377479858,"803424233479,17"
20204,ATM,Outras Financeiras,ATM/Acesso restrito,1516724,"20294598143,72"
20204,Centrais de Atendimento,Boletos e Convênios,Não aplicável,459773,"621095954,26"
20204,ATM,Outras Financeiras,ATM/Acesso aberto/Cartão próprio,1210218,"30062004549,24"
20204,Internet Banking,Boletos e Convênios,Não aplicável,407713741,"1018357843041,32"
20204,ATM,Empréstimos e Financiamentos,ATM/Acesso restrito,10618143,"3678819679,63"
20204,Posto de Atendimento Cooperativo,Ordem de Transferência de Crédito,Não aplicável,9931693,"72933774315,52"
20204,Agências,Ordem de Transferência de Crédito,Não aplicável,89220573,"2715318114499,41"
20204,Internet Banking,Empréstimos e Financiamentos,Não aplicável,36683104,"64916056491,87"
20204,ATM,Consulta Saldo/Extrato,ATM/Acesso restrito,295372391,0
20204,ATM,Empréstimos e Financiamentos,ATM/Acesso aberto/Cartão próprio,809004,"1479040170,8"
20204,Correspondentes no País,Boletos e Convênios,Não aplicável,581266475,"137800944401,17"
20204,ATM,Boletos e Convênios,ATM/Acesso restrito,73021193,"38930469776,3"
20204,Agências,Depósito,Não aplicável,61119543,"2517839187029,96"
20204,Centrais de Atendimento,Outras não Financeiras,Não aplicável,43082309,0
20204,Telefone Celular,Outras Financeiras,Não aplicável,42953128,"154962224446,79"
20204,Telefone Celular,Boletos e Convênios,Não aplicável,682364639,"318484151914,11"
20204,Agências,Empréstimos e Financiamentos,Não aplicável,184890621,"388731693405,11"
20204,Posto de Atendimento Cooperativo,Outras Financeiras,Não aplicável,82000,"1414335237,89"
20204,ATM,Outras não Financeiras,ATM/Acesso aberto/Cartão terceiro,316331,0
20204,Centrais de Atendimento,Ordem de Transferência de Crédito,Não aplicável,647071,"23552172540,48"
20204,Agências,Pix,Não aplicável,245,"53593,27"
20204,ATM,Empréstimos e Financiamentos,ATM/Acesso aberto/Cartão terceiro,295727,"1013706177,89"
20204,Telefone Celular,Consulta Saldo/Extrato,Não aplicável,9361556028,0
20204,Internet Banking,Outras não Financeiras,Não aplicável,1852044725,0
20204,Internet Banking,Outras Financeiras,Não aplicável,497179095,"1417244344788,4"
20204,Internet Banking,Consulta Saldo/Extrato,Não aplicável,1886408722,"10,74"
20204,ATM,Outras não Financeiras,ATM/Acesso aberto/Cartão próprio,6556543,0
20204,ATM,Depósito,ATM/Acesso aberto/Cartão próprio,50846445,"62702057076,31"
20204,ATM,Saque,ATM/Acesso restrito,355156647,"209175460148,02"
20204,Centrais de Atendimento,Consulta Saldo/Extrato,Não aplicável,84685365,0
20204,Agências,Consulta Saldo/Extrato,Não aplicável,129468600,0
20204,Posto de Atendimento Cooperativo,Depósito,Não aplicável,5852053,11285049224
20204,ATM,Ordem de Transferência de Crédito,ATM/Acesso restrito,28752397,"46260718693,71"
20204,Correspondentes no País,Depósito,Não aplicável,127944077,"61287211376,69"
20204,Centrais de Atendimento,Outras Financeiras,Não aplicável,475509,"119547727962,47"
20204,Agências,Outras Financeiras,Não aplicável,123089167,"2982934074322,8"
20204,Internet Banking,Ordem de Transferência de Crédito,Não aplicável,246893767,"4472362774367,51"
20204,Correspondentes no País,Saque,Não aplicável,159272501,"87197899866,07"
20204,ATM,Depósito,ATM/Acesso restrito,182303931,"184004991504,11"
20204,ATM,Saque,ATM/Acesso aberto/Cartão terceiro,381524837,"139603423093,18"
20204,Posto de Atendimento Cooperativo,Boletos e Convênios,Não aplicável,56243529,"50736969391,89"
20204,ATM,Ordem de Transferência de Crédito,ATM/Acesso aberto/Cartão terceiro,1043011,"822714666,7"
20204,Correspondentes no País,Outras não Financeiras,Não aplicável,2321109,0
20204,Centrais de Atendimento,Empréstimos e Financiamentos,Não aplicável,627334,"6796549948,64"
20204,ATM,Boletos e Convênios,ATM/Acesso aberto/Cartão terceiro,2491277,"26896250165,91"
20204,Telefone Celular,Empréstimos e Financiamentos,Não aplicável,198641452,"26357223177,08"
20204,Agências,Boletos e Convênios,Não aplicável,75157041,"155076722639,59"
20204,Correspondentes no País,Ordem de Transferência de Crédito,Não aplicável,531351,"2018626139,83"
20204,ATM,Outras Financeiras,ATM/Acesso aberto/Cartão terceiro,22882,"25876834,36"
20204,ATM,Consulta Saldo/Extrato,ATM/Acesso aberto/Cartão próprio,293914174,0
20204,ATM,Boletos e Convênios,ATM/Acesso aberto/Cartão próprio,23857067,"11755846651,51"
20204,ATM,Depósito,ATM/Acesso aberto/Cartão terceiro,3564553,3807292085
20204,Posto de Atendimento Cooperativo,Saque,Não aplicável,14243665,"9961679450,27"
20204,Telefone Celular,Pix,Não aplicável,112149774,"74142515914,52"
20204,Correspondentes no País,Outras Financeiras,Não aplicável,497,"962367389,62"
20204,Internet Banking,Pix,Não aplicável,7244135,"43157023946,63"
20204,ATM,Ordem de Transferência de Crédito,ATM/Acesso aberto/Cartão próprio,6752994,"8273475772,9"
20204,Agências,Saque,Não aplicável,40904599,"254854670111,8"
20204,Correspondentes no País,Consulta Saldo/Extrato,Não aplicável,71611598,0
20211,Telefone Celular,Ordem de Transferência de Crédito,Não aplicável,292213427,"635515584816,03"
20211,Posto de Atendimento Cooperativo,Outras Financeiras,Não aplicável,88384,"1495878359,52"
20211,Telefone Celular,Consulta Saldo/Extrato,Não aplicável,9730960082,0
20211,ATM,Outras Financeiras,ATM/Acesso aberto/Cartão próprio,1134656,"27853587423,54"
20211,Internet Banking,Pix,Não aplicável,23850798,"142358147205,1"
20211,ATM,Saque,ATM/Acesso restrito,300017154,"192041073949,88"
20211,ATM,Ordem de Transferência de Crédito,ATM/Acesso restrito,24097421,"41679235242,53"
20211,Agências,Depósito,Não aplicável,62409965,"2534694707402,23"
20211,Agências,Boletos e Convênios,Não aplicável,64857834,"141488852803,81"
20211,Posto de Atendimento Cooperativo,Depósito,Não aplicável,6037306,"11246718286,84"
20211,Posto de Atendimento Cooperativo,Ordem de Transferência de Crédito,Não aplicável,7567161,"71385236349,59"
20211,Agências,Outras não Financeiras,Não aplicável,58961017,0
20211,Telefone Celular,Boletos e Convênios,Não aplicável,747636508,"399144869701,49"
20211,Correspondentes no País,Outras não Financeiras,Não aplicável,2197730,0
20211,Internet Banking,Outras não Financeiras,Não aplicável,1365866888,0
20211,ATM,Boletos e Convênios,ATM/Acesso aberto/Cartão próprio,23049904,"11601340189,89"
20211,Centrais de Atendimento,Ordem de Transferência de Crédito,Não aplicável,347475,"21696154584,34"
20211,Correspondentes no País,Depósito,Não aplicável,113846969,"52731574031,25"
20211,Centrais de Atendimento,Consulta Saldo/Extrato,Não aplicável,138679558,0
20211,Agências,Ordem de Transferência de Crédito,Não aplicável,69286892,"2822537086769,57"
20211,ATM,Empréstimos e Financiamentos,ATM/Acesso aberto/Cartão terceiro,190248,"255400787,82"
20211,Telefone Celular,Outras não Financeiras,Não aplicável,2818039580,0
20211,ATM,Ordem de Transferência de Crédito,ATM/Acesso aberto/Cartão terceiro,829999,"626585592,05"
20211,Centrais de Atendimento,Outras Financeiras,Não aplicável,395040,"111242015317,59"
20211,ATM,Outras Financeiras,ATM/Acesso aberto/Cartão terceiro,2974,7461
20211,Agências,Empréstimos e Financiamentos,Não aplicável,133678573,"250582007752,77"
20211,Internet Banking,Ordem de Transferência de Crédito,Não aplicável,228602017,"5188996288187,91"
20211,Agências,Pix,Não aplicável,2216,"6916862,84"
20211,ATM,Outras não Financeiras,ATM/Acesso aberto/Cartão próprio,6230512,0
20211,Internet Banking,Outras Financeiras,Não aplicável,483291058,"1321989720861,8"
20211,ATM,Consulta Saldo/Extrato,ATM/Acesso aberto/Cartão próprio,262085411,0
20211,Internet Banking,Empréstimos e Financiamentos,Não aplicável,36810666,"59170190177,06"
20211,ATM,Empréstimos e Financiamentos,ATM/Acesso restrito,12125401,"4929416286,61"
20211,ATM,Boletos e Convênios,ATM/Acesso aberto/Cartão terceiro,2055933,"11082633975,18"
20211,Agências,Consulta Saldo/Extrato,Não aplicável,120468847,40
20211,ATM,Consulta Saldo/Extrato,ATM/Acesso aberto/Cartão terceiro,124277943,0
20211,Posto de Atendimento Cooperativo,Saque,Não aplicável,16771433,"10678445557,82"
20211,ATM,Ordem de Transferência de Crédito,ATM/Acesso aberto/Cartão próprio,5564126,"6934889816,75"
20211,Centrais de Atendimento,Boletos e Convênios,Não aplicável,274646,"282352191,3"
20211,ATM,Saque,ATM/Acesso aberto/Cartão terceiro,318850168,"111649119791,27"
20211,ATM,Depósito,ATM/Acesso restrito,163499899,"164092048613,95"
20211,ATM,Depósito,ATM/Acesso aberto/Cartão terceiro,3232484,3461369558
20211,ATM,Outras não Financeiras,ATM/Acesso aberto/Cartão terceiro,132597,0
20211,Correspondentes no País,Outras Financeiras,Não aplicável,487,"409591367,48"
20211,ATM,Boletos e Convênios,ATM/Acesso restrito,70200695,"39707132004,25"
20211,Telefone Celular,Pix,Não aplicável,456503686,"281295663991,19"
20211,Centrais de Atendimento,Outras não Financeiras,Não aplicável,32064707,0
20211,Telefone Celular,Outras Financeiras,Não aplicável,41165917,"115935545496,58"
20211,Telefone Celular,Empréstimos e Financiamentos,Não aplicável,232020015,"29103449168,55"
20211,Correspondentes no País,Empréstimos e Financiamentos,Não aplicável,10555378,"34458437111,79"
20211,ATM,Saque,ATM/Acesso aberto/Cartão próprio,112252738,"55444476803,56"
20211,Internet Banking,Consulta Saldo/Extrato,Não aplicável,1978485458,"20,76"
20211,ATM,Outras não Financeiras,ATM/Acesso restrito,124327291,0
20211,Internet Banking,Boletos e Convênios,Não aplicável,440527219,"1155498870220,88"
20211,Centrais de Atendimento,Empréstimos e Financiamentos,Não aplicável,650079,"12260573840,33"
20211,Agências,Outras Financeiras,Não aplicável,117722674,"2954624112038,15"
20211,ATM,Consulta Saldo/Extrato,ATM/Acesso restrito,243869648,0
20211,ATM,Empréstimos e Financiamentos,ATM/Acesso aberto/Cartão próprio,716742,"1038985715,63"
20211,Correspondentes no País,Boletos e Convênios,Não aplicável,570956563,"137456138442,75"
20211,Correspondentes no País,Consulta Saldo/Extrato,Não aplicável,65198993,0
20211,ATM,Outras Financeiras,ATM/Acesso restrito,1325660,"4671451560,23"
20211,ATM,Depósito,ATM/Acesso aberto/Cartão próprio,45300420,"55725962701,45"
20211,Correspondentes no País,Saque,Não aplicável,143863989,"72604282060,38"
20211,Posto de Atendimento Cooperativo,Boletos e Convênios,Não aplicável,57093129,"50388352089,79"
20211,Agências,Saque,Não aplicável,36013592,"231307454806,41"
20211,Correspondentes no País,Ordem de Transferência de Crédito,Não aplicável,324401,"1729806908,73"
20212,ATM,Saque,ATM/Acesso aberto/Cartão terceiro,318484257,"112831841545,77"
20212,Centrais de Atendimento,Consulta Saldo/Extrato,Não aplicável,137080612,0
20212,Internet Banking,Outras não Financeiras,Não aplicável,1352278665,0
20212,Centrais de Atendimento,Outras Financeiras,Não aplicável,401770,"137176264690,66"
20212,Telefone Celular,Pix,Não aplicável,1034699381,"528977031521,08"
20212,ATM,Outras Financeiras,ATM/Acesso aberto/Cartão próprio,1085339,"29011786766,64"
20212,Internet Banking,Boletos e Convênios,Não aplicável,426551613,"1172013010916,26"
20212,Agências,Boletos e Convênios,Não aplicável,61931251,"153292835675,58"
20212,Correspondentes no País,Consulta Saldo/Extrato,Não aplicável,64673113,0
20212,Centrais de Atendimento,Boletos e Convênios,Não aplicável,303906,"585831765,7"
20212,Internet Banking,Pix,Não aplicável,47338248,"212007030256,89"
20212,ATM,Consulta Saldo/Extrato,ATM/Acesso aberto/Cartão terceiro,113912077,0
20212,Centrais de Atendimento,Ordem de Transferência de Crédito,Não aplicável,335074,"18311248351,95"
20212,ATM,Empréstimos e Financiamentos,ATM/Acesso aberto/Cartão terceiro,173730,"214208404,85"
20212,Centrais de Atendimento,Outras não Financeiras,Não aplicável,41376415,0
20212,Posto de Atendimento Cooperativo,Saque,Não aplicável,19847792,"13029753374,92"
20212,Correspondentes no País,Empréstimos e Financiamentos,Não aplicável,12707658,"45368279059,97"
20212,ATM,Consulta Saldo/Extrato,ATM/Acesso aberto/Cartão próprio,251697295,0
20212,ATM,Outras Financeiras,ATM/Acesso aberto/Cartão terceiro,2633,59896
20212,ATM,Depósito,ATM/Acesso aberto/Cartão terceiro,3329025,3554925614
20212,ATM,Outras não Financeiras,ATM/Acesso aberto/Cartão próprio,6397226,0
20212,Centrais de Atendimento,Empréstimos e Financiamentos,Não aplicável,808331,"15165178252,27"
20212,Telefone Celular,Boletos e Convênios,Não aplicável,749588204,"420670875895,95"
20212,Correspondentes no País,Boletos e Convênios,Não aplicável,545505596,"130981794028,64"
20212,ATM,Empréstimos e Financiamentos,ATM/Acesso aberto/Cartão próprio,824298,"1266383863,49"
20212,Correspondentes no País,Outras Financeiras,Não aplicável,583,"236432536,69"
20212,ATM,Boletos e Convênios,ATM/Acesso restrito,57038423,"33474205564,13"
20212,ATM,Pix,ATM/Acesso aberto/Cartão terceiro,2131,218260
20212,Agências,Depósito,Não aplicável,57767879,"2578552554082,38"
20212,ATM,Boletos e Convênios,ATM/Acesso aberto/Cartão próprio,19595308,"9902838390,81"
20212,Correspondentes no País,Saque,Não aplicável,143839572,"74673335931,03"
20212,ATM,Pix,ATM/Acesso restrito,4,410
20212,Correspondentes no País,Ordem de Transferência de Crédito,Não aplicável,444319,"1947462031,93"
20212,Internet Banking,Ordem de Transferência de Crédito,Não aplicável,235693662,"5463060433430,79"
20212,ATM,Saque,ATM/Acesso aberto/Cartão próprio,111997353,"56611316248,49"
20212,Agências,Ordem de Transferência de Crédito,Não aplicável,68703167,"3139898200936,32"
20212,Posto de Atendimento Cooperativo,Boletos e Convênios,Não aplicável,59607804,"57346601039,83"
20212,Agências,Pix,Não aplicável,473207,"446370819,72"
20212,Agências,Outras Financeiras,Não aplicável,124607600,"3105348592678,24"
20212,Posto de Atendimento Cooperativo,Outras Financeiras,Não aplicável,107817,"1853780279,92"
20212,Correspondentes no País,Depósito,Não aplicável,111577166,"52334678219,49"
20212,Telefone Celular,Empréstimos e Financiamentos,Não aplicável,235358628,"33264521222,09"
20212,Correspondentes no País,Outras não Financeiras,Não aplicável,2503189,0
20212,ATM,Outras Financeiras,ATM/Acesso restrito,1188246,"5673907402,45"
20212,ATM,Boletos e Convênios,ATM/Acesso aberto/Cartão terceiro,1909269,"5869179775,78"
20212,ATM,Ordem de Transferência de Crédito,ATM/Acesso aberto/Cartão terceiro,757249,"599840091,93"
20212,Internet Banking,Outras Financeiras,Não aplicável,468341511,"1412111483723,4"
20212,ATM,Empréstimos e Financiamentos,ATM/Acesso restrito,11461828,"6019685474,18"
20212,Posto de Atendimento Cooperativo,Depósito,Não aplicável,7844688,"14920834093,27"
20212,Telefone Celular,Outras Financeiras,Não aplicável,48320778,"301389581070,93"
20212,Internet Banking,Consulta Saldo/Extrato,Não aplicável,2075818291,"19,17"
20212,ATM,Depósito,ATM/Acesso restrito,157775281,"159763208450,45"
20212,Telefone Celular,Ordem de Transferência de Crédito,Não aplicável,280170135,"632913710299,39"
20212,ATM,Ordem de Transferência de Crédito,ATM/Acesso restrito,21799328,"43017801853,82"
20212,ATM,Saque,ATM/Acesso restrito,298409435,"191204547780,53"
20212,Telefone Celular,Outras não Financeiras,Não aplicável,3398981299,0
20212,ATM,Outras não Financeiras,ATM/Acesso aberto/Cartão terceiro,86002,0
20212,ATM,Depósito,ATM/Acesso aberto/Cartão próprio,42200742,"53290596095,33"
20212,Agências,Outras não Financeiras,Não aplicável,61681409,0
20212,Posto de Atendimento Cooperativo,Ordem de Transferência de Crédito,Não aplicável,6786920,"90042000770,83"
20212,Internet Banking,Empréstimos e Financiamentos,Não aplicável,44310372,"98265093429,92"
20212,Agências,Empréstimos e Financiamentos,Não aplicável,137727168,"304934201745,82"
20212,ATM,Ordem de Transferência de Crédito,ATM/Acesso aberto/Cartão próprio,5188043,7048879918
20212,Agências,Consulta Saldo/Extrato,Não aplicável,134528177,72
20212,ATM,Consulta Saldo/Extrato,ATM/Acesso restrito,227932660,0
20212,Agências,Saque,Não aplicável,35408822,"238125231552,45"
20212,Telefone Celular,Consulta Saldo/Extrato,Não aplicável,10730699133,0
20212,ATM,Outras não Financeiras,ATM/Acesso restrito,122146378,0
20213,Telefone Celular,Pix,Não aplicável,1573264505,"752512169130,01"
20213,ATM,Outras não Financeiras,ATM/Acesso aberto/Cartão terceiro,35723,0
20213,Agências,Empréstimos e Financiamentos,Não aplicável,135400689,"317791902195,32"
20213,Centrais de Atendimento,Outras não Financeiras,Não aplicável,43134402,0
20213,Internet Banking,Outras não Financeiras,Não aplicável,1361813739,0
20213,ATM,Empréstimos e Financiamentos,ATM/Acesso aberto/Cartão terceiro,157311,"187810288,62"
20213,Agências,Outras não Financeiras,Não aplicável,64153905,0
20213,Agências,Depósito,Não aplicável,58468429,"2933265471172,48"
20213,Internet Banking,Pix,Não aplicável,60142987,"267250695319,97"
20213,Telefone Celular,Empréstimos e Financiamentos,Não aplicável,242797871,"36451754511,65"
20213,Posto de Atendimento Cooperativo,Saque,Não aplicável,24457821,"14016158908,49"
20213,Agências,Saque,Não aplicável,38142201,"241084797622,24"
20213,Agências,Pix,Não aplicável,811113,318756403
20213,ATM,Saque,ATM/Acesso aberto/Cartão próprio,110182135,55230059926
20213,Posto de Atendimento Cooperativo,Outras Financeiras,Não aplicável,123850,"2138925358,89"
20213,Internet Banking,Boletos e Convênios,Não aplicável,438596056,"1262982227073,34"
20213,ATM,Outras não Financeiras,ATM/Acesso aberto/Cartão próprio,8506983,0
20213,Agências,Ordem de Transferência de Crédito,Não aplicável,55514437,"3266614668717,77"
20213,Centrais de Atendimento,Outras Financeiras,Não aplicável,424192,"115194918441,84"
20213,ATM,Outras não Financeiras,ATM/Acesso restrito,118275075,0
20213,Internet Banking,Empréstimos e Financiamentos,Não aplicável,41119908,"111448529010,21"
20213,Correspondentes no País,Empréstimos e Financiamentos,Não aplicável,12220732,"47369697504,09"
20213,Agências,Consulta Saldo/Extrato,Não aplicável,141730816,0
20213,Correspondentes no País,Consulta Saldo/Extrato,Não aplicável,61669189,0
20213,ATM,Saque,ATM/Acesso aberto/Cartão terceiro,323896104,"112437559410,95"
20213,ATM,Boletos e Convênios,ATM/Acesso aberto/Cartão terceiro,1645907,"6891343427,12"
20213,ATM,Depósito,ATM/Acesso aberto/Cartão terceiro,3670310,3790639759
20213,ATM,Ordem de Transferência de Crédito,ATM/Acesso aberto/Cartão próprio,5284365,"7670723600,73"
20213,ATM,Depósito,ATM/Acesso aberto/Cartão próprio,41065355,"52287581282,33"
20213,ATM,Empréstimos e Financiamentos,ATM/Acesso aberto/Cartão próprio,738542,"1276548755,99"
20213,ATM,Outras Financeiras,ATM/Acesso aberto/Cartão próprio,1053552,"30468683504,4"
20213,ATM,Saque,ATM/Acesso restrito,297540511,"183043195018,13"
20213,ATM,Boletos e Convênios,ATM/Acesso restrito,49469078,"30648709904,4"
20213,Internet Banking,Outras Financeiras,Não aplicável,494710854,"1508506888035,17"
20213,Telefone Celular,Outras não Financeiras,Não aplicável,3152047875,0
20213,Posto de Atendimento Cooperativo,Depósito,Não aplicável,9071371,"14625687218,63"
20213,Posto de Atendimento Cooperativo,Ordem de Transferência de Crédito,Não aplicável,6136109,"85603560384,34"
20213,Correspondentes no País,Outras Financeiras,Não aplicável,240556,"298262648,9"
20213,Agências,Outras Financeiras,Não aplicável,141252740,"3504473718956,22"
20213,Centrais de Atendimento,Boletos e Convênios,Não aplicável,297078,"411475034,18"
20213,Agências,Boletos e Convênios,Não aplicável,68475865,"148875815351,37"
20213,ATM,Consulta Saldo/Extrato,ATM/Acesso aberto/Cartão próprio,242827412,0
20213,ATM,Outras Financeiras,ATM/Acesso aberto/Cartão terceiro,3741,20482
20213,ATM,Outras Financeiras,ATM/Acesso restrito,1253221,"12256994215,93"
20213,Telefone Celular,Outras Financeiras,Não aplicável,52782110,"196427021773,61"
20213,ATM,Boletos e Convênios,ATM/Acesso aberto/Cartão próprio,18088024,"9424194965,43"
20213,Correspondentes no País,Ordem de Transferência de Crédito,Não aplicável,668195,"21185531607,62"
20213,ATM,Ordem de Transferência de Crédito,ATM/Acesso restrito,19257662,"42446450605,12"
20213,Telefone Celular,Ordem de Transferência de Crédito,Não aplicável,285755449,"689144619608,03"
20213,ATM,Pix,ATM/Acesso restrito,43,10760
20213,ATM,Ordem de Transferência de Crédito,ATM/Acesso aberto/Cartão terceiro,670333,"548342744,52"
20213,Correspondentes no País,Outras não Financeiras,Não aplicável,2858543,0
20213,Correspondentes no País,Saque,Não aplicável,129970842,"69577779755,97"
20213,Correspondentes no País,Depósito,Não aplicável,111098785,"53810344392,73"
20213,Posto de Atendimento Cooperativo,Boletos e Convênios,Não aplicável,62883786,"62557261418,06"
20213,Internet Banking,Consulta Saldo/Extrato,Não aplicável,2130933244,"13,5"
20213,Centrais de Atendimento,Empréstimos e Financiamentos,Não aplicável,822948,"12060603756,56"
20213,Centrais de Atendimento,Ordem de Transferência de Crédito,Não aplicável,278282,"21477022779,98"
20213,ATM,Pix,ATM/Acesso aberto/Cartão terceiro,40363,6886500
20213,Centrais de Atendimento,Consulta Saldo/Extrato,Não aplicável,132176619,0
20213,ATM,Consulta Saldo/Extrato,ATM/Acesso aberto/Cartão terceiro,104923363,0
20213,Telefone Celular,Boletos e Convênios,Não aplicável,770969722,"463963526966,58"
20213,ATM,Depósito,ATM/Acesso restrito,162665854,"163249982655,02"
20213,ATM,Empréstimos e Financiamentos,ATM/Acesso restrito,12566654,"6415445097,21"
20213,Internet Banking,Ordem de Transferência de Crédito,Não aplicável,210912992,"5671353567503,88"
20213,Telefone Celular,Consulta Saldo/Extrato,Não aplicável,11909800460,0
20213,Correspondentes no País,Boletos e Convênios,Não aplicável,535301774,"131178696047,95"
20213,ATM,Consulta Saldo/Extrato,ATM/Acesso restrito,212141559,0
20214,Posto de Atendimento Cooperativo,Boletos e Convênios,Não aplicável,64424701,"67259793079,91"
20214,Internet Banking,Outras Financeiras,Não aplicável,538437519,"1576335452807,86"
20214,ATM,Saque,ATM/Acesso aberto/Cartão terceiro,328732227,"115577085822,45"
20214,ATM,Ordem de Transferência de Crédito,ATM/Acesso aberto/Cartão próprio,4880836,"7076564230,98"
20214,ATM,Depósito,ATM/Acesso aberto/Cartão terceiro,3916546,"4035047595,96"
20214,Correspondentes no País,Empréstimos e Financiamentos,Não aplicável,12142556,"43779218689,74"
20214,Centrais de Atendimento,Outras não Financeiras,Não aplicável,46852332,0
20214,Internet Banking,Outras não Financeiras,Não aplicável,1364469250,0
20214,Agências,Depósito,Não aplicável,55997983,"2777575244286,65"
20214,Correspondentes no País,Boletos e Convênios,Não aplicável,524555014,"136370826765,79"
20214,Centrais de Atendimento,Outras Financeiras,Não aplicável,441847,"125693616799,77"
20214,Internet Banking,Boletos e Convênios,Não aplicável,397906446,1324109374254
20214,ATM,Consulta Saldo/Extrato,ATM/Acesso restrito,195326972,0
20214,Posto de Atendimento Cooperativo,Depósito,Não aplicável,10781662,"14616253031,56"
20214,ATM,Ordem de Transferência de Crédito,ATM/Acesso aberto/Cartão terceiro,648309,"555408003,1"
20214,ATM,Outras Financeiras,ATM/Acesso restrito,1251994,"31531347622,78"
20214,ATM,Ordem de Transferência de Crédito,ATM/Acesso restrito,15833252,"36181139629,63"
20214,ATM,Boletos e Convênios,ATM/Acesso restrito,43776220,"28634614017,93"
20214,Correspondentes no País,Outras Financeiras,Não aplicável,272,"70639560,34"
20214,Agências,Empréstimos e Financiamentos,Não aplicável,146909691,"355100225493,86"
20214,Telefone Celular,Consulta Saldo/Extrato,Não aplicável,14125618365,0
20214,Agências,Outras não Financeiras,Não aplicável,61015945,0
20214,ATM,Outras Financeiras,ATM/Acesso aberto/Cartão próprio,982983,"31727784268,45"
20214,Telefone Celular,Outras Financeiras,Não aplicável,69316427,"177463540425,25"
20214,Posto de Atendimento Cooperativo,Outras Financeiras,Não aplicável,85647,"1484886076,93"
20214,ATM,Saque,ATM/Acesso restrito,291663886,"176382008135,42"
20214,ATM,Consulta Saldo/Extrato,ATM/Acesso aberto/Cartão próprio,239899830,0
20214,ATM,Empréstimos e Financiamentos,ATM/Acesso aberto/Cartão próprio,613484,"1126709893,66"
20214,Agências,Consulta Saldo/Extrato,Não aplicável,131007160,0
20214,Correspondentes no País,Saque,Não aplicável,134975769,"73592399480,49"
20214,Telefone Celular,Saques via Pix,Não aplicável,38,"5450,22"
20214,Posto de Atendimento Cooperativo,Ordem de Transferência de Crédito,Não aplicável,4064263,"55430600163,08"
20214,Correspondentes no País,Depósito,Não aplicável,105530855,"56292260085,62"
20214,Centrais de Atendimento,Boletos e Convênios,Não aplicável,334770,"589425856,36"
20214,ATM,Consulta Saldo/Extrato,ATM/Acesso aberto/Cartão terceiro,104719155,0
20214,Internet Banking,Ordem de Transferência de Crédito,Não aplicável,227108209,"5982184135801,42"
20214,ATM,Depósito,ATM/Acesso aberto/Cartão próprio,38582125,"50064289996,21"
20214,Telefone Celular,Outras não Financeiras,Não aplicável,3055685447,0
20214,ATM,Boletos e Convênios,ATM/Acesso aberto/Cartão próprio,16371495,"8774912157,96"
20214,Internet Banking,Consulta Saldo/Extrato,Não aplicável,2162435286,"13,41"
20214,ATM,Saque,ATM/Acesso aberto/Cartão próprio,112422377,"57203123563,2"
20214,Agências,Saque,Não aplicável,38854364,"274318653631,96"
20214,Posto de Atendimento Cooperativo,Saque,Não aplicável,29487213,"14828696283,92"
20214,Telefone Celular,Pix,Não aplicável,2000632604,"826061238083,78"
20214,Agências,Pix,Não aplicável,1008710,"628458445,85"
20214,Telefone Celular,Ordem de Transferência de Crédito,Não aplicável,384217903,"870940431752,63"
20214,Internet Banking,Empréstimos e Financiamentos,Não aplicável,40504344,"116147981945,92"
20214,ATM,Pix,ATM/Acesso aberto/Cartão terceiro,156442,31211574
20214,ATM,Outras não Financeiras,ATM/Acesso aberto/Cartão próprio,8440047,0
20214,Centrais de Atendimento,Consulta Saldo/Extrato,Não aplicável,136776767,0
20214,ATM,Outras não Financeiras,ATM/Acesso aberto/Cartão terceiro,39647,0
20214,Agências,Outras Financeiras,Não aplicável,144916075,"3417691371629,84"
20214,Correspondentes no País,Outras não Financeiras,Não aplicável,2516228,0
20214,Correspondentes no País,Ordem de Transferência de Crédito,Não aplicável,344480,"1515359417,67"
20214,Centrais de Atendimento,Ordem de Transferência de Crédito,Não aplicável,266765,"19694962383,37"
20214,ATM,Depósito,ATM/Acesso restrito,131684223,"134368250635,07"
20214,Telefone Celular,Empréstimos e Financiamentos,Não aplicável,238819963,"36414646922,41"
20214,ATM,Empréstimos e Financiamentos,ATM/Acesso aberto/Cartão terceiro,162366,"212138830,54"
20214,Centrais de Atendimento,Empréstimos e Financiamentos,Não aplicável,716067,"11087984851,71"
20214,ATM,Boletos e Convênios,ATM/Acesso aberto/Cartão terceiro,1512103,"13913596701,5"
20214,ATM,Outras não Financeiras,ATM/Acesso restrito,123632405,0
20214,Internet Banking,Pix,Não aplicável,77367802,"375028923326,42"
20214,Agências,Ordem de Transferência de Crédito,Não aplicável,59881334,"3370360533023,14"
20214,Telefone Celular,Boletos e Convênios,Não aplicável,872819630,"553366081629,78"
20214,Correspondentes no País,Consulta Saldo/Extrato,Não aplicável,61595498,0
20214,Agências,Boletos e Convênios,Não aplicável,60266490,"143597034142,8"
20214,ATM,Empréstimos e Financiamentos,ATM/Acesso restrito,11622967,"6286643209,07"
20214,ATM,Outras Financeiras,ATM/Acesso aberto/Cartão terceiro,17334,43700
20221,Telefone Celular,Outras não Financeiras,Não aplicável,3328077045,0
20221,ATM,Depósito,ATM/Acesso aberto/Cartão terceiro,3840224,3871355973
20221,ATM,Pix,ATM/Acesso aberto/Cartão terceiro,179919,32840389
20221,Centrais de Atendimento,Empréstimos e Financiamentos,Não aplicável,1120976,"17315682600,19"
20221,Posto de Atendimento Cooperativo,Outras Financeiras,Não aplicável,137038,"2126622784,99"
20221,Agências,Ordem de Transferência de Crédito,Não aplicável,56777874,"3292695601362,62"
20221,Agências,Saque,Não aplicável,41893213,"247756118199,39"
20221,Posto de Atendimento Cooperativo,Saque,Não aplicável,30541710,"14561818497,78"
20221,Centrais de Atendimento,Consulta Saldo/Extrato,Não aplicável,91214632,0
20221,ATM,Saque,ATM/Acesso aberto/Cartão terceiro,296359078,"103568746178,42"
20221,ATM,Empréstimos e Financiamentos,ATM/Acesso aberto/Cartão terceiro,141871,"184836485,72"
20221,ATM,Outras Financeiras,ATM/Acesso aberto/Cartão terceiro,2852,18126
20221,Internet Banking,Pix,Não aplicável,111626065,"600841840519,3"
20221,ATM,Boletos e Convênios,ATM/Acesso aberto/Cartão próprio,16437008,"9017557506,12"
20221,Telefone Celular,Empréstimos e Financiamentos,Não aplicável,246730583,"53562791715,56"
20221,Agências,Empréstimos e Financiamentos,Não aplicável,169267484,"423032155652,75"
20221,Agências,Depósito,Não aplicável,47334878,"2820059168943,37"
20221,Telefone Celular,Consulta Saldo/Extrato,Não aplicável,14791585536,0
20221,ATM,Empréstimos e Financiamentos,ATM/Acesso restrito,10663491,"4682535379,71"
20221,ATM,Ordem de Transferência de Crédito,ATM/Acesso aberto/Cartão próprio,4367629,"6458726174,1"
20221,Telefone Celular,Saques via Pix,Não aplicável,135387,"19475909,32"
20221,ATM,Boletos e Convênios,ATM/Acesso restrito,44309907,"30040681357,71"
20221,Correspondentes no País,Outras não Financeiras,Não aplicável,2170699,0
20221,Correspondentes no País,Ordem de Transferência de Crédito,Não aplicável,338829,"1167054002,8"
20221,Centrais de Atendimento,Ordem de Transferência de Crédito,Não aplicável,251488,"36975024869,63"
20221,ATM,Ordem de Transferência de Crédito,ATM/Acesso aberto/Cartão terceiro,561769,"479235755,61"
20221,Posto de Atendimento Cooperativo,Ordem de Transferência de Crédito,Não aplicável,5356521,"82888299955,99"
20221,Correspondentes no País,Pix,Não aplicável,8847,"4544260,65"
20221,Telefone Celular,Ordem de Transferência de Crédito,Não aplicável,385519143,"852041353253,58"
20221,Internet Banking,Ordem de Transferência de Crédito,Não aplicável,202147414,"6009843829508,61"
20221,ATM,Depósito,ATM/Acesso aberto/Cartão próprio,35848678,"46685487708,05"
20221,ATM,Boletos e Convênios,ATM/Acesso aberto/Cartão terceiro,1334582,"8223453255,42"
20221,ATM,Outras Financeiras,ATM/Acesso restrito,1176919,"5209283934,84"
20221,Agências,Outras Financeiras,Não aplicável,141851749,"3673321532273,86"
20221,ATM,Saque,ATM/Acesso aberto/Cartão próprio,95501396,"50007345484,39"
20221,Internet Banking,Consulta Saldo/Extrato,Não aplicável,2003369674,0
20221,ATM,Outras não Financeiras,ATM/Acesso aberto/Cartão terceiro,42162,0
20221,Internet Banking,Saques via Pix,Não aplicável,6,25
20221,Internet Banking,Outras não Financeiras,Não aplicável,1342304052,0
20221,Telefone Celular,Boletos e Convênios,Não aplicável,1080706172,"616500509814,04"
20221,Correspondentes no País,Outras Financeiras,Não aplicável,81842,"297505099,95"
20221,ATM,Empréstimos e Financiamentos,ATM/Acesso aberto/Cartão próprio,562205,"979555705,93"
20221,Posto de Atendimento Cooperativo,Depósito,Não aplicável,11176308,"13808960260,25"
20221,Correspondentes no País,Saque,Não aplicável,129271042,"75421431189,95"
20221,Agências,Consulta Saldo/Extrato,Não aplicável,132213167,82
20221,Agências,Outras não Financeiras,Não aplicável,58728551,0
20221,Agências,Boletos e Convênios,Não aplicável,48766861,"125971870943,09"
20221,Centrais de Atendimento,Outras Financeiras,Não aplicável,550383,"145183592786,38"
20221,ATM,Outras Financeiras,ATM/Acesso aberto/Cartão próprio,931531,"29460547495,36"
20221,Correspondentes no País,Empréstimos e Financiamentos,Não aplicável,12316265,"49881480285,89"
20221,Correspondentes no País,Boletos e Convênios,Não aplicável,513227496,"139666144341,07"
20221,Posto de Atendimento Cooperativo,Boletos e Convênios,Não aplicável,63864038,"65185967078,8"
20221,Telefone Celular,Pix,Não aplicável,3552941728,"1113472283890,29"
20221,ATM,Consulta Saldo/Extrato,ATM/Acesso aberto/Cartão terceiro,101069065,0
20221,Agências,Pix,Não aplicável,2624630,"2830784258,47"
20221,ATM,Consulta Saldo/Extrato,ATM/Acesso restrito,193109491,0
20221,Correspondentes no País,Consulta Saldo/Extrato,Não aplicável,60874421,0
20221,ATM,Outras não Financeiras,ATM/Acesso restrito,115617263,0
20221,Internet Banking,Empréstimos e Financiamentos,Não aplicável,53910490,"134524026771,13"
20221,Correspondentes no País,Depósito,Não aplicável,99714273,"57006184705,64"
20221,ATM,Ordem de Transferência de Crédito,ATM/Acesso restrito,14243182,"33966789512,65"
20221,ATM,Depósito,ATM/Acesso restrito,147713487,"148074864638,5"
20221,Internet Banking,Boletos e Convênios,Não aplicável,374780417,"1302703496133,71"
20221,Internet Banking,Outras Financeiras,Não aplicável,527462062,"1676041650717,92"
20221,Centrais de Atendimento,Outras não Financeiras,Não aplicável,42422412,0
20221,ATM,Saque,ATM/Acesso restrito,259172261,"156169785927,07"
20221,Telefone Celular,Outras Financeiras,Não aplicável,426967750,"222335963913,49"
20221,ATM,Consulta Saldo/Extrato,ATM/Acesso aberto/Cartão próprio,228273692,0
20221,Centrais de Atendimento,Boletos e Convênios,Não aplicável,311631,"669755191,43"
20221,ATM,Outras não Financeiras,ATM/Acesso aberto/Cartão próprio,7856097,0
20222,Telefone Celular,Consulta Saldo/Extrato,Não aplicável,16828886648,0
20222,Telefone Celular,Ordem de Transferência de Crédito,Não aplicável,376330054,"901920893050,82"
20222,Internet Banking,Outras Financeiras,Não aplicável,526741634,"1745730275087,81"
20222,Telefone Celular,Saques via Pix,Não aplicável,277934,"39606426,34"
20222,Telefone Celular,Outras Financeiras,Não aplicável,501606993,"237231337987,06"
20222,ATM,Boletos e Convênios,ATM/Acesso aberto/Cartão próprio,14832876,"8128571563,6"
20222,Agências,Boletos e Convênios,Não aplicável,48278130,"121434954309,18"
20222,ATM,Depósito,ATM/Acesso aberto/Cartão próprio,35500368,"45681668501,49"
20222,ATM,Outras não Financeiras,ATM/Acesso aberto/Cartão próprio,7916276,0
20222,Agências,Pix,Não aplicável,11044343,"8846298371,26"
20222,Agências,Saque,Não aplicável,44340225,"271799806797,08"
20222,ATM,Ordem de Transferência de Crédito,ATM/Acesso aberto/Cartão próprio,4264941,"6514396624,36"
20222,ATM,Consulta Saldo/Extrato,ATM/Acesso restrito,183987770,0
20222,Correspondentes no País,Outras Financeiras,Não aplicável,79724,"286875399,36"
20222,ATM,Saque,ATM/Acesso aberto/Cartão terceiro,303608865,"108683694098,95"
20222,Centrais de Atendimento,Empréstimos e Financiamentos,Não aplicável,961150,"13851938258,84"
20222,Internet Banking,Consulta Saldo/Extrato,Não aplicável,1900454269,0
20222,ATM,Depósito,ATM/Acesso restrito,152594677,"150105511299,26"
20222,Correspondentes no País,Depósito,Não aplicável,103727137,"63220807072,66"
20222,Internet Banking,Empréstimos e Financiamentos,Não aplicável,52174480,"142286701632,25"
20222,ATM,Depósito,ATM/Acesso aberto/Cartão terceiro,3986140,3958905478
20222,ATM,Saque,ATM/Acesso restrito,269416704,"170035434965,43"
20222,Telefone Celular,Empréstimos e Financiamentos,Não aplicável,253803554,"61588235915,34"
20222,ATM,Outras não Financeiras,ATM/Acesso restrito,119782551,0
20222,ATM,Boletos e Convênios,ATM/Acesso restrito,40569671,"26980061969,67"
20222,Telefone Celular,Boletos e Convênios,Não aplicável,1135635855,"692895767951,85"
20222,ATM,Empréstimos e Financiamentos,ATM/Acesso aberto/Cartão terceiro,170626,"215363397,37"
20222,Agências,Empréstimos e Financiamentos,Não aplicável,171079882,"514578851187,22"
20222,ATM,Saque,ATM/Acesso aberto/Cartão próprio,99171175,"54439606210,87"
20222,ATM,Empréstimos e Financiamentos,ATM/Acesso aberto/Cartão próprio,669773,"1556776056,88"
20222,ATM,Outras Financeiras,ATM/Acesso aberto/Cartão terceiro,2517,42569
20222,Internet Banking,Saques via Pix,Não aplicável,3,18
20222,ATM,Boletos e Convênios,ATM/Acesso aberto/Cartão terceiro,1165171,"10839006325,28"
20222,ATM,Empréstimos e Financiamentos,ATM/Acesso restrito,10908824,"5223485132,39"
20222,Centrais de Atendimento,Boletos e Convênios,Não aplicável,373053,"826649701,84"
20222,Agências,Depósito,Não aplicável,40862273,"2771494131196,7"
20222,Agências,Outras não Financeiras,Não aplicável,61423157,0
20222,Correspondentes no País,Ordem de Transferência de Crédito,Não aplicável,345748,"1260544846,63"
20222,ATM,Pix,ATM/Acesso aberto/Cartão terceiro,308399,64440297
20222,Posto de Atendimento Cooperativo,Outras Financeiras,Não aplicável,129358,"2090930578,36"
20222,Posto de Atendimento Cooperativo,Ordem de Transferência de Crédito,Não aplicável,5277301,"97595443892,66"
20222,Centrais de Atendimento,Outras Financeiras,Não aplicável,411876,"126816986249,03"
20222,Internet Banking,Ordem de Transferência de Crédito,Não aplicável,213864011,"6625399180648,78"
20222,Centrais de Atendimento,Outras não Financeiras,Não aplicável,44267049,0
20222,Internet Banking,Pix,Não aplicável,137664168,"773177078198,47"
20222,Internet Banking,Boletos e Convênios,Não aplicável,374814101,"1377145400093,37"
20222,Agências,Consulta Saldo/Extrato,Não aplicável,117465114,66
20222,ATM,Ordem de Transferência de Crédito,ATM/Acesso aberto/Cartão terceiro,552905,"505281887,98"
20222,Agências,Outras Financeiras,Não aplicável,148691362,"3670798846094,67"
20222,Correspondentes no País,Empréstimos e Financiamentos,Não aplicável,13509780,"64923672223,17"
20222,ATM,Outras Financeiras,ATM/Acesso restrito,1345231,"11967478856,4"
20222,Correspondentes no País,Saque,Não aplicável,132797647,"81745829011,84"
20222,Correspondentes no País,Pix,Não aplicável,16634,"5705744,18"
20222,Centrais de Atendimento,Consulta Saldo/Extrato,Não aplicável,47361225,0
20222,Correspondentes no País,Boletos e Convênios,Não aplicável,507449499,"140301006740,2"
20222,ATM,Outras Financeiras,ATM/Acesso aberto/Cartão próprio,922202,"28888311958,26"
20222,Posto de Atendimento Cooperativo,Saque,Não aplicável,35378440,"16439141356,54"
20222,ATM,Consulta Saldo/Extrato,ATM/Acesso aberto/Cartão próprio,244971748,0
20222,Telefone Celular,Outras não Financeiras,Não aplicável,3560452852,0
20222,ATM,Outras não Financeiras,ATM/Acesso aberto/Cartão terceiro,42160,0
20222,ATM,Consulta Saldo/Extrato,ATM/Acesso aberto/Cartão terceiro,103516371,0
20222,Correspondentes no País,Consulta Saldo/Extrato,Não aplicável,62562544,0
20222,Agências,Ordem de Transferência de Crédito,Não aplicável,54711879,"3645866947430,44"
20222,Centrais de Atendimento,Ordem de Transferência de Crédito,Não aplicável,248192,"33510555066,44"
20222,Internet Banking,Outras não Financeiras,Não aplicável,1337566893,0
20222,Posto de Atendimento Cooperativo,Depósito,Não aplicável,14223521,"16360642478,41"
20222,ATM,Ordem de Transferência de Crédito,ATM/Acesso restrito,14887272,"34314302879,27"
20222,Posto de Atendimento Cooperativo,Boletos e Convênios,Não aplicável,67009874,"75197724329,54"
20222,Telefone Celular,Pix,Não aplicável,4751470741,"1448699880535,79"
20222,Correspondentes no País,Outras não Financeiras,Não aplicável,2056953,0
20223,ATM,Empréstimos e Financiamentos,ATM/Acesso aberto/Cartão próprio,1065718,"1280069582,15"
20223,Posto de Atendimento Cooperativo,Ordem de Transferência de Crédito,Não aplicável,5151259,"96083318469,71"
20223,ATM,Consulta Saldo/Extrato,ATM/Acesso restrito,182397602,0
20223,Centrais de Atendimento,Pix,Não aplicável,30,"2154723,58"
20223,Agências,Outras não Financeiras,Não aplicável,61264923,0
20223,ATM,Saque,ATM/Acesso aberto/Cartão terceiro,291513415,"100985601587,56"
20223,Correspondentes no País,Ordem de Transferência de Crédito,Não aplicável,396506,"1390795898,81"
20223,ATM,Saque,ATM/Acesso restrito,247697668,"152073423368,54"
20223,ATM,Pix,ATM/Acesso aberto/Cartão terceiro,491490,105453207
20223,Correspondentes no País,Outras Financeiras,Não aplicável,98694,"409378179,34"
20223,Centrais de Atendimento,Consulta Saldo/Extrato,Não aplicável,41455749,0
20223,ATM,Outras não Financeiras,ATM/Acesso restrito,105018288,0
20223,Internet Banking,Saques via Pix,Não aplicável,11,1555
20223,ATM,Ordem de Transferência de Crédito,ATM/Acesso aberto/Cartão terceiro,500857,"459700084,55"
20223,ATM,Outras Financeiras,ATM/Acesso aberto/Cartão próprio,960463,"30192054696,92"
20223,Telefone Celular,Outras Financeiras,Não aplicável,564289265,"254497235129,84"
20223,Posto de Atendimento Cooperativo,Depósito,Não aplicável,15499538,"17268855791,8"
20223,Telefone Celular,Ordem de Transferência de Crédito,Não aplicável,364931545,"930374539031,94"
20223,ATM,Boletos e Convênios,ATM/Acesso restrito,35420222,"23281972833,66"
20223,ATM,Outras não Financeiras,ATM/Acesso aberto/Cartão próprio,10192934,0
20223,ATM,Ordem de Transferência de Crédito,ATM/Acesso aberto/Cartão próprio,4203579,"6971265931,87"
20223,Telefone Celular,Empréstimos e Financiamentos,Não aplicável,243933525,"66341289778,93"
20223,Correspondentes no País,Empréstimos e Financiamentos,Não aplicável,15219157,"69116650588,16"
20223,Posto de Atendimento Cooperativo,Boletos e Convênios,Não aplicável,44912098,"47102530141,72"
20223,Posto de Atendimento Cooperativo,Outras Financeiras,Não aplicável,119060,"2014033199,52"
20223,ATM,Outras Financeiras,ATM/Acesso restrito,1329630,"22351380459,69"
20223,Telefone Celular,Saques via Pix,Não aplicável,630783,"90101230,12"
20223,ATM,Depósito,ATM/Acesso aberto/Cartão próprio,38822571,"47414107552,3"
20223,ATM,Empréstimos e Financiamentos,ATM/Acesso aberto/Cartão terceiro,138876,"205034750,86"
20223,Correspondentes no País,Boletos e Convênios,Não aplicável,296500764,"108924423433,53"
20223,Internet Banking,Outras não Financeiras,Não aplicável,1373495734,0
20223,Telefone Celular,Pix,Não aplicável,5720281418,"1754538432539,35"
20223,Agências,Consulta Saldo/Extrato,Não aplicável,119832867,0
20223,Centrais de Atendimento,Outras Financeiras,Não aplicável,393923,"142063646516,4"
20223,Internet Banking,Empréstimos e Financiamentos,Não aplicável,47414934,"137601154081,88"
20223,Telefone Celular,Boletos e Convênios,Não aplicável,1084245417,"662017228617,15"
20223,Agências,Saque,Não aplicável,44413557,"272393541072,2"
20223,Internet Banking,Boletos e Convênios,Não aplicável,377471972,"1366810550979,29"
20223,Telefone Celular,Outras não Financeiras,Não aplicável,3469610047,0
20223,Internet Banking,Consulta Saldo/Extrato,Não aplicável,1876462011,0
20223,Agências,Depósito,Não aplicável,39458123,"2788370886965,87"
20223,Agências,Pix,Não aplicável,7889022,"11494879334,93"
20223,ATM,Outras não Financeiras,ATM/Acesso aberto/Cartão terceiro,40126,0
20223,Correspondentes no País,Saque,Não aplicável,128583239,"78337247120,61"
20223,Internet Banking,Ordem de Transferência de Crédito,Não aplicável,220434360,"7030100434369,79"
20223,ATM,Consulta Saldo/Extrato,ATM/Acesso aberto/Cartão próprio,234502055,0
20223,Centrais de Atendimento,Empréstimos e Financiamentos,Não aplicável,931113,"9888350688,77"
20223,ATM,Consulta Saldo/Extrato,ATM/Acesso aberto/Cartão terceiro,98532926,0
20223,ATM,Outras Financeiras,ATM/Acesso aberto/Cartão terceiro,2402,10457
20223,Centrais de Atendimento,Ordem de Transferência de Crédito,Não aplicável,173307,"16359759397,15"
20223,ATM,Saque,ATM/Acesso aberto/Cartão próprio,97349122,"52887213567,76"
20223,Agências,Ordem de Transferência de Crédito,Não aplicável,57889588,"3526674056633,81"
20223,ATM,Empréstimos e Financiamentos,ATM/Acesso restrito,10234070,"4270459765,44"
20223,Centrais de Atendimento,Outras não Financeiras,Não aplicável,34583854,0
20223,Centrais de Atendimento,Boletos e Convênios,Não aplicável,188899,395547213
20223,Agências,Outras Financeiras,Não aplicável,153147439,"3761762539942,44"
20223,Agências,Boletos e Convênios,Não aplicável,53530847,"120429968723,28"
20223,Agências,Empréstimos e Financiamentos,Não aplicável,178462407,"585363942065,18"
20223,Correspondentes no País,Depósito,Não aplicável,104468745,"62659894286,09"
20223,Telefone Celular,Consulta Saldo/Extrato,Não aplicável,16798678301,0
20223,ATM,Boletos e Convênios,ATM/Acesso aberto/Cartão terceiro,1021277,"40768820544,14"
20223,ATM,Ordem de Transferência de Crédito,ATM/Acesso restrito,13011242,"29996176220,99"
20223,Correspondentes no País,Pix,Não aplicável,23878,"7898723,55"
20223,Correspondentes no País,Outras não Financeiras,Não aplicável,1891042,0
20223,Correspondentes no País,Consulta Saldo/Extrato,Não aplicável,16292876,0
20223,Internet Banking,Outras Financeiras,Não aplicável,523938165,"1963072515769,46"
20223,ATM,Depósito,ATM/Acesso aberto/Cartão terceiro,3975281,3813694667
20223,Internet Banking,Pix,Não aplicável,158006419,"905908386361,48"
20223,Posto de Atendimento Cooperativo,Saque,Não aplicável,39650236,"17526651256,84"
20223,ATM,Boletos e Convênios,ATM/Acesso aberto/Cartão próprio,14517494,"8164188392,55"
20223,ATM,Depósito,ATM/Acesso restrito,144305697,"145500379537,47"
20224,Correspondentes no País,Outras não Financeiras,Não aplicável,1855395,0
20224,Agências,Outras Financeiras,Não aplicável,151868807,"3644875942393,49"
20224,ATM,Consulta Saldo/Extrato,ATM/Acesso aberto/Cartão próprio,226174114,0
20224,Agências,Saques via Pix,Não aplicável,67,"799,94"
20224,ATM,Saque,ATM/Acesso aberto/Cartão terceiro,294036429,"104052695493,07"
20224,Telefone Celular,Saques via Pix,Não aplicável,943705,"155274565,04"
20224,Internet Banking,Ordem de Transferência de Crédito,Não aplicável,232626547,"7137133972420,95"
20224,Agências,Pix,Não aplicável,11796728,"12744508211,9"
20224,ATM,Empréstimos e Financiamentos,ATM/Acesso aberto/Cartão próprio,999364,"1186613652,14"
20224,Agências,Outras não Financeiras,Não aplicável,55300625,0
20224,Agências,Consulta Saldo/Extrato,Não aplicável,118018504,0
20224,Telefone Celular,Consulta Saldo/Extrato,Não aplicável,19632506191,0
20224,Posto de Atendimento Cooperativo,Boletos e Convênios,Não aplicável,45419443,"47979600301,07"
20224,ATM,Empréstimos e Financiamentos,ATM/Acesso aberto/Cartão terceiro,121265,"233675257,52"
20224,Centrais de Atendimento,Ordem de Transferência de Crédito,Não aplicável,156540,"17372755216,66"
20224,Internet Banking,Empréstimos e Financiamentos,Não aplicável,43970806,"132927727490,29"
20224,Correspondentes no País,Consulta Saldo/Extrato,Não aplicável,16418436,0
20224,ATM,Depósito,ATM/Acesso restrito,139464440,"139504681098,45"
20224,Agências,Depósito,Não aplicável,36389305,"2642029938738,42"
20224,Telefone Celular,Outras Financeiras,Não aplicável,611279370,"230319099293,53"
20224,Posto de Atendimento Cooperativo,Ordem de Transferência de Crédito,Não aplicável,3395876,"56642785877,09"
20224,Correspondentes no País,Ordem de Transferência de Crédito,Não aplicável,378583,"1365792723,75"
20224,ATM,Outras não Financeiras,ATM/Acesso aberto/Cartão terceiro,36341,0
20224,Telefone Celular,Boletos e Convênios,Não aplicável,1083389427,"695850274301,68"
20224,ATM,Pix,ATM/Acesso aberto/Cartão terceiro,645699,142349283
20224,Internet Banking,Pix,Não aplicável,165490551,"904787735942,48"
20224,Centrais de Atendimento,Boletos e Convênios,Não aplicável,144404,"311765824,27"
20224,ATM,Outras não Financeiras,ATM/Acesso restrito,100268474,0
20224,Correspondentes no País,Depósito,Não aplicável,102229847,"63946351320,17"
20224,Posto de Atendimento Cooperativo,Saque,Não aplicável,44640905,"17481261706,07"
20224,ATM,Outras Financeiras,ATM/Acesso restrito,1227681,"10223687284,31"
20224,ATM,Consulta Saldo/Extrato,ATM/Acesso restrito,184465958,0
20224,Telefone Celular,Outras não Financeiras,Não aplicável,3508446453,0
20224,Agências,Boletos e Convênios,Não aplicável,57813314,"135671518990,99"
20224,Internet Banking,Consulta Saldo/Extrato,Não aplicável,1959959836,0
20224,Internet Banking,Outras não Financeiras,Não aplicável,1392877663,0
20224,ATM,Boletos e Convênios,ATM/Acesso aberto/Cartão próprio,13580813,"7861658832,43"
20224,ATM,Outras Financeiras,ATM/Acesso aberto/Cartão próprio,941429,"29257550321,68"
20224,ATM,Ordem de Transferência de Crédito,ATM/Acesso aberto/Cartão terceiro,485650,"483236473,79"
20224,Internet Banking,Outras Financeiras,Não aplicável,576486315,"1860770156380,99"
20224,ATM,Saque,ATM/Acesso restrito,253920976,"158827526707,18"
20224,Telefone Celular,Ordem de Transferência de Crédito,Não aplicável,353055811,"1000900399141,47"
20224,Correspondentes no País,Boletos e Convênios,Não aplicável,279487489,"104962064413,69"
20224,ATM,Outras não Financeiras,ATM/Acesso aberto/Cartão próprio,8200824,0
20224,ATM,Boletos e Convênios,ATM/Acesso aberto/Cartão terceiro,913025,"152778039847,84"
20224,Internet Banking,Boletos e Convênios,Não aplicável,373516002,"1404485174598,42"
20224,Agências,Ordem de Transferência de Crédito,Não aplicável,57062048,"3225126858091,37"
20224,Internet Banking,Saques via Pix,Não aplicável,14,"1601,06"
20224,Centrais de Atendimento,Empréstimos e Financiamentos,Não aplicável,902100,"13937421926,97"
20224,Telefone Celular,Pix,Não aplicável,6791332727,"1994280351774,37"
20224,Centrais de Atendimento,Outras Financeiras,Não aplicável,373069,"157602511287,7"
20224,Posto de Atendimento Cooperativo,Depósito,Não aplicável,17537096,"16591075517,64"
20224,ATM,Boletos e Convênios,ATM/Acesso restrito,32044342,"21940907904,7"
20224,Centrais de Atendimento,Pix,Não aplicável,94,"20921500,11"
20224,Correspondentes no País,Empréstimos e Financiamentos,Não aplicável,16970778,"61120851954,75"
20224,Agências,Empréstimos e Financiamentos,Não aplicável,173319489,"546738641370,64"
20224,Centrais de Atendimento,Consulta Saldo/Extrato,Não aplicável,31782652,0
20224,Agências,Saque,Não aplicável,42100533,"273057372287,24"
20224,ATM,Depósito,ATM/Acesso aberto/Cartão terceiro,4202903,4027069001
20224,Correspondentes no País,Saque,Não aplicável,127452802,"78571401752,29"
20224,Correspondentes no País,Outras Financeiras,Não aplicável,104145,"412274658,23"
20224,ATM,Ordem de Transferência de Crédito,ATM/Acesso restrito,13084511,"28455343829,59"
20224,Posto de Atendimento Cooperativo,Outras Financeiras,Não aplicável,42127,"710346580,54"
20224,Correspondentes no País,Pix,Não aplicável,22942,"7142755,43"
20224,ATM,Ordem de Transferência de Crédito,ATM/Acesso aberto/Cartão próprio,4037014,"6699087959,17"
20224,ATM,Empréstimos e Financiamentos,ATM/Acesso restrito,9223555,"3550705043,61"
20224,Centrais de Atendimento,Outras não Financeiras,Não aplicável,30455817,0
20224,Telefone Celular,Empréstimos e Financiamentos,Não aplicável,223609627,"67475478637,85"
20224,ATM,Saque,ATM/Acesso aberto/Cartão próprio,98711691,"55745576506,44"
20224,ATM,Consulta Saldo/Extrato,ATM/Acesso aberto/Cartão terceiro,103084491,0
20224,ATM,Depósito,ATM/Acesso aberto/Cartão próprio,37255631,"45271147673,67"
20224,ATM,Outras Financeiras,ATM/Acesso aberto/Cartão terceiro,2954,27095
20231,Agências,Depósito,Não aplicável,34696527,"2639261375066,99"
20231,Internet Banking,Boletos e Convênios,Não aplicável,358985181,"1439415222469,95"
20231,ATM,Consulta Saldo/Extrato,ATM/Acesso restrito,181117440,0
20231,Agências,Ordem de Transferência de Crédito,Não aplicável,51618852,"3094433686112,93"
20231,Internet Banking,Consulta Saldo/Extrato,Não aplicável,1967816720,0
20231,ATM,Saque,ATM/Acesso restrito,227122777,"142236648055,34"
20231,Centrais de Atendimento,Consulta Saldo/Extrato,Não aplicável,27632045,0
20231,ATM,Empréstimos e Financiamentos,ATM/Acesso restrito,9216438,"3855845720,22"
20231,Posto de Atendimento Cooperativo,Outras Financeiras,Não aplicável,131560,"2131743397,68"
20231,Posto de Atendimento Cooperativo,Boletos e Convênios,Não aplicável,20153996,"32981660881,73"
20231,ATM,Ordem de Transferência de Crédito,ATM/Acesso aberto/Cartão próprio,3582684,"5898561557,18"
20231,Correspondentes no País,Outras não Financeiras,Não aplicável,1681910,0
20231,Correspondentes no País,Consulta Saldo/Extrato,Não aplicável,15823036,0
20231,Correspondentes no País,Depósito,Não aplicável,101843482,"64614354114,46"
20231,Telefone Celular,Saques via Pix,Não aplicável,1366471,"242579681,32"
20231,Posto de Atendimento Cooperativo,Ordem de Transferência de Crédito,Não aplicável,4748347,"84088878157,88"
20231,Correspondentes no País,Pix,Não aplicável,16149,"6462100,23"
20231,Centrais de Atendimento,Outras não Financeiras,Não aplicável,30244485,0
20231,ATM,Saque,ATM/Acesso aberto/Cartão terceiro,265668989,"91898853980,05"
20231,Centrais de Atendimento,Ordem de Transferência de Crédito,Não aplicável,124547,"15699856887,32"
20231,ATM,Boletos e Convênios,ATM/Acesso restrito,34090566,"24142942822,51"
20231,Correspondentes no País,Boletos e Convênios,Não aplicável,310530619,"118458129534,23"
20231,ATM,Ordem de Transferência de Crédito,ATM/Acesso aberto/Cartão terceiro,446384,"439541784,1"
20231,Correspondentes no País,Ordem de Transferência de Crédito,Não aplicável,369233,"1072224152,14"
20231,Centrais de Atendimento,Outras Financeiras,Não aplicável,313768,"127557573403,31"
20231,ATM,Saque,ATM/Acesso aberto/Cartão próprio,85676526,"48276706772,82"
20231,Correspondentes no País,Outras Financeiras,Não aplicável,291243,"460015673,28"
20231,Telefone Celular,Consulta Saldo/Extrato,Não aplicável,20191032110,0
20231,Posto de Atendimento Cooperativo,Saque,Não aplicável,45554825,"16764370935,09"
20231,ATM,Pix,ATM/Acesso aberto/Cartão terceiro,750451,179441300
20231,Agências,Consulta Saldo/Extrato,Não aplicável,127956325,0
20231,Internet Banking,Outras não Financeiras,Não aplicável,954614359,0
20231,ATM,Depósito,ATM/Acesso aberto/Cartão terceiro,4418745,4077732194
20231,Centrais de Atendimento,Empréstimos e Financiamentos,Não aplicável,978164,"14714488393,74"
20231,Internet Banking,Ordem de Transferência de Crédito,Não aplicável,201471861,"6662249841284,5"
20231,ATM,Ordem de Transferência de Crédito,ATM/Acesso restrito,12267870,"26939771121,4"
20231,Telefone Celular,Outras não Financeiras,Não aplicável,3907632821,0
20231,ATM,Outras não Financeiras,ATM/Acesso restrito,98436422,0
20231,ATM,Empréstimos e Financiamentos,ATM/Acesso aberto/Cartão próprio,1000954,"1351389367,89"
20231,Telefone Celular,Boletos e Convênios,Não aplicável,1101739291,"696061403187,14"
20231,ATM,Boletos e Convênios,ATM/Acesso aberto/Cartão terceiro,735516,"56641021080,51"
20231,Internet Banking,Outras Financeiras,Não aplicável,611592626,"1852652408910,54"
20231,Agências,Pix,Não aplicável,18071314,"11755127979,85"
20231,Telefone Celular,Ordem de Transferência de Crédito,Não aplicável,326582295,"900220957218,92"
20231,ATM,Outras Financeiras,ATM/Acesso aberto/Cartão terceiro,2371,185589
20231,Agências,Saque,Não aplicável,40538533,"248315037747,04"
20231,Internet Banking,Pix,Não aplicável,169659058,"909732577828,56"
20231,ATM,Boletos e Convênios,ATM/Acesso aberto/Cartão próprio,13593168,"8003362944,27"
20231,ATM,Outras Financeiras,ATM/Acesso restrito,1105737,"7037920418,93"
20231,ATM,Outras Financeiras,ATM/Acesso aberto/Cartão próprio,921487,"30106820729,53"
20231,Agências,Empréstimos e Financiamentos,Não aplicável,173506441,"457879688904,3"
20231,ATM,Outras não Financeiras,ATM/Acesso aberto/Cartão próprio,8361738,0
20231,Agências,Outras não Financeiras,Não aplicável,58383365,0
20231,Correspondentes no País,Empréstimos e Financiamentos,Não aplicável,17623401,"61861300390,04"
20231,Telefone Celular,Outras Financeiras,Não aplicável,670455549,"221626044294,18"
20231,Correspondentes no País,Saque,Não aplicável,125395002,"77848523715,78"
20231,Internet Banking,Empréstimos e Financiamentos,Não aplicável,44050597,"133016629597,58"
20231,Posto de Atendimento Cooperativo,Depósito,Não aplicável,17609995,"15691343086,2"
20231,ATM,Empréstimos e Financiamentos,ATM/Acesso aberto/Cartão terceiro,149949,"345554880,08"
20231,Internet Banking,Saques via Pix,Não aplicável,14,"2082,75"
20231,ATM,Depósito,ATM/Acesso aberto/Cartão próprio,34512022,"41057226180,61"
20231,ATM,Consulta Saldo/Extrato,ATM/Acesso aberto/Cartão próprio,212641909,0
20231,ATM,Outras não Financeiras,ATM/Acesso aberto/Cartão terceiro,28265,0
20231,Centrais de Atendimento,Boletos e Convênios,Não aplicável,139036,"299573134,39"
20231,ATM,Consulta Saldo/Extrato,ATM/Acesso aberto/Cartão terceiro,95506349,0
20231,ATM,Depósito,ATM/Acesso restrito,136980301,"138753446535,07"
20231,Telefone Celular,Empréstimos e Financiamentos,Não aplicável,232745902,"74690388541,75"
20231,Agências,Outras Financeiras,Não aplicável,152029081,"3686618962978,91"
20231,Telefone Celular,Pix,Não aplicável,7101747794,"1901810753130,53"
20231,Agências,Boletos e Convênios,Não aplicável,57135873,"123768144020,47"
20232,ATM,Saque,ATM/Acesso restrito,232406733,"149313630655,55"
20232,Posto de Atendimento Cooperativo,Boletos e Convênios,Não aplicável,21586618,"41991867506,32"
20232,ATM,Depósito,ATM/Acesso restrito,135220492,"126259668709,27"
20232,Telefone Celular,Outras Financeiras,Não aplicável,694554283,"228997443788,63"
20232,Internet Banking,Saques via Pix,Não aplicável,29,"4009,84"
20232,Agências,Boletos e Convênios,Não aplicável,48645889,"122180824432,53"
20232,Agências,Pix,Não aplicável,73385171,"14924484814,86"
20232,Agências,Depósito,Não aplicável,34940968,"2358892766639,67"
20232,Posto de Atendimento Cooperativo,Depósito,Não aplicável,20220478,"17792978517,29"
20232,Telefone Celular,Ordem de Transferência de Crédito,Não aplicável,317058138,"921746292666,3"
20232,Telefone Celular,Pix,Não aplicável,8240133319,"2096798547326,32"
20232,ATM,Ordem de Transferência de Crédito,ATM/Acesso aberto/Cartão próprio,3494108,"5911333626,34"
20232,ATM,Outras Financeiras,ATM/Acesso restrito,1116786,"26006837456,01"
20232,Centrais de Atendimento,Outras não Financeiras,Não aplicável,28824394,0
20232,Correspondentes no País,Consulta Saldo/Extrato,Não aplicável,16020674,0
20232,Agências,Empréstimos e Financiamentos,Não aplicável,172781706,"497268869975,31"
20232,Telefone Celular,Empréstimos e Financiamentos,Não aplicável,198977626,"73277856077,93"
20232,ATM,Depósito,ATM/Acesso aberto/Cartão terceiro,4919278,4316676719
20232,Posto de Atendimento Cooperativo,Saque,Não aplicável,49653226,"17643397933,18"
20232,Agências,Ordem de Transferência de Crédito,Não aplicável,51224025,"3217759064736,11"
20232,Telefone Celular,Consulta Saldo/Extrato,Não aplicável,20959208679,0
20232,Centrais de Atendimento,Boletos e Convênios,Não aplicável,124293,"219507377,54"
20232,Agências,Outras não Financeiras,Não aplicável,58681927,0
20232,ATM,Depósito,ATM/Acesso aberto/Cartão próprio,35102799,"40606877881,11"
20232,ATM,Outras Financeiras,ATM/Acesso aberto/Cartão próprio,873522,"30328021795,75"
20232,Centrais de Atendimento,Consulta Saldo/Extrato,Não aplicável,26588370,0
20232,ATM,Boletos e Convênios,ATM/Acesso aberto/Cartão próprio,12032544,"6954350593,06"
20232,Posto de Atendimento Cooperativo,Outras Financeiras,Não aplicável,177767,"3095933074,73"
20232,Internet Banking,Outras não Financeiras,Não aplicável,908857146,0
20232,Correspondentes no País,Outras não Financeiras,Não aplicável,1547958,0
20232,Telefone Celular,Saques via Pix,Não aplicável,1631451,"285539964,17"
20232,Correspondentes no País,Empréstimos e Financiamentos,Não aplicável,17365595,"69760680340,15"
20232,ATM,Outras Financeiras,ATM/Acesso aberto/Cartão terceiro,1573,5731
20232,ATM,Pix,ATM/Acesso aberto/Cartão terceiro,919973,237578660
20232,Posto de Atendimento Cooperativo,Empréstimos e Financiamentos,Não aplicável,2431,"9654080,18"
20232,ATM,Empréstimos e Financiamentos,ATM/Acesso aberto/Cartão próprio,834298,"1553861397,26"
20232,ATM,Saque,ATM/Acesso aberto/Cartão próprio,85038759,"49729919578,32"
20232,Internet Banking,Boletos e Convênios,Não aplicável,349288338,"1450491980144,61"
20232,ATM,Consulta Saldo/Extrato,ATM/Acesso aberto/Cartão terceiro,96206737,0
20232,ATM,Empréstimos e Financiamentos,ATM/Acesso restrito,8370225,"3610520831,16"
20232,Correspondentes no País,Depósito,Não aplicável,98252333,"65027491099,92"
20232,Correspondentes no País,Boletos e Convênios,Não aplicável,263808383,"100450286079,14"
20232,Internet Banking,Empréstimos e Financiamentos,Não aplicável,43567677,"132193911883,41"
20232,Correspondentes no País,Saque,Não aplicável,124333416,"78522425966,69"
20232,ATM,Ordem de Transferência de Crédito,ATM/Acesso restrito,11503485,"27720624140,54"
20232,Correspondentes no País,Ordem de Transferência de Crédito,Não aplicável,378406,"1150974050,6"
20232,Internet Banking,Ordem de Transferência de Crédito,Não aplicável,202519083,"7024212930400,87"
20232,Centrais de Atendimento,Outras Financeiras,Não aplicável,318455,"134500474258,24"
20232,ATM,Consulta Saldo/Extrato,ATM/Acesso restrito,192863410,0
20232,Correspondentes no País,Outras Financeiras,Não aplicável,301394,"293823333,98"
20232,Agências,Outras Financeiras,Não aplicável,144365103,"3340954835056,87"
20232,ATM,Outras não Financeiras,ATM/Acesso restrito,94337905,0
20232,ATM,Consulta Saldo/Extrato,ATM/Acesso aberto/Cartão próprio,212282250,0
20232,ATM,Ordem de Transferência de Crédito,ATM/Acesso aberto/Cartão terceiro,459661,"451268386,13"
20232,ATM,Outras não Financeiras,ATM/Acesso aberto/Cartão terceiro,27541,0
20232,Internet Banking,Consulta Saldo/Extrato,Não aplicável,1775950387,0
20232,ATM,Outras não Financeiras,ATM/Acesso aberto/Cartão próprio,7658635,0
20232,ATM,Boletos e Convênios,ATM/Acesso aberto/Cartão terceiro,734442,"161994405575,8"
20232,Centrais de Atendimento,Ordem de Transferência de Crédito,Não aplicável,118544,"13940422826,77"
20232,Correspondentes no País,Pix,Não aplicável,5910,"2025862,08"
20232,ATM,Saque,ATM/Acesso aberto/Cartão terceiro,267013011,91476868954
20232,Internet Banking,Pix,Não aplicável,187938085,"1049771971770,97"
20232,Telefone Celular,Outras não Financeiras,Não aplicável,3833103114,0
20232,ATM,Boletos e Convênios,ATM/Acesso restrito,29048880,"19729916953,87"
20232,Internet Banking,Outras Financeiras,Não aplicável,663625286,"1900461817763,24"
20232,Centrais de Atendimento,Empréstimos e Financiamentos,Não aplicável,1009488,"15079603973,92"
20232,Telefone Celular,Boletos e Convênios,Não aplicável,1103651394,"698325380194,76"
20232,ATM,Empréstimos e Financiamentos,ATM/Acesso aberto/Cartão terceiro,131933,"298681635,14"
20232,Agências,Consulta Saldo/Extrato,Não aplicável,122424894,0
20232,Posto de Atendimento Cooperativo,Ordem de Transferência de Crédito,Não aplicável,4906292,"99925962355,09"
20232,Agências,Saque,Não aplicável,40787264,"256293225987,31"
20233,ATM,Ordem de Transferência de Crédito,ATM/Acesso restrito,11008882,"25617874025,58"
20233,Posto de Atendimento Cooperativo,Saque,Não aplicável,55398692,"17851985898,26"
20233,ATM,Depósito,ATM/Acesso aberto/Cartão terceiro,5603567,4690637705
20233,ATM,Outras não Financeiras,ATM/Acesso aberto/Cartão próprio,6890287,0
20233,Correspondentes no País,Consulta Saldo/Extrato,Não aplicável,15288746,0
20233,ATM,Boletos e Convênios,ATM/Acesso aberto/Cartão próprio,10479024,"6092954869,14"
20233,Correspondentes no País,Empréstimos e Financiamentos,Não aplicável,18284595,"78416079244,18"
20233,Posto de Atendimento Cooperativo,Outras Financeiras,Não aplicável,233417,"3986696565,61"
20233,ATM,Depósito,ATM/Acesso restrito,141209083,"123770262837,46"
20233,ATM,Outras Financeiras,ATM/Acesso restrito,1189983,"8165930863,32"
20233,Internet Banking,Saques via Pix,Não aplicável,11,"2033,96"
20233,ATM,Saque,ATM/Acesso restrito,223640055,"144767569739,25"
20233,ATM,Outras não Financeiras,ATM/Acesso aberto/Cartão terceiro,27432,0
20233,Agências,Outras Financeiras,Não aplicável,153182457,"3459916426857,8"
20233,ATM,Boletos e Convênios,ATM/Acesso aberto/Cartão terceiro,679481,"69228117848,93"
20233,ATM,Saque,ATM/Acesso aberto/Cartão próprio,80484959,"47729466267,04"
20233,ATM,Consulta Saldo/Extrato,ATM/Acesso aberto/Cartão próprio,196223554,0
20233,Telefone Celular,Pix,Não aplicável,9548291760,"2254310846305,62"
20233,ATM,Depósito,ATM/Acesso aberto/Cartão próprio,32692283,"37632826380,63"
20233,Internet Banking,Empréstimos e Financiamentos,Não aplicável,95662084,"140777224276,8"
20233,Telefone Celular,Consulta Saldo/Extrato,Não aplicável,22388158216,0
20233,ATM,Saque,ATM/Acesso aberto/Cartão terceiro,263732115,88228192311
20233,ATM,Empréstimos e Financiamentos,ATM/Acesso aberto/Cartão próprio,616710,"1474399026,02"
20233,Centrais de Atendimento,Outras não Financeiras,Não aplicável,32177676,0
20233,Posto de Atendimento Cooperativo,Ordem de Transferência de Crédito,Não aplicável,6779856,"107967485978,31"
20233,Centrais de Atendimento,Boletos e Convênios,Não aplicável,128068,"262733549,68"
20233,ATM,Empréstimos e Financiamentos,ATM/Acesso aberto/Cartão terceiro,107678,"234184900,21"
20233,Posto de Atendimento Cooperativo,Empréstimos e Financiamentos,Não aplicável,2276,"13781922,15"
20233,Telefone Celular,Ordem de Transferência de Crédito,Não aplicável,324581683,"958658052883,14"
20233,Correspondentes no País,Outras Financeiras,Não aplicável,323896,"306854607,91"
20233,Centrais de Atendimento,Consulta Saldo/Extrato,Não aplicável,25038683,0
20233,ATM,Ordem de Transferência de Crédito,ATM/Acesso aberto/Cartão próprio,3152922,"5240413039,46"
20233,ATM,Ordem de Transferência de Crédito,ATM/Acesso aberto/Cartão terceiro,447376,"451862390,17"
20233,Correspondentes no País,Outras não Financeiras,Não aplicável,1865993,0
20233,Telefone Celular,Outras Financeiras,Não aplicável,687597046,"236367427290,86"
20233,Agências,Pix,Não aplicável,59552207,"15500069169,94"
20233,Agências,Saque,Não aplicável,36886285,"252571120497,21"
20233,ATM,Consulta Saldo/Extrato,ATM/Acesso aberto/Cartão terceiro,92467044,0
20233,Agências,Ordem de Transferência de Crédito,Não aplicável,50071781,"3090150097537,11"
20233,Agências,Empréstimos e Financiamentos,Não aplicável,172545614,"517027731755,66"
20233,Telefone Celular,Saques via Pix,Não aplicável,1997810,"394248184,15"
20233,ATM,Pix,ATM/Acesso aberto/Cartão terceiro,1093065,306733208
20233,Centrais de Atendimento,Ordem de Transferência de Crédito,Não aplicável,123761,"15078464515,53"
20233,Correspondentes no País,Boletos e Convênios,Não aplicável,251618852,"92771663356,48"
20233,Agências,Boletos e Convênios,Não aplicável,46891692,"114726967606,96"
20233,Internet Banking,Pix,Não aplicável,202050919,"1094989683815,62"
20233,Centrais de Atendimento,Empréstimos e Financiamentos,Não aplicável,3633064,"11599647475,37"
20233,ATM,Boletos e Convênios,ATM/Acesso restrito,26887164,"18094344381,91"
20233,ATM,Outras Financeiras,ATM/Acesso aberto/Cartão terceiro,1245,2981
20233,Internet Banking,Outras Financeiras,Não aplicável,606432416,"1947933722795,07"
20233,Telefone Celular,Empréstimos e Financiamentos,Não aplicável,201583557,"79678180106,96"
20233,Correspondentes no País,Ordem de Transferência de Crédito,Não aplicável,461475,"1457068573,18"
20233,Telefone Celular,Boletos e Convênios,Não aplicável,1061309410,"683454584118,82"
20233,ATM,Outras não Financeiras,ATM/Acesso restrito,88583346,0
20233,ATM,Empréstimos e Financiamentos,ATM/Acesso restrito,8117305,"4465710229,9"
20233,ATM,Consulta Saldo/Extrato,ATM/Acesso restrito,198758775,0
20233,Agências,Consulta Saldo/Extrato,Não aplicável,121333179,0
20233,Correspondentes no País,Saque,Não aplicável,122827742,"76145368568,23"
20233,Internet Banking,Ordem de Transferência de Crédito,Não aplicável,203465814,"6711515812872,47"
20233,Posto de Atendimento Cooperativo,Depósito,Não aplicável,22041486,"17876848685,16"
20233,Correspondentes no País,Depósito,Não aplicável,102605619,"69161445734,6"
20233,Agências,Depósito,Não aplicável,35099977,"2377627898977,92"
20233,Agências,Outras não Financeiras,Não aplicável,57166212,0
20233,ATM,Pix,ATM/Acesso restrito,3,3300
20233,Centrais de Atendimento,Outras Financeiras,Não aplicável,336541,"133157865538,62"
20233,Telefone Celular,Outras não Financeiras,Não aplicável,4055471962,0
20233,ATM,Outras Financeiras,ATM/Acesso aberto/Cartão próprio,880799,"29572014896,76"
20233,Internet Banking,Consulta Saldo/Extrato,Não aplicável,1680136827,0
20233,Internet Banking,Boletos e Convênios,Não aplicável,415578695,"1537212386130,9"
20233,Posto de Atendimento Cooperativo,Boletos e Convênios,Não aplicável,64526003,"64788345141,01"
20233,Internet Banking,Outras não Financeiras,Não aplicável,950380668,0
20234,Telefone Celular,Boletos e Convênios,Não aplicável,1062983957,"731439565968,06"
20234,ATM,Outras não Financeiras,ATM/Acesso restrito,87494511,0
20234,Centrais de Atendimento,Consulta Saldo/Extrato,Não aplicável,57980859,0
20234,Telefone Celular,Consulta Saldo/Extrato,Não aplicável,21866654005,0
20234,ATM,Depósito,ATM/Acesso aberto/Cartão terceiro,6054477,4982501185
20234,Correspondentes no País,Depósito,Não aplicável,98008251,"67983194719,03"
20234,ATM,Empréstimos e Financiamentos,ATM/Acesso aberto/Cartão terceiro,99198,"223219947,45"
20234,Agências,Empréstimos e Financiamentos,Não aplicável,161661030,"525575985060,15"
20234,Agências,Pix,Não aplicável,71300489,"20954193115,01"
20234,ATM,Pix,ATM/Acesso aberto/Cartão terceiro,1241485,383757878
20234,Correspondentes no País,Ordem de Transferência de Crédito,Não aplicável,376774,"1242497048,26"
20234,ATM,Empréstimos e Financiamentos,ATM/Acesso aberto/Cartão próprio,654737,"1932379301,8"
20234,Internet Banking,Empréstimos e Financiamentos,Não aplicável,40200754,"121303189265,38"
20234,Centrais de Atendimento,Outras Financeiras,Não aplicável,361673,"185704383655,58"
20234,Correspondentes no País,Outras não Financeiras,Não aplicável,1707681,0
20234,Agências,Consulta Saldo/Extrato,Não aplicável,112600695,0
20234,Correspondentes no País,Outras Financeiras,Não aplicável,301222,"344564298,71"
20234,ATM,Consulta Saldo/Extrato,ATM/Acesso restrito,272862287,0
20234,Agências,Saque,Não aplicável,37218098,"275936247477,1"
20234,ATM,Boletos e Convênios,ATM/Acesso aberto/Cartão próprio,10155433,"6199198266,72"
20234,ATM,Outras Financeiras,ATM/Acesso aberto/Cartão próprio,841426,"29457147055,52"
20234,ATM,Consulta Saldo/Extrato,ATM/Acesso aberto/Cartão terceiro,91366867,0
20234,Correspondentes no País,Empréstimos e Financiamentos,Não aplicável,19844375,"82553894526,49"
20234,ATM,Empréstimos e Financiamentos,ATM/Acesso restrito,8112220,"4964794797,43"
20234,Posto de Atendimento Cooperativo,Depósito,Não aplicável,25233820,"18534160937,19"
20234,ATM,Ordem de Transferência de Crédito,ATM/Acesso aberto/Cartão próprio,3086395,"5153405423,06"
20234,ATM,Saque,ATM/Acesso restrito,217957879,"142900703586,06"
20234,ATM,Pix,ATM/Acesso restrito,1,1790
20234,Correspondentes no País,Consulta Saldo/Extrato,Não aplicável,14892016,0
20234,ATM,Consulta Saldo/Extrato,ATM/Acesso aberto/Cartão próprio,190027320,0
20234,ATM,Saque,ATM/Acesso aberto/Cartão terceiro,262076856,"88270862314,31"
20234,Agências,Outras Financeiras,Não aplicável,156265007,"3466898591590,18"
20234,ATM,Boletos e Convênios,ATM/Acesso restrito,28018448,"20679444520,89"
20234,Agências,Outras não Financeiras,Não aplicável,53564442,0
20234,Internet Banking,Consulta Saldo/Extrato,Não aplicável,1497323238,0
20234,Telefone Celular,Saques via Pix,Não aplicável,2512396,"568373369,43"
20234,ATM,Ordem de Transferência de Crédito,ATM/Acesso restrito,10688215,"24749235642,97"
20234,Centrais de Atendimento,Empréstimos e Financiamentos,Não aplicável,859643,"11657640271,78"
20234,Telefone Celular,Empréstimos e Financiamentos,Não aplicável,209731025,"82920132126,99"
20234,Telefone Celular,Outras não Financeiras,Não aplicável,4706688052,0
20234,ATM,Outras Financeiras,ATM/Acesso restrito,1166246,"7895804487,06"
20234,Agências,Depósito,Não aplicável,34292026,"2297053964974,06"
20234,Posto de Atendimento Cooperativo,Ordem de Transferência de Crédito,Não aplicável,578234,"29863742264,84"
20234,Internet Banking,Boletos e Convênios,Não aplicável,408017919,"1579325348033,4"
20234,ATM,Depósito,ATM/Acesso aberto/Cartão próprio,31998035,"36133556597,35"
20234,Agências,Saques via Pix,Não aplicável,1,900
20234,Centrais de Atendimento,Outras não Financeiras,Não aplicável,27070524,0
20234,Correspondentes no País,Saque,Não aplicável,119396448,"74799020415,02"
20234,Internet Banking,Outras não Financeiras,Não aplicável,740861638,0
20234,Agências,Boletos e Convênios,Não aplicável,45675334,"141589418707,52"
20234,ATM,Saque,ATM/Acesso aberto/Cartão próprio,81770324,"49354317917,25"
20234,Internet Banking,Ordem de Transferência de Crédito,Não aplicável,218427210,"7246709658237,49"
20234,ATM,Outras não Financeiras,ATM/Acesso aberto/Cartão próprio,6461043,0
20234,ATM,Boletos e Convênios,ATM/Acesso aberto/Cartão terceiro,602991,"84614161329,96"
20234,Internet Banking,Outras Financeiras,Não aplicável,573475462,"1985418570355,82"
20234,Posto de Atendimento Cooperativo,Boletos e Convênios,Não aplicável,49888735,"54040471468,52"
20234,Telefone Celular,Ordem de Transferência de Crédito,Não aplicável,326514776,"1008879832918,96"
20234,Internet Banking,Saques via Pix,Não aplicável,43,"16612,53"
20234,Telefone Celular,Pix,Não aplicável,11184456959,"2591520268893,74"
20234,ATM,Depósito,ATM/Acesso restrito,70272003,"68224031845,08"
20234,Internet Banking,Pix,Não aplicável,428265893,"1282452468062,41"
20234,Agências,Ordem de Transferência de Crédito,Não aplicável,88201324,"4203665293119,76"
20234,ATM,Ordem de Transferência de Crédito,ATM/Acesso aberto/Cartão terceiro,440217,"456809410,83"
20234,Telefone Celular,Outras Financeiras,Não aplicável,719628407,"258777079562,03"
20234,ATM,Outras Financeiras,ATM/Acesso aberto/Cartão terceiro,967,49739
20234,ATM,Outras não Financeiras,ATM/Acesso aberto/Cartão terceiro,24062,0
20234,Posto de Atendimento Cooperativo,Outras Financeiras,Não aplicável,242240,"4542545464,48"
20234,Centrais de Atendimento,Ordem de Transferência de Crédito,Não aplicável,132852,"11951758214,76"
20234,Centrais de Atendimento,Boletos e Convênios,Não aplicável,91726,"127306559,83"
20234,Posto de Atendimento Cooperativo,Saque,Não aplicável,63949109,"18623401384,89"
20234,Correspondentes no País,Boletos e Convênios,Não aplicável,245918438,"93257707689,16"
20234,Posto de Atendimento Cooperativo,Empréstimos e Financiamentos,Não aplicável,892,11329958
20241,Correspondentes no País,Boletos e Convênios,Não aplicável,237343464,"96898148791,75"
20241,ATM,Consulta Saldo/Extrato,ATM/Acesso aberto/Cartão próprio,130738020,0
20241,ATM,Saque,ATM/Acesso restrito,195412895,"130206772495,42"
20241,Internet Banking,Outras não Financeiras,Não aplicável,786864483,0
20241,ATM,Outras Financeiras,ATM/Acesso aberto/Cartão próprio,815561,"28415682171,8"
20241,ATM,Outras não Financeiras,ATM/Acesso aberto/Cartão próprio,6603422,0
20241,Telefone Celular,Empréstimos e Financiamentos,Não aplicável,178885530,"86524735974,05"
20241,Correspondentes no País,Depósito,Não aplicável,88585365,"62347207990,87"
20241,Centrais de Atendimento,Consulta Saldo/Extrato,Não aplicável,57385231,0
20241,Centrais de Atendimento,Outras não Financeiras,Não aplicável,13869272,0
20241,Agências,Outras não Financeiras,Não aplicável,53994018,0
20241,ATM,Consulta Saldo/Extrato,ATM/Acesso aberto/Cartão terceiro,83619537,0
20241,ATM,Depósito,ATM/Acesso restrito,71992204,"75397770962,55"
20241,Internet Banking,Outras Financeiras,Não aplicável,560597277,"1607776738783,01"
20241,ATM,Depósito,ATM/Acesso aberto/Cartão terceiro,6214846,5089779562
20241,Agências,Empréstimos e Financiamentos,Não aplicável,166854780,"509612005632,16"
20241,Telefone Celular,Saques via Pix,Não aplicável,2745933,"652760022,39"
20241,ATM,Outras Financeiras,ATM/Acesso aberto/Cartão terceiro,1680,10870
20241,Internet Banking,Boletos e Convênios,Não aplicável,336146379,"1027087591540,87"
20241,Posto de Atendimento Cooperativo,Depósito,Não aplicável,25588010,"18305629862,57"
20241,Correspondentes no País,Empréstimos e Financiamentos,Não aplicável,31698041,"83837171137,9"
20241,Centrais de Atendimento,Empréstimos e Financiamentos,Não aplicável,828339,"18146496247,3"
20241,Agências,Depósito,Não aplicável,30964444,2266495991564
20241,Posto de Atendimento Cooperativo,Saque,Não aplicável,66416194,"18636563188,55"
20241,Telefone Celular,Outras não Financeiras,Não aplicável,3885646737,0
20241,ATM,Saque,ATM/Acesso aberto/Cartão terceiro,236865221,"78391052141,3"
20241,Internet Banking,Empréstimos e Financiamentos,Não aplicável,40286357,"92997617268,36"
20241,Telefone Celular,Ordem de Transferência de Crédito,Não aplicável,304841932,"944724693415,74"
20241,Centrais de Atendimento,Boletos e Convênios,Não aplicável,56389,"45765582,8"
20241,Agências,Outras Financeiras,Não aplicável,157786818,"3370855791851,14"
20241,ATM,Empréstimos e Financiamentos,ATM/Acesso aberto/Cartão terceiro,105373,"253475930,06"
20241,Agências,Saque,Não aplicável,34460621,"186502339125,11"
20241,ATM,Empréstimos e Financiamentos,ATM/Acesso restrito,7447127,"5174410455,81"
20241,Telefone Celular,Consulta Saldo/Extrato,Não aplicável,22931861317,0
20241,Correspondentes no País,Outras Financeiras,Não aplicável,348105,"286628401,33"
20241,Agências,Consulta Saldo/Extrato,Não aplicável,116892807,0
20241,Centrais de Atendimento,Ordem de Transferência de Crédito,Não aplicável,128360,"13600341160,56"
20241,ATM,Consulta Saldo/Extrato,ATM/Acesso restrito,180088068,0
20241,Internet Banking,Pix,Não aplicável,300580671,"1351561115530,29"
20241,Posto de Atendimento Cooperativo,Pix,Não aplicável,27,"147766,93"
20241,Correspondentes no País,Outras não Financeiras,Não aplicável,784052,0
20241,Internet Banking,Saques via Pix,Não aplicável,35,"10487,91"
20241,ATM,Boletos e Convênios,ATM/Acesso restrito,22523415,"17740343935,11"
20241,ATM,Boletos e Convênios,ATM/Acesso aberto/Cartão terceiro,537452,"74554186045,06"
20241,Posto de Atendimento Cooperativo,Outras Financeiras,Não aplicável,274810,"4504900476,2"
20241,ATM,Pix,ATM/Acesso aberto/Cartão terceiro,1307392,421590340
20241,ATM,Ordem de Transferência de Crédito,ATM/Acesso restrito,9554656,"21878471072,63"
20241,Centrais de Atendimento,Pix,Não aplicável,8,"1455,98"
20241,Centrais de Atendimento,Outras Financeiras,Não aplicável,327954,"117921560320,31"
20241,Agências,Pix,Não aplicável,81802122,"22127471402,17"
20241,ATM,Outras não Financeiras,ATM/Acesso restrito,95470147,0
20241,Telefone Celular,Pix,Não aplicável,11837266795,"2794916012035,12"
20241,Agências,Ordem de Transferência de Crédito,Não aplicável,47155666,"2149762153833,19"
20241,ATM,Outras Financeiras,ATM/Acesso restrito,888998,"5792992027,61"
20241,ATM,Outras não Financeiras,ATM/Acesso aberto/Cartão terceiro,18926,0
20241,ATM,Empréstimos e Financiamentos,ATM/Acesso aberto/Cartão próprio,605702,"1980369766,08"
20241,Telefone Celular,Boletos e Convênios,Não aplicável,914338317,"687300788063,78"
20241,Correspondentes no País,Ordem de Transferência de Crédito,Não aplicável,360603,"1118254404,14"
20241,ATM,Ordem de Transferência de Crédito,ATM/Acesso aberto/Cartão próprio,2808100,"4687142650,1"
20241,Correspondentes no País,Consulta Saldo/Extrato,Não aplicável,14528620,0
20241,ATM,Boletos e Convênios,ATM/Acesso aberto/Cartão próprio,10411537,"6562327021,96"
20241,Telefone Celular,Outras Financeiras,Não aplicável,586360202,"205022413183,79"
20241,ATM,Saque,ATM/Acesso aberto/Cartão próprio,71785743,"43841019501,77"
20241,Posto de Atendimento Cooperativo,Ordem de Transferência de Crédito,Não aplicável,490201,"26410388421,6"
20241,ATM,Ordem de Transferência de Crédito,ATM/Acesso aberto/Cartão terceiro,391420,"406228435,12"
20241,Posto de Atendimento Cooperativo,Boletos e Convênios,Não aplicável,48973827,"52778432660,04"
20241,Internet Banking,Consulta Saldo/Extrato,Não aplicável,1287080583,0
20241,Internet Banking,Ordem de Transferência de Crédito,Não aplicável,189610385,"5866299135151,32"
20241,Posto de Atendimento Cooperativo,Empréstimos e Financiamentos,Não aplicável,573,"10479011,03"
20241,ATM,Depósito,ATM/Acesso aberto/Cartão próprio,30939898,"34433216720,94"
20241,Agências,Boletos e Convênios,Não aplicável,44588912,"114830855626,14"
20241,Correspondentes no País,Saque,Não aplicável,110188859,"70135827834,19"
20242,ATM,Ordem de Transferência de Crédito,ATM/Acesso aberto/Cartão próprio,2826476,"4824935829,78"
20242,Correspondentes no País,Empréstimos e Financiamentos,Não aplicável,32471301,"95366843029,63"
20242,ATM,Boletos e Convênios,ATM/Acesso aberto/Cartão terceiro,479086,"76036454978,57"
20242,Agências,Outras não Financeiras,Não aplicável,55706232,0
20242,Internet Banking,Empréstimos e Financiamentos,Não aplicável,45177747,"123713449897,25"
20242,Internet Banking,Saques via Pix,Não aplicável,40,"5341,82"
20242,ATM,Pix,ATM/Acesso aberto/Cartão terceiro,1219868,422574160
20242,ATM,Consulta Saldo/Extrato,ATM/Acesso restrito,172658465,0
20242,Internet Banking,Pix,Não aplicável,367667205,"1646255179314,28"
20242,ATM,Depósito,ATM/Acesso restrito,74024651,"75013879096,98"
20242,Correspondentes no País,Saque,Não aplicável,113302516,"75387677743,12"
20242,Correspondentes no País,Consulta Saldo/Extrato,Não aplicável,15176743,0
20242,Internet Banking,Boletos e Convênios,Não aplicável,371529990,"1129030145176,08"
20242,Agências,Consulta Saldo/Extrato,Não aplicável,117353873,0
20242,Telefone Celular,Outras não Financeiras,Não aplicável,4213342758,0
20242,ATM,Depósito,ATM/Acesso aberto/Cartão terceiro,6189989,4903693875
20242,ATM,Outras Financeiras,ATM/Acesso aberto/Cartão terceiro,2517,11891
20242,ATM,Depósito,ATM/Acesso aberto/Cartão próprio,30648989,"33937852209,28"
20242,Telefone Celular,Empréstimos e Financiamentos,Não aplicável,162330946,"90624041575,56"
20242,Telefone Celular,Ordem de Transferência de Crédito,Não aplicável,320176205,"1013799328109,42"
20242,Internet Banking,Consulta Saldo/Extrato,Não aplicável,1421331589,0
20242,ATM,Ordem de Transferência de Crédito,ATM/Acesso restrito,9601259,"22739942514,55"
20242,Correspondentes no País,Ordem de Transferência de Crédito,Não aplicável,373667,"1157073393,96"
20242,Agências,Empréstimos e Financiamentos,Não aplicável,162488087,"577429984305,67"
20242,ATM,Boletos e Convênios,ATM/Acesso restrito,20485133,"16119652149,27"
20242,Correspondentes no País,Boletos e Convênios,Não aplicável,228520959,"95355459364,72"
20242,Posto de Atendimento Cooperativo,Boletos e Convênios,Não aplicável,51916945,"58284143742,46"
20242,Internet Banking,Outras Financeiras,Não aplicável,563600993,"1747394538568,05"
20242,ATM,Outras não Financeiras,ATM/Acesso aberto/Cartão próprio,5957053,0
20242,Posto de Atendimento Cooperativo,Pix,Não aplicável,58,"80110701,48"
20242,Posto de Atendimento Cooperativo,Depósito,Não aplicável,30424612,"22159840949,25"
20242,ATM,Ordem de Transferência de Crédito,ATM/Acesso aberto/Cartão terceiro,412984,"447583725,52"
20242,Correspondentes no País,Depósito,Não aplicável,93828271,"68658719136,96"
20242,ATM,Outras Financeiras,ATM/Acesso restrito,1094736,"7237264024,51"
20242,Agências,Pix,Não aplicável,73924682,"21937195026,06"
20242,Centrais de Atendimento,Ordem de Transferência de Crédito,Não aplicável,147117,"13855146065,58"
20242,ATM,Empréstimos e Financiamentos,ATM/Acesso aberto/Cartão terceiro,105463,"227600292,04"
20242,Correspondentes no País,Outras não Financeiras,Não aplicável,775662,0
20242,ATM,Outras Financeiras,ATM/Acesso aberto/Cartão próprio,754699,"28087091760,77"
20242,Centrais de Atendimento,Outras não Financeiras,Não aplicável,13504215,0
20242,ATM,Outras não Financeiras,ATM/Acesso restrito,83750081,0
20242,ATM,Boletos e Convênios,ATM/Acesso aberto/Cartão próprio,9272629,"5734043733,62"
20242,Posto de Atendimento Cooperativo,Empréstimos e Financiamentos,Não aplicável,657,"11637859,31"
20242,Agências,Boletos e Convênios,Não aplicável,41668392,"117342711702,7"
20242,Agências,Outras Financeiras,Não aplicável,163815355,"3751204443505,19"
20242,Correspondentes no País,Outras Financeiras,Não aplicável,305191,"293862955,26"
20242,Telefone Celular,Pix,Não aplicável,13462511980,"3226106346402,14"
20242,ATM,Empréstimos e Financiamentos,ATM/Acesso aberto/Cartão próprio,502815,"1691343593,99"
20242,Internet Banking,Outras não Financeiras,Não aplicável,1201441410,0
20242,Centrais de Atendimento,Consulta Saldo/Extrato,Não aplicável,56619027,0
20242,Posto de Atendimento Cooperativo,Ordem de Transferência de Crédito,Não aplicável,444064,"30928290226,47"
20242,Centrais de Atendimento,Empréstimos e Financiamentos,Não aplicável,723869,"17783250572,33"
20242,Telefone Celular,Boletos e Convênios,Não aplicável,964204660,"738075567356,92"
20242,ATM,Empréstimos e Financiamentos,ATM/Acesso restrito,6640156,"4449953056,85"
20242,Correspondentes no País,Pix,Não aplicável,157563,"453918756,92"
20242,Agências,Ordem de Transferência de Crédito,Não aplicável,60099919,"3021143987865,83"
20242,Posto de Atendimento Cooperativo,Saque,Não aplicável,73718798,"20069481988,23"
20242,ATM,Consulta Saldo/Extrato,ATM/Acesso aberto/Cartão próprio,132835957,0
20242,Telefone Celular,Saques via Pix,Não aplicável,2898787,"669321463,59"
20242,ATM,Outras não Financeiras,ATM/Acesso aberto/Cartão terceiro,20239,0
20242,ATM,Saque,ATM/Acesso aberto/Cartão próprio,72726525,"46816612607,42"
20242,ATM,Consulta Saldo/Extrato,ATM/Acesso aberto/Cartão terceiro,83822431,0
20242,Telefone Celular,Consulta Saldo/Extrato,Não aplicável,27438219831,0
20242,Telefone Celular,Outras Financeiras,Não aplicável,578796778,"241925498718,02"
20242,Internet Banking,Ordem de Transferência de Crédito,Não aplicável,198825993,"6480595499340,57"
20242,Centrais de Atendimento,Boletos e Convênios,Não aplicável,37122,"47527150,46"
20242,ATM,Saque,ATM/Acesso restrito,205969048,"145269392037,72"
20242,Centrais de Atendimento,Outras Financeiras,Não aplicável,385604,"143887207624,63"
20242,Agências,Depósito,Não aplicável,31329644,"2411982539051,97"
20242,Agências,Saque,Não aplicável,34720307,"230373322335,78"
20242,ATM,Saque,ATM/Acesso aberto/Cartão terceiro,235962038,"80335890136,38"
20242,Posto de Atendimento Cooperativo,Outras Financeiras,Não aplicável,284438,"5838128982,54"
20243,Centrais de Atendimento,Ordem de Transferência de Crédito,Não aplicável,140652,"14808491734,69"
20243,Correspondentes no País,Boletos e Convênios,Não aplicável,227532843,"99579560026,11"
20243,ATM,Saque,ATM/Acesso aberto/Cartão próprio,67741013,"43099077585,9"
20243,Agências,Saque,Não aplicável,32230801,"189007274149,22"
20243,ATM,Ordem de Transferência de Crédito,ATM/Acesso aberto/Cartão próprio,2598879,"4376123141,61"
20243,ATM,Outras não Financeiras,ATM/Acesso aberto/Cartão próprio,5160784,0
20243,ATM,Outras Financeiras,ATM/Acesso aberto/Cartão terceiro,2372,28623
20243,Internet Banking,Outras Financeiras,Não aplicável,597975549,"1781694904575,49"
20243,ATM,Outras Financeiras,ATM/Acesso aberto/Cartão próprio,755747,"28915561795,22"
20243,ATM,Saque,ATM/Acesso restrito,194202146,"133927559510,04"
20243,ATM,Saque,ATM/Acesso aberto/Cartão terceiro,222677190,"75178132893,66"
20243,Telefone Celular,Pix,Não aplicável,14463003171,3510064436054
20243,Telefone Celular,Saques via Pix,Não aplicável,3307804,"845345494,42"
20243,Internet Banking,Outras não Financeiras,Não aplicável,1216695596,0
20243,ATM,Consulta Saldo/Extrato,ATM/Acesso restrito,160152187,0
20243,Posto de Atendimento Cooperativo,Empréstimos e Financiamentos,Não aplicável,706,"12975999,16"
20243,ATM,Consulta Saldo/Extrato,ATM/Acesso aberto/Cartão terceiro,77991266,0
20243,Internet Banking,Saques via Pix,Não aplicável,41,"12727,88"
20243,Centrais de Atendimento,Outras Financeiras,Não aplicável,370766,"127046305823,6"
20243,Correspondentes no País,Pix,Não aplicável,72614,"200637525,7"
20243,ATM,Outras Financeiras,ATM/Acesso restrito,1164755,"5373865931,78"
20243,Internet Banking,Empréstimos e Financiamentos,Não aplicável,44996697,"131816967222,57"
20243,Correspondentes no País,Consulta Saldo/Extrato,Não aplicável,14035629,0
20243,ATM,Consulta Saldo/Extrato,ATM/Acesso aberto/Cartão próprio,128243425,0
20243,Agências,Boletos e Convênios,Não aplicável,43465521,103249788301
20243,Telefone Celular,Consulta Saldo/Extrato,Não aplicável,26849916985,0
20243,Posto de Atendimento Cooperativo,Depósito,Não aplicável,32114366,"22691849514,53"
20243,Correspondentes no País,Outras não Financeiras,Não aplicável,750358,0
20243,ATM,Empréstimos e Financiamentos,ATM/Acesso aberto/Cartão terceiro,99232,"221796491,12"
20243,Agências,Pix,Não aplicável,89301407,"24623506769,39"
20243,Telefone Celular,Empréstimos e Financiamentos,Não aplicável,154027557,"96945638541,92"
20243,ATM,Depósito,ATM/Acesso aberto/Cartão terceiro,6469150,5054901567
20243,ATM,Depósito,ATM/Acesso restrito,72077078,"73868642065,32"
20243,Internet Banking,Ordem de Transferência de Crédito,Não aplicável,195017656,"6727316865984,9"
20243,Correspondentes no País,Saque,Não aplicável,108703548,"70601331199,98"
20243,Internet Banking,Pix,Não aplicável,441918331,"1808190071511,64"
20243,ATM,Outras não Financeiras,ATM/Acesso restrito,77332186,0
20243,ATM,Depósito,ATM/Acesso aberto/Cartão próprio,29659202,"32583335605,24"
20243,ATM,Ordem de Transferência de Crédito,ATM/Acesso aberto/Cartão terceiro,383137,"415080354,02"
20243,ATM,Empréstimos e Financiamentos,ATM/Acesso aberto/Cartão próprio,482187,"1137898621,64"
20243,Agências,Outras Financeiras,Não aplicável,167120916,"4209731620032,75"
20243,Posto de Atendimento Cooperativo,Pix,Não aplicável,78,"22422402,8"
20243,ATM,Ordem de Transferência de Crédito,ATM/Acesso restrito,8820413,"22358422867,2"
20243,Telefone Celular,Ordem de Transferência de Crédito,Não aplicável,391235379,"1042176770612,03"
20243,Telefone Celular,Outras Financeiras,Não aplicável,669518956,"269059571817,98"
20243,Agências,Ordem de Transferência de Crédito,Não aplicável,56865765,"3296038792629,61"
20243,Agências,Empréstimos e Financiamentos,Não aplicável,160511645,"595507915326,55"
20243,ATM,Pix,ATM/Acesso aberto/Cartão terceiro,1440142,515523073
20243,Posto de Atendimento Cooperativo,Ordem de Transferência de Crédito,Não aplicável,430266,"32384605998,19"
20243,Centrais de Atendimento,Empréstimos e Financiamentos,Não aplicável,697489,"20656214244,73"
20243,Posto de Atendimento Cooperativo,Saque,Não aplicável,80804110,"22255699721,63"
20243,ATM,Boletos e Convênios,ATM/Acesso aberto/Cartão próprio,8378873,"5220403702,62"
20243,Centrais de Atendimento,Outras não Financeiras,Não aplicável,11875075,0
20243,ATM,Boletos e Convênios,ATM/Acesso restrito,18696477,"15050723806,21"
20243,Agências,Depósito,Não aplicável,30502969,"2687561956558,39"
20243,Correspondentes no País,Outras Financeiras,Não aplicável,295220,"288355715,69"
20243,Agências,Outras não Financeiras,Não aplicável,53783994,0
20243,Internet Banking,Boletos e Convênios,Não aplicável,371525141,"1171963598001,61"
20243,Agências,Consulta Saldo/Extrato,Não aplicável,116150324,0
20243,ATM,Outras não Financeiras,ATM/Acesso aberto/Cartão terceiro,17532,0
20243,ATM,Boletos e Convênios,ATM/Acesso aberto/Cartão terceiro,426667,"40666676485,51"
20243,Posto de Atendimento Cooperativo,Outras Financeiras,Não aplicável,319338,"6935887727,66"
20243,Internet Banking,Consulta Saldo/Extrato,Não aplicável,1320600056,0
20243,Telefone Celular,Boletos e Convênios,Não aplicável,912851654,"737266652512,76"
20243,Correspondentes no País,Ordem de Transferência de Crédito,Não aplicável,450809,"1263070640,68"
20243,Centrais de Atendimento,Consulta Saldo/Extrato,Não aplicável,49410398,0
20243,Correspondentes no País,Depósito,Não aplicável,92288726,"67701227875,37"
20243,Correspondentes no País,Empréstimos e Financiamentos,Não aplicável,61335904,"101444901008,9"
20243,Telefone Celular,Outras não Financeiras,Não aplicável,4209227143,0
20243,Posto de Atendimento Cooperativo,Boletos e Convênios,Não aplicável,54819157,"63343612894,95"
20243,Centrais de Atendimento,Boletos e Convênios,Não aplicável,29119,"39302233,53"
20243,ATM,Empréstimos e Financiamentos,ATM/Acesso restrito,6402472,"4738028621,42"
20244,ATM,Outras não Financeiras,ATM/Acesso restrito,76038905,0
20244,ATM,Depósito,ATM/Acesso aberto/Cartão terceiro,6693679,5281601357
20244,ATM,Boletos e Convênios,ATM/Acesso aberto/Cartão terceiro,395692,"35346631943,01"
20244,Agências,Depósito,Não aplicável,29188764,"2715111634933,95"
20244,Internet Banking,Empréstimos e Financiamentos,Não aplicável,44653860,"146697690703,62"
20244,Telefone Celular,Saques via Pix,Não aplicável,3673063,"868988567,61"
20244,Internet Banking,Boletos e Convênios,Não aplicável,362114803,"1204510805618,8"
20244,ATM,Outras Financeiras,ATM/Acesso aberto/Cartão terceiro,3026,30307
20244,Internet Banking,Saques via Pix,Não aplicável,31,"4725,63"
20244,ATM,Empréstimos e Financiamentos,ATM/Acesso restrito,6335966,"3757926186,39"
20244,ATM,Outras não Financeiras,ATM/Acesso aberto/Cartão próprio,4395471,0
20244,ATM,Depósito,ATM/Acesso restrito,68912979,"71984741953,28"
20244,Posto de Atendimento Cooperativo,Outras Financeiras,Não aplicável,332009,"8412443520,69"
20244,Posto de Atendimento Cooperativo,Empréstimos e Financiamentos,Não aplicável,642,"11860372,55"
20244,Correspondentes no País,Depósito,Não aplicável,88289544,"67324229874,48"
20244,Internet Banking,Consulta Saldo/Extrato,Não aplicável,1285280458,0
20244,Correspondentes no País,Consulta Saldo/Extrato,Não aplicável,14066543,0
20244,Agências,Boletos e Convênios,Não aplicável,42994801,"105988596004,33"
20244,Internet Banking,Pix,Não aplicável,344300007,"2039827574462,97"
20244,Correspondentes no País,Empréstimos e Financiamentos,Não aplicável,69837435,"85963606384,48"
20244,ATM,Outras não Financeiras,ATM/Acesso aberto/Cartão terceiro,17813,0
20244,ATM,Outras Financeiras,ATM/Acesso restrito,1207952,"5535014269,13"
20244,Correspondentes no País,Outras não Financeiras,Não aplicável,667080,0
20244,Centrais de Atendimento,Empréstimos e Financiamentos,Não aplicável,609514,"18721918552,26"
20244,Posto de Atendimento Cooperativo,Saque,Não aplicável,87670851,"23661227078,06"
20244,Posto de Atendimento Cooperativo,Boletos e Convênios,Não aplicável,55490688,"66051166317,07"
20244,Telefone Celular,Consulta Saldo/Extrato,Não aplicável,27538608653,0
20244,ATM,Pix,ATM/Acesso aberto/Cartão terceiro,1558161,"580164861,5"
20244,Telefone Celular,Outras Financeiras,Não aplicável,541266906,"277551119273,64"
20244,ATM,Depósito,ATM/Acesso aberto/Cartão próprio,28685963,"32008198106,73"
20244,Internet Banking,Outras não Financeiras,Não aplicável,1235264030,0
20244,Telefone Celular,Boletos e Convênios,Não aplicável,878759032,"742604977626,45"
20244,Telefone Celular,Outras não Financeiras,Não aplicável,4345858175,0
20244,ATM,Boletos e Convênios,ATM/Acesso restrito,17091086,"14186937518,01"
20244,ATM,Saque,ATM/Acesso aberto/Cartão terceiro,223237977,"78063103638,66"
20244,Correspondentes no País,Outras Financeiras,Não aplicável,285847,"312023068,82"
20244,Internet Banking,Ordem de Transferência de Crédito,Não aplicável,216947982,"6768580767700,58"
20244,Centrais de Atendimento,Outras não Financeiras,Não aplicável,11041389,0
20244,ATM,Ordem de Transferência de Crédito,ATM/Acesso aberto/Cartão terceiro,393059,"432268860,96"
20244,Centrais de Atendimento,Outras Financeiras,Não aplicável,338465,"202285547913,31"
20244,Agências,Pix,Não aplicável,109819496,"25386123622,87"
20244,Agências,Saque,Não aplicável,32387807,"188937717087,71"
20244,ATM,Empréstimos e Financiamentos,ATM/Acesso aberto/Cartão terceiro,91501,"179622172,2"
20244,ATM,Boletos e Convênios,ATM/Acesso aberto/Cartão próprio,7668029,"4873511531,57"
20244,Posto de Atendimento Cooperativo,Pix,Não aplicável,236,"88405336,91"
20244,ATM,Outras Financeiras,ATM/Acesso aberto/Cartão próprio,729304,"31589383149,94"
20244,ATM,Consulta Saldo/Extrato,ATM/Acesso aberto/Cartão terceiro,80683456,0
20244,Internet Banking,Outras Financeiras,Não aplicável,600651381,"1796169599207,86"
20244,ATM,Ordem de Transferência de Crédito,ATM/Acesso restrito,8837149,"21306254502,4"
20244,Telefone Celular,Pix,Não aplicável,15632731153,"3703676674956,26"
20244,ATM,Ordem de Transferência de Crédito,ATM/Acesso aberto/Cartão próprio,2508262,"4224818699,9"
20244,Centrais de Atendimento,Consulta Saldo/Extrato,Não aplicável,30041887,0
20244,Telefone Celular,Ordem de Transferência de Crédito,Não aplicável,336844775,"839562698982,35"
20244,Centrais de Atendimento,Ordem de Transferência de Crédito,Não aplicável,138358,"5788395234,64"
20244,ATM,Consulta Saldo/Extrato,ATM/Acesso restrito,156386133,0
20244,Correspondentes no País,Boletos e Convênios,Não aplicável,216687317,"94858835586,78"
20244,Agências,Empréstimos e Financiamentos,Não aplicável,159013544,"623673548487,19"
20244,ATM,Empréstimos e Financiamentos,ATM/Acesso aberto/Cartão próprio,381520,"1022801412,5"
20244,Posto de Atendimento Cooperativo,Ordem de Transferência de Crédito,Não aplicável,415291,"29186445480,12"
20244,Agências,Outras Financeiras,Não aplicável,174472628,"4340827952280,17"
20244,Agências,Ordem de Transferência de Crédito,Não aplicável,57036475,"3386282268330,85"
20244,Telefone Celular,Empréstimos e Financiamentos,Não aplicável,157075826,"100130325410,29"
20244,Correspondentes no País,Saque,Não aplicável,104815987,"69128752865,95"
20244,Posto de Atendimento Cooperativo,Depósito,Não aplicável,34689924,"23536339748,63"
20244,Correspondentes no País,Ordem de Transferência de Crédito,Não aplicável,502312,"1592720681,84"
20244,ATM,Saque,ATM/Acesso aberto/Cartão próprio,64227635,"42525424932,87"
20244,ATM,Consulta Saldo/Extrato,ATM/Acesso aberto/Cartão próprio,130108801,0
20244,ATM,Saque,ATM/Acesso restrito,194296988,"135749328360,26"
20244,Agências,Outras não Financeiras,Não aplicável,49785788,0
20244,Centrais de Atendimento,Boletos e Convênios,Não aplicável,24183,"28758369,46"
20244,Agências,Consulta Saldo/Extrato,Não aplicável,105535820,0
20251,Centrais de Atendimento,Boletos e Convênios,Não aplicável,19906,24530123
20251,ATM,Ordem de Transferência de Crédito,ATM/Acesso restrito,7659754,"19038915233,31"
20251,Internet Banking,Empréstimos e Financiamentos,Não aplicável,42286165,"147219877681,55"
20251,ATM,Outras Financeiras,ATM/Acesso aberto/Cartão terceiro,2831,18083
20251,ATM,Outras Financeiras,ATM/Acesso aberto/Cartão próprio,696706,"26851440803,83"
20251,Telefone Celular,Ordem de Transferência de Crédito,Não aplicável,338111402,"998800089164,6"
20251,Agências,Saque,Não aplicável,27367933,"166677552416,12"
20251,Agências,Outras não Financeiras,Não aplicável,46766106,0
20251,ATM,Outras Financeiras,ATM/Acesso restrito,1113387,"5346581995,47"
20251,ATM,Boletos e Convênios,ATM/Acesso aberto/Cartão terceiro,257793,"7407519029,61"
20251,Centrais de Atendimento,Consulta Saldo/Extrato,Não aplicável,10384488,0
20251,Telefone Celular,Saques via Pix,Não aplicável,3570196,"1018018688,7"
20251,Posto de Atendimento Cooperativo,Pix,Não aplicável,164,"84008782,88"
20251,Centrais de Atendimento,Empréstimos e Financiamentos,Não aplicável,1781640,"182154833983,73"
20251,ATM,Depósito,ATM/Acesso restrito,67132779,"67938804441,11"
20251,Internet Banking,Consulta Saldo/Extrato,Não aplicável,1078236414,0
20251,ATM,Consulta Saldo/Extrato,ATM/Acesso aberto/Cartão próprio,124855701,0
20251,Agências,Depósito,Não aplicável,26673732,"2660177951221,47"
20251,Agências,Boletos e Convênios,Não aplicável,45965933,"107003042997,99"
20251,Correspondentes no País,Ordem de Transferência de Crédito,Não aplicável,296648,"998953183,15"
20251,Internet Banking,Pix,Não aplicável,265396313,"1959103567989,89"
20251,ATM,Pix,ATM/Acesso aberto/Cartão terceiro,1405996,543311327
20251,ATM,Outras não Financeiras,ATM/Acesso aberto/Cartão próprio,3563037,0
20251,ATM,Ordem de Transferência de Crédito,ATM/Acesso aberto/Cartão próprio,2294501,"3767419860,28"
20251,Agências,Pix,Não aplicável,115839501,"25420762253,04"
20251,Telefone Celular,Boletos e Convênios,Não aplicável,854864053,"719627372105,94"
20251,Centrais de Atendimento,Outras Financeiras,Não aplicável,307295,"130407991423,05"
20251,Posto de Atendimento Cooperativo,Ordem de Transferência de Crédito,Não aplicável,388085,"25763825524,09"
20251,Telefone Celular,Outras não Financeiras,Não aplicável,12154310263,0
20251,Posto de Atendimento Cooperativo,Boletos e Convênios,Não aplicável,53793072,"64331565623,93"
20251,Correspondentes no País,Boletos e Convênios,Não aplicável,210339726,"92249600629,26"
20251,Agências,Consulta Saldo/Extrato,Não aplicável,104867477,0
20251,ATM,Empréstimos e Financiamentos,ATM/Acesso aberto/Cartão terceiro,99603,"187864588,75"
20251,ATM,Saque,ATM/Acesso restrito,174684398,"124374354512,93"
20251,Agências,Empréstimos e Financiamentos,Não aplicável,163031430,"514144434393,94"
20251,Correspondentes no País,Saque,Não aplicável,98341628,"66667920598,66"
20251,Telefone Celular,Outras Financeiras,Não aplicável,367958876,"276161170120,18"
20251,ATM,Consulta Saldo/Extrato,ATM/Acesso aberto/Cartão terceiro,76092806,0
20251,Posto de Atendimento Cooperativo,Depósito,Não aplicável,32493903,"20917093924,6"
20251,Internet Banking,Saques via Pix,Não aplicável,44,"28332,74"
20251,Telefone Celular,Consulta Saldo/Extrato,Não aplicável,24263158070,0
20251,Telefone Celular,Pix,Não aplicável,15198540436,"3636357733514,89"
20251,Correspondentes no País,Empréstimos e Financiamentos,Não aplicável,82023374,"78016892108,41"
20251,Agências,Ordem de Transferência de Crédito,Não aplicável,53287488,"3042957881560,14"
20251,ATM,Saque,ATM/Acesso aberto/Cartão terceiro,205514980,72372095371
20251,Correspondentes no País,Outras não Financeiras,Não aplicável,689904,0
20251,Internet Banking,Boletos e Convênios,Não aplicável,329922650,"1289293124428,22"
20251,ATM,Depósito,ATM/Acesso aberto/Cartão próprio,27935274,"32401392168,78"
20251,Posto de Atendimento Cooperativo,Saque,Não aplicável,83596990,"22367624138,97"
20251,Telefone Celular,Empréstimos e Financiamentos,Não aplicável,158503545,"115781853750,64"
20251,Centrais de Atendimento,Ordem de Transferência de Crédito,Não aplicável,139735,"5591258350,83"
20251,Internet Banking,Outras não Financeiras,Não aplicável,1173212401,"21311,15"
20251,Posto de Atendimento Cooperativo,Empréstimos e Financiamentos,Não aplicável,527,"7883089,37"
20251,ATM,Ordem de Transferência de Crédito,ATM/Acesso aberto/Cartão terceiro,89996,"114598934,23"
20251,ATM,Consulta Saldo/Extrato,ATM/Acesso restrito,144025556,0
20251,Posto de Atendimento Cooperativo,Outras Financeiras,Não aplicável,318102,"7357458195,2"
20251,Agências,Outras Financeiras,Não aplicável,207104325,"4103534734122,34"
20251,ATM,Outras não Financeiras,ATM/Acesso aberto/Cartão terceiro,17168,0
20251,ATM,Pix,ATM/Acesso restrito,8,6145
20251,ATM,Boletos e Convênios,ATM/Acesso aberto/Cartão próprio,7699543,"5002996522,02"
20251,ATM,Outras não Financeiras,ATM/Acesso restrito,71704413,0
20251,Correspondentes no País,Depósito,Não aplicável,80529473,"60840646822,22"
20251,Internet Banking,Ordem de Transferência de Crédito,Não aplicável,185852314,"6198567816471,41"
20251,Correspondentes no País,Outras Financeiras,Não aplicável,412327,"803721848,69"
20251,Correspondentes no País,Consulta Saldo/Extrato,Não aplicável,13783660,0
20251,ATM,Empréstimos e Financiamentos,ATM/Acesso aberto/Cartão próprio,436221,"950414263,34"
20251,ATM,Saque,ATM/Acesso aberto/Cartão próprio,64018053,"42127165454,96"
20251,Centrais de Atendimento,Outras não Financeiras,Não aplicável,10563122,0
20251,ATM,Empréstimos e Financiamentos,ATM/Acesso restrito,6829141,"4271715350,27"
20251,Internet Banking,Outras Financeiras,Não aplicável,548572491,"1652083483407,17"
20251,ATM,Boletos e Convênios,ATM/Acesso restrito,17594859,"14698161130,37"
20251,ATM,Depósito,ATM/Acesso aberto/Cartão terceiro,6516323,4962362746
20252,Telefone Celular,Outras Financeiras,Não aplicável,344328744,"331594560440,25"
20252,Telefone Celular,Saques via Pix,Não aplicável,4069251,"1199576433,95"
20252,Internet Banking,Boletos e Convênios,Não aplicável,327883668,"1371715183834,36"
20252,Centrais de Atendimento,Pix,Não aplicável,119,"397014,49"
20252,Correspondentes no País,Outras não Financeiras,Não aplicável,590031,0
20252,Internet Banking,Saques via Pix,Não aplicável,43,"16090,78"
20252,ATM,Depósito,ATM/Acesso aberto/Cartão terceiro,7160389,"5387548958,87"
20252,Telefone Celular,Pix,Não aplicável,16822797641,"3937080625544,02"
20252,Posto de Atendimento Cooperativo,Pix,Não aplicável,135,"115690302,36"
20252,ATM,Outras não Financeiras,ATM/Acesso aberto/Cartão terceiro,16875,0
20252,Centrais de Atendimento,Ordem de Transferência de Crédito,Não aplicável,172425,"8470606371,07"
20252,Posto de Atendimento Cooperativo,Depósito,Não aplicável,36740980,"24258678303,2"
20252,Agências,Outras não Financeiras,Não aplicável,39600947,0
20252,ATM,Empréstimos e Financiamentos,ATM/Acesso aberto/Cartão próprio,341029,"526683729,58"
20252,Internet Banking,Ordem de Transferência de Crédito,Não aplicável,186180457,"6382248778339,76"
20252,Correspondentes no País,Ordem de Transferência de Crédito,Não aplicável,378806,"997597664,99"
20252,ATM,Outras não Financeiras,ATM/Acesso restrito,65516744,0
20252,ATM,Outras Financeiras,ATM/Acesso aberto/Cartão próprio,633943,"25882961882,62"
20252,Centrais de Atendimento,Empréstimos e Financiamentos,Não aplicável,1341562,"130919235550,82"
20252,ATM,Boletos e Convênios,ATM/Acesso restrito,15729842,"13270710485,6"
20252,ATM,Depósito,ATM/Acesso restrito,67319200,"68010030703,48"
20252,Centrais de Atendimento,Outras Financeiras,Não aplicável,324020,"153580405155,26"
20252,Agências,Boletos e Convênios,Não aplicável,43306103,"114602883462,01"
20252,ATM,Outras Financeiras,ATM/Acesso restrito,1110509,"4046070279,93"
20252,ATM,Consulta Saldo/Extrato,ATM/Acesso aberto/Cartão próprio,126348585,0
20252,Centrais de Atendimento,Consulta Saldo/Extrato,Não aplicável,9815171,0
20252,Agências,Empréstimos e Financiamentos,Não aplicável,162733560,548969078822
20252,Agências,Pix,Não aplicável,121245963,"24001174970,47"
20252,ATM,Saques via Pix,ATM/Acesso restrito,335,323800
20252,Correspondentes no País,Saque,Não aplicável,100422014,"71096278213,19"
20252,ATM,Consulta Saldo/Extrato,ATM/Acesso restrito,138275124,0
20252,ATM,Consulta Saldo/Extrato,ATM/Acesso aberto/Cartão terceiro,73886233,0
20252,ATM,Ordem de Transferência de Crédito,ATM/Acesso aberto/Cartão terceiro,27963,"41008038,27"
20252,Internet Banking,Consulta Saldo/Extrato,Não aplicável,1068981788,0
20252,ATM,Pix,ATM/Acesso aberto/Cartão terceiro,1536034,604962985
20252,Correspondentes no País,Depósito,Não aplicável,86195263,"68238659811,98"
20252,Telefone Celular,Outras não Financeiras,Não aplicável,14739371419,0
20252,Agências,Outras Financeiras,Não aplicável,242357743,"4048137981726,25"
20252,Posto de Atendimento Cooperativo,Ordem de Transferência de Crédito,Não aplicável,378852,"30344057593,31"
20252,Agências,Depósito,Não aplicável,26160655,"2570704778607,09"
20252,ATM,Ordem de Transferência de Crédito,ATM/Acesso restrito,7851354,"19750492630,53"
20252,Internet Banking,Pix,Não aplicável,274299680,"2202594628748,74"
20252,ATM,Saque,ATM/Acesso aberto/Cartão próprio,60366094,"42574097161,6"
20252,ATM,Depósito,ATM/Acesso aberto/Cartão próprio,27659711,"32256446611,19"
20252,ATM,Empréstimos e Financiamentos,ATM/Acesso restrito,6337486,"2621371939,79"
20252,Telefone Celular,Boletos e Convênios,Não aplicável,846509545,"710616883806,39"
20252,Centrais de Atendimento,Boletos e Convênios,Não aplicável,14681,"18148570,66"
20252,Agências,Saque,Não aplicável,26837700,"183715425652,5"
20252,Agências,Consulta Saldo/Extrato,Não aplicável,113531718,0
20252,Internet Banking,Outras Financeiras,Não aplicável,612648698,"1702688209998,78"
20252,ATM,Saque,ATM/Acesso restrito,179858425,"134597880854,65"
20252,Correspondentes no País,Boletos e Convênios,Não aplicável,206500870,"85414813377,83"
20252,Telefone Celular,Empréstimos e Financiamentos,Não aplicável,155345435,"122390968567,33"
20252,Internet Banking,Empréstimos e Financiamentos,Não aplicável,36500501,"138461744873,79"
20252,Posto de Atendimento Cooperativo,Boletos e Convênios,Não aplicável,56586608,"69185939262,25"
20252,Internet Banking,Outras não Financeiras,Não aplicável,1083394117,0
20252,Telefone Celular,Ordem de Transferência de Crédito,Não aplicável,360034861,"821069473056,75"
20252,Centrais de Atendimento,Outras não Financeiras,Não aplicável,10706952,0
20252,ATM,Outras Financeiras,ATM/Acesso aberto/Cartão terceiro,2851,"6730,5"
20252,ATM,Empréstimos e Financiamentos,ATM/Acesso aberto/Cartão terceiro,90299,"125105853,24"
20252,Posto de Atendimento Cooperativo,Saque,Não aplicável,88989356,"23631041603,47"
20252,Posto de Atendimento Cooperativo,Outras Financeiras,Não aplicável,317532,"8421762257,93"
20252,Correspondentes no País,Outras Financeiras,Não aplicável,387808,"722859685,45"
20252,ATM,Saque,ATM/Acesso aberto/Cartão terceiro,205283912,"74844070196,77"
20252,ATM,Boletos e Convênios,ATM/Acesso aberto/Cartão próprio,6734860,"4336753717,49"
20252,ATM,Ordem de Transferência de Crédito,ATM/Acesso aberto/Cartão próprio,2250435,"3782123161,19"
20252,ATM,Outras não Financeiras,ATM/Acesso aberto/Cartão próprio,2875950,0
20252,Telefone Celular,Consulta Saldo/Extrato,Não aplicável,25410191092,0
20252,ATM,Boletos e Convênios,ATM/Acesso aberto/Cartão terceiro,206376,"75217567,73"
20252,Correspondentes no País,Consulta Saldo/Extrato,Não aplicável,13670248,0
20252,Agências,Ordem de Transferência de Crédito,Não aplicável,52006242,"3141568257132,34"
20252,Correspondentes no País,Empréstimos e Financiamentos,Não aplicável,92943409,"88945150390,43"
20252,Correspondentes no País,Pix,Não aplicável,364,"1956,33"
20252,Posto de Atendimento Cooperativo,Empréstimos e Financiamentos,Não aplicável,866,"10659917,32"
20253,Agências,Depósito,Não aplicável,25184637,"2652786435128,81"
20253,ATM,Outras Financeiras,ATM/Acesso aberto/Cartão próprio,604791,"25035417847,28"
20253,ATM,Saque,ATM/Acesso aberto/Cartão terceiro,196708582,"70741333460,43"
20253,Agências,Boletos e Convênios,Não aplicável,17046269,"104740529829,63"
20253,ATM,Consulta Saldo/Extrato,ATM/Acesso aberto/Cartão terceiro,70302131,500
20253,Centrais de Atendimento,Pix,Não aplicável,164,"373396,42"
20253,Agências,Outras não Financeiras,Não aplicável,38270806,0
20253,ATM,Depósito,ATM/Acesso aberto/Cartão próprio,26871291,"31208010002,42"
20253,ATM,Outras não Financeiras,ATM/Acesso restrito,59948472,0
20253,Correspondentes no País,Outras não Financeiras,Não aplicável,675480,0
20253,Centrais de Atendimento,Boletos e Convênios,Não aplicável,10079,"10016438,63"
20253,Telefone Celular,Outras Financeiras,Não aplicável,315307260,"486245192530,69"
20253,ATM,Empréstimos e Financiamentos,ATM/Acesso restrito,6289063,"2522445858,96"
20253,ATM,Saques via Pix,ATM/Acesso restrito,41,34120
20253,Internet Banking,Empréstimos e Financiamentos,Não aplicável,37442394,"77951243726,37"
20253,Telefone Celular,Boletos e Convênios,Não aplicável,841195533,"713717698406,26"
20253,ATM,Empréstimos e Financiamentos,ATM/Acesso aberto/Cartão terceiro,80632,"133628605,32"
20253,Internet Banking,Saques via Pix,Não aplicável,45,"13447,79"
20253,Correspondentes no País,Consulta Saldo/Extrato,Não aplicável,13190457,0
20253,ATM,Ordem de Transferência de Crédito,ATM/Acesso restrito,7191785,"18707126429,39"
20253,Posto de Atendimento Cooperativo,Saque,Não aplicável,92027779,"24696170756,82"
20253,Agências,Pix,Não aplicável,141703341,"28428040282,28"
20253,ATM,Saque,ATM/Acesso restrito,166794812,"121270967312,93"
20253,Internet Banking,Outras Financeiras,Não aplicável,636651335,"1732012975627,08"
20253,ATM,Pix,ATM/Acesso aberto/Cartão terceiro,1617595,"646555753,96"
20253,ATM,Boletos e Convênios,ATM/Acesso aberto/Cartão terceiro,188317,"68316313,18"
20253,Correspondentes no País,Outras Financeiras,Não aplicável,552577,"1014411089,42"
20253,Telefone Celular,Empréstimos e Financiamentos,Não aplicável,161476088,"118500350526,13"
20253,Telefone Celular,Consulta Saldo/Extrato,Não aplicável,25097420907,0
20253,ATM,Depósito,ATM/Acesso restrito,65032224,"65022084493,19"
20253,Agências,Saque,Não aplicável,25935105,"168647809433,45"
20253,Posto de Atendimento Cooperativo,Depósito,Não aplicável,36951710,"24252203650,75"
20253,ATM,Outras não Financeiras,ATM/Acesso aberto/Cartão próprio,2655540,0
20253,Agências,Ordem de Transferência de Crédito,Não aplicável,52957031,"3358592763937,3"
20253,ATM,Ordem de Transferência de Crédito,ATM/Acesso aberto/Cartão próprio,2027599,"3445648364,6"
20253,Centrais de Atendimento,Consulta Saldo/Extrato,Não aplicável,9879473,0
20253,ATM,Consulta Saldo/Extrato,ATM/Acesso aberto/Cartão próprio,123520809,0
20253,Posto de Atendimento Cooperativo,Empréstimos e Financiamentos,Não aplicável,1622,"19758983,58"
20253,ATM,Empréstimos e Financiamentos,ATM/Acesso aberto/Cartão próprio,322942,"350650264,93"
20253,Centrais de Atendimento,Ordem de Transferência de Crédito,Não aplicável,308539,"6584444841,18"
20253,ATM,Outras Financeiras,ATM/Acesso restrito,1136139,"4239493781,41"
20253,Internet Banking,Consulta Saldo/Extrato,Não aplicável,1146230235,0
20253,Telefone Celular,Pix,Não aplicável,17968594877,"4252390275295,05"
20253,Posto de Atendimento Cooperativo,Ordem de Transferência de Crédito,Não aplicável,366032,"29440750581,43"
20253,Correspondentes no País,Ordem de Transferência de Crédito,Não aplicável,426277,"1228942489,98"
20253,Correspondentes no País,Boletos e Convênios,Não aplicável,202519560,"84082198103,87"
20253,ATM,Saque,ATM/Acesso aberto/Cartão próprio,50400143,"35353700866,47"
20253,Posto de Atendimento Cooperativo,Outras Financeiras,Não aplicável,367351,"9074243767,26"
20253,Centrais de Atendimento,Outras Financeiras,Não aplicável,311341,"136855752356,87"
20253,ATM,Boletos e Convênios,ATM/Acesso restrito,14260144,"11878971131,66"
20253,Internet Banking,Outras não Financeiras,Não aplicável,1368169259,0
20253,Internet Banking,Ordem de Transferência de Crédito,Não aplicável,182386008,"6367535747556,61"
20253,Internet Banking,Boletos e Convênios,Não aplicável,325851396,"1463901196469,72"
20253,Posto de Atendimento Cooperativo,Pix,Não aplicável,170,"26815846,42"
20253,Internet Banking,Pix,Não aplicável,299395787,"2484473858238,17"
20253,Telefone Celular,Saques via Pix,Não aplicável,3945927,"1140979035,63"
20253,Telefone Celular,Outras não Financeiras,Não aplicável,13662847786,0
20253,Centrais de Atendimento,Empréstimos e Financiamentos,Não aplicável,887066,"25424466112,62"
20253,ATM,Ordem de Transferência de Crédito,ATM/Acesso aberto/Cartão terceiro,28079,"41404317,87"
20253,ATM,Outras Financeiras,ATM/Acesso aberto/Cartão terceiro,2582,"6204,5"
20253,Agências,Consulta Saldo/Extrato,Não aplicável,101586737,0
20253,ATM,Outras não Financeiras,ATM/Acesso aberto/Cartão terceiro,13539,0
20253,Correspondentes no País,Empréstimos e Financiamentos,Não aplicável,103888569,"101774079917,3"
20253,Telefone Celular,Ordem de Transferência de Crédito,Não aplicável,373387788,"816498826116,8"
20253,ATM,Depósito,ATM/Acesso aberto/Cartão terceiro,7744753,"5577889138,47"
20253,Correspondentes no País,Depósito,Não aplicável,86577686,"68719165809,92"
20253,Correspondentes no País,Pix,Não aplicável,8,"105,88"
20253,ATM,Consulta Saldo/Extrato,ATM/Acesso restrito,126810941,0
20253,Correspondentes no País,Saque,Não aplicável,97853102,"66484065796,85"
20253,Agências,Empréstimos e Financiamentos,Não aplicável,175757899,"524842599678,87"
20253,Centrais de Atendimento,Outras não Financeiras,Não aplicável,11536635,0
20253,Posto de Atendimento Cooperativo,Boletos e Convênios,Não aplicável,58444829,"71657760202,3"
20253,ATM,Boletos e Convênios,ATM/Acesso aberto/Cartão próprio,6097710,"3953258084,78"
20253,Agências,Outras Financeiras,Não aplicável,265471285,"4321401588420,04"
20254,Telefone Celular,Consulta Saldo/Extrato,Não aplicável,27557478738,0
20254,ATM,Saque,ATM/Acesso aberto/Cartão terceiro,197199948,"72797700642,44"
20254,Agências,Empréstimos e Financiamentos,Não aplicável,158051259,"537883285988,19"
20254,Agências,Saque,Não aplicável,25873532,"174592094876,91"
20254,Telefone Celular,Saques via Pix,Não aplicável,4413220,"1323496015,93"
20254,Agências,Boletos e Convênios,Não aplicável,15215440,"112128170660,42"
20254,Posto de Atendimento Cooperativo,Depósito,Não aplicável,39191167,"24990101922,72"
20254,Telefone Celular,Ordem de Transferência de Crédito,Não aplicável,419494054,"921954782458,1"
20254,ATM,Depósito,ATM/Acesso aberto/Cartão próprio,25381845,"30152716149,13"
20254,ATM,Outras Financeiras,ATM/Acesso restrito,1130306,"11211696309,84"
20254,Centrais de Atendimento,Outras não Financeiras,Não aplicável,11654404,0
20254,Posto de Atendimento Cooperativo,Boletos e Convênios,Não aplicável,59127600,"74090283344,86"
20254,Internet Banking,Ordem de Transferência de Crédito,Não aplicável,213687571,"7381485555855,65"
20254,Internet Banking,Saques via Pix,Não aplicável,62,"24273,77"
20254,Internet Banking,Consulta Saldo/Extrato,Não aplicável,1112366895,0
20254,Centrais de Atendimento,Boletos e Convênios,Não aplicável,9650,"10600679,42"
20254,Correspondentes no País,Pix,Não aplicável,84,"1200,07"
20254,ATM,Empréstimos e Financiamentos,ATM/Acesso aberto/Cartão próprio,270545,"275993607,2"
20254,Correspondentes no País,Ordem de Transferência de Crédito,Não aplicável,480660,"1384444809,7"
20254,Agências,Depósito,Não aplicável,23936039,"2494818767504,8"
20254,Agências,Pix,Não aplicável,189032348,"41238750691,24"
20254,Posto de Atendimento Cooperativo,Empréstimos e Financiamentos,Não aplicável,2291,"20201657,71"
20254,ATM,Depósito,ATM/Acesso aberto/Cartão terceiro,8176132,"5975378773,96"
20254,Agências,Outras não Financeiras,Não aplicável,36238564,0
20254,ATM,Consulta Saldo/Extrato,ATM/Acesso restrito,127453888,0
20254,Posto de Atendimento Cooperativo,Outras Financeiras,Não aplicável,405303,"11842274296,02"
20254,Correspondentes no País,Outras Financeiras,Não aplicável,491581,"897755148,36"
20254,Centrais de Atendimento,Empréstimos e Financiamentos,Não aplicável,941112,"23099981181,44"
20254,ATM,Ordem de Transferência de Crédito,ATM/Acesso aberto/Cartão terceiro,31334,"50865585,19"
20254,Agências,Outras Financeiras,Não aplicável,300738974,"4492866850561,97"
20254,Centrais de Atendimento,Pix,Não aplicável,224,"213879,95"
20254,Posto de Atendimento Cooperativo,Pix,Não aplicável,105,"28381318,38"
20254,Centrais de Atendimento,Outras Financeiras,Não aplicável,468271,"119633923483,42"
20254,Correspondentes no País,Outras não Financeiras,Não aplicável,625829,0
20254,ATM,Ordem de Transferência de Crédito,ATM/Acesso aberto/Cartão próprio,1967641,"3314190725,7"
20254,Correspondentes no País,Boletos e Convênios,Não aplicável,198740554,"83279531999,54"
20254,ATM,Empréstimos e Financiamentos,ATM/Acesso aberto/Cartão terceiro,67123,"112076349,18"
20254,Posto de Atendimento Cooperativo,Ordem de Transferência de Crédito,Não aplicável,330145,"27450370053,03"
20254,Telefone Celular,Outras não Financeiras,Não aplicável,10880478418,0
20254,Internet Banking,Boletos e Convênios,Não aplicável,323416787,"1580915150078,87"
20254,Telefone Celular,Empréstimos e Financiamentos,Não aplicável,163947481,"124641464953,94"
20254,Centrais de Atendimento,Ordem de Transferência de Crédito,Não aplicável,194041,"6877079080,15"
20254,ATM,Saque,ATM/Acesso aberto/Cartão próprio,55043663,"39304704194,52"
20254,ATM,Outras Financeiras,ATM/Acesso aberto/Cartão próprio,403513,"19369666994,53"
20254,Agências,Consulta Saldo/Extrato,Não aplicável,90479228,0
20254,ATM,Empréstimos e Financiamentos,ATM/Acesso restrito,6311942,"2452698254,65"
20254,ATM,Ordem de Transferência de Crédito,ATM/Acesso restrito,7143988,"18180280593,08"
20254,Correspondentes no País,Empréstimos e Financiamentos,Não aplicável,115839519,"112704635883,63"
20254,Agências,Ordem de Transferência de Crédito,Não aplicável,58991098,"3480054196314,2"
20254,Internet Banking,Empréstimos e Financiamentos,Não aplicável,40285728,"107883297106,4"
20254,Internet Banking,Outras Financeiras,Não aplicável,729175004,"1872582002420,86"
20254,Telefone Celular,Boletos e Convênios,Não aplicável,850592937,"797445556993,14"
20254,Internet Banking,Outras não Financeiras,Não aplicável,1322726475,0
20254,ATM,Boletos e Convênios,ATM/Acesso restrito,13001389,"11178109589,44"
20254,Correspondentes no País,Consulta Saldo/Extrato,Não aplicável,13588925,0
20254,Posto de Atendimento Cooperativo,Saque,Não aplicável,98655425,"25257692894,61"
20254,ATM,Outras não Financeiras,ATM/Acesso restrito,57172067,0
20254,ATM,Boletos e Convênios,ATM/Acesso aberto/Cartão terceiro,168733,"62852373,48"
20254,ATM,Pix,ATM/Acesso aberto/Cartão terceiro,1699644,"704628179,8"
20254,ATM,Consulta Saldo/Extrato,ATM/Acesso aberto/Cartão próprio,127775551,0
20254,ATM,Outras não Financeiras,ATM/Acesso aberto/Cartão próprio,2277184,0
20254,Telefone Celular,Outras Financeiras,Não aplicável,342364817,"523476190023,5"
20254,Internet Banking,Pix,Não aplicável,318288097,"2624698313279,84"
20254,ATM,Consulta Saldo/Extrato,ATM/Acesso aberto/Cartão terceiro,71165560,0
20254,Telefone Celular,Pix,Não aplicável,19775672734,"4663255875801,33"
20254,ATM,Saque,ATM/Acesso restrito,168641823,"124850387990,75"
20254,Correspondentes no País,Saque,Não aplicável,96475211,"66188526542,16"
20254,ATM,Outras não Financeiras,ATM/Acesso aberto/Cartão terceiro,12110,0
20254,ATM,Boletos e Convênios,ATM/Acesso aberto/Cartão próprio,5484383,"3689139092,67"
20254,ATM,Depósito,ATM/Acesso restrito,63377962,"63732263118,18"
20254,Correspondentes no País,Depósito,Não aplicável,85740854,"70969048263,91"
20254,Centrais de Atendimento,Consulta Saldo/Extrato,Não aplicável,9939078,0
20254,ATM,Outras Financeiras,ATM/Acesso aberto/Cartão terceiro,1590,5954
20261,Telefone Celular,Saques via Pix,Não aplicável,3694628,"1206192630,66"
20261,Correspondentes no País,Outras Financeiras,Não aplicável,512291,"979272696,53"
20261,ATM,Ordem de Transferência de Crédito,ATM/Acesso aberto/Cartão terceiro,26245,"40596003,35"
20261,Agências,Outras não Financeiras,Não aplicável,34273814,0
20261,Centrais de Atendimento,Ordem de Transferência de Crédito,Não aplicável,178782,"7454889760,58"
20261,Posto de Atendimento Cooperativo,Outras Financeiras,Não aplicável,436416,"11248992627,79"
20261,Internet Banking,Consulta Saldo/Extrato,Não aplicável,1104518007,0
20261,Posto de Atendimento Cooperativo,Empréstimos e Financiamentos,Não aplicável,739,"11688131,9"
20261,Internet Banking,Outras não Financeiras,Não aplicável,1384598280,0
20261,Correspondentes no País,Saque,Não aplicável,86917328,"61615270185,52"
20261,ATM,Empréstimos e Financiamentos,ATM/Acesso restrito,7474377,"2392627314,92"
20261,Telefone Celular,Ordem de Transferência de Crédito,Não aplicável,417146120,"792829891324,59"
20261,Posto de Atendimento Cooperativo,Ordem de Transferência de Crédito,Não aplicável,295583,"22443752285,19"
20261,Correspondentes no País,Outras não Financeiras,Não aplicável,638878,0
20261,Centrais de Atendimento,Empréstimos e Financiamentos,Não aplicável,644196,"20959636129,87"
20261,ATM,Saque,ATM/Acesso restrito,149656755,"114029513020,12"
20261,Correspondentes no País,Boletos e Convênios,Não aplicável,196505356,"82390684838,51"
20261,Agências,Consulta Saldo/Extrato,Não aplicável,86205021,0
20261,Agências,Ordem de Transferência de Crédito,Não aplicável,50995720,"3073847669115,9"
20261,Internet Banking,Ordem de Transferência de Crédito,Não aplicável,183732233,"6728187470957,61"
20261,ATM,Outras não Financeiras,ATM/Acesso aberto/Cartão terceiro,10683,0
20261,Telefone Celular,Empréstimos e Financiamentos,Não aplicável,147456147,"124913278938,38"
20261,Telefone Celular,Consulta Saldo/Extrato,Não aplicável,28843156928,0
20261,ATM,Saque,ATM/Acesso aberto/Cartão terceiro,179637061,"67367783231,55"
20261,Posto de Atendimento Cooperativo,Pix,Não aplicável,129,"33517112,78"
20261,Agências,Boletos e Convênios,Não aplicável,14671808,"106002501044,49"
20261,Internet Banking,Boletos e Convênios,Não aplicável,358102141,"1365296613446,74"
20261,Centrais de Atendimento,Consulta Saldo/Extrato,Não aplicável,9763990,0
20261,Agências,Empréstimos e Financiamentos,Não aplicável,144164863,"453848447708,05"
20261,ATM,Empréstimos e Financiamentos,ATM/Acesso aberto/Cartão próprio,242344,"265250448,54"
20261,ATM,Saque,ATM/Acesso aberto/Cartão próprio,48866193,"35518681448,03"
20261,ATM,Depósito,ATM/Acesso aberto/Cartão terceiro,8167601,"5925933388,36"
20261,Posto de Atendimento Cooperativo,Saque,Não aplicável,93925788,"24351693631,23"
20261,Centrais de Atendimento,Outras Financeiras,Não aplicável,424531,"125784908907,01"
20261,ATM,Boletos e Convênios,ATM/Acesso restrito,13445489,"11689738533,8"
20261,ATM,Consulta Saldo/Extrato,ATM/Acesso aberto/Cartão terceiro,65740415,0
20261,Internet Banking,Saques via Pix,Não aplicável,52,"21744,07"
20261,ATM,Consulta Saldo/Extrato,ATM/Acesso restrito,122584239,0
20261,Correspondentes no País,Ordem de Transferência de Crédito,Não aplicável,448660,"2133369874,08"
20261,Internet Banking,Outras Financeiras,Não aplicável,663056575,"1803518719897,82"
20261,Telefone Celular,Outras não Financeiras,Não aplicável,8488410195,0
20261,Posto de Atendimento Cooperativo,Boletos e Convênios,Não aplicável,56062789,"69422645652,26"
20261,ATM,Pix,ATM/Acesso aberto/Cartão terceiro,1645496,704366329
20261,ATM,Outras não Financeiras,ATM/Acesso aberto/Cartão próprio,1968373,0
20261,ATM,Consulta Saldo/Extrato,ATM/Acesso aberto/Cartão próprio,117599726,0
20261,Internet Banking,Pix,Não aplicável,309751514,"2487197524951,99"
20261,ATM,Ordem de Transferência de Crédito,ATM/Acesso aberto/Cartão próprio,1708287,"2690516728,65"
20261,ATM,Outras Financeiras,ATM/Acesso aberto/Cartão terceiro,1296,5759
20261,Agências,Depósito,Não aplicável,22179945,"2481937238682,42"
20261,Correspondentes no País,Depósito,Não aplicável,77718888,"63550975093,38"
20261,ATM,Boletos e Convênios,ATM/Acesso aberto/Cartão terceiro,151618,"57022729,66"
20261,Telefone Celular,Pix,Não aplicável,18645846549,"4384549306153,77"
20261,Agências,Pix,Não aplicável,203884098,"42271785441,96"
20261,ATM,Depósito,ATM/Acesso aberto/Cartão próprio,22931814,"27265992896,07"
20261,Telefone Celular,Outras Financeiras,Não aplicável,298142260,"367718507356,63"
20261,Correspondentes no País,Consulta Saldo/Extrato,Não aplicável,12694455,0
20261,Centrais de Atendimento,Boletos e Convênios,Não aplicável,8874,"8711104,03"
20261,Correspondentes no País,Empréstimos e Financiamentos,Não aplicável,120299858,"110946071522,53"
20261,Agências,Outras Financeiras,Não aplicável,289485858,"4168254475685,24"
20261,Agências,Saque,Não aplicável,23430093,"158353250741,33"
20261,ATM,Ordem de Transferência de Crédito,ATM/Acesso restrito,6328818,"15767480070,38"
20261,ATM,Boletos e Convênios,ATM/Acesso aberto/Cartão próprio,5161072,"3606836720,04"
20261,ATM,Outras não Financeiras,ATM/Acesso restrito,50058806,0
20261,Centrais de Atendimento,Outras não Financeiras,Não aplicável,14500399,0
20261,Posto de Atendimento Cooperativo,Depósito,Não aplicável,36952032,"22622820303,49"
20261,ATM,Outras Financeiras,ATM/Acesso aberto/Cartão próprio,328259,"15031455475,32"
20261,ATM,Depósito,ATM/Acesso restrito,59842036,"60640702786,85"
20261,Telefone Celular,Boletos e Convênios,Não aplicável,839161016,"827051414731,41"
20261,Centrais de Atendimento,Pix,Não aplicável,135,"91228,67"
20261,ATM,Empréstimos e Financiamentos,ATM/Acesso aberto/Cartão terceiro,65282,"70165605,72"
20261,ATM,Outras Financeiras,ATM/Acesso restrito,1006243,"4923520221,59"
20261,Internet Banking,Empréstimos e Financiamentos,Não aplicável,41010140,"82325256425,07"
