{
"type": "FeatureCollection",
"name": "regioes_web",
"crs": { "type": "name", "properties": { "name": "urn:ogc:def:crs:OGC:1.3:CRS84" } },
"features": [
{ "type": "Feature", "properties": { "regiao_funcional": "RF1 · Metropolitana", "regiao_funcional_id": 1, "municipios": 70, "area_km2": 20980.774810847823, "partes": 5, "maior_parte_%": 99.997127973854461 }, "geometry": { "type": "MultiPolygon", "coordinates": [ [ [ [ -52.056066547999897, -31.160344051 ], [ -52.056537222, -31.164058924999896 ], [ -52.060035888, -31.15947154 ], [ -52.088731002, -31.146814081999892 ], [ -52.088860779999898, -31.140137073999902 ], [ -52.107101899, -31.11014577 ], [ -52.118425652, -31.111226774999988 ], [ -52.12616782, -31.107627161 ], [ -52.123204826999903, -31.094527168 ], [ -52.113776351999903, -31.091844059 ], [ -52.116409114, -31.086073663 ], [ -52.114510482999897, -31.072504793999897 ], [ -52.120288888999902, -31.069327585999904 ], [ -52.125000483, -31.058974013999908 ], [ -52.131981883, -31.0555702519999 ], [ -52.136512898, -31.049055845999906 ], [ -52.140372962999905, -31.046517243000011 ], [ -52.147439577999897, -31.050156355999913 ], [ -52.155744472, -31.040960383 ], [ -52.151320664, -31.035894283999902 ], [ -52.141519731, -31.032739975 ], [ -52.140377515, -31.026236465 ], [ -52.133188181, -31.025983035 ], [ -52.1167157, -31.017701321999901 ], [ -52.109571777, -31.007172078999893 ], [ -52.090142456, -31.003429958 ], [ -52.098093213, -30.999583277999896 ], [ -52.121235235, -30.997685614 ], [ -52.124256459, -31.000624076 ], [ -52.134051152, -31.00180833 ], [ -52.136105418999904, -31.006027446 ], [ -52.167523636999903, -31.003633796 ], [ -52.178981475999905, -30.998794753 ], [ -52.207052728999898, -30.9940907 ], [ -52.222783482, -30.984291336999892 ], [ -52.244881391, -30.985305769 ], [ -52.240572342, -30.976716498 ], [ -52.248841216, -30.966564015 ], [ -52.246179084999902, -30.962270687999894 ], [ -52.254515295, -30.9589568 ], [ -52.271062937999901, -30.958575880999899 ], [ -52.27838302, -30.951505370999897 ], [ -52.2659042189999, -30.93959122 ], [ -52.254825032, -30.936566437999897 ], [ -52.243234588, -30.925999497999989 ], [ -52.246574558, -30.898702183 ], [ -52.2515577469999, -30.891531047999912 ], [ -52.249352529, -30.883787713999897 ], [ -52.240882934, -30.880796351999912 ], [ -52.228667125, -30.8914645249999 ], [ -52.213365392, -30.895430184 ], [ -52.206496199, -30.906575614 ], [ -52.183489623999897, -30.901191632999911 ], [ -52.177300696, -30.912427105999907 ], [ -52.1632925709999, -30.903993202 ], [ -52.150273630999898, -30.905541776 ], [ -52.130548007, -30.899508871 ], [ -52.127723371999899, -30.912897331999908 ], [ -52.114281870999903, -30.917918476 ], [ -52.106833463, -30.928726236999985 ], [ -52.102388501, -30.926552435 ], [ -52.09864227, -30.910632841999988 ], [ -52.1050746129999, -30.903865246999892 ], [ -52.108627051, -30.905531309 ], [ -52.115296644999901, -30.898123256 ], [ -52.115890753, -30.888062889 ], [ -52.124590286999897, -30.883123447999893 ], [ -52.126347284, -30.875169526 ], [ -52.136434025, -30.871681285 ], [ -52.140891288, -30.864401364999896 ], [ -52.155495383, -30.86292816 ], [ -52.163994703, -30.854309755 ], [ -52.170004721999902, -30.840718329 ], [ -52.178854348, -30.837620866999895 ], [ -52.176277787999901, -30.821676559 ], [ -52.179055857, -30.810035199 ], [ -52.183820031, -30.806177695 ], [ -52.181852028, -30.801071809 ], [ -52.185408015, -30.780054130999901 ], [ -52.177683714999901, -30.77383981399991 ], [ -52.189601248, -30.764186325 ], [ -52.19598152, -30.763425716 ], [ -52.199119614, -30.771221904999894 ], [ -52.21363000199991, -30.778896486 ], [ -52.213232489999903, -30.770105853 ], [ -52.2080037919999, -30.763112562999897 ], [ -52.2106491219999, -30.755585816 ], [ -52.240370276, -30.756587407 ], [ -52.248468842, -30.767157034 ], [ -52.24558538, -30.770210445 ], [ -52.252918404, -30.773751341 ], [ -52.251720771999899, -30.779744719999904 ], [ -52.257976382, -30.785941013999899 ], [ -52.257974472999898, -30.797507407 ], [ -52.266758293999899, -30.798605414999898 ], [ -52.270327183999903, -30.794160823 ], [ -52.268409289, -30.7888538139999 ], [ -52.275060735, -30.785485809 ], [ -52.2747171359999, -30.778089746 ], [ -52.283926219, -30.771479591999903 ], [ -52.286723512, -30.765723935 ], [ -52.291842624, -30.764477244 ], [ -52.293981701, -30.7515078559999 ], [ -52.316074769999901, -30.732482730000015 ], [ -52.31508081, -30.723961824 ], [ -52.3246694649999, -30.714590562999913 ], [ -52.341178614999897, -30.71100818 ], [ -52.342181653, -30.704494519 ], [ -52.3367122289999, -30.698227296 ], [ -52.335243603, -30.688245176999903 ], [ -52.339669853, -30.687483861 ], [ -52.336380151999897, -30.680950472999896 ], [ -52.342971843, -30.678596163 ], [ -52.344376710999903, -30.671558196 ], [ -52.340537078999901, -30.666926159 ], [ -52.338945185999897, -30.653713932 ], [ -52.344053362, -30.648111108 ], [ -52.344364728999899, -30.641472206999904 ], [ -52.340728632, -30.639038727 ], [ -52.34642, -30.635833064999897 ], [ -52.343391437, -30.629406866999908 ], [ -52.348521751, -30.625415667 ], [ -52.354436146999902, -30.62702734 ], [ -52.3578064, -30.612085954999888 ], [ -52.362288059, -30.60558248 ], [ -52.369827667, -30.6082996919999 ], [ -52.368574499, -30.602362516 ], [ -52.380424982, -30.606045747999914 ], [ -52.386087158, -30.597921950999893 ], [ -52.399646479, -30.595991688 ], [ -52.399500885999906, -30.592985847 ], [ -52.408709517, -30.590121747 ], [ -52.413475983999902, -30.584355778 ], [ -52.4196423449999, -30.587443865999898 ], [ -52.421083261, -30.582369492999899 ], [ -52.429944502999902, -30.581677614999904 ], [ -52.4340374189999, -30.574640126 ], [ -52.452229001, -30.577087035 ], [ -52.449436889, -30.565097857 ], [ -52.453727182, -30.560727038 ], [ -52.444069161, -30.553277185999889 ], [ -52.434751198999898, -30.556551132 ], [ -52.418427553999898, -30.547998257 ], [ -52.424288582, -30.5432741 ], [ -52.421246175, -30.530267642999899 ], [ -52.419000314, -30.528216644999898 ], [ -52.415216388, -30.529765171999902 ], [ -52.414802239, -30.522539857 ], [ -52.405710342, -30.514002908999903 ], [ -52.401977432, -30.515702297 ], [ -52.397923784999897, -30.507789252999896 ], [ -52.402185086, -30.509568604 ], [ -52.404672284, -30.506811417999987 ], [ -52.39916511500001, -30.49497737 ], [ -52.404403681, -30.492059117999894 ], [ -52.404563026999909, -30.484655885999896 ], [ -52.391167485, -30.481572935 ], [ -52.393105148, -30.47762322499991 ], [ -52.390177036999901, -30.472010023999907 ], [ -52.385636967, -30.47196114 ], [ -52.385601510999905, -30.46811337 ], [ -52.37335086, -30.45941161 ], [ -52.374968123, -30.451629776999894 ], [ -52.368941737999897, -30.453663150999901 ], [ -52.360712667, -30.44605841 ], [ -52.36124877, -30.440651290999895 ], [ -52.355696550999902, -30.439208852000011 ], [ -52.354684611, -30.432571962999891 ], [ -52.349502474, -30.434531227 ], [ -52.348034821999903, -30.430932298 ], [ -52.353506104, -30.423153436999897 ], [ -52.350676683, -30.418021334999903 ], [ -52.353577925, -30.413111242 ], [ -52.348389782, -30.402754629 ], [ -52.357869942, -30.402820924 ], [ -52.360706256, -30.399067819 ], [ -52.358594243, -30.392123112 ], [ -52.351004176999908, -30.390056983 ], [ -52.3558685799999, -30.379149809 ], [ -52.346134132, -30.361939392999897 ], [ -52.341494472, -30.358538317 ], [ -52.333943093, -30.359823069000011 ], [ -52.324139073, -30.356296867 ], [ -52.319379759, -30.346749122999903 ], [ -52.314060174, -30.343301391999905 ], [ -52.304255542, -30.344408386999895 ], [ -52.305589607999899, -30.336766197 ], [ -52.299609126999897, -30.334005571 ], [ -52.297946324999899, -30.342288241999899 ], [ -52.290332044, -30.347108552 ], [ -52.284841628, -30.361558278 ], [ -52.277633788999907, -30.368053335999903 ], [ -52.268833029999897, -30.368882229999905 ], [ -52.263680581, -30.373493569999898 ], [ -52.261226190999899, -30.382717462 ], [ -52.264807838, -30.386128936 ], [ -52.261798649, -30.388938767999907 ], [ -52.263781147, -30.394638609 ], [ -52.256696215, -30.402662635 ], [ -52.25849884, -30.407644986 ], [ -52.251209837, -30.413432096 ], [ -52.252150344, -30.417953865 ], [ -52.2328536529999, -30.426957812999909 ], [ -52.233927675, -30.435987032999908 ], [ -52.227859028, -30.436386381 ], [ -52.220629835, -30.445076347999912 ], [ -52.212784399, -30.447805408 ], [ -52.191741863999901, -30.445202450999894 ], [ -52.1838653309999, -30.449113403999903 ], [ -52.172077144999903, -30.4425838659999 ], [ -52.158723112, -30.442726268999902 ], [ -52.1638708, -30.429395136 ], [ -52.173557617, -30.421476863999906 ], [ -52.180255112999902, -30.391413497 ], [ -52.178036445, -30.378235821 ], [ -52.170956632999903, -30.370531886 ], [ -52.171993287, -30.363354349 ], [ -52.166551808, -30.360865786 ], [ -52.164066229999897, -30.346563177999894 ], [ -52.158928763999903, -30.345507075999905 ], [ -52.160232246, -30.337826553999893 ], [ -52.153518199, -30.333794603999916 ], [ -52.163194145, -30.322243152999889 ], [ -52.158717119, -30.316579899 ], [ -52.167255113, -30.310734151 ], [ -52.164849789999899, -30.306618774 ], [ -52.171124929, -30.307113324999893 ], [ -52.170396061, -30.292782068 ], [ -52.172972612, -30.28861190000001 ], [ -52.170686271, -30.284148374 ], [ -52.177075338999899, -30.276944329999903 ], [ -52.165980665999903, -30.274799097 ], [ -52.164215071999905, -30.261766322 ], [ -52.166475424999902, -30.25539585 ], [ -52.158873709, -30.254271086999889 ], [ -52.159438705999897, -30.250555352999989 ], [ -52.151978949, -30.246700544 ], [ -52.151861342, -30.242214070999989 ], [ -52.146467313999899, -30.240283732 ], [ -52.136290976999909, -30.227603986 ], [ -52.135981134, -30.217207775 ], [ -52.154329057, -30.210519556999902 ], [ -52.16135364, -30.205016000999901 ], [ -52.16292477, -30.199614344999905 ], [ -52.158139928, -30.190067097999897 ], [ -52.160985347999897, -30.183258421999888 ], [ -52.152193618999902, -30.176031108 ], [ -52.14804486, -30.162393603999902 ], [ -52.152577285999897, -30.157747141 ], [ -52.152365433999897, -30.146113070999899 ], [ -52.157806074, -30.136500065 ], [ -52.169594489, -30.125525218 ], [ -52.165668192999902, -30.116772093 ], [ -52.166274245, -30.108459157 ], [ -52.158647582999897, -30.102680765999906 ], [ -52.166200117, -30.093537845999897 ], [ -52.164986808, -30.07704581 ], [ -52.160914635, -30.072198258999912 ], [ -52.16279635, -30.066301161999892 ], [ -52.155862261, -30.061945552999894 ], [ -52.152525548, -30.053460061 ], [ -52.153413305999898, -30.043847902000014 ], [ -52.150370171, -30.038520273999904 ], [ -52.153821304, -30.028501279999901 ], [ -52.1463121849999, -30.020269992999893 ], [ -52.1460358859999, -30.014559135 ], [ -52.150764876, -30.009275801999895 ], [ -52.148650324, -30.002957406999901 ], [ -52.154973437, -29.977296098999897 ], [ -52.148539038, -29.963714826999908 ], [ -52.147964304, -29.951515309999891 ], [ -52.139419444999902, -29.939360477 ], [ -52.1267616539999, -29.937638171999907 ], [ -52.106769207999903, -29.946794200999893 ], [ -52.083692249, -29.945626376 ], [ -52.081092774999902, -29.940752623 ], [ -52.068145641999898, -29.932063161 ], [ -52.049026352999903, -29.941585648999894 ], [ -52.033077870999897, -29.957260732999892 ], [ -52.025689590999903, -29.953050536 ], [ -52.025844514, -29.941329889 ], [ -52.015051233999898, -29.938440704999898 ], [ -52.001477173999902, -29.955544491 ], [ -52.0028718189999, -29.970825456999901 ], [ -51.996842198, -29.972765751999901 ], [ -51.988906734, -29.970119779 ], [ -51.985760495, -29.96581242 ], [ -51.9845925609999, -29.957295784999893 ], [ -51.9890142839999, -29.949549002 ], [ -51.984444901, -29.942275446999897 ], [ -51.971693752, -29.938310300999895 ], [ -51.952937972, -29.939124303 ], [ -51.945110051, -29.930924092999906 ], [ -51.940693025, -29.931884169999901 ], [ -51.944590138, -29.946283810999898 ], [ -51.939308205, -29.948859003999903 ], [ -51.908602723999898, -29.952418284 ], [ -51.905780467999897, -29.947917678999893 ], [ -51.898680188999904, -29.946845192 ], [ -51.868133734, -29.960041302 ], [ -51.839804607, -29.953713099 ], [ -51.819405729, -29.952988605 ], [ -51.795330115, -29.9542736 ], [ -51.782155042999896, -29.959387451999891 ], [ -51.764799293, -29.956359271999904 ], [ -51.750034351, -29.95979267099991 ], [ -51.734143496999899, -29.95324881999991 ], [ -51.726640373999899, -29.946668551999903 ], [ -51.740154861, -29.916513558 ], [ -51.749775008, -29.904305844 ], [ -51.750282620999897, -29.888401116999908 ], [ -51.744258905, -29.881801138999897 ], [ -51.719043543999909, -29.867721687 ], [ -51.7161786409999, -29.858059474999905 ], [ -51.720137091, -29.851866056999892 ], [ -51.73178365, -29.844735214 ], [ -51.730179231, -29.83527163 ], [ -51.744900201, -29.834471288 ], [ -51.749274156999903, -29.825404623999901 ], [ -51.758339835999898, -29.818788173 ], [ -51.755486096, -29.812951276 ], [ -51.757695602, -29.79206579700001 ], [ -51.7472067799999, -29.779478271 ], [ -51.747074987, -29.769521338999898 ], [ -51.736412742, -29.756522498 ], [ -51.718743817, -29.742839633 ], [ -51.719089466, -29.723413342 ], [ -51.724225697999906, -29.715742829 ], [ -51.716685185, -29.702308334 ], [ -51.709486094999903, -29.700870214 ], [ -51.707681587, -29.695317471 ], [ -51.703531498, -29.694166208999892 ], [ -51.70471871, -29.687722884 ], [ -51.696945839, -29.6836293009999 ], [ -51.693431994, -29.667086586 ], [ -51.685239138, -29.666665188 ], [ -51.685454555, -29.660823692 ], [ -51.679514186999903, -29.655283147 ], [ -51.665463527, -29.653307025999908 ], [ -51.662252807999906, -29.645978678999896 ], [ -51.650563688, -29.642506029999893 ], [ -51.640774828, -29.635048858999895 ], [ -51.638042121999902, -29.6291965519999 ], [ -51.644538673999897, -29.623420823999904 ], [ -51.6525081939999, -29.600400244 ], [ -51.662737341, -29.590103935999895 ], [ -51.664996808999902, -29.500774265 ], [ -51.690773271999902, -29.500759645 ], [ -51.690417130999897, -29.487774928 ], [ -51.668084493, -29.487479345999901 ], [ -51.66937368, -29.480862107 ], [ -51.615338611, -29.4824628 ], [ -51.612033481, -29.475087476999903 ], [ -51.601757063, -29.475654705999894 ], [ -51.587531423, -29.470222324 ], [ -51.569469883, -29.458017013999893 ], [ -51.59224111, -29.440286398999891 ], [ -51.591479503999899, -29.430454255 ], [ -51.6059931039999, -29.440076091 ], [ -51.609820957999908, -29.435583671 ], [ -51.642649514, -29.435521055 ], [ -51.640852089, -29.41723716 ], [ -51.607875941388897, -29.411216826534005 ], [ -51.616802277184597, -29.377884984034296 ], [ -51.589442832908702, -29.375503711863693 ], [ -51.575726882016205, -29.382442967018999 ], [ -51.560978943374302, -29.374177202232595 ], [ -51.56350438024181, -29.358083297339284 ], [ -51.551971617067402, -29.355336184069792 ], [ -51.535458133637199, -29.355897043743195 ], [ -51.532558446756703, -29.350458969663809 ], [ -51.350500604366999, -29.351857060318498 ], [ -51.3526595986187, -29.333120248560899 ], [ -51.336453661999897, -29.332969287999987 ], [ -51.304308665999898, -29.322976798 ], [ -51.298716133, -29.317580066999898 ], [ -51.28283499, -29.318579880999902 ], [ -51.269859442, -29.312815269999895 ], [ -51.258405658999905, -29.311492471999891 ], [ -51.259880831, -29.308847525 ], [ -51.276909025, -29.304194987 ], [ -51.279811494999898, -29.29957447 ], [ -51.278426136999897, -29.294942386999892 ], [ -51.262744740999899, -29.295137951 ], [ -51.216522892999897, -29.336652311 ], [ -51.237467627999898, -29.341647668000018 ], [ -51.224156116, -29.346550636 ], [ -51.219344269, -29.355442501 ], [ -51.2122985029999, -29.358571186999896 ], [ -51.20765972, -29.368910566 ], [ -51.209525831, -29.374297138 ], [ -51.223580081, -29.374911246 ], [ -51.221063134, -29.386692750999902 ], [ -51.22629463, -29.389881584 ], [ -51.226143774, -29.393084647 ], [ -51.206834179999902, -29.407746048000011 ], [ -51.189180553, -29.410277436999902 ], [ -51.191834496999903, -29.416535557 ], [ -51.181577769999897, -29.422761157 ], [ -51.185218463999902, -29.429079021999897 ], [ -51.178866276999898, -29.429115145 ], [ -51.168590578, -29.435426696 ], [ -51.173663857999898, -29.485489469 ], [ -51.179939170999901, -29.490064127 ], [ -51.177808517, -29.494106937999987 ], [ -51.174664779, -29.492160914 ], [ -51.164214586999897, -29.498930596 ], [ -51.144379369, -29.497531935 ], [ -51.146433224, -29.505839036999902 ], [ -51.112468989, -29.510743127999898 ], [ -51.106126302, -29.47694956 ], [ -51.078803611999902, -29.480047773999985 ], [ -51.077551618, -29.465167972 ], [ -51.012456399, -29.476040168999909 ], [ -51.008402081, -29.445899912999899 ], [ -51.042499901, -29.439440963 ], [ -51.019639878, -29.436973877 ], [ -51.012011456, -29.426323404999891 ], [ -51.009479652, -29.427624255999891 ], [ -51.0042199439999, -29.424335239 ], [ -51.002690685999902, -29.414891253 ], [ -50.993173761, -29.402079897 ], [ -50.991050554, -29.387216226 ], [ -50.981324468, -29.390400724999889 ], [ -50.956780320999897, -29.425372495999987 ], [ -50.9399315329999, -29.424547262 ], [ -50.928428786, -29.438296815999909 ], [ -50.916252089999901, -29.440843167 ], [ -50.909732248, -29.450948802 ], [ -50.9103024469999, -29.501646493999903 ], [ -50.891227257, -29.495900822999911 ], [ -50.868347464, -29.476351462 ], [ -50.8547529699999, -29.477805411 ], [ -50.846405622, -29.473394546999895 ], [ -50.834635823, -29.475828657 ], [ -50.78846327, -29.438961441999894 ], [ -50.770611613, -29.44094311 ], [ -50.767311579, -29.438614007 ], [ -50.767420967, -29.433952788999893 ], [ -50.772541615, -29.425897705 ], [ -50.769281408, -29.426625294 ], [ -50.771128658999899, -29.421107304 ], [ -50.768161666, -29.418605682 ], [ -50.772222121, -29.414344109 ], [ -50.767387791, -29.41584296 ], [ -50.763899165999909, -29.412993175999912 ], [ -50.75601577, -29.416698971999896 ], [ -50.74504125, -29.413226989999885 ], [ -50.735047413, -29.414760213 ], [ -50.733773764, -29.409786564999894 ], [ -50.725169696, -29.4081531809999 ], [ -50.721796815999909, -29.404084296999905 ], [ -50.688189754999897, -29.403558626999907 ], [ -50.684438768999897, -29.407653739 ], [ -50.704516379, -29.41839356 ], [ -50.704740801, -29.424534166999905 ], [ -50.721497171, -29.441138461 ], [ -50.728269703, -29.454212534 ], [ -50.715475789, -29.455171865 ], [ -50.697037728999902, -29.467292143 ], [ -50.688170834999902, -29.474453723 ], [ -50.688145786, -29.483556871 ], [ -50.67353272, -29.470304808 ], [ -50.673566005999902, -29.489216103999986 ], [ -50.660714664999908, -29.506460304 ], [ -50.65466832, -29.505988169 ], [ -50.651152539, -29.502480165 ], [ -50.629496435, -29.560701640999987 ], [ -50.623296608, -29.557262345 ], [ -50.610335812, -29.55731660299989 ], [ -50.60236751, -29.551816041999885 ], [ -50.572498181999897, -29.552563645999989 ], [ -50.552758864999902, -29.538637004999895 ], [ -50.432887567, -29.537257625999903 ], [ -50.420815551, -29.518069339 ], [ -50.405455914999898, -29.518865151999897 ], [ -50.40385543, -29.51599491 ], [ -50.371016197999907, -29.504280008999984 ], [ -50.369254538, -29.498636328 ], [ -50.360502069999903, -29.49963294 ], [ -50.347719439770302, -29.494328335623102 ], [ -50.356480690580298, -29.5068113372852 ], [ -50.354441740950698, -29.511165251559692 ], [ -50.3568190315669, -29.524160216556712 ], [ -50.355189652605198, -29.526225877316804 ], [ -50.344896963645603, -29.525789595518312 ], [ -50.340320456616901, -29.534951513285996 ], [ -50.340563917026401, -29.5436615989417 ], [ -50.355661549244402, -29.552002118266799 ], [ -50.344318222484503, -29.585315349877902 ], [ -50.335467934572797, -29.583890756250305 ], [ -50.3262704019644, -29.587630314522805 ], [ -50.348865792455101, -29.588950289555896 ], [ -50.34546457516921, -29.598512874281408 ], [ -50.3308268756453, -29.602056550930204 ], [ -50.336502990880398, -29.6070025619311 ], [ -50.343296521742097, -29.608329214746789 ], [ -50.341408935185498, -29.612834492094198 ], [ -50.345179656443598, -29.615732649755405 ], [ -50.342602032348701, -29.619071541070188 ], [ -50.359937556054902, -29.632035343081593 ], [ -50.350421781257999, -29.641089638807998 ], [ -50.353738347847198, -29.653428732699101 ], [ -50.350408360242596, -29.661753701710502 ], [ -50.345974312576601, -29.662644072727794 ], [ -50.346357172113997, -29.658058661988907 ], [ -50.340899197778199, -29.653304080756705 ], [ -50.338085625363597, -29.654123222092498 ], [ -50.335605942080498, -29.662793209873207 ], [ -50.321012761107397, -29.656271242171702 ], [ -50.314637704623699, -29.663236169454098 ], [ -50.313765141026899, -29.6745772702868 ], [ -50.321043307, -29.682453236 ], [ -50.332216316, -29.682932922 ], [ -50.336670032, -29.700645533999907 ], [ -50.343454408, -29.698614012999901 ], [ -50.355510105999898, -29.703382486999896 ], [ -50.358637807, -29.715767174 ], [ -50.383256668999898, -29.719296147 ], [ -50.399827980999902, -29.707341839 ], [ -50.410477345999901, -29.7073646969999 ], [ -50.425512167, -29.726895171 ], [ -50.422974075999903, -29.733749100999905 ], [ -50.425605759999897, -29.737951386 ], [ -50.434785766999902, -29.741999237 ], [ -50.434495081, -29.751080438 ], [ -50.439655246, -29.752312432999901 ], [ -50.453230671, -29.765848374 ], [ -50.458873028, -29.766193137 ], [ -50.467245652, -29.772214534999893 ], [ -50.463861659, -29.78406582 ], [ -50.465446915, -29.785738523999989 ], [ -50.475496408, -29.782092306 ], [ -50.484590136, -29.786877365999903 ], [ -50.4794598, -29.789573682 ], [ -50.473781608, -29.786880089 ], [ -50.467531381999905, -29.792784296 ], [ -50.460954471, -29.794428228 ], [ -50.458591386, -29.801138810999898 ], [ -50.450188325999903, -29.803190217 ], [ -50.445852391, -29.799588727 ], [ -50.439479096, -29.805768448 ], [ -50.434826633999897, -29.805697255 ], [ -50.434257665, -29.816732884 ], [ -50.427256612999905, -29.817116283 ], [ -50.420540914999897, -29.821887902999901 ], [ -50.4200269, -29.830780828999892 ], [ -50.412516109, -29.833345874 ], [ -50.375009765, -29.861028318 ], [ -50.372476440999897, -29.858268732999903 ], [ -50.372637000999902, -29.884051977 ], [ -50.386096892999902, -29.884895773 ], [ -50.399150822, -29.971725014 ], [ -50.408303230999898, -29.979409569 ], [ -50.417945916999898, -29.982836029999891 ], [ -50.459533871, -30.016759696 ], [ -50.459616227, -30.023249872 ], [ -50.465084463, -30.028553567999897 ], [ -50.458101448, -30.036900634999888 ], [ -50.456568299, -30.051718837 ], [ -50.6510113309999, -30.041724219999903 ], [ -50.657018682999905, -30.045601135 ], [ -50.651214694, -30.060109998 ], [ -50.645871958, -30.060820425 ], [ -50.63561515, -30.055477846 ], [ -50.635094523, -30.067852156999905 ], [ -50.631104826999902, -30.072999310999897 ], [ -50.621493730999902, -30.119873863 ], [ -50.620819581, -30.198406254 ], [ -50.626178631, -30.198979424 ], [ -50.631996123, -30.194851259 ], [ -50.644323981, -30.192243130999898 ], [ -50.65159235999991, -30.195113706 ], [ -50.658888056, -30.199923310999985 ], [ -50.664073887, -30.222003026 ], [ -50.66889268700001, -30.254881782 ], [ -50.654940559999901, -30.284060429 ], [ -50.673244081, -30.296640845 ], [ -50.703681371999899, -30.296869417 ], [ -50.708619156999902, -30.299263095 ], [ -50.736491244, -30.295670057999896 ], [ -50.750731217999899, -30.296707227999899 ], [ -50.763696078999899, -30.291396529999901 ], [ -50.772021826999897, -30.296617941 ], [ -50.773075787, -30.288669646999899 ], [ -50.784728270999899, -30.285010870000011 ], [ -50.794867657999909, -30.312348773999904 ], [ -50.792819778, -30.326383258 ], [ -50.788900850999902, -30.333368247999903 ], [ -50.781686953, -30.329117889 ], [ -50.787868198, -30.326764827 ], [ -50.783784231, -30.32450402400001 ], [ -50.776661577, -30.327238427999895 ], [ -50.773498522999901, -30.332203562 ], [ -50.796979978, -30.338382130999889 ], [ -50.844017043, -30.320757096 ], [ -50.884887762999902, -30.323672947 ], [ -50.90124638, -30.322106 ], [ -50.91483605, -30.326391327 ], [ -50.927036217, -30.338158671 ], [ -50.934552766, -30.355565485999907 ], [ -50.939209545, -30.394132457999895 ], [ -50.931941036, -30.42561955 ], [ -50.927172797, -30.43382566 ], [ -50.900145617, -30.443419777 ], [ -50.930036991999899, -30.4357706229999 ], [ -50.97340839, -30.407617091 ], [ -51.01300559, -30.389662625 ], [ -51.038672015, -30.386084455999896 ], [ -51.04208491, -30.389811697 ], [ -51.05557806, -30.39198048 ], [ -51.0595929099999, -30.385584819 ], [ -51.047399989, -30.381495994 ], [ -51.045217019999903, -30.377432498000012 ], [ -51.047618316, -30.373130882999895 ], [ -51.04245882, -30.372432873 ], [ -51.041294745, -30.366374898999908 ], [ -51.049568985999898, -30.357669783999892 ], [ -51.068039666999901, -30.358281553 ], [ -51.06873531, -30.3550194009999 ], [ -51.050984652999901, -30.349227958 ], [ -51.049817092, -30.344590658999895 ], [ -51.044835298, -30.341872130999896 ], [ -51.039833506, -30.342935493 ], [ -51.031602251, -30.333870606999898 ], [ -51.029674015, -30.327244431999898 ], [ -51.040243166, -30.325215748999899 ], [ -51.0257897709999, -30.321297683999891 ], [ -51.019801426, -30.296508541 ], [ -51.022484511, -30.284153790999905 ], [ -51.030762464, -30.274475157 ], [ -51.048422505, -30.267924692999905 ], [ -51.056677594999897, -30.271132085 ], [ -51.059210999, -30.276710485 ], [ -51.064718708, -30.276235398 ], [ -51.069474304, -30.269234589 ], [ -51.063343147999902, -30.263815598999901 ], [ -51.06535308, -30.252970860999895 ], [ -51.076499176, -30.243384424999888 ], [ -51.089401446999901, -30.240983308999898 ], [ -51.096772409, -30.241538764 ], [ -51.102838799, -30.246149073 ], [ -51.1064344, -30.242976757999894 ], [ -51.106155037999898, -30.248201220999906 ], [ -51.101388774, -30.249960911 ], [ -51.099031802, -30.257107951 ], [ -51.103747073, -30.259930466999894 ], [ -51.106601349, -30.258983537999903 ], [ -51.104933913, -30.251845181 ], [ -51.11371879, -30.246370860999896 ], [ -51.128205512, -30.247770492 ], [ -51.136937932, -30.259729563999898 ], [ -51.137310527, -30.265829998 ], [ -51.133686473999902, -30.269413694 ], [ -51.159617639, -30.261959773999902 ], [ -51.151870588999898, -30.246483535999989 ], [ -51.155040814, -30.240611907999895 ], [ -51.181194559999902, -30.235245662999898 ], [ -51.188439531, -30.235831049999891 ], [ -51.191211150999898, -30.23942043800001 ], [ -51.193367539, -30.237769162999893 ], [ -51.190828106, -30.233299686999899 ], [ -51.182640154999902, -30.23192353 ], [ -51.178005922, -30.218499202 ], [ -51.182595576, -30.212946288999884 ], [ -51.187961447, -30.211139999 ], [ -51.194301829, -30.213625973 ], [ -51.199539321, -30.210742821999911 ], [ -51.195724022, -30.207668278 ], [ -51.194329028, -30.199762042 ], [ -51.199089578, -30.193605721 ], [ -51.222962729, -30.187867938 ], [ -51.23953426, -30.190370749999907 ], [ -51.248626557, -30.186504129999896 ], [ -51.241902492999898, -30.18163641 ], [ -51.232737378, -30.182721408 ], [ -51.226664475, -30.176924034999988 ], [ -51.226633574999902, -30.16821335 ], [ -51.233418942999904, -30.163597670999902 ], [ -51.228006708, -30.160567707 ], [ -51.225710877, -30.1451903449999 ], [ -51.23287149, -30.135954019999897 ], [ -51.244904348, -30.131339832 ], [ -51.246277769999899, -30.125529083999893 ], [ -51.261149227, -30.122704070999891 ], [ -51.258673277999897, -30.110712051999901 ], [ -51.2608753499999, -30.112426544 ], [ -51.265118743, -30.1094888649999 ], [ -51.258738712, -30.108961221999884 ], [ -51.267706898, -30.103674488 ], [ -51.26509658, -30.098496360999903 ], [ -51.251400996, -30.094885728 ], [ -51.248260963, -30.082927988999987 ], [ -51.250597716999899, -30.081183178999893 ], [ -51.244745013999911, -30.07677777 ], [ -51.239926157999903, -30.063336982 ], [ -51.234792848, -30.0590199499999 ], [ -51.232858689999908, -30.047208264999895 ], [ -51.23781337, -30.047101563 ], [ -51.235389306999899, -30.044271024 ], [ -51.24163874, -30.041786788 ], [ -51.242395775, -30.035258548999899 ], [ -51.250240571999903, -30.035299553999891 ], [ -51.257229848, -30.048355711999893 ], [ -51.270826476, -30.060033641 ], [ -51.271401451, -30.054939894 ], [ -51.262235824999898, -30.049489811999901 ], [ -51.259548789, -30.033683718 ], [ -51.270043712, -30.035471630000011 ], [ -51.271923664, -30.04055485100001 ], [ -51.279638452, -30.037839360999985 ], [ -51.269035292999902, -30.028421002 ], [ -51.268158961, -30.016479417 ], [ -51.277647053, -30.010917461 ], [ -51.278137189999903, -30.017416302000012 ], [ -51.282615743, -30.021930166999905 ], [ -51.289390513999898, -30.011892654 ], [ -51.290282815999902, -30.002224323 ], [ -51.2957726, -30.000455503999891 ], [ -51.299372343999899, -30.002625555 ], [ -51.304193353999899, -30.027519969 ], [ -51.302070181, -30.035763018 ], [ -51.297455786999897, -30.035893769 ], [ -51.292377175, -30.047595707 ], [ -51.297344802999902, -30.042233274999901 ], [ -51.301705954999903, -30.042655434 ], [ -51.299212150999907, -30.051154967999899 ], [ -51.301150675, -30.054175889 ], [ -51.305191627999903, -30.053990644999903 ], [ -51.305672305, -30.061548990999903 ], [ -51.309127797, -30.061814726 ], [ -51.312436526999903, -30.072921246 ], [ -51.311382958, -30.080707428 ], [ -51.314224613, -30.080895547 ], [ -51.313674686, -30.084399252 ], [ -51.308414782999897, -30.086194169999896 ], [ -51.310517503, -30.088732132 ], [ -51.306501244999907, -30.093931477 ], [ -51.314169542999899, -30.112856572999895 ], [ -51.314410253999903, -30.127538773 ], [ -51.3058128179999, -30.134582452999989 ], [ -51.310864437, -30.136063126 ], [ -51.321737796, -30.150532246999898 ], [ -51.324562334999897, -30.168442714 ], [ -51.314821288, -30.188745117999886 ], [ -51.31505390599991, -30.194255689999988 ], [ -51.321179895999897, -30.206454134999898 ], [ -51.31990246, -30.213974989999901 ], [ -51.324914747, -30.214006162 ], [ -51.329796423999902, -30.230352691 ], [ -51.324661466999899, -30.235211227 ], [ -51.318757499999897, -30.23457854 ], [ -51.31677028, -30.23038523 ], [ -51.312568057, -30.240236336 ], [ -51.292335299999898, -30.231376888999904 ], [ -51.298703574999898, -30.240093870999907 ], [ -51.294854507, -30.2469493679999 ], [ -51.287353456999902, -30.250860423999896 ], [ -51.273358635, -30.249436817999896 ], [ -51.2875412, -30.258736759999987 ], [ -51.291859132999903, -30.254527389 ], [ -51.297956118999899, -30.259648797999894 ], [ -51.300938921, -30.274092053999901 ], [ -51.295273294, -30.302946935 ], [ -51.275927281, -30.308470940999893 ], [ -51.257197151999904, -30.305770180000014 ], [ -51.246296125, -30.31512028 ], [ -51.250155209999903, -30.324178951 ], [ -51.2472169, -30.328526629 ], [ -51.241238815, -30.325605996 ], [ -51.233781620999899, -30.310454262999887 ], [ -51.210723727, -30.297919776 ], [ -51.207356042999898, -30.340815662999898 ], [ -51.19612724, -30.363850063 ], [ -51.196492555, -30.368731496999896 ], [ -51.18552192, -30.3830535 ], [ -51.178215267, -30.386401988999985 ], [ -51.155866282, -30.376488954 ], [ -51.1291606079999, -30.359452303 ], [ -51.121967738, -30.360793434 ], [ -51.103676885, -30.356956902 ], [ -51.097715482999902, -30.357568511 ], [ -51.095216872, -30.362541506 ], [ -51.095295054, -30.38163564 ], [ -51.104172836, -30.376341626999903 ], [ -51.122061628, -30.396917202999905 ], [ -51.119226754, -30.408625437 ], [ -51.126218175, -30.415592784999898 ], [ -51.125381873, -30.428555764999906 ], [ -51.131911973999898, -30.435298164999885 ], [ -51.152590721, -30.500266602 ], [ -51.156890755999903, -30.499311952 ], [ -51.156266736, -30.49318626 ], [ -51.14864639, -30.473495549999903 ], [ -51.143416256, -30.471022005999895 ], [ -51.135755715, -30.436786119 ], [ -51.143910478999899, -30.432535659999893 ], [ -51.141947463999898, -30.426546499 ], [ -51.152757219, -30.414157992 ], [ -51.177724992, -30.408506275 ], [ -51.197879279999903, -30.4080321349999 ], [ -51.228211427, -30.423049265999989 ], [ -51.244913558999897, -30.442790814 ], [ -51.250072266, -30.460407221 ], [ -51.258555037, -30.466901742999898 ], [ -51.279154847, -30.510403582 ], [ -51.299942447, -30.563949658999899 ], [ -51.303348572999909, -30.588550052 ], [ -51.302229989999901, -30.634448130999893 ], [ -51.293099729999902, -30.707675636 ], [ -51.294141287999899, -30.751557818 ], [ -51.281142797, -30.801667755 ], [ -51.282434795, -30.812538998 ], [ -51.290350250999907, -30.81752137 ], [ -51.29432797, -30.818825971 ], [ -51.298649128, -30.816344972 ], [ -51.28511944, -30.807256531999901 ], [ -51.287297811, -30.797513581 ], [ -51.319089322, -30.785528966 ], [ -51.331207946999903, -30.778481892999896 ], [ -51.31809393, -30.78351514 ], [ -51.305486318, -30.784318614 ], [ -51.293955342999901, -30.770891354999915 ], [ -51.299657108, -30.731351606 ], [ -51.306482048, -30.715494059 ], [ -51.316599089, -30.704147678 ], [ -51.313957629999898, -30.688503027 ], [ -51.319432155999898, -30.679899163 ], [ -51.316590187, -30.676558069 ], [ -51.319443933999899, -30.663492463999905 ], [ -51.31766424700001, -30.648162195999895 ], [ -51.33461263800001, -30.633788454999905 ], [ -51.347887295, -30.6315137469999 ], [ -51.371645048999902, -30.636096976 ], [ -51.385764776, -30.651480713 ], [ -51.385675561, -30.662234468999898 ], [ -51.391074048999897, -30.668738522 ], [ -51.404192547, -30.738021504 ], [ -51.404277100999899, -30.782928484 ], [ -51.395942404, -30.808262514 ], [ -51.390580096999905, -30.840293655 ], [ -51.3817156389999, -30.860942973 ], [ -51.369010214, -30.874354512 ], [ -51.390084229, -30.879893460999892 ], [ -51.429384233999897, -30.875192694 ], [ -51.438590492999907, -30.870968317999896 ], [ -51.448823933, -30.872183327 ], [ -51.473120841, -30.886828899 ], [ -51.487628915999899, -30.89991133 ], [ -51.495544686999899, -30.91211032 ], [ -51.50043363, -30.929375951999901 ], [ -51.499776778999902, -30.972414108 ], [ -51.487686761, -31.019549366 ], [ -51.465753782, -31.065035055 ], [ -51.451997235, -31.082151012999894 ], [ -51.441814017999903, -31.088052882999897 ], [ -51.470714729, -31.098138420999891 ], [ -51.511958721, -31.10463904900001 ], [ -51.538092107, -31.115082011 ], [ -51.550085237, -31.112151728 ], [ -51.567272138, -31.128626819 ], [ -51.601963403, -31.131741755999901 ], [ -51.623037199, -31.144728944999901 ], [ -51.639424917, -31.180730941 ], [ -51.643590367999899, -31.211130877 ], [ -51.634457353999899, -31.255486483999988 ], [ -51.628284296999901, -31.265451385999906 ], [ -51.616719562, -31.2676879959999 ], [ -51.664225367, -31.271116655999894 ], [ -51.713362944, -31.265764605999909 ], [ -51.737466984, -31.280832034999889 ], [ -51.749095413, -31.277310783999987 ], [ -51.7458362469999, -31.2825172 ], [ -51.753159896999904, -31.279937925 ], [ -51.757147480999897, -31.286132134999907 ], [ -51.767557536, -31.282691633 ], [ -51.768785447, -31.278366321 ], [ -51.790475371, -31.273267296 ], [ -51.811742104, -31.285749678999888 ], [ -51.799466122, -31.266199581 ], [ -51.79971928, -31.255700098 ], [ -51.788645318, -31.254830330999905 ], [ -51.791671531, -31.252175689 ], [ -51.789607573, -31.249047698 ], [ -51.793714305, -31.248998297999904 ], [ -51.789886091, -31.245116037999903 ], [ -51.785507332999899, -31.247829410999895 ], [ -51.786401581999897, -31.242670447 ], [ -51.7802871069999, -31.233361417 ], [ -51.785924260999899, -31.224608304999908 ], [ -51.784950308, -31.220054612 ], [ -51.779657514999897, -31.216516522999893 ], [ -51.788661019, -31.213968502999897 ], [ -51.784190463999906, -31.20551649 ], [ -51.788652361999908, -31.190529867999885 ], [ -51.79462941, -31.184747499 ], [ -51.789774416999897, -31.176388266999886 ], [ -51.80232855, -31.167157678 ], [ -51.809562667, -31.168549497 ], [ -51.813020015999903, -31.173321067 ], [ -51.818001135, -31.172285729999896 ], [ -51.820387134, -31.1590865639999 ], [ -51.808958995999902, -31.146601668999892 ], [ -51.791557675, -31.140190665 ], [ -51.789504898, -31.123610603 ], [ -51.806886956, -31.125620604999909 ], [ -51.819844019, -31.119665091999895 ], [ -51.822567212, -31.108920301 ], [ -51.830461769, -31.112486829 ], [ -51.827010317, -31.105850333 ], [ -51.82904536, -31.103637718999892 ], [ -51.838910116, -31.107882459999903 ], [ -51.838083, -31.099735759999891 ], [ -51.841993681, -31.097266732 ], [ -51.848393464, -31.097977767 ], [ -51.8518360469999, -31.103526197999894 ], [ -51.855818058999901, -31.104171331 ], [ -51.858161587, -31.0909866649999 ], [ -51.867346373, -31.094040384 ], [ -51.871832023, -31.09117328 ], [ -51.865418066, -31.083234618999892 ], [ -51.870813035, -31.077359321 ], [ -51.864519318, -31.078053262000012 ], [ -51.860133559, -31.07245886 ], [ -51.865515436, -31.067202086999895 ], [ -51.866595339999897, -31.060563911 ], [ -51.875796083999901, -31.060566911 ], [ -51.874913950999897, -31.056787054 ], [ -51.869827449, -31.054815125999909 ], [ -51.871050341999897, -31.051896794 ], [ -51.880708442, -31.050610371999891 ], [ -51.875800077, -31.043648203000011 ], [ -51.881361835999897, -31.036775147999911 ], [ -51.901536275, -31.036651094 ], [ -51.902229129, -31.043178723 ], [ -51.91178608, -31.043391379999903 ], [ -51.917131921, -31.046551549999897 ], [ -51.923518467999898, -31.042190252 ], [ -51.932238348999903, -31.0528122159999 ], [ -51.934488852999898, -31.065913542 ], [ -51.947872087999897, -31.075885943999911 ], [ -51.95634337, -31.094313679 ], [ -51.947385526999909, -31.096518481 ], [ -51.944987192, -31.1021554239999 ], [ -51.932291752, -31.103735081 ], [ -51.932890766999897, -31.110248430999892 ], [ -51.930354633, -31.111403359 ], [ -51.938110648, -31.109491657 ], [ -51.937992468999902, -31.106519662 ], [ -51.95834361, -31.106702852999884 ], [ -51.987288831999898, -31.0999201129999 ], [ -52.005533385, -31.102612902 ], [ -52.016194702999897, -31.109999919 ], [ -52.014973353, -31.119011552 ], [ -52.018285662, -31.124057880999903 ], [ -52.014661788, -31.137845738999903 ], [ -52.022099214, -31.145336829 ], [ -52.024899214999898, -31.153851147999898 ], [ -52.018615257, -31.156766284 ], [ -52.02501052400001, -31.160266561 ], [ -52.0222798409999, -31.175315279 ], [ -52.024794325999899, -31.180334781999907 ], [ -52.029461243, -31.168027028 ], [ -52.030957547999897, -31.14955266 ], [ -52.056066547999897, -31.160344051 ] ] ], [ [ [ -51.164080091999899, -30.261704071999898 ], [ -51.164103643, -30.266014680999902 ], [ -51.170195453, -30.2636622969999 ], [ -51.164080091999899, -30.261704071999898 ] ] ], [ [ [ -51.192138708, -30.241874697 ], [ -51.193470406, -30.241379424999899 ], [ -51.191845573, -30.241221865999897 ], [ -51.192138708, -30.241874697 ] ] ], [ [ [ -51.286779926999905, -30.121929818999902 ], [ -51.287319666, -30.120063419 ], [ -51.286280169, -30.121535862 ], [ -51.286779926999905, -30.121929818999902 ] ] ], [ [ [ -51.286361265, -30.058996767999894 ], [ -51.286877257999897, -30.0632780299999 ], [ -51.291468284, -30.065135144999886 ], [ -51.294645704999901, -30.054053044999907 ], [ -51.288682291, -30.060172216 ], [ -51.286361265, -30.058996767999894 ] ] ] ] } },
{ "type": "Feature", "properties": { "regiao_funcional": "RF2 · Vale do Rio Pardo e Taquari", "regiao_funcional_id": 2, "municipios": 59, "area_km2": 17993.133143231997, "partes": 1, "maior_parte_%": 100.0 }, "geometry": { "type": "Polygon", "coordinates": [ [ [ -52.342944934999899, -30.359013950999987 ], [ -52.3558685799999, -30.379149809 ], [ -52.351004176999908, -30.390056983 ], [ -52.358594243, -30.392123112 ], [ -52.360706256, -30.399067819 ], [ -52.357869942, -30.402820924 ], [ -52.348389782, -30.402754629 ], [ -52.353577925, -30.413111242 ], [ -52.350676683, -30.418021334999903 ], [ -52.353506104, -30.423153436999897 ], [ -52.348034821999903, -30.430932298 ], [ -52.349502474, -30.434531227 ], [ -52.354684611, -30.432571962999891 ], [ -52.355696550999902, -30.439208852000011 ], [ -52.36124877, -30.440651290999895 ], [ -52.360712667, -30.44605841 ], [ -52.368941737999897, -30.453663150999901 ], [ -52.374968123, -30.451629776999894 ], [ -52.37335086, -30.45941161 ], [ -52.385601510999905, -30.46811337 ], [ -52.385636967, -30.47196114 ], [ -52.390177036999901, -30.472010023999907 ], [ -52.393105148, -30.47762322499991 ], [ -52.391167485, -30.481572935 ], [ -52.404563026999909, -30.484655885999896 ], [ -52.404403681, -30.492059117999894 ], [ -52.39916511500001, -30.49497737 ], [ -52.404672284, -30.506811417999987 ], [ -52.402185086, -30.509568604 ], [ -52.397923784999897, -30.507789252999896 ], [ -52.401977432, -30.515702297 ], [ -52.405710342, -30.514002908999903 ], [ -52.414802239, -30.522539857 ], [ -52.415216388, -30.529765171999902 ], [ -52.419000314, -30.528216644999898 ], [ -52.421246175, -30.530267642999899 ], [ -52.424288582, -30.5432741 ], [ -52.418427553999898, -30.547998257 ], [ -52.434751198999898, -30.556551132 ], [ -52.444069161, -30.553277185999889 ], [ -52.453727182, -30.560727038 ], [ -52.449436889, -30.565097857 ], [ -52.452229001, -30.577087035 ], [ -52.4340374189999, -30.574640126 ], [ -52.429944502999902, -30.581677614999904 ], [ -52.421083261, -30.582369492999899 ], [ -52.4196423449999, -30.587443865999898 ], [ -52.413475983999902, -30.584355778 ], [ -52.408709517, -30.590121747 ], [ -52.399500885999906, -30.592985847 ], [ -52.399646479, -30.595991688 ], [ -52.386087158, -30.597921950999893 ], [ -52.380424982, -30.606045747999914 ], [ -52.36918982, -30.602236756 ], [ -52.369248002999903, -30.608722606 ], [ -52.362288059, -30.60558248 ], [ -52.3570337909999, -30.613492083 ], [ -52.354436146999902, -30.62702734 ], [ -52.348521751, -30.625415667 ], [ -52.342258456, -30.631003101 ], [ -52.34642, -30.635833064999897 ], [ -52.340728632, -30.639038727 ], [ -52.344364728999899, -30.641472206999904 ], [ -52.344053362, -30.648111108 ], [ -52.338945185999897, -30.653713932 ], [ -52.340537078999901, -30.666926159 ], [ -52.344376710999903, -30.671558196 ], [ -52.342971843, -30.678596163 ], [ -52.336380151999897, -30.680950472999896 ], [ -52.339669853, -30.687483861 ], [ -52.335243603, -30.688245176999903 ], [ -52.336006563999902, -30.692142698999898 ], [ -52.343456841, -30.695790180999907 ], [ -52.352682199, -30.687892979 ], [ -52.362489898, -30.69054297 ], [ -52.365778441, -30.686053595 ], [ -52.375431746999901, -30.687149524999892 ], [ -52.376701782999902, -30.681114119 ], [ -52.381603653999903, -30.679079403999904 ], [ -52.39100977, -30.662819785999897 ], [ -52.398048172, -30.662894088 ], [ -52.413482816999903, -30.655110204 ], [ -52.421565739, -30.654313058 ], [ -52.423471811999903, -30.657029991999895 ], [ -52.448006273, -30.655421396000012 ], [ -52.442916958, -30.659289891999894 ], [ -52.430276039, -30.697753849 ], [ -52.439466583999902, -30.714090493999912 ], [ -52.437467656, -30.725260976999895 ], [ -52.442254721, -30.745222048999903 ], [ -52.440286366999899, -30.750902516999901 ], [ -52.445161033, -30.755508969999898 ], [ -52.443352935, -30.759730423999887 ], [ -52.449508330999905, -30.764044554999902 ], [ -52.446145660999903, -30.776139398999899 ], [ -52.453822271, -30.779218006999891 ], [ -52.452823711, -30.789121754999897 ], [ -52.45683322, -30.797148044 ], [ -52.453574841, -30.802966617 ], [ -52.447326693, -30.801466145999896 ], [ -52.447727525999909, -30.808189575 ], [ -52.438672342, -30.816493068999893 ], [ -52.44065154, -30.822983889999904 ], [ -52.433154079, -30.830699647999893 ], [ -52.434812584, -30.836072913999896 ], [ -52.426909674999898, -30.841055357999892 ], [ -52.4279061619999, -30.845660424999906 ], [ -52.418753734999903, -30.854463499 ], [ -52.418712553, -30.862706502 ], [ -52.42573169, -30.869584503999903 ], [ -52.425334369, -30.884021328 ], [ -52.42851071, -30.887783382 ], [ -52.422260746999903, -30.905850151 ], [ -52.426883613, -30.915132388 ], [ -52.430308751, -30.900489703999906 ], [ -52.439965776, -30.895765202999904 ], [ -52.448107749, -30.905838989999907 ], [ -52.465350166, -30.917254246999985 ], [ -52.46901659, -30.917761223 ], [ -52.472538078999897, -30.910469247 ], [ -52.476729572999901, -30.910573672999899 ], [ -52.491336813, -30.926487954 ], [ -52.496224245, -30.926363600999906 ], [ -52.50042178, -30.921432458 ], [ -52.50285172600001, -30.927181780999884 ], [ -52.510726555, -30.926922783999899 ], [ -52.521043217999903, -30.933482914 ], [ -52.526320643, -30.930125227 ], [ -52.537749278, -30.933710757 ], [ -52.546115557999897, -30.925966351999893 ], [ -52.561550025, -30.928292503 ], [ -52.561899425, -30.934240385 ], [ -52.556659812, -30.930553936 ], [ -52.553742268, -30.93459673 ], [ -52.556043773999903, -30.945708682 ], [ -52.559746828, -30.947921596999915 ], [ -52.575970414, -30.940698128 ], [ -52.581940989, -30.940682576 ], [ -52.601425134, -30.95460456 ], [ -52.619194859999901, -30.951870905 ], [ -52.629673316, -30.945958069 ], [ -52.633404237, -30.951551126 ], [ -52.629086897, -30.960126148 ], [ -52.636110539999898, -30.96460596 ], [ -52.641342197, -30.961210599 ], [ -52.65303524, -30.921288105 ], [ -52.658731898, -30.917717334 ], [ -52.665891116999902, -30.917737254 ], [ -52.67484889, -30.907354241999894 ], [ -52.707040823999897, -30.905155622999889 ], [ -52.713403413, -30.8970887209999 ], [ -52.723165606, -30.899949634999906 ], [ -52.730457824, -30.895337072 ], [ -52.740868061999898, -30.898019932999887 ], [ -52.747485615, -30.895901621 ], [ -52.793575206, -30.906525320999908 ], [ -52.802971409, -30.9051804069999 ], [ -52.809988725, -30.913035583999903 ], [ -52.824726305999903, -30.904818871 ], [ -52.830412509, -30.904934429 ], [ -52.838322164, -30.914188680999899 ], [ -52.869781841, -30.92338613499992 ], [ -52.87842268, -30.921723411 ], [ -52.885273380999905, -30.928062492999988 ], [ -52.895063841, -30.931168745 ], [ -52.908285736, -30.922978207999986 ], [ -52.910748511, -30.928163215 ], [ -52.907017126, -30.936361502 ], [ -52.912174961999902, -30.941536761 ], [ -52.919088568999904, -30.940094895 ], [ -52.922499034999902, -30.926937665 ], [ -52.927024999, -30.925571041 ], [ -52.933646358, -30.932519898999896 ], [ -52.944043232999903, -30.928616119 ], [ -52.964477371, -30.933455898 ], [ -52.989411614999902, -30.930093347 ], [ -53.004291, -30.921283499 ], [ -53.008029606, -30.922670497 ], [ -53.004173535999897, -30.929186903 ], [ -53.005803935, -30.932504932 ], [ -53.008763074999898, -30.933723574999895 ], [ -53.016692626, -30.929531622 ], [ -53.020689047795699, -30.919433572471892 ], [ -53.012764897343096, -30.908204019673903 ], [ -53.018517547229401, -30.905381736205801 ], [ -53.012775059052601, -30.902986623799105 ], [ -53.012883889151396, -30.892742990754808 ], [ -53.008716036461202, -30.892196289554697 ], [ -53.007251931541298, -30.888689069576611 ], [ -52.998953636511999, -30.890253502245997 ], [ -52.995144583056003, -30.875547835153103 ], [ -52.990893407323803, -30.874799628224288 ], [ -52.988512748913706, -30.869830854028507 ], [ -52.984662884170604, -30.871704772291203 ], [ -52.985649156940497, -30.866753002798301 ], [ -52.981901320414998, -30.86157677122679 ], [ -52.983052538800898, -30.858401142953792 ], [ -52.988363107528002, -30.859168905292094 ], [ -52.987676117529602, -30.856135266289584 ], [ -52.983812649024202, -30.853067617881205 ], [ -52.97022929232471, -30.859359357964895 ], [ -52.960791823116104, -30.858761490302992 ], [ -52.960965130169001, -30.848112447447701 ], [ -52.95360549474141, -30.84543250626621 ], [ -52.951356622776501, -30.830182688678295 ], [ -52.947555221439302, -30.829497399151496 ], [ -52.957067652257706, -30.824904428890495 ], [ -52.955389996885501, -30.816188524455804 ], [ -52.962403728036797, -30.816878209107998 ], [ -52.9643622432027, -30.814009088794101 ], [ -52.9639341513004, -30.811110213874599 ], [ -52.955062797780002, -30.807057993165294 ], [ -52.956338490596501, -30.794721775121204 ], [ -52.951036084126407, -30.793825783581099 ], [ -52.954118531154698, -30.791421889223791 ], [ -52.948262231467602, -30.786314598499793 ], [ -52.949948067351308, -30.783495631986995 ], [ -52.957004734854401, -30.782880706540894 ], [ -52.953862827188502, -30.777521663218099 ], [ -52.958148697206703, -30.774247294730102 ], [ -52.954872065851703, -30.771192424336903 ], [ -52.961205830466902, -30.767021960533494 ], [ -52.9630192982805, -30.759734755149193 ], [ -52.949323516070997, -30.7393900921106 ], [ -52.9536565088478, -30.738148985251193 ], [ -52.954977289165299, -30.732498530790402 ], [ -52.961311053780399, -30.733586969797091 ], [ -52.966228085723202, -30.727895149385112 ], [ -52.974665363132502, -30.728713885803298 ], [ -52.9777717283065, -30.723224807725693 ], [ -52.972529216724197, -30.718795739926797 ], [ -52.978290475999003, -30.718177977247304 ], [ -52.972231596087902, -30.714844465002301 ], [ -52.9746823346347, -30.710880231308103 ], [ -52.977592381542607, -30.712604535930012 ], [ -52.976055953781, -30.706287273373299 ], [ -52.981271803216103, -30.708128585087294 ], [ -52.991894832150102, -30.698446908808005 ], [ -52.982630654824398, -30.691069962525205 ], [ -52.990145635991603, -30.685505572675694 ], [ -52.994868239332803, -30.687340757778593 ], [ -52.994552569392098, -30.682676988978397 ], [ -52.986848165345698, -30.679578294355295 ], [ -52.988718630955198, -30.6775190091635 ], [ -52.988222886591998, -30.674181803206505 ], [ -52.987384554660807, -30.677023264800297 ], [ -52.980800374999902, -30.677688453999988 ], [ -52.974676418999898, -30.672153797 ], [ -52.977783094, -30.668884396 ], [ -52.971499334, -30.655450063999986 ], [ -52.971555611, -30.648951137 ], [ -52.975509551, -30.6457065079999 ], [ -52.972480111, -30.644203419999918 ], [ -52.975461725999907, -30.642128132999989 ], [ -52.971838351, -30.621628159999894 ], [ -52.975819285999897, -30.617493485999894 ], [ -52.972983720999899, -30.609363551999895 ], [ -52.974595187, -30.604098077999897 ], [ -52.944875356, -30.601605624999902 ], [ -52.936033669, -30.608066387 ], [ -52.931322604999906, -30.606486362999895 ], [ -52.9059256419999, -30.574195161 ], [ -52.905408168, -30.563924922 ], [ -52.9118350749999, -30.543330586 ], [ -52.906922133, -30.537381717 ], [ -52.906077441, -30.525529371999898 ], [ -52.89724011700001, -30.522680506 ], [ -52.898903225, -30.515183157 ], [ -52.893812266999902, -30.510607768999893 ], [ -52.893953127, -30.504606505000012 ], [ -52.888063576, -30.503724811 ], [ -52.889112446999903, -30.496317038 ], [ -52.883406166, -30.487643872 ], [ -52.887852897, -30.4828672639999 ], [ -52.884836036, -30.476885028 ], [ -52.888737606999896, -30.475127051 ], [ -52.886207634999899, -30.461057579999892 ], [ -52.891299137, -30.457425482 ], [ -52.889214796, -30.454737974 ], [ -52.891967326, -30.450275054 ], [ -52.888838107, -30.448568108 ], [ -52.887991354999905, -30.441438159 ], [ -52.892689401, -30.437609607999896 ], [ -52.884275467999899, -30.437705729 ], [ -52.876545892, -30.426505705 ], [ -52.883560463, -30.420687819 ], [ -52.870168626999899, -30.418412454 ], [ -52.870348674999903, -30.414347994 ], [ -52.881754767, -30.410625461999899 ], [ -52.88314522, -30.407428189 ], [ -52.882927874, -30.397723049 ], [ -52.8747571339999, -30.386887135999899 ], [ -52.882921013, -30.382322001 ], [ -52.877636706, -30.377289775 ], [ -52.884694970999902, -30.3756382729999 ], [ -52.885263503, -30.369912043999896 ], [ -52.877968626, -30.371184534 ], [ -52.878007187, -30.361247028 ], [ -52.884283522, -30.360930035 ], [ -52.880724514, -30.351729330000015 ], [ -52.874746893999898, -30.349171463999902 ], [ -52.87771137, -30.344148634999986 ], [ -52.865249316, -30.341072729 ], [ -52.86403003, -30.344525689 ], [ -52.869642332999902, -30.35013312900001 ], [ -52.863687907, -30.350551445 ], [ -52.866508176, -30.354753818999896 ], [ -52.86219811, -30.358577684999901 ], [ -52.85061603, -30.347559036999908 ], [ -52.851349343, -30.342034645999895 ], [ -52.847692208, -30.341172669999903 ], [ -52.84158639, -30.345475203 ], [ -52.842541415, -30.336263808 ], [ -52.838546326, -30.334541725 ], [ -52.832435817, -30.338539833 ], [ -52.82490166199991, -30.333510681 ], [ -52.811012935999898, -30.335228775 ], [ -52.807263123, -30.325673573 ], [ -52.798356044999899, -30.319833069 ], [ -52.796034697, -30.305242403 ], [ -52.79063481, -30.302264861 ], [ -52.788980323, -30.308641737999896 ], [ -52.793208859999901, -30.332220058 ], [ -52.791049273999903, -30.341327889999892 ], [ -52.776544395, -30.338675662 ], [ -52.764677138, -30.341784075 ], [ -52.749724235, -30.362557188 ], [ -52.726640313, -30.360794776 ], [ -52.719520154999898, -30.368104893 ], [ -52.713577680999897, -30.365564417 ], [ -52.713742394, -30.360451150999907 ], [ -52.706876666, -30.350960885999903 ], [ -52.702465273, -30.351044360999904 ], [ -52.695869151, -30.343940033 ], [ -52.689487188, -30.342064249 ], [ -52.690271875, -30.335388759999898 ], [ -52.684527008, -30.323245159999907 ], [ -52.691666591999898, -30.294611588 ], [ -52.688901767999901, -30.291062743999888 ], [ -52.690266386, -30.282478178000012 ], [ -52.686562758, -30.278661936999988 ], [ -52.688359261, -30.272691032999909 ], [ -52.671220851, -30.256849718999892 ], [ -52.671225230999902, -30.24378599700001 ], [ -52.667495351, -30.240147557999901 ], [ -52.669098081999898, -30.228535952999891 ], [ -52.662112301, -30.222502071 ], [ -52.661688110999897, -30.214625548 ], [ -52.652989361, -30.200244220999895 ], [ -52.669032566999903, -30.187716651999899 ], [ -52.67216981, -30.1618470129999 ], [ -52.668930679, -30.149714457 ], [ -52.662013128, -30.141407471 ], [ -52.675929757999903, -30.13435992 ], [ -52.669571225, -30.121545545999901 ], [ -52.672302633, -30.120844396999889 ], [ -52.672642466, -30.113979389999887 ], [ -52.682464009999897, -30.104442562 ], [ -52.675431352, -30.079072612999894 ], [ -52.682945361999899, -30.072279605999885 ], [ -52.689404855, -30.070816211 ], [ -52.686916412, -30.064935787 ], [ -52.690737569, -30.06121266 ], [ -52.672726479999902, -30.044061545 ], [ -52.665700231, -30.02540534500001 ], [ -52.656691099999897, -30.026925521999903 ], [ -52.650720227, -30.022954399999893 ], [ -52.647431023, -30.02575553 ], [ -52.640074431, -30.024219432999899 ], [ -52.630328263, -30.027369054 ], [ -52.614201309, -30.026319009 ], [ -52.607156429, -30.033069782 ], [ -52.60542386, -30.026702527999902 ], [ -52.643706678999898, -29.994542386 ], [ -52.663485333, -29.988011345 ], [ -52.68668902000001, -29.999379715999986 ], [ -52.687479843999903, -29.996151294999901 ], [ -52.682059781, -29.990227075 ], [ -52.684734939999899, -29.986276983 ], [ -52.695289547, -29.982195852 ], [ -52.694592235999899, -29.97759153 ], [ -52.702686652, -29.974222297 ], [ -52.710090856, -29.957021015 ], [ -52.706242806, -29.9475962879999 ], [ -52.709087833, -29.943479532 ], [ -52.706136487, -29.940284608 ], [ -52.70454662600001, -29.918920639 ], [ -52.711851620999909, -29.908815870999899 ], [ -52.718893030999901, -29.905597561 ], [ -52.7413410509999, -29.904739357 ], [ -52.765306619999897, -29.907829697 ], [ -52.791139289999897, -29.905378253 ], [ -52.801378541, -29.909590269 ], [ -52.808994581, -29.919275607 ], [ -52.81709086, -29.923155869 ], [ -52.831585538999903, -29.911855647 ], [ -52.844255948999901, -29.926883937 ], [ -52.849842354, -29.92726292 ], [ -52.851417153999904, -29.910527961999897 ], [ -52.85858569, -29.907030811 ], [ -52.865505626, -29.897556118999901 ], [ -52.864692356, -29.887824399 ], [ -52.871293994, -29.878861663 ], [ -52.870876957, -29.874529267 ], [ -52.8784395, -29.873730496999901 ], [ -52.881902446, -29.865810282 ], [ -52.89139075, -29.865456418 ], [ -52.894918527, -29.862145765 ], [ -52.892942423, -29.848098076999989 ], [ -52.899660145, -29.846093965 ], [ -52.901966585, -29.835052382 ], [ -52.908485169, -29.829852023999901 ], [ -52.904616201, -29.822377278 ], [ -52.907344668999897, -29.814942695999907 ], [ -52.912355309, -29.806788068999893 ], [ -52.917466006, -29.805402086 ], [ -52.917185275, -29.800444857999896 ], [ -52.921908902, -29.798462881 ], [ -52.921331713, -29.792581344 ], [ -52.926713289, -29.78433983 ], [ -52.925655097999901, -29.778835057 ], [ -52.927863849999909, -29.77856703 ], [ -52.925062183, -29.776252182999894 ], [ -52.927486937, -29.771139204999898 ], [ -52.921762015, -29.766134098 ], [ -52.927459297, -29.761794638 ], [ -52.924095774, -29.754624887 ], [ -52.927404958999908, -29.755052263 ], [ -52.926411480999903, -29.749995419 ], [ -52.932081308, -29.745115177999892 ], [ -52.929430414, -29.743572899 ], [ -52.928477264, -29.733846452000012 ], [ -52.932189171999902, -29.730738191999901 ], [ -52.925874646999901, -29.725281993999907 ], [ -52.92603916, -29.720121763 ], [ -52.930036582, -29.718841106 ], [ -52.924908461, -29.703561543 ], [ -52.9298640069999, -29.699420799999899 ], [ -52.931377772, -29.691686385000011 ], [ -52.935652798, -29.693454937 ], [ -52.930485759, -29.659972067 ], [ -52.933816303999897, -29.651959806 ], [ -52.938521362, -29.651827133 ], [ -52.944396047999909, -29.646666143999898 ], [ -52.940666575, -29.639193643999885 ], [ -52.949356421999902, -29.63358963699989 ], [ -52.952435496, -29.620653006999895 ], [ -52.958762598, -29.615568197 ], [ -52.962065885999905, -29.602132385999901 ], [ -52.957805972, -29.590219549 ], [ -52.962693867, -29.578698582 ], [ -52.971860052, -29.576276794 ], [ -52.964393645, -29.569750508 ], [ -52.970517094999899, -29.562955461999898 ], [ -52.977314419, -29.560719772 ], [ -52.986019875, -29.551132897999899 ], [ -53.001682774, -29.547712931 ], [ -53.004627067999898, -29.55019543 ], [ -53.02155122100001, -29.53096965 ], [ -53.034594771999899, -29.534594578999904 ], [ -53.038200538999902, -29.539202001 ], [ -53.028220551999901, -29.550938618 ], [ -53.032357942, -29.553380972999893 ], [ -53.051703749, -29.540611766 ], [ -53.06948163, -29.537669378 ], [ -53.076879686, -29.52849786799991 ], [ -53.09384032299991, -29.528730028 ], [ -53.096590615, -29.516419657 ], [ -53.125941145, -29.5025275409999 ], [ -53.128396717, -29.496391240000015 ], [ -53.136956171, -29.494827749 ], [ -53.184327493999902, -29.467352080999898 ], [ -53.202312465, -29.465963546000012 ], [ -53.211642867, -29.470606451 ], [ -53.220119640999897, -29.46712997 ], [ -53.225074929, -29.468430913 ], [ -53.224494997, -29.464975989 ], [ -53.235307119, -29.465320004 ], [ -53.256131061, -29.447845486999888 ], [ -53.265350977, -29.4493319709999 ], [ -53.263785911, -29.446091876 ], [ -53.266545146999903, -29.444673607 ], [ -53.278233927, -29.447570184 ], [ -53.285285584, -29.4441683649999 ], [ -53.286229063, -29.435572427999894 ], [ -53.279411594, -29.430128295 ], [ -53.272810847999899, -29.429082029 ], [ -53.261115026, -29.434873447 ], [ -53.250818266, -29.424281676 ], [ -53.244397867, -29.422614428 ], [ -53.238241516, -29.4119081169999 ], [ -53.227311926, -29.403022635 ], [ -53.226380159, -29.380378865999912 ], [ -53.219918659, -29.369881516 ], [ -53.230581223999899, -29.358713243999905 ], [ -53.231407975, -29.343792036 ], [ -53.239481048999899, -29.340353203999904 ], [ -53.241808891999902, -29.336091368 ], [ -53.240629795, -29.332827766 ], [ -53.2323898779999, -29.332834445999893 ], [ -53.228498779999903, -29.327581821 ], [ -53.227987314, -29.324469420000014 ], [ -53.236300726, -29.318135785 ], [ -53.23000052, -29.309230108999891 ], [ -53.24572317, -29.296578350999905 ], [ -53.247525939999903, -29.288091693 ], [ -53.244027183, -29.2843911759999 ], [ -53.237658306999897, -29.283820961999901 ], [ -53.241429020999902, -29.268490986 ], [ -53.23905726, -29.263431655 ], [ -53.232419292, -29.26428592 ], [ -53.222732123, -29.274003181999895 ], [ -53.214286772, -29.273405481999902 ], [ -53.208997331, -29.266714708999899 ], [ -53.227050048, -29.254549553999901 ], [ -53.237581722999899, -29.256849922 ], [ -53.237617794, -29.251563885999893 ], [ -53.233565516999903, -29.249928844000014 ], [ -53.232741132999905, -29.245366578999903 ], [ -53.249380190999901, -29.2384633469999 ], [ -53.249425679, -29.211669139 ], [ -53.243406428999897, -29.206896328 ], [ -53.24248711, -29.199195244999895 ], [ -53.24803789, -29.192298091999898 ], [ -53.253411155, -29.196856193 ], [ -53.260315406, -29.197143285 ], [ -53.266560356999904, -29.190666013999895 ], [ -53.259673334999903, -29.187968512999905 ], [ -53.257566077, -29.177762317 ], [ -53.244417609, -29.175866398 ], [ -53.243113659999899, -29.168632649999893 ], [ -53.247281185, -29.166927573 ], [ -53.2551480549999, -29.169648292 ], [ -53.26143675, -29.144295021999888 ], [ -53.254640533, -29.136292988 ], [ -53.240370282, -29.137861152 ], [ -53.235234257999899, -29.141432522999892 ], [ -53.216849167, -29.135659815999901 ], [ -53.208097414, -29.139985733999897 ], [ -53.205166736, -29.137007463 ], [ -53.196306642, -29.137479696 ], [ -53.190783911, -29.130529533999898 ], [ -53.176090815, -29.131487458 ], [ -53.163685689, -29.137174584 ], [ -53.155967464999897, -29.132446676 ], [ -53.141421874999899, -29.130789052999901 ], [ -53.130070689, -29.143386737999901 ], [ -53.122578677, -29.146754379 ], [ -53.117555452, -29.14537267 ], [ -53.113840901999907, -29.147916606 ], [ -53.097717314, -29.138950743 ], [ -53.094265576999902, -29.139856685 ], [ -53.095554735, -29.146849884999902 ], [ -53.09130289599991, -29.147311896 ], [ -53.08285305, -29.161367621999908 ], [ -53.068981903, -29.169164857999906 ], [ -53.072535231, -29.177789698 ], [ -53.06391967, -29.181810619 ], [ -53.057646217999903, -29.180987892 ], [ -53.060614073000011, -29.175377661999985 ], [ -53.058200338999903, -29.169363992999894 ], [ -53.064416607999902, -29.160313978 ], [ -53.062036322, -29.156524527999984 ], [ -53.052301580999902, -29.156199848 ], [ -53.052408376, -29.162349067 ], [ -53.042330561, -29.163351253 ], [ -53.0356021979999, -29.160332672 ], [ -53.034569906999899, -29.15320588 ], [ -53.019176358, -29.158661827999897 ], [ -53.016575945999897, -29.155472077 ], [ -53.009189733, -29.154757891 ], [ -53.005096666, -29.1480534959999 ], [ -53.010923346, -29.146042738999892 ], [ -53.011690793999897, -29.138790071999903 ], [ -52.993434152, -29.136927359 ], [ -52.998252444999899, -29.126707758999899 ], [ -53.002442435, -29.125784419 ], [ -52.998990407, -29.116857581 ], [ -52.987967688, -29.123438958999895 ], [ -52.989597445999898, -29.113552537 ], [ -52.984378713999902, -29.102897659 ], [ -52.980139171, -29.101721574 ], [ -52.971927756999904, -29.10833386 ], [ -52.974203982999903, -29.096156997 ], [ -52.962262338, -29.095089946000012 ], [ -52.952142974, -29.098618061 ], [ -52.948430225, -29.095795981 ], [ -52.951400786, -29.081124221 ], [ -52.956890434999906, -29.074734704 ], [ -52.960426251999898, -29.06259217 ], [ -52.958319093999897, -29.06043414 ], [ -52.949486152, -29.067562644 ], [ -52.9351172739999, -29.066983932 ], [ -52.929379212999898, -29.075953399999896 ], [ -52.922298584, -29.0563022229999 ], [ -52.916346731, -29.053850116 ], [ -52.908649665, -29.060552936 ], [ -52.901053562, -29.049020274999986 ], [ -52.895993470999905, -29.054801181999903 ], [ -52.891673893, -29.052644674 ], [ -52.889172744999897, -29.045049654 ], [ -52.875186282999898, -29.051082216999905 ], [ -52.877326598, -29.044977324999909 ], [ -52.870220665, -29.043811724 ], [ -52.868822162, -29.040992506999899 ], [ -52.865476209, -29.043791582 ], [ -52.86208271000001, -29.0397718309999 ], [ -52.8560429569999, -29.043545582 ], [ -52.847330674, -29.038113336 ], [ -52.84717324, -29.03352554 ], [ -52.840291111999903, -29.0393464059999 ], [ -52.837144441, -29.038043591 ], [ -52.835646757999903, -29.031706677999988 ], [ -52.8319718549999, -29.036769112999902 ], [ -52.828123016999903, -29.035201974 ], [ -52.829433679, -29.03114389 ], [ -52.811611190999898, -29.033023536999988 ], [ -52.814601261999897, -29.041610238 ], [ -52.810372421999901, -29.041402352 ], [ -52.80835719399991, -29.044327224 ], [ -52.803374694, -29.04313272 ], [ -52.808395041, -29.073722352999901 ], [ -52.816866188999903, -29.083707999999895 ], [ -52.808537478999902, -29.091868867999903 ], [ -52.806104362, -29.102426382 ], [ -52.8020771179999, -29.101275465 ], [ -52.797560651, -29.111550751 ], [ -52.79097245, -29.117125996 ], [ -52.797178994, -29.114664897 ], [ -52.803582580999901, -29.120222968999901 ], [ -52.816524693, -29.118349807 ], [ -52.817262856999903, -29.122068062 ], [ -52.821694229999899, -29.122340903999902 ], [ -52.830263809, -29.137705023000013 ], [ -52.836587428, -29.141108879999901 ], [ -52.840665093, -29.140206848999984 ], [ -52.869141237, -29.184789835999901 ], [ -52.868971648999903, -29.188841135 ], [ -52.879185784, -29.192949527999897 ], [ -52.883304285999905, -29.197816139999894 ], [ -52.885027021, -29.209096541999905 ], [ -52.897461511, -29.215626019 ], [ -52.899687163, -29.233281209000015 ], [ -52.896130008999897, -29.234826046 ], [ -52.892958265999908, -29.232061764 ], [ -52.889786095, -29.236905475999901 ], [ -52.892546997, -29.245414530999884 ], [ -52.885474493999901, -29.249978534 ], [ -52.884498101, -29.255395431999894 ], [ -52.885964521999902, -29.262881259 ], [ -52.896257657, -29.266030891 ], [ -52.893083351, -29.272177325 ], [ -52.895605847999903, -29.273932374 ], [ -52.885960247999897, -29.285074113999901 ], [ -52.886000575, -29.294591484 ], [ -52.8884507, -29.295609279 ], [ -52.882578946, -29.300934471999899 ], [ -52.891144633, -29.308309053 ], [ -52.891227843, -29.312668502 ], [ -52.899445630999899, -29.316239426 ], [ -52.890165553, -29.319690894 ], [ -52.887915942999904, -29.315433208999895 ], [ -52.879198946, -29.321316534999909 ], [ -52.87443624, -29.319670280000011 ], [ -52.871959854999901, -29.321822380999897 ], [ -52.857967105999897, -29.317271441999903 ], [ -52.857137394999903, -29.321631146999888 ], [ -52.852586006, -29.319386331 ], [ -52.840380222, -29.328619739 ], [ -52.837284824236399, -29.325795457881402 ], [ -52.832829374213503, -29.328450994760708 ], [ -52.8245081008873, -29.327471239083994 ], [ -52.820474150546602, -29.316264340358199 ], [ -52.814451161258603, -29.316347131594291 ], [ -52.808155516733699, -29.323838714540095 ], [ -52.802516351126798, -29.325326031304197 ], [ -52.803287509071303, -29.329604846212209 ], [ -52.7998249045826, -29.330991526279508 ], [ -52.795943370588397, -29.3273639244157 ], [ -52.796053227, -29.330312762999899 ], [ -52.777931666841603, -29.343786699649801 ], [ -52.7780556066419, -29.349796894680008 ], [ -52.781049638103404, -29.351777275631804 ], [ -52.764739262, -29.357504710999905 ], [ -52.759296432582701, -29.364493499142394 ], [ -52.750303714787002, -29.363406370037005 ], [ -52.745175087999897, -29.367705306999898 ], [ -52.741388617, -29.348810181 ], [ -52.734195005999901, -29.349203723999899 ], [ -52.741186924, -29.3447420759999 ], [ -52.740222208, -29.334778094999894 ], [ -52.729207668999898, -29.342379548999901 ], [ -52.732688326, -29.32871755 ], [ -52.727628400999897, -29.327695336 ], [ -52.72659149, -29.320229019999893 ], [ -52.718978561, -29.320800383999895 ], [ -52.724288720999901, -29.316445829 ], [ -52.719054352999898, -29.305963302999892 ], [ -52.71144940300001, -29.307518624999901 ], [ -52.708039501, -29.304012128 ], [ -52.699879849999903, -29.304506535999984 ], [ -52.686504414999902, -29.308662318 ], [ -52.683470412, -29.3171055729999 ], [ -52.676771390999903, -29.314713835999989 ], [ -52.672050017999901, -29.319416347 ], [ -52.660878694, -29.320352984999897 ], [ -52.648569418, -29.329885528 ], [ -52.634299396, -29.33036815 ], [ -52.625593196999901, -29.338776157 ], [ -52.621570552, -29.35992928 ], [ -52.603228811999898, -29.356418093999896 ], [ -52.600707929, -29.358126317 ], [ -52.602385902, -29.360976329 ], [ -52.596527441, -29.365637939 ], [ -52.581670938999899, -29.366212376 ], [ -52.572788623, -29.375996777999895 ], [ -52.565250771, -29.368763655 ], [ -52.552458235, -29.375422288 ], [ -52.542844067, -29.3763747849999 ], [ -52.538065351999897, -29.369383164999896 ], [ -52.543212274, -29.3672285879999 ], [ -52.534288996, -29.360264582 ], [ -52.538089574, -29.348794521999896 ], [ -52.531638332999897, -29.3477395809999 ], [ -52.531819712, -29.342774076999902 ], [ -52.536581477, -29.339886636999896 ], [ -52.533953139999902, -29.336173884999894 ], [ -52.53742011, -29.333365990999898 ], [ -52.53369427, -29.333180795 ], [ -52.536315043999899, -29.324369595 ], [ -52.531213768, -29.321541620999898 ], [ -52.533573293, -29.3170239909999 ], [ -52.523620423999901, -29.296745692999899 ], [ -52.526390194, -29.287076643 ], [ -52.5231169159999, -29.284740308 ], [ -52.526264937, -29.280458796999913 ], [ -52.523740318, -29.267363068 ], [ -52.528176082, -29.259916899 ], [ -52.51769474, -29.246248831999903 ], [ -52.511177085, -29.245120148999895 ], [ -52.504828416, -29.249713781 ], [ -52.495838632, -29.243925625 ], [ -52.481142303, -29.245458986 ], [ -52.480954219999902, -29.237087761999895 ], [ -52.473473234, -29.238895977 ], [ -52.464117696, -29.236699782999899 ], [ -52.456434774999899, -29.240291643 ], [ -52.439439641, -29.22937296 ], [ -52.439490596, -29.218821622 ], [ -52.433824759999901, -29.207906737 ], [ -52.438244805, -29.206291426 ], [ -52.435031267999904, -29.200112874 ], [ -52.438597758999897, -29.189856915999908 ], [ -52.427407602999899, -29.170417089 ], [ -52.431074855, -29.164121495 ], [ -52.425415142, -29.156478021999895 ], [ -52.425106166, -29.146883058999897 ], [ -52.408009062, -29.156955212999904 ], [ -52.402017482, -29.148838704 ], [ -52.392912566999897, -29.15109496 ], [ -52.386311959999901, -29.147582541 ], [ -52.376979029, -29.151904203999894 ], [ -52.369436441999902, -29.150729324999897 ], [ -52.373066561, -29.143576197999892 ], [ -52.351419452, -29.150171570999902 ], [ -52.342463635999898, -29.140628736999901 ], [ -52.327317246999897, -29.156297074 ], [ -52.324552652, -29.156199398999899 ], [ -52.322672046, -29.146932073999903 ], [ -52.3170972039999, -29.145911479999899 ], [ -52.313209879999903, -29.157173799 ], [ -52.310487826, -29.158495225 ], [ -52.300338603999897, -29.152699593 ], [ -52.299251888, -29.164064584 ], [ -52.292362559, -29.16391292 ], [ -52.292198004999896, -29.15460036 ], [ -52.286692759999909, -29.155509667999986 ], [ -52.289590688, -29.15202526900001 ], [ -52.284381304, -29.150725652999895 ], [ -52.287961766, -29.138742329 ], [ -52.294127389, -29.13768169 ], [ -52.290455420999898, -29.129658493 ], [ -52.283850397, -29.130409378 ], [ -52.281055847999902, -29.124928192 ], [ -52.268282297, -29.117574010999899 ], [ -52.252217491, -29.118724046999905 ], [ -52.2515971569999, -29.109834898 ], [ -52.246892870999901, -29.101982957 ], [ -52.224714137, -29.099831435999903 ], [ -52.212262626133302, -29.094574456017305 ], [ -52.206560209668297, -29.085752430544908 ], [ -52.221595053079398, -29.076648804259491 ], [ -52.207603012679307, -29.080468015286893 ], [ -52.204974417589398, -29.072378729429911 ], [ -52.223778971884997, -29.068147017211395 ], [ -52.217366640870402, -29.061671161013503 ], [ -52.213775405501202, -29.0641134430652 ], [ -52.210005419615896, -29.062502763414692 ], [ -52.208640590675103, -29.051580006876609 ], [ -52.212795027670502, -29.049333525390296 ], [ -52.219180821108601, -29.053628212790507 ], [ -52.2226774562047, -29.050239928007407 ], [ -52.215382235140702, -29.046579117437311 ], [ -52.215589448238809, -29.039472134416595 ], [ -52.228149284503701, -29.041081439063209 ], [ -52.214739833285904, -29.027436862166592 ], [ -52.229765739170901, -29.017099169817708 ], [ -52.220736225599602, -29.010967889614498 ], [ -52.214640695499398, -29.011305453089108 ], [ -52.221966854152903, -29.002361189763999 ], [ -52.232509284592801, -28.997248375001391 ], [ -52.224309035915603, -28.990694831078798 ], [ -52.230792454635605, -28.987366221467909 ], [ -52.22713686908061, -28.970940699041609 ], [ -52.239120727999897, -28.975532189 ], [ -52.234368236, -28.968724673999901 ], [ -52.240957, -28.971803840999904 ], [ -52.244546524, -28.969849152999895 ], [ -52.243942580999899, -28.962773999 ], [ -52.248769812, -28.96486012 ], [ -52.255220516999898, -28.959908852 ], [ -52.261214091999904, -28.96023447399989 ], [ -52.2574286, -28.951997897 ], [ -52.267651551, -28.945423317999897 ], [ -52.267213978, -28.939601449 ], [ -52.262357709999897, -28.938503345 ], [ -52.260750574, -28.932590592999905 ], [ -52.27318508, -28.931191913 ], [ -52.26558821, -28.922284223999984 ], [ -52.280336658999907, -28.91246712 ], [ -52.27819053, -28.899966449 ], [ -52.289230516, -28.895811567999907 ], [ -52.281017173, -28.893955316999893 ], [ -52.278244190999899, -28.887706731 ], [ -52.293176053, -28.888294421999902 ], [ -52.289693648, -28.878879040999898 ], [ -52.301278049, -28.873354377999902 ], [ -52.29958672, -28.868875183999908 ], [ -52.29493110100001, -28.867031266 ], [ -52.302470846999903, -28.862346468999899 ], [ -52.309301703, -28.863420908999988 ], [ -52.303289908999901, -28.857546189999894 ], [ -52.3060490129999, -28.853762521 ], [ -52.296615347999897, -28.852003822 ], [ -52.296419594, -28.847098758 ], [ -52.304490834, -28.85137779 ], [ -52.312682566, -28.848869076 ], [ -52.3050368, -28.842738566 ], [ -52.312139841, -28.838683606 ], [ -52.309581936, -28.82917379 ], [ -52.317124952, -28.829037125999896 ], [ -52.322009513, -28.822469675 ], [ -52.32954505, -28.821614175 ], [ -52.324133461, -28.817999334 ], [ -52.327316063, -28.813626864 ], [ -52.321170815999899, -28.8097286 ], [ -52.309965102, -28.811224228999901 ], [ -52.298474251, -28.806099717999892 ], [ -52.27861774, -28.813200605 ], [ -52.270375277, -28.807676721999901 ], [ -52.258567829, -28.816425357999897 ], [ -52.254896115, -28.823404793 ], [ -52.2441070799999, -28.828801548999895 ], [ -52.236260863, -28.816400991 ], [ -52.220818893999905, -28.809127402999902 ], [ -52.210387163, -28.810568096999909 ], [ -52.201981976999903, -28.822011320999895 ], [ -52.197686567999909, -28.819873986999902 ], [ -52.182264395999901, -28.823910297999898 ], [ -52.177798241999902, -28.820828341 ], [ -52.171221677999903, -28.823606907999896 ], [ -52.162034053999903, -28.81231345 ], [ -52.148559115999902, -28.812365687999893 ], [ -52.146081379, -28.809723993 ], [ -52.142890135, -28.813409030999903 ], [ -52.1406447479999, -28.808306159 ], [ -52.135781318999904, -28.807213530999903 ], [ -52.136809104, -28.803575499999987 ], [ -52.124993329999903, -28.810522448 ], [ -52.121340777999897, -28.806356761 ], [ -52.108178457, -28.811200743000011 ], [ -52.103346068999898, -28.807613374 ], [ -52.093116935999902, -28.809316602 ], [ -52.083192477999901, -28.806223888 ], [ -52.080171522999898, -28.80849638 ], [ -52.079076398, -28.80620148399991 ], [ -52.069257942, -28.805286668 ], [ -52.06333763, -28.809590049 ], [ -52.065577418, -28.81318679 ], [ -52.059339511, -28.817288789 ], [ -52.066785968, -28.819257305999901 ], [ -52.065861873, -28.823185732999899 ], [ -52.0518509569999, -28.828601791 ], [ -52.04342458, -28.844318578999893 ], [ -52.036065381, -28.845980438 ], [ -52.031166874, -28.843719973 ], [ -52.03451427200001, -28.834064463999898 ], [ -52.017383106, -28.841074736999904 ], [ -52.032746425, -28.854925625 ], [ -52.023423265, -28.863202886 ], [ -52.006696865, -28.865628349 ], [ -52.008862271999902, -28.883507403 ], [ -51.988762638, -28.889641087 ], [ -52.003555075999898, -28.898770038 ], [ -52.002783899999898, -28.903693625 ], [ -51.980213562, -28.900764828 ], [ -51.980478693999899, -28.911238656 ], [ -51.970254849999897, -28.922920688 ], [ -51.968555131, -28.907028523999887 ], [ -51.960044583999903, -28.909163170999904 ], [ -51.95721637, -28.917315583999901 ], [ -51.965253581, -28.925383445 ], [ -51.959274841, -28.929274556999893 ], [ -51.951153804999898, -28.926210959999906 ], [ -51.952684738999899, -28.907917594 ], [ -51.945912145, -28.907088778999896 ], [ -51.942956109, -28.924703830999892 ], [ -51.930525475, -28.927977596999895 ], [ -51.91956981, -28.920939037 ], [ -51.913860434999904, -28.927517273999989 ], [ -51.913250762, -28.932168482 ], [ -51.92193602, -28.937230077 ], [ -51.92343425, -28.941807454999893 ], [ -51.920855811, -28.945837798 ], [ -51.913631832, -28.947892040999886 ], [ -51.889708018, -28.946374416 ], [ -51.889620371, -28.932479031 ], [ -51.869988847999899, -28.932634483999898 ], [ -51.870076333, -28.928808159 ], [ -51.859314684, -28.929083103 ], [ -51.856009786, -28.933065668 ], [ -51.856091869999901, -28.919259683999904 ], [ -51.842780568, -28.919424202 ], [ -51.842429680999899, -28.93666205099991 ], [ -51.781304134, -28.936285838999897 ], [ -51.7791386009999, -28.940565646 ], [ -51.767608703999898, -28.943294384999895 ], [ -51.769845863999898, -28.954465118 ], [ -51.767351944, -28.959278573999899 ], [ -51.755262038, -28.957794153999899 ], [ -51.756666376999902, -28.963518287999893 ], [ -51.77288922, -28.961213733 ], [ -51.778836904999899, -28.967291455999895 ], [ -51.774709706, -28.972424396999912 ], [ -51.759841319, -28.972465417 ], [ -51.751284532999897, -28.975423329 ], [ -51.750564085999898, -28.981304986999902 ], [ -51.759534777999903, -28.991112773999902 ], [ -51.760600444, -29.008092844 ], [ -51.779875976, -29.008089594999884 ], [ -51.779674375, -29.000763956999908 ], [ -51.792821656999898, -28.998676065 ], [ -51.794809901, -29.008873747999896 ], [ -51.814099102999897, -29.014511614 ], [ -51.805329037, -29.045702714 ], [ -51.809037283, -29.064301316 ], [ -51.803597079, -29.065448026 ], [ -51.808399414999897, -29.081724145999896 ], [ -51.7585113969999, -29.103653449 ], [ -51.752216061999903, -29.114374886 ], [ -51.739004936, -29.118833516999899 ], [ -51.732128117999899, -29.128981469999896 ], [ -51.739347418, -29.137854677999893 ], [ -51.753394984, -29.136811038 ], [ -51.756392425999898, -29.138878661 ], [ -51.746831613, -29.165045935 ], [ -51.73351107, -29.180497089 ], [ -51.740051912999903, -29.186403707999894 ], [ -51.7580116359999, -29.185171459999896 ], [ -51.746854938999903, -29.215519682 ], [ -51.74751094, -29.218915320999912 ], [ -51.755518766, -29.21868819 ], [ -51.755978205, -29.22177117 ], [ -51.7519500229999, -29.221672014 ], [ -51.754275171, -29.224484201999893 ], [ -51.754784655, -29.260561759 ], [ -51.765197401, -29.260388046999903 ], [ -51.768212191, -29.2549561 ], [ -51.775053747, -29.252688309 ], [ -51.775601901, -29.260212484000014 ], [ -51.801483769999898, -29.259773766 ], [ -51.797001762, -29.299414662999901 ], [ -51.776929209999899, -29.299147182 ], [ -51.761583969999897, -29.295291807 ], [ -51.750764964, -29.300873759999895 ], [ -51.752770896999905, -29.306722511 ], [ -51.7492419659999, -29.305630516999894 ], [ -51.743471988, -29.30921175000001 ], [ -51.737054256, -29.3072761079999 ], [ -51.738602399999898, -29.299911858 ], [ -51.734949301, -29.297373577 ], [ -51.726543861, -29.301557794 ], [ -51.725370090999903, -29.294647899 ], [ -51.713213924999899, -29.294548674999888 ], [ -51.715306389, -29.296967067 ], [ -51.713232462999898, -29.303783607999897 ], [ -51.70975757, -29.301630979 ], [ -51.706140392999899, -29.304373582 ], [ -51.7009259659999, -29.304325449 ], [ -51.699453780999903, -29.305655536 ], [ -51.708853508999901, -29.308366475 ], [ -51.709079854, -29.312612494999904 ], [ -51.728929481, -29.3161853299999 ], [ -51.729037937, -29.324859081999893 ], [ -51.716697326, -29.320907952 ], [ -51.711013911, -29.324393589999904 ], [ -51.700687875, -29.323020427 ], [ -51.701888531, -29.334449898999896 ], [ -51.728957489, -29.334062586999892 ], [ -51.727454108, -29.369405356 ], [ -51.691079891, -29.371372707 ], [ -51.691229480999901, -29.423525458 ], [ -51.680334305, -29.413407519 ], [ -51.669457576999903, -29.418293123999899 ], [ -51.657530402, -29.399303453 ], [ -51.610526562352298, -29.400805195180617 ], [ -51.607875941388897, -29.411216826534005 ], [ -51.640852089, -29.41723716 ], [ -51.642649514, -29.435521055 ], [ -51.609820957999908, -29.435583671 ], [ -51.6059931039999, -29.440076091 ], [ -51.591479503999899, -29.430454255 ], [ -51.59224111, -29.440286398999891 ], [ -51.569469883, -29.458017013999893 ], [ -51.587531423, -29.470222324 ], [ -51.601757063, -29.475654705999894 ], [ -51.612033481, -29.475087476999903 ], [ -51.615338611, -29.4824628 ], [ -51.66937368, -29.480862107 ], [ -51.668084493, -29.487479345999901 ], [ -51.690417130999897, -29.487774928 ], [ -51.690773271999902, -29.500759645 ], [ -51.664996808999902, -29.500774265 ], [ -51.662737341, -29.590103935999895 ], [ -51.6525081939999, -29.600400244 ], [ -51.644538673999897, -29.623420823999904 ], [ -51.638042121999902, -29.6291965519999 ], [ -51.640774828, -29.635048858999895 ], [ -51.650563688, -29.642506029999893 ], [ -51.662252807999906, -29.645978678999896 ], [ -51.665463527, -29.653307025999908 ], [ -51.679514186999903, -29.655283147 ], [ -51.685454555, -29.660823692 ], [ -51.685239138, -29.666665188 ], [ -51.693431994, -29.667086586 ], [ -51.696945839, -29.6836293009999 ], [ -51.70471871, -29.687722884 ], [ -51.703531498, -29.694166208999892 ], [ -51.707681587, -29.695317471 ], [ -51.709486094999903, -29.700870214 ], [ -51.716685185, -29.702308334 ], [ -51.724225697999906, -29.715742829 ], [ -51.719089466, -29.723413342 ], [ -51.718743817, -29.742839633 ], [ -51.736412742, -29.756522498 ], [ -51.747074987, -29.769521338999898 ], [ -51.7472067799999, -29.779478271 ], [ -51.757695602, -29.79206579700001 ], [ -51.755486096, -29.812951276 ], [ -51.758339835999898, -29.818788173 ], [ -51.749274156999903, -29.825404623999901 ], [ -51.744900201, -29.834471288 ], [ -51.730179231, -29.83527163 ], [ -51.73178365, -29.844735214 ], [ -51.720137091, -29.851866056999892 ], [ -51.7161786409999, -29.858059474999905 ], [ -51.719043543999909, -29.867721687 ], [ -51.744258905, -29.881801138999897 ], [ -51.750282620999897, -29.888401116999908 ], [ -51.749775008, -29.904305844 ], [ -51.740154861, -29.916513558 ], [ -51.726640373999899, -29.946668551999903 ], [ -51.734143496999899, -29.95324881999991 ], [ -51.750034351, -29.95979267099991 ], [ -51.764799293, -29.956359271999904 ], [ -51.782155042999896, -29.959387451999891 ], [ -51.795330115, -29.9542736 ], [ -51.819405729, -29.952988605 ], [ -51.839804607, -29.953713099 ], [ -51.868133734, -29.960041302 ], [ -51.898680188999904, -29.946845192 ], [ -51.905780467999897, -29.947917678999893 ], [ -51.908602723999898, -29.952418284 ], [ -51.939308205, -29.948859003999903 ], [ -51.944590138, -29.946283810999898 ], [ -51.940693025, -29.931884169999901 ], [ -51.945110051, -29.930924092999906 ], [ -51.952937972, -29.939124303 ], [ -51.971693752, -29.938310300999895 ], [ -51.984444901, -29.942275446999897 ], [ -51.9890142839999, -29.949549002 ], [ -51.9845925609999, -29.957295784999893 ], [ -51.985760495, -29.96581242 ], [ -51.988906734, -29.970119779 ], [ -51.996842198, -29.972765751999901 ], [ -52.0028718189999, -29.970825456999901 ], [ -52.001477173999902, -29.955544491 ], [ -52.015051233999898, -29.938440704999898 ], [ -52.025844514, -29.941329889 ], [ -52.025689590999903, -29.953050536 ], [ -52.033077870999897, -29.957260732999892 ], [ -52.049026352999903, -29.941585648999894 ], [ -52.068145641999898, -29.932063161 ], [ -52.081092774999902, -29.940752623 ], [ -52.083692249, -29.945626376 ], [ -52.106769207999903, -29.946794200999893 ], [ -52.1267616539999, -29.937638171999907 ], [ -52.139419444999902, -29.939360477 ], [ -52.147964304, -29.951515309999891 ], [ -52.148539038, -29.963714826999908 ], [ -52.154973437, -29.977296098999897 ], [ -52.148650324, -30.002957406999901 ], [ -52.150764876, -30.009275801999895 ], [ -52.1460358859999, -30.014559135 ], [ -52.1463121849999, -30.020269992999893 ], [ -52.153821304, -30.028501279999901 ], [ -52.150370171, -30.038520273999904 ], [ -52.153413305999898, -30.043847902000014 ], [ -52.152525548, -30.053460061 ], [ -52.155862261, -30.061945552999894 ], [ -52.16279635, -30.066301161999892 ], [ -52.160914635, -30.072198258999912 ], [ -52.164986808, -30.07704581 ], [ -52.166200117, -30.093537845999897 ], [ -52.158647582999897, -30.102680765999906 ], [ -52.166274245, -30.108459157 ], [ -52.165668192999902, -30.116772093 ], [ -52.169594489, -30.125525218 ], [ -52.157806074, -30.136500065 ], [ -52.152365433999897, -30.146113070999899 ], [ -52.152577285999897, -30.157747141 ], [ -52.14804486, -30.162393603999902 ], [ -52.152193618999902, -30.176031108 ], [ -52.160985347999897, -30.183258421999888 ], [ -52.158139928, -30.190067097999897 ], [ -52.16292477, -30.199614344999905 ], [ -52.16135364, -30.205016000999901 ], [ -52.154329057, -30.210519556999902 ], [ -52.135981134, -30.217207775 ], [ -52.136290976999909, -30.227603986 ], [ -52.146467313999899, -30.240283732 ], [ -52.151861342, -30.242214070999989 ], [ -52.151978949, -30.246700544 ], [ -52.159438705999897, -30.250555352999989 ], [ -52.158873709, -30.254271086999889 ], [ -52.166475424999902, -30.25539585 ], [ -52.164215071999905, -30.261766322 ], [ -52.165980665999903, -30.274799097 ], [ -52.177075338999899, -30.276944329999903 ], [ -52.170686271, -30.284148374 ], [ -52.172972612, -30.28861190000001 ], [ -52.170396061, -30.292782068 ], [ -52.171124929, -30.307113324999893 ], [ -52.164849789999899, -30.306618774 ], [ -52.167255113, -30.310734151 ], [ -52.158717119, -30.316579899 ], [ -52.163194145, -30.322243152999889 ], [ -52.153518199, -30.333794603999916 ], [ -52.160232246, -30.337826553999893 ], [ -52.158928763999903, -30.345507075999905 ], [ -52.164066229999897, -30.346563177999894 ], [ -52.166551808, -30.360865786 ], [ -52.171993287, -30.363354349 ], [ -52.170956632999903, -30.370531886 ], [ -52.178036445, -30.378235821 ], [ -52.180255112999902, -30.391413497 ], [ -52.173557617, -30.421476863999906 ], [ -52.1638708, -30.429395136 ], [ -52.158723112, -30.442726268999902 ], [ -52.172077144999903, -30.4425838659999 ], [ -52.1838653309999, -30.449113403999903 ], [ -52.191741863999901, -30.445202450999894 ], [ -52.212784399, -30.447805408 ], [ -52.220629835, -30.445076347999912 ], [ -52.227859028, -30.436386381 ], [ -52.233927675, -30.435987032999908 ], [ -52.2328536529999, -30.426957812999909 ], [ -52.252150344, -30.417953865 ], [ -52.251209837, -30.413432096 ], [ -52.25849884, -30.407644986 ], [ -52.256696215, -30.402662635 ], [ -52.263781147, -30.394638609 ], [ -52.261798649, -30.388938767999907 ], [ -52.264807838, -30.386128936 ], [ -52.261226190999899, -30.382717462 ], [ -52.263680581, -30.373493569999898 ], [ -52.268833029999897, -30.368882229999905 ], [ -52.277633788999907, -30.368053335999903 ], [ -52.284841628, -30.361558278 ], [ -52.290332044, -30.347108552 ], [ -52.297946324999899, -30.342288241999899 ], [ -52.299609126999897, -30.334005571 ], [ -52.305589607999899, -30.336766197 ], [ -52.304255542, -30.344408386999895 ], [ -52.314060174, -30.343301391999905 ], [ -52.319379759, -30.346749122999903 ], [ -52.324139073, -30.356296867 ], [ -52.333943093, -30.359823069000011 ], [ -52.342944934999899, -30.359013950999987 ] ] ] } },
{ "type": "Feature", "properties": { "regiao_funcional": "RF3 · Serra e Hortênsias", "regiao_funcional_id": 3, "municipios": 49, "area_km2": 23626.809911056585, "partes": 1, "maior_parte_%": 100.00000000000001 }, "geometry": { "type": "Polygon", "coordinates": [ [ [ -51.727454108, -29.369405356 ], [ -51.728957489, -29.334062586999892 ], [ -51.701888531, -29.334449898999896 ], [ -51.700687875, -29.323020427 ], [ -51.711013911, -29.324393589999904 ], [ -51.716697326, -29.320907952 ], [ -51.729037937, -29.324859081999893 ], [ -51.728929481, -29.3161853299999 ], [ -51.709079854, -29.312612494999904 ], [ -51.708853508999901, -29.308366475 ], [ -51.699453780999903, -29.305655536 ], [ -51.70975757, -29.301630979 ], [ -51.713232462999898, -29.303783607999897 ], [ -51.715306389, -29.296967067 ], [ -51.713213924999899, -29.294548674999888 ], [ -51.725370090999903, -29.294647899 ], [ -51.726543861, -29.301557794 ], [ -51.734949301, -29.297373577 ], [ -51.738602399999898, -29.299911858 ], [ -51.737054256, -29.3072761079999 ], [ -51.743471988, -29.30921175000001 ], [ -51.7492419659999, -29.305630516999894 ], [ -51.752770896999905, -29.306722511 ], [ -51.750764964, -29.300873759999895 ], [ -51.761583969999897, -29.295291807 ], [ -51.776929209999899, -29.299147182 ], [ -51.797001762, -29.299414662999901 ], [ -51.801483769999898, -29.259773766 ], [ -51.775601901, -29.260212484000014 ], [ -51.775053747, -29.252688309 ], [ -51.768212191, -29.2549561 ], [ -51.765197401, -29.260388046999903 ], [ -51.754784655, -29.260561759 ], [ -51.754275171, -29.224484201999893 ], [ -51.7519500229999, -29.221672014 ], [ -51.755978205, -29.22177117 ], [ -51.755518766, -29.21868819 ], [ -51.74751094, -29.218915320999912 ], [ -51.746854938999903, -29.215519682 ], [ -51.7580116359999, -29.185171459999896 ], [ -51.740051912999903, -29.186403707999894 ], [ -51.73351107, -29.180497089 ], [ -51.746831613, -29.165045935 ], [ -51.756492513999902, -29.140705680999893 ], [ -51.753394984, -29.136811038 ], [ -51.737164923, -29.136006976 ], [ -51.732128117999899, -29.128981469999896 ], [ -51.7371091649999, -29.120747874 ], [ -51.752216061999903, -29.114374886 ], [ -51.7585113969999, -29.103653449 ], [ -51.808399414999897, -29.081724145999896 ], [ -51.803597079, -29.065448026 ], [ -51.809037283, -29.064301316 ], [ -51.805329037, -29.045702714 ], [ -51.814099102999897, -29.014511614 ], [ -51.794809901, -29.008873747999896 ], [ -51.792821656999898, -28.998676065 ], [ -51.779674375, -29.000763956999908 ], [ -51.779875976, -29.008089594999884 ], [ -51.760600444, -29.008092844 ], [ -51.759534777999903, -28.991112773999902 ], [ -51.750564085999898, -28.981304986999902 ], [ -51.751284532999897, -28.975423329 ], [ -51.759841319, -28.972465417 ], [ -51.774709706, -28.972424396999912 ], [ -51.778836904999899, -28.967291455999895 ], [ -51.77288922, -28.961213733 ], [ -51.756666376999902, -28.963518287999893 ], [ -51.754393111, -28.959213635 ], [ -51.757057344, -28.957093562 ], [ -51.767351944, -28.959278573999899 ], [ -51.769845863999898, -28.954465118 ], [ -51.767608703999898, -28.943294384999895 ], [ -51.7791386009999, -28.940565646 ], [ -51.781304134, -28.936285838999897 ], [ -51.842429680999899, -28.93666205099991 ], [ -51.842780568, -28.919424202 ], [ -51.856091869999901, -28.919259683999904 ], [ -51.856009786, -28.933065668 ], [ -51.859314684, -28.929083103 ], [ -51.870076333, -28.928808159 ], [ -51.869988847999899, -28.932634483999898 ], [ -51.889620371, -28.932479031 ], [ -51.889708018, -28.946374416 ], [ -51.913631832, -28.947892040999886 ], [ -51.920855811, -28.945837798 ], [ -51.92343425, -28.941807454999893 ], [ -51.919587027, -28.934362606 ], [ -51.913250762, -28.932168482 ], [ -51.916310661, -28.924157013999899 ], [ -51.91956981, -28.920939037 ], [ -51.932953225999903, -28.928165959 ], [ -51.942956109, -28.924703830999892 ], [ -51.945912145, -28.907088778999896 ], [ -51.952684738999899, -28.907917594 ], [ -51.951153804999898, -28.926210959999906 ], [ -51.959274841, -28.929274556999893 ], [ -51.965253581, -28.925383445 ], [ -51.95721637, -28.917315583999901 ], [ -51.960044583999903, -28.909163170999904 ], [ -51.968555131, -28.907028523999887 ], [ -51.970254849999897, -28.922920688 ], [ -51.980478693999899, -28.911238656 ], [ -51.980213562, -28.900764828 ], [ -52.002783899999898, -28.903693625 ], [ -52.003555075999898, -28.898770038 ], [ -51.988762638, -28.889641087 ], [ -52.008862271999902, -28.883507403 ], [ -52.006696865, -28.865628349 ], [ -52.023423265, -28.863202886 ], [ -52.032746425, -28.854925625 ], [ -52.017383106, -28.841074736999904 ], [ -52.03451427200001, -28.834064463999898 ], [ -52.031166874, -28.843719973 ], [ -52.036065381, -28.845980438 ], [ -52.04342458, -28.844318578999893 ], [ -52.0518509569999, -28.828601791 ], [ -52.061624572, -28.826738292999895 ], [ -52.066810984, -28.821619053999893 ], [ -52.066785968, -28.819257305999901 ], [ -52.059339511, -28.817288789 ], [ -52.065577418, -28.81318679 ], [ -52.060968628999902, -28.805786668999893 ], [ -52.059794511, -28.795282452 ], [ -52.066660984, -28.796566109 ], [ -52.074751155999898, -28.78523272 ], [ -52.06869217900001, -28.770957074 ], [ -52.079620071, -28.761113295 ], [ -52.071187129, -28.754135398 ], [ -52.068521357, -28.747363978 ], [ -52.079757961, -28.740652606 ], [ -52.079637186999904, -28.733820976999908 ], [ -52.085074753, -28.730837584 ], [ -52.076672903, -28.7291453079999 ], [ -52.085437188, -28.71786114 ], [ -52.080999876, -28.7101572239999 ], [ -52.091200360999899, -28.711244205 ], [ -52.098104502, -28.703306023 ], [ -52.087358193999904, -28.699186158 ], [ -52.078876486, -28.699724406 ], [ -52.077167787, -28.687154376 ], [ -52.089810837, -28.69164518 ], [ -52.090560921, -28.685771143999904 ], [ -52.086969805, -28.684866343999904 ], [ -52.084913993, -28.674112178 ], [ -52.088676822, -28.672456143000012 ], [ -52.092936143, -28.676425369999901 ], [ -52.098283394, -28.673799785 ], [ -52.101195168999901, -28.657185039 ], [ -52.110345150999898, -28.655810737 ], [ -52.111087179, -28.653250290999903 ], [ -52.105884193, -28.649682649999892 ], [ -52.100162945, -28.629935525999905 ], [ -52.092565061999899, -28.633290585999905 ], [ -52.088246603999899, -28.630263609999901 ], [ -52.091649023999899, -28.62882321 ], [ -52.092983876999902, -28.615920808999899 ], [ -51.99646985, -28.610489414 ], [ -51.994108763, -28.648662548999894 ], [ -51.997248489, -28.652959123 ], [ -51.992488433999902, -28.657678206 ], [ -51.9943679, -28.672501210999901 ], [ -51.848153709, -28.663472247999902 ], [ -51.856809525, -28.661967014 ], [ -51.860070155, -28.657138158999889 ], [ -51.849316356, -28.648923544999899 ], [ -51.842304563, -28.652673278999899 ], [ -51.838807861, -28.650451201999893 ], [ -51.852820111, -28.6436107809999 ], [ -51.852542276999905, -28.63787174 ], [ -51.863132478999901, -28.6354598039999 ], [ -51.8565806249999, -28.629332223999899 ], [ -51.85496288199991, -28.615260588 ], [ -51.848376962, -28.608680482 ], [ -51.856261202, -28.605883986 ], [ -51.866700838, -28.613757881 ], [ -51.865312106, -28.599660911999898 ], [ -51.871559874999903, -28.594200703 ], [ -51.865191192999902, -28.593040874999897 ], [ -51.857602968, -28.597304252999898 ], [ -51.853980596, -28.590586727999895 ], [ -51.844366037, -28.589190324999898 ], [ -51.842816103, -28.584881408999902 ], [ -51.837572195999897, -28.585677389999898 ], [ -51.837116249, -28.580970328 ], [ -51.840528746, -28.577684819 ], [ -51.832916826, -28.573576054999904 ], [ -51.826772280999897, -28.578678128 ], [ -51.828468762999897, -28.565181068 ], [ -51.823731295, -28.563001517 ], [ -51.819927608999897, -28.567939426999896 ], [ -51.808591437, -28.558317374 ], [ -51.8141541809999, -28.551672552 ], [ -51.808656782999897, -28.544835167 ], [ -51.802933862, -28.543960737 ], [ -51.805948650999909, -28.540325929999899 ], [ -51.799588537, -28.532103957999897 ], [ -51.786373427999898, -28.531273013 ], [ -51.7955560199999, -28.523275978 ], [ -51.791683105999901, -28.519660773999892 ], [ -51.785989569, -28.522005919 ], [ -51.787392532999903, -28.515685158999894 ], [ -51.782351424, -28.513179556999905 ], [ -51.77837026600001, -28.504509841999894 ], [ -51.78816045, -28.500612574999892 ], [ -51.790343027999903, -28.487964400999893 ], [ -51.783225340999905, -28.487371098 ], [ -51.777381068, -28.493664749999894 ], [ -51.773850437, -28.493368603 ], [ -51.774009131999897, -28.48584075 ], [ -51.780947136, -28.485495226 ], [ -51.775856462, -28.475434672999892 ], [ -51.781195556999897, -28.478507984 ], [ -51.784744984, -28.474510984999899 ], [ -51.774828098999897, -28.467470304 ], [ -51.771418582, -28.469255641 ], [ -51.771328577, -28.475054457999892 ], [ -51.761254951, -28.473460197 ], [ -51.763338569, -28.46892853 ], [ -51.770675296, -28.467306511999904 ], [ -51.77643711, -28.461688448 ], [ -51.769417625, -28.457773733999904 ], [ -51.761829677, -28.458075682999901 ], [ -51.764234584, -28.451613285999898 ], [ -51.762158374, -28.449098686999893 ], [ -51.751699288999909, -28.448690867 ], [ -51.747217086, -28.451648975999898 ], [ -51.738153408999899, -28.449708839 ], [ -51.719973738, -28.455236068 ], [ -51.713158219, -28.454668904999902 ], [ -51.687121857, -28.466701341 ], [ -51.678036306, -28.463915207 ], [ -51.65680413, -28.464889706999905 ], [ -51.651455862, -28.470538012 ], [ -51.641682002, -28.465613297999901 ], [ -51.634508873999899, -28.466379122 ], [ -51.633169683999903, -28.4712653029999 ], [ -51.620269177, -28.478226072 ], [ -51.616853427, -28.488989594 ], [ -51.618805296999902, -28.495403874 ], [ -51.614901908, -28.4975380079999 ], [ -51.613482925, -28.503201401999895 ], [ -51.618183412, -28.513106832999902 ], [ -51.6242867879999, -28.515852793 ], [ -51.614917712, -28.523954260999986 ], [ -51.60946048200001, -28.524947618999892 ], [ -51.614943782999902, -28.531084174999901 ], [ -51.611425112999903, -28.535133656 ], [ -51.601018021, -28.537939166999891 ], [ -51.597784809, -28.534664177 ], [ -51.599861946, -28.529732212999903 ], [ -51.592897754, -28.529339583 ], [ -51.593319333, -28.525370064999887 ], [ -51.58911535, -28.525480948999892 ], [ -51.586907808, -28.520368550999901 ], [ -51.582045076, -28.522975661 ], [ -51.572846522, -28.51957065399991 ], [ -51.567430143, -28.523546471 ], [ -51.559872170999903, -28.520552403 ], [ -51.558266075999903, -28.523594219 ], [ -51.537008074, -28.52655186 ], [ -51.5307601, -28.534706845 ], [ -51.530282803, -28.546054581 ], [ -51.527253023, -28.546914181 ], [ -51.496391198, -28.528580061999904 ], [ -51.490481981999899, -28.528076405 ], [ -51.487571488999897, -28.523369773999903 ], [ -51.478768692, -28.524435937 ], [ -51.476912561999903, -28.527064804 ], [ -51.471941933, -28.525501382999892 ], [ -51.468234106999901, -28.520775276999899 ], [ -51.473905288, -28.516808591 ], [ -51.470702466, -28.512189089999897 ], [ -51.471659614, -28.505685722 ], [ -51.468515837, -28.500667047 ], [ -51.45824881, -28.496229023 ], [ -51.454188791, -28.485163359999902 ], [ -51.445800419, -28.486554802999894 ], [ -51.4367702609999, -28.499669062999903 ], [ -51.419775698, -28.501818699 ], [ -51.416193791, -28.509996919999899 ], [ -51.419922679, -28.517805426999903 ], [ -51.398340374, -28.514276359 ], [ -51.398126352, -28.5192632709999 ], [ -51.4122896659999, -28.52332016 ], [ -51.415949242, -28.532049720999989 ], [ -51.396790658, -28.539944587 ], [ -51.389483083, -28.538358482 ], [ -51.394063068, -28.532866125999895 ], [ -51.392916074, -28.53022444 ], [ -51.385907378999903, -28.530026705 ], [ -51.382026212, -28.534648490999896 ], [ -51.378528232999905, -28.530180376 ], [ -51.375386389, -28.532587014999891 ], [ -51.370694619999902, -28.530485370999905 ], [ -51.377450067, -28.518462572 ], [ -51.3726541509999, -28.516751284 ], [ -51.372913427, -28.512930039 ], [ -51.361867285, -28.513410549999904 ], [ -51.356841110999902, -28.516769445 ], [ -51.354658478, -28.514643 ], [ -51.353891239999903, -28.507887314999902 ], [ -51.369313577, -28.503016615 ], [ -51.367777296, -28.49646161 ], [ -51.376588461, -28.491890242999904 ], [ -51.376070478, -28.485781485 ], [ -51.368309427, -28.48222376 ], [ -51.374230732999898, -28.475298817999899 ], [ -51.379599334, -28.476165205 ], [ -51.380699383, -28.470786475 ], [ -51.360268892, -28.476001747999891 ], [ -51.3609496139999, -28.469206509999907 ], [ -51.371622418999898, -28.464065435999903 ], [ -51.36593576, -28.46056752 ], [ -51.367139288, -28.455770764 ], [ -51.361076102, -28.4582018199999 ], [ -51.354393628, -28.454037571 ], [ -51.356265446, -28.449937460999898 ], [ -51.346311541, -28.4464839249999 ], [ -51.3563382849999, -28.440895812 ], [ -51.346760074, -28.438090800999902 ], [ -51.356845157999899, -28.431436033 ], [ -51.360767293, -28.421215491999902 ], [ -51.350753992, -28.418032675999896 ], [ -51.334414528000011, -28.418540074 ], [ -51.333369187, -28.408153715 ], [ -51.342923737, -28.410561387 ], [ -51.357213789999903, -28.405960561 ], [ -51.3590654, -28.402177380999895 ], [ -51.356865206999899, -28.400350105 ], [ -51.346675637, -28.405589011 ], [ -51.341884917999899, -28.404335987 ], [ -51.348492404999902, -28.397974540999908 ], [ -51.34838716, -28.391299296999897 ], [ -51.3411449829999, -28.391950036 ], [ -51.337835020999897, -28.386279088 ], [ -51.34863424, -28.371286280999989 ], [ -51.340856276, -28.373834828999989 ], [ -51.334804259999899, -28.370968994999895 ], [ -51.342985059999904, -28.365520381 ], [ -51.34224847, -28.361382175999893 ], [ -51.337265177999903, -28.363589074999897 ], [ -51.33712114, -28.35689594 ], [ -51.325244604, -28.351543375999899 ], [ -51.323138946, -28.346538708 ], [ -51.332206192999905, -28.340955642 ], [ -51.33512609600001, -28.342047018 ], [ -51.334608177999897, -28.347342997999895 ], [ -51.343617654, -28.344058479 ], [ -51.340213471, -28.340453583999896 ], [ -51.343186277, -28.337865629 ], [ -51.329047847, -28.337981130999903 ], [ -51.326782932, -28.333308862 ], [ -51.334158414999898, -28.330145319999897 ], [ -51.340753142, -28.321534689 ], [ -51.356567691999906, -28.317482427 ], [ -51.369581438999901, -28.305560267 ], [ -51.38540819, -28.300570456999907 ], [ -51.388741935, -28.295944994 ], [ -51.387661593, -28.289017951999892 ], [ -51.397591006, -28.2729789169999 ], [ -51.389495117, -28.263919277999896 ], [ -51.387715882, -28.241994216999988 ], [ -51.355231494999899, -28.232234916 ], [ -51.341380334999897, -28.236177136 ], [ -51.330198912999904, -28.233385930999901 ], [ -51.327412132999903, -28.231511127 ], [ -51.327344889, -28.220092334999901 ], [ -51.300825308, -28.201689326999897 ], [ -51.295416116, -28.190584105 ], [ -51.282740496, -28.187496705999905 ], [ -51.273302067, -28.179152969 ], [ -51.263286096999899, -28.180942393 ], [ -51.25551079199991, -28.176538653 ], [ -51.249115625999899, -28.155170127 ], [ -51.244364247, -28.153772853 ], [ -51.246128023, -28.145564117999989 ], [ -51.251864551, -28.138412977 ], [ -51.255965918, -28.138501385 ], [ -51.261334585, -28.133210698 ], [ -51.259655802999902, -28.12731903 ], [ -51.262432755, -28.122400919 ], [ -51.256196452, -28.119497544999906 ], [ -51.2635320649999, -28.113222272 ], [ -51.258459146999897, -28.110839445999904 ], [ -51.259727548999898, -28.104921912 ], [ -51.256307832999902, -28.102866236999901 ], [ -51.259949088, -28.099930892 ], [ -51.254081663, -28.092508612 ], [ -51.257426156, -28.089808086999895 ], [ -51.255065883, -28.085044246999903 ], [ -51.258701636, -28.083554862 ], [ -51.258171765, -28.080126671999892 ], [ -51.266211618999897, -28.074827947 ], [ -51.269001078, -28.078469094 ], [ -51.271423308, -28.077198852 ], [ -51.278961142999897, -28.062478735 ], [ -51.285682818999902, -28.061010527 ], [ -51.289071089999901, -28.063952433999901 ], [ -51.295644196, -28.058765374 ], [ -51.301553428, -28.060460952 ], [ -51.302246867999898, -28.066389053 ], [ -51.30475783, -28.066736551 ], [ -51.308474928, -28.064109909 ], [ -51.309460204999901, -28.058121389 ], [ -51.313406448, -28.058619459999896 ], [ -51.319815773, -28.052809961 ], [ -51.319245483, -28.049821504 ], [ -51.330741659, -28.044216932 ], [ -51.333382062999902, -28.038834272 ], [ -51.338304912, -28.040418738 ], [ -51.343695832, -28.037978204999899 ], [ -51.34336158, -28.019913634 ], [ -51.336948123999903, -28.018748629999905 ], [ -51.336160186, -28.016021565999896 ], [ -51.343159172, -28.010507436 ], [ -51.344221892999897, -27.99962962 ], [ -51.350172383, -27.999540545999896 ], [ -51.334031521, -27.983510813999896 ], [ -51.343779309, -27.978439821999903 ], [ -51.354890283, -27.98595316 ], [ -51.3603382209999, -27.978645598999904 ], [ -51.358671538, -27.975739496 ], [ -51.339837855, -27.969483461 ], [ -51.340234978999902, -27.960797543999899 ], [ -51.336515194999905, -27.955016209999901 ], [ -51.3386635849999, -27.948861295 ], [ -51.33585297, -27.94667686 ], [ -51.339447236999902, -27.943183201999901 ], [ -51.330262642, -27.938751642999904 ], [ -51.333768817, -27.936399031999898 ], [ -51.332573474, -27.931277884999901 ], [ -51.362379702999903, -27.926063561 ], [ -51.362506386999897, -27.916746389 ], [ -51.3658880999999, -27.917664183999896 ], [ -51.370226669, -27.914442662999889 ], [ -51.366116532, -27.910756842999888 ], [ -51.371219251999896, -27.905082424999893 ], [ -51.367817526, -27.903452842 ], [ -51.365862203999903, -27.895342218999897 ], [ -51.371123212, -27.885566485 ], [ -51.36324912, -27.884874216 ], [ -51.360055428, -27.880059538999891 ], [ -51.367889582, -27.877601066 ], [ -51.37752855, -27.880442334999888 ], [ -51.372397170999903, -27.868357361999987 ], [ -51.366763041, -27.869880523999896 ], [ -51.365830062, -27.863399195999904 ], [ -51.357276774999903, -27.860504030999891 ], [ -51.361681374999904, -27.857862906 ], [ -51.366649286, -27.859551317999895 ], [ -51.369471865, -27.853400416999897 ], [ -51.383066683, -27.846148972 ], [ -51.3709645, -27.842987138 ], [ -51.37149389, -27.834259442 ], [ -51.378336711, -27.825078466 ], [ -51.375733292999897, -27.820259319999902 ], [ -51.366762121, -27.817991694999897 ], [ -51.363433486, -27.79848407 ], [ -51.358933046999901, -27.798181036999903 ], [ -51.355213589, -27.801442283 ], [ -51.355527536999901, -27.805833339999896 ], [ -51.3501398719999, -27.8079307419999 ], [ -51.34937716, -27.802661714 ], [ -51.356565291, -27.795367214 ], [ -51.355083392, -27.7911531469999 ], [ -51.3492990989999, -27.786792641 ], [ -51.347866627, -27.791143163999909 ], [ -51.34244322, -27.793254648 ], [ -51.331333212999901, -27.787786090999909 ], [ -51.334993445999899, -27.782842968999898 ], [ -51.330287719999902, -27.778984737 ], [ -51.337645656999896, -27.766544036 ], [ -51.32887433, -27.761501843 ], [ -51.3356210869999, -27.7526329569999 ], [ -51.312254944, -27.753590120999903 ], [ -51.31775168, -27.749862785999895 ], [ -51.318581579999901, -27.740848405 ], [ -51.315049600999899, -27.738543308 ], [ -51.311682566999899, -27.739026549 ], [ -51.312757292, -27.745972625 ], [ -51.307503351, -27.754398431 ], [ -51.301699256999903, -27.754791683 ], [ -51.298060588999903, -27.751425546 ], [ -51.303782229, -27.736130971 ], [ -51.313069191, -27.7365084589999 ], [ -51.304154039, -27.728939055 ], [ -51.308805311, -27.71946274 ], [ -51.293693522999902, -27.725487718999908 ], [ -51.276128043, -27.724024212 ], [ -51.272859921, -27.729695673 ], [ -51.274099830999909, -27.749913218 ], [ -51.246862624, -27.759633834999892 ], [ -51.245598673, -27.770272695 ], [ -51.240126018, -27.779022593 ], [ -51.233761611, -27.779044722 ], [ -51.222313434999897, -27.769821836999895 ], [ -51.209376608999897, -27.777470029 ], [ -51.191282303, -27.77615071 ], [ -51.157791785, -27.802889202 ], [ -51.134606457, -27.803657081 ], [ -51.128923216, -27.832047644999896 ], [ -51.098271704, -27.827417615999895 ], [ -51.082229896999898, -27.833926447 ], [ -51.076564274, -27.841845369999895 ], [ -51.078593821, -27.861597745 ], [ -51.057138252999898, -27.866028132999897 ], [ -51.052990768, -27.869787962 ], [ -51.058278797, -27.896838676 ], [ -51.055966231, -27.903670432999899 ], [ -51.01645798, -27.925508393 ], [ -51.021400695, -27.951269887 ], [ -51.018955720999898, -27.957048034 ], [ -51.009189557, -27.964442141999893 ], [ -51.002257966999899, -27.964212954999901 ], [ -50.993628816999902, -27.946006924999899 ], [ -50.984254224, -27.9403043 ], [ -50.973577659999897, -27.954459315 ], [ -50.9470437149999, -27.96724248 ], [ -50.925681439999906, -27.969388831999897 ], [ -50.923233562, -27.979605934999903 ], [ -50.927871168, -27.990582457999896 ], [ -50.920601381, -28.0006249579999 ], [ -50.923238425, -28.011987779 ], [ -50.892336125, -28.021156032 ], [ -50.875399551, -28.040199877 ], [ -50.875428858, -28.054423335 ], [ -50.881387371, -28.067256426 ], [ -50.887478586, -28.072585005999898 ], [ -50.8984813819999, -28.075515987999907 ], [ -50.90393634799991, -28.085844420999898 ], [ -50.899359859, -28.089655606 ], [ -50.884353422999901, -28.089698582 ], [ -50.875918796999898, -28.095075428 ], [ -50.868792611999901, -28.111452045 ], [ -50.874998158, -28.128576976 ], [ -50.871968514999899, -28.137420043 ], [ -50.865520362, -28.140781648 ], [ -50.858991032999903, -28.139705536 ], [ -50.83240043, -28.117508189 ], [ -50.825937146999898, -28.121712725 ], [ -50.819835575, -28.140448460999892 ], [ -50.794076081999897, -28.138640424999892 ], [ -50.786105092999897, -28.141724736999894 ], [ -50.784658946, -28.146527545 ], [ -50.792707659, -28.157846822 ], [ -50.790508998, -28.166391527999988 ], [ -50.782815956, -28.175983039999892 ], [ -50.789189248999897, -28.189189136 ], [ -50.788822067999902, -28.198335046999901 ], [ -50.777499223999904, -28.20004787100001 ], [ -50.768201459, -28.188962837 ], [ -50.764395076, -28.189232713 ], [ -50.752975804, -28.232083460999899 ], [ -50.753345242, -28.245684444999899 ], [ -50.710740601999902, -28.266516666 ], [ -50.696597337, -28.267841163999901 ], [ -50.69522398, -28.288519454 ], [ -50.677640139999902, -28.300006793 ], [ -50.65880221, -28.323495439999892 ], [ -50.665230633, -28.337924597 ], [ -50.651674766, -28.343457391999898 ], [ -50.628450345, -28.364596106 ], [ -50.63329017, -28.3789160379999 ], [ -50.624951476, -28.392588310999898 ], [ -50.611559273999902, -28.393266633999904 ], [ -50.600905248999901, -28.3821606079999 ], [ -50.592266944999899, -28.381945854 ], [ -50.576540791999903, -28.394259822 ], [ -50.564433580999911, -28.414120333 ], [ -50.537001530999909, -28.429722636999891 ], [ -50.528593572, -28.426214789999989 ], [ -50.531593952, -28.407810637999898 ], [ -50.527496605, -28.403894622999893 ], [ -50.512726636, -28.404924530999885 ], [ -50.498516977999905, -28.413064081999895 ], [ -50.470440384, -28.414902212 ], [ -50.456857290999899, -28.410651361 ], [ -50.448143681, -28.422871057 ], [ -50.435909522, -28.4309957689999 ], [ -50.428780565, -28.433541037999902 ], [ -50.395170966, -28.433157353 ], [ -50.390380415, -28.443006816 ], [ -50.381982147, -28.446989277999901 ], [ -50.376837204, -28.443673809 ], [ -50.376400730999904, -28.433099711999898 ], [ -50.3703461429999, -28.422759337999903 ], [ -50.359994131, -28.41983949 ], [ -50.350979203999898, -28.42485313 ], [ -50.347604427, -28.431835510999989 ], [ -50.352145790999899, -28.456391015 ], [ -50.345846508, -28.463554464 ], [ -50.336945113999903, -28.45742107 ], [ -50.340446941, -28.440965773 ], [ -50.329618341999897, -28.434230477 ], [ -50.303889936, -28.4379010389999 ], [ -50.292846899, -28.451033648 ], [ -50.2729133449999, -28.457071904 ], [ -50.251113388, -28.449178479 ], [ -50.25082259, -28.4468324219999 ], [ -50.262267502, -28.446233381 ], [ -50.264451570999903, -28.443528848 ], [ -50.246800232999902, -28.428270518 ], [ -50.2422200889999, -28.432458599 ], [ -50.235708624, -28.457029092 ], [ -50.222648681, -28.4632721259999 ], [ -50.2158442899999, -28.460316609 ], [ -50.20323731, -28.443588347999892 ], [ -50.188311077, -28.453490604 ], [ -50.178007406999903, -28.452253388 ], [ -50.163522848, -28.475057814 ], [ -50.162622967999901, -28.4953208599999 ], [ -50.156344786, -28.497913837999892 ], [ -50.139256793999898, -28.493953383 ], [ -50.145572522999899, -28.477567214 ], [ -50.15915165900001, -28.464702899 ], [ -50.16052667, -28.459519236999899 ], [ -50.156469383999898, -28.458107066 ], [ -50.148262357, -28.460927532 ], [ -50.146277860999902, -28.44799275 ], [ -50.126933693, -28.43972975 ], [ -50.130351503, -28.430944032 ], [ -50.128311273999898, -28.428908120999896 ], [ -50.115791706, -28.437093033999904 ], [ -50.111357602999902, -28.444470462 ], [ -50.1149206159999, -28.453806965 ], [ -50.126838512999903, -28.463371883 ], [ -50.126186791999899, -28.474528138 ], [ -50.123282785, -28.47636033 ], [ -50.106915414999897, -28.473351278999903 ], [ -50.100995481, -28.48633209 ], [ -50.086337928, -28.472685204 ], [ -50.07281841, -28.480807236 ], [ -50.057931558999897, -28.475821505999903 ], [ -50.038596686999909, -28.479713010999905 ], [ -50.025823183999897, -28.473083365 ], [ -50.023918513999902, -28.459364412999903 ], [ -50.019004209999899, -28.451419705 ], [ -50.013876364999902, -28.450775512 ], [ -50.002452164, -28.458032991 ], [ -49.989393051, -28.457154650999897 ], [ -49.986356777, -28.454752744 ], [ -49.988639551999903, -28.445252841 ], [ -49.974498600999901, -28.439003183 ], [ -49.970772884, -28.440210696 ], [ -49.967225932, -28.455912727999895 ], [ -49.9591254589999, -28.449902821 ], [ -49.952505373, -28.45033676 ], [ -49.951351389, -28.466930598 ], [ -49.943685684999899, -28.482739975 ], [ -49.928443651, -28.471409562 ], [ -49.929820337, -28.465460030999989 ], [ -49.938546663, -28.458624217 ], [ -49.928513775999903, -28.451223534999905 ], [ -49.91694834, -28.459233581 ], [ -49.900418898999902, -28.464710946 ], [ -49.888845742999898, -28.459420328 ], [ -49.898406131999899, -28.445096030999895 ], [ -49.894349553, -28.441004403 ], [ -49.890531205999899, -28.440369523 ], [ -49.882738261, -28.447679439 ], [ -49.872351439999903, -28.441735542999893 ], [ -49.85914187, -28.442328191999895 ], [ -49.854219891999897, -28.444657959 ], [ -49.858199119999902, -28.449331124 ], [ -49.871936977, -28.450836534 ], [ -49.877767221999903, -28.454522052999899 ], [ -49.874280465, -28.458840026 ], [ -49.863572917999903, -28.462845963999904 ], [ -49.86293216, -28.472024206 ], [ -49.869392577, -28.48178483 ], [ -49.866649846, -28.4886323109999 ], [ -49.841011293, -28.485598062999902 ], [ -49.8452581499999, -28.493715849999901 ], [ -49.838671620999897, -28.496287684 ], [ -49.826042259, -28.478448249999904 ], [ -49.8182997709999, -28.483666066999895 ], [ -49.810980173, -28.484313556 ], [ -49.816159018999898, -28.479319169 ], [ -49.8172655, -28.469868785999893 ], [ -49.811827380999901, -28.467940665 ], [ -49.808782848, -28.469224536999892 ], [ -49.802569111, -28.485724965 ], [ -49.795211718, -28.488939482 ], [ -49.790926258, -28.496420219 ], [ -49.782251394999903, -28.49665637 ], [ -49.780580458, -28.495059614999896 ], [ -49.78505777, -28.492630154 ], [ -49.78608601, -28.488142400999898 ], [ -49.778045339, -28.477255971 ], [ -49.781261519999902, -28.472355158 ], [ -49.773207602999904, -28.46822631 ], [ -49.772080283, -28.463361215 ], [ -49.766149459, -28.459048305 ], [ -49.764273371999899, -28.462102318999897 ], [ -49.767567426, -28.476577705 ], [ -49.764891213999903, -28.483460728 ], [ -49.769733077, -28.487637532 ], [ -49.770831681999901, -28.494329281 ], [ -49.763901704, -28.501373825 ], [ -49.748261538, -28.493972535 ], [ -49.74298454, -28.495248626 ], [ -49.739266486, -28.500334729 ], [ -49.746559154, -28.506825008 ], [ -49.738817991, -28.508509924 ], [ -49.734743035, -28.514484524999901 ], [ -49.7270178059999, -28.516949208 ], [ -49.746720108, -28.535391132 ], [ -49.749328378, -28.546016700999893 ], [ -49.746532455, -28.549643859999907 ], [ -49.739104602999902, -28.547340061999893 ], [ -49.737680927, -28.550647034999894 ], [ -49.730901229, -28.551182968 ], [ -49.725977628, -28.569503885 ], [ -49.720632978, -28.576902613 ], [ -49.712307892999902, -28.572253691999904 ], [ -49.712535446999901, -28.576800555 ], [ -49.707968336, -28.582227197999906 ], [ -49.712877213, -28.593538362999894 ], [ -49.70858133, -28.596692873999892 ], [ -49.710263407, -28.604161705 ], [ -49.698405672, -28.606757248 ], [ -49.696760572, -28.614475545999895 ], [ -49.69145986, -28.620169237 ], [ -49.693665079, -28.62555384 ], [ -49.707014745, -28.630464899999897 ], [ -49.705822503, -28.628102332 ], [ -49.715946847999902, -28.623792496 ], [ -49.723424467, -28.626171443 ], [ -49.744990040999902, -28.624320001999898 ], [ -49.748957871, -28.629022485999897 ], [ -49.754465598, -28.628315992 ], [ -49.756994404999901, -28.627329620999902 ], [ -49.755031895999899, -28.623388604999906 ], [ -49.757363555, -28.615413857 ], [ -49.765411458, -28.619322912 ], [ -49.772011252, -28.627469753999904 ], [ -49.778903928, -28.629480246 ], [ -49.784343701, -28.624379527 ], [ -49.782557644, -28.609800215999897 ], [ -49.791124556999897, -28.615412402999898 ], [ -49.795076391, -28.614990116999898 ], [ -49.798192346999897, -28.6240162359999 ], [ -49.807980044, -28.628778130999898 ], [ -49.808807218, -28.63533941 ], [ -49.816616513, -28.638144262 ], [ -49.819002176, -28.642872005999894 ], [ -49.8153946199999, -28.64294204 ], [ -49.8165051, -28.647189644 ], [ -49.81328531, -28.6475567909999 ], [ -49.822748288, -28.654542238 ], [ -49.810039147999902, -28.652254840999902 ], [ -49.816544480999902, -28.658737372 ], [ -49.823326961, -28.659169801 ], [ -49.8240797999999, -28.664957225 ], [ -49.828747312, -28.668108982 ], [ -49.8391766619999, -28.666541772 ], [ -49.8413262729999, -28.676859715 ], [ -49.836382213, -28.678914384999896 ], [ -49.840298586, -28.685873858 ], [ -49.836538565, -28.686332397999902 ], [ -49.838010595, -28.690026171999897 ], [ -49.813498635, -28.687045523999899 ], [ -49.821935496, -28.693220891999893 ], [ -49.834866534, -28.693926497999897 ], [ -49.8424549329999, -28.706300263999903 ], [ -49.836350707, -28.708333989 ], [ -49.83963197, -28.712539544 ], [ -49.844700073, -28.714004895 ], [ -49.842940464, -28.709010970999895 ], [ -49.847085174, -28.709514777 ], [ -49.847614306, -28.703790214 ], [ -49.852999438, -28.70617241 ], [ -49.8521145449999, -28.703888036 ], [ -49.863701057, -28.702931196 ], [ -49.863204720999903, -28.7002976049999 ], [ -49.869377713999903, -28.70101519 ], [ -49.871995603, -28.703569871999896 ], [ -49.868743934999898, -28.709656079 ], [ -49.872918886, -28.716362919999892 ], [ -49.868962328999899, -28.71604387 ], [ -49.875034391, -28.722533923 ], [ -49.8680198449999, -28.721958517 ], [ -49.883318749999901, -28.737699030999988 ], [ -49.878219569, -28.736755729 ], [ -49.880098671, -28.7412894449999 ], [ -49.874647237, -28.744479581999901 ], [ -49.888382645, -28.746665119999889 ], [ -49.88658456, -28.739596143 ], [ -49.895730913, -28.739271368999901 ], [ -49.89105775, -28.738208110999903 ], [ -49.881063493999903, -28.722287873 ], [ -49.881767005, -28.718932831 ], [ -49.885057993, -28.718224839 ], [ -49.896553065, -28.725979105 ], [ -49.897536134999903, -28.721309276999893 ], [ -49.904860841999898, -28.718478439 ], [ -49.913657295999897, -28.7244772029999 ], [ -49.905860768, -28.712265416 ], [ -49.906083966, -28.707673316 ], [ -49.916636966999903, -28.717378594 ], [ -49.92604066, -28.718312809999901 ], [ -49.934677846999897, -28.725676495999895 ], [ -49.928854789999903, -28.732874111999909 ], [ -49.931123124, -28.738379107 ], [ -49.921743716, -28.74554258599991 ], [ -49.928821093, -28.749704666999904 ], [ -49.927593276, -28.753767024 ], [ -49.936238655999901, -28.756863188999901 ], [ -49.943539439999903, -28.752224312999903 ], [ -49.949542787, -28.752416670999903 ], [ -49.948791378, -28.7567363379999 ], [ -49.953430876, -28.758013981 ], [ -49.951110112, -28.766663372 ], [ -49.961332851, -28.772180407999894 ], [ -49.958532877, -28.776105315999903 ], [ -49.962091992, -28.779363288999896 ], [ -49.9569943119999, -28.78361072 ], [ -49.958611245, -28.792838047 ], [ -49.950558428, -28.802116468 ], [ -49.962702412999903, -28.799110438 ], [ -49.961724728, -28.806705469 ], [ -49.966144137999898, -28.821327916 ], [ -49.964254758, -28.829059639 ], [ -49.957818308, -28.829101346 ], [ -49.962390493, -28.852416631 ], [ -49.956006077, -28.8588348 ], [ -49.968715728999904, -28.869666584999905 ], [ -49.969870402, -28.876492802 ], [ -49.951531723999899, -28.870391858999898 ], [ -49.949488581, -28.875714189 ], [ -49.954195042, -28.878413221 ], [ -49.950527011, -28.880587321 ], [ -49.938348775999899, -28.872620399999988 ], [ -49.932108131999897, -28.872202869 ], [ -49.938224866, -28.879651904 ], [ -49.943589878, -28.879658345999893 ], [ -49.9504252, -28.88692872 ], [ -49.949595985, -28.8979671929999 ], [ -49.958300631, -28.902420995999893 ], [ -49.9631795889999, -28.918918851999905 ], [ -49.968725210999899, -28.922052101 ], [ -49.965086496, -28.925527875999894 ], [ -49.953322692, -28.925527783999897 ], [ -49.950425617, -28.928527528 ], [ -49.949569305, -28.935648746 ], [ -49.954326033, -28.928983934 ], [ -49.959789139, -28.935589019 ], [ -49.954699874, -28.952136116 ], [ -49.958026839999903, -28.96255149 ], [ -49.933656699, -28.965821639999895 ], [ -49.931904097, -28.963157542000012 ], [ -49.930947099, -28.975949926999899 ], [ -49.924780037999902, -28.975576945999908 ], [ -49.920241573999903, -28.978767080999894 ], [ -49.924040608, -28.983048919999902 ], [ -49.926491838999901, -28.979532241999891 ], [ -49.931095962, -28.980493188 ], [ -49.934423087, -28.985686449999896 ], [ -49.936798403, -28.979082965000011 ], [ -49.941680044999899, -28.981433728 ], [ -49.944652974, -28.989161022 ], [ -49.940463474999902, -28.991752482 ], [ -49.942430515, -29.001209376999988 ], [ -49.945420044999899, -28.99216709 ], [ -49.95915468, -29.010481233999894 ], [ -49.955857051999899, -29.011562496999908 ], [ -49.965991120999902, -29.021746293 ], [ -49.964684973, -29.023697099999904 ], [ -49.950469800999898, -29.020681056999894 ], [ -49.9498066519999, -29.024594231 ], [ -49.946773177, -29.021112619 ], [ -49.94070227, -29.022325297999899 ], [ -49.947551044, -29.02600861 ], [ -49.946938472999904, -29.031830788 ], [ -49.956286328, -29.035189602999896 ], [ -49.955346398, -29.041102242 ], [ -49.961165459, -29.043765602999901 ], [ -49.960998683, -29.050807554 ], [ -49.969759784, -29.051510876 ], [ -49.972048366, -29.056244187999905 ], [ -49.993459581, -29.064348779999897 ], [ -50.00441304600001, -29.072381591999903 ], [ -49.993992659, -29.069609896 ], [ -49.986023217, -29.072797614 ], [ -49.9849040719999, -29.070235312 ], [ -49.98827269200001, -29.068844968999908 ], [ -49.968082787, -29.065186072999897 ], [ -49.969823568, -29.069147476 ], [ -49.963830513999902, -29.065460166000012 ], [ -49.957455665999902, -29.06656507100001 ], [ -49.956942549, -29.062937376 ], [ -49.947142307, -29.059661605 ], [ -49.946188956, -29.056361423999888 ], [ -49.942132584, -29.058217892999895 ], [ -49.945068079, -29.061227938999895 ], [ -49.943259843, -29.063540730999893 ], [ -49.951743977, -29.061954876999899 ], [ -49.95247426, -29.065529486999896 ], [ -49.948798882999903, -29.068779132 ], [ -49.955973907, -29.067757614 ], [ -49.96033441, -29.070675191 ], [ -49.954772841, -29.076257835 ], [ -49.956155135, -29.0849249739999 ], [ -49.965233526, -29.081951018 ], [ -49.968259459, -29.084220485999911 ], [ -49.966762721999899, -29.096130515 ], [ -49.96299577, -29.099817460999898 ], [ -49.96975994, -29.100573161999908 ], [ -49.970231906, -29.104562766 ], [ -49.968277363, -29.11477694 ], [ -49.962602491, -29.117481231999896 ], [ -49.969221574, -29.1208383069999 ], [ -49.968932469, -29.1160249 ], [ -49.977820127, -29.118904447 ], [ -49.977429604, -29.116032533 ], [ -49.981684390999909, -29.119112549 ], [ -49.983441101, -29.116537160999897 ], [ -49.9880412159999, -29.119097806999893 ], [ -49.992604649, -29.1176649179999 ], [ -49.986476444999902, -29.126375133 ], [ -49.984317867999899, -29.136708230999893 ], [ -49.979476476999899, -29.134213764 ], [ -49.977763181999897, -29.135907759 ], [ -49.981741332, -29.139078002 ], [ -49.991265051, -29.136875226 ], [ -49.990128567999903, -29.129018772999888 ], [ -49.996802101999897, -29.131502277 ], [ -50.0016573999999, -29.127138230999904 ], [ -50.008315748, -29.127797003999891 ], [ -50.004616342, -29.120087778 ], [ -50.013418526, -29.12681959 ], [ -50.013188103999909, -29.130759509 ], [ -50.006675942999898, -29.13552126 ], [ -50.009548424999899, -29.139367085999908 ], [ -50.004912202, -29.140637135999985 ], [ -50.009126801, -29.1449580089999 ], [ -50.005877214999899, -29.150413854 ], [ -50.01067854, -29.149852672999895 ], [ -50.009543588, -29.157341328 ], [ -50.021061927999902, -29.151003456 ], [ -50.017803555999897, -29.163608258 ], [ -50.021292517999903, -29.168144082 ], [ -50.023297736, -29.163909790999984 ], [ -50.027020692, -29.164191818999893 ], [ -50.023543817, -29.166591963 ], [ -50.028750659, -29.171871758 ], [ -50.018810494, -29.1744788459999 ], [ -50.021792776, -29.177880206999895 ], [ -50.019797635, -29.179738598 ], [ -50.012931798999901, -29.180385916 ], [ -50.015158536999898, -29.186739728 ], [ -50.017479889, -29.181821995999901 ], [ -50.029782853, -29.179721314999899 ], [ -50.03339355, -29.175282355 ], [ -50.043366768999903, -29.183734404999903 ], [ -50.051831416, -29.184846434 ], [ -50.050607817, -29.179683288999986 ], [ -50.062844728, -29.185915443999903 ], [ -50.067873506, -29.195493015999887 ], [ -50.05972674, -29.175245688 ], [ -50.075322533, -29.188356249 ], [ -50.078676567999899, -29.184829496 ], [ -50.074479164, -29.180813902999898 ], [ -50.081064956, -29.182241954999906 ], [ -50.085555516999896, -29.178985748999896 ], [ -50.078016361, -29.175315756999986 ], [ -50.090073509, -29.175092365999912 ], [ -50.084326582, -29.170684668 ], [ -50.093288426, -29.171025667 ], [ -50.093422691999898, -29.167910172999896 ], [ -50.076679232999908, -29.159359940999902 ], [ -50.078321627, -29.157646429 ], [ -50.060932690999898, -29.161365477999905 ], [ -50.057155135, -29.157948958 ], [ -50.0617675559999, -29.160047768 ], [ -50.0679585399999, -29.157461982 ], [ -50.062603823, -29.155366704 ], [ -50.079821683, -29.155364771999896 ], [ -50.086286534, -29.160056500999904 ], [ -50.0996649739999, -29.159809653 ], [ -50.101935403, -29.164358759 ], [ -50.096322151, -29.166196265999897 ], [ -50.100029091, -29.173568250999899 ], [ -50.096320477999903, -29.17178619 ], [ -50.097618356999902, -29.174553917 ], [ -50.093315811, -29.177514996999896 ], [ -50.098383016999897, -29.181095216 ], [ -50.091181224, -29.179803088 ], [ -50.087631834, -29.183749502999902 ], [ -50.091230928, -29.187358028999899 ], [ -50.086402141999898, -29.188736165 ], [ -50.092000329, -29.194924252 ], [ -50.088788155, -29.191508907999903 ], [ -50.085006751, -29.192923438 ], [ -50.096901815, -29.200291781 ], [ -50.090359459999902, -29.201279681 ], [ -50.08476798600001, -29.198275364 ], [ -50.091346164999898, -29.219795464 ], [ -50.0839800319999, -29.213836429 ], [ -50.075710254999898, -29.215863498 ], [ -50.066986742, -29.213365747999912 ], [ -50.052717034999901, -29.213090211 ], [ -50.050463872, -29.213909338 ], [ -50.047848068999897, -29.217605863999896 ], [ -50.051669737999902, -29.214404543999901 ], [ -50.074063478, -29.216844734999906 ], [ -50.083766512, -29.215381782 ], [ -50.088997595, -29.223546595 ], [ -50.08413783, -29.227123698999911 ], [ -50.095156637999899, -29.237314204 ], [ -50.098569061, -29.23553419 ], [ -50.0924098899999, -29.226762419 ], [ -50.093551952, -29.22367872 ], [ -50.112691156, -29.240006839999985 ], [ -50.106017788, -29.229414918 ], [ -50.111138098, -29.228843970999904 ], [ -50.112445578999903, -29.223733093 ], [ -50.10038891100001, -29.224704951 ], [ -50.094255744999899, -29.212004688999986 ], [ -50.115523653, -29.208821085999904 ], [ -50.112816013, -29.205220922 ], [ -50.127462142999903, -29.200702750999906 ], [ -50.120367846, -29.197740000999893 ], [ -50.130066414999909, -29.195999259999986 ], [ -50.130184706, -29.198315088 ], [ -50.136502443, -29.198480452 ], [ -50.139646921, -29.192219802999894 ], [ -50.144819292, -29.197464336999907 ], [ -50.161547643999903, -29.203941933 ], [ -50.142764354999898, -29.201423073999905 ], [ -50.140253876, -29.206864109 ], [ -50.133967898, -29.207907351 ], [ -50.137058926999899, -29.212069654999905 ], [ -50.134736554, -29.21507172 ], [ -50.1434368399999, -29.21691743 ], [ -50.150668921, -29.224572727 ], [ -50.144973404, -29.223899555999907 ], [ -50.150485266, -29.226180559999904 ], [ -50.151232551, -29.230155216999897 ], [ -50.140714010999901, -29.228409493999894 ], [ -50.141082416, -29.238305832 ], [ -50.177509124, -29.248521291999985 ], [ -50.15522866100001, -29.247687513999903 ], [ -50.162105628999903, -29.252476568 ], [ -50.161245941999901, -29.254793086999896 ], [ -50.151580142999897, -29.248109491 ], [ -50.150023616999903, -29.254150208999896 ], [ -50.138753107999896, -29.253524597 ], [ -50.138963686, -29.256006989 ], [ -50.145887734, -29.258318200000012 ], [ -50.146187112999897, -29.261740695999894 ], [ -50.139826319999898, -29.266500307999898 ], [ -50.145136898, -29.267459613 ], [ -50.143458439, -29.275817657999905 ], [ -50.150482042, -29.285303997 ], [ -50.143647062999896, -29.280489456999891 ], [ -50.13963645, -29.281954776 ], [ -50.143733997, -29.284252115 ], [ -50.140369529999901, -29.289699746999911 ], [ -50.14493278, -29.293594304999907 ], [ -50.139009562999902, -29.290950184999904 ], [ -50.135932243, -29.299768628 ], [ -50.132937661, -29.29948008 ], [ -50.134066979999901, -29.302162521 ], [ -50.12873637, -29.303554251 ], [ -50.130124375, -29.285756953000011 ], [ -50.127217462, -29.281425338 ], [ -50.1230092179999, -29.281972507 ], [ -50.123703013999901, -29.287168145 ], [ -50.117110996999898, -29.29180434800001 ], [ -50.119970697, -29.296780594000012 ], [ -50.105231177999897, -29.299362815999888 ], [ -50.112493995, -29.305752234 ], [ -50.104399314, -29.306965573 ], [ -50.10174291, -29.310837370999909 ], [ -50.090654144, -29.310899302999907 ], [ -50.08756462, -29.314613215 ], [ -50.083757278, -29.31392994 ], [ -50.087745953, -29.324322754 ], [ -50.0813423929999, -29.321015246999906 ], [ -50.076167857, -29.322598415 ], [ -50.072823497999899, -29.320389123 ], [ -50.073616913, -29.32477389 ], [ -50.065772664999898, -29.321917598 ], [ -50.074467985, -29.328197062 ], [ -50.058576248999898, -29.327256341999902 ], [ -50.058150956, -29.329257988999899 ], [ -50.066481408999898, -29.33550958 ], [ -50.060204359999901, -29.335348159 ], [ -50.060488431, -29.338539242 ], [ -50.06616503, -29.339065062 ], [ -50.068745827, -29.342606608 ], [ -50.055909529, -29.339087599 ], [ -50.059468167, -29.344217096 ], [ -50.050946963999898, -29.339055765999884 ], [ -50.046775775, -29.340358565 ], [ -50.038131032, -29.348174297 ], [ -50.0410027349999, -29.355065888 ], [ -50.042158394, -29.353248449999988 ], [ -50.052850769, -29.356929098 ], [ -50.060132271, -29.36480224299989 ], [ -50.06572087, -29.363193958 ], [ -50.075453459, -29.359007151999901 ], [ -50.076373759, -29.354115217 ], [ -50.088116285999902, -29.346466971 ], [ -50.085697974, -29.342594054 ], [ -50.0916270929999, -29.340115369999985 ], [ -50.086381495999902, -29.332545069999988 ], [ -50.101645145, -29.33265668000001 ], [ -50.107206862999902, -29.336113407999989 ], [ -50.105500026, -29.328097888999899 ], [ -50.111945846, -29.330146731 ], [ -50.112471308999901, -29.326768292999905 ], [ -50.1156511, -29.327707061 ], [ -50.118821333, -29.324088926999895 ], [ -50.116779758999897, -29.336066221 ], [ -50.134378419, -29.335270409 ], [ -50.136876081, -29.338982998999899 ], [ -50.149848329999905, -29.340288858999902 ], [ -50.157226492999897, -29.337871378999989 ], [ -50.175650673, -29.349858966999903 ], [ -50.173275343999897, -29.35242627299991 ], [ -50.178694357, -29.354823698 ], [ -50.183118803999903, -29.364908612 ], [ -50.186220638999899, -29.364434131999904 ], [ -50.186490771, -29.357339845999892 ], [ -50.19469408, -29.36341256 ], [ -50.196042841999898, -29.36799586 ], [ -50.203811324999897, -29.367579399 ], [ -50.199165939999901, -29.362021765 ], [ -50.2072964709999, -29.361233511 ], [ -50.201677746, -29.354342405999905 ], [ -50.19461582, -29.352571137 ], [ -50.191769415999907, -29.341822755 ], [ -50.19754166, -29.341675842 ], [ -50.20049499, -29.337605514 ], [ -50.20765266, -29.33815443399989 ], [ -50.206122530999899, -29.330227109 ], [ -50.212598735, -29.334286677 ], [ -50.215271306, -29.332611792 ], [ -50.215473157, -29.338993417 ], [ -50.220747101, -29.342147675 ], [ -50.222487139999899, -29.339827246 ], [ -50.216312132, -29.326218358999888 ], [ -50.230926951, -29.336619067 ], [ -50.234779514, -29.334549416999895 ], [ -50.239569275, -29.336897829 ], [ -50.249253567, -29.330362056 ], [ -50.251610836999902, -29.334453827999887 ], [ -50.246420687999901, -29.339095350999987 ], [ -50.251697764, -29.340462268 ], [ -50.249253397, -29.345262537999901 ], [ -50.238285612, -29.346805041 ], [ -50.246981766, -29.351744806999893 ], [ -50.239006388, -29.353972825 ], [ -50.245663143999899, -29.362024388999902 ], [ -50.238241028999909, -29.361590593999896 ], [ -50.242158729, -29.369239818 ], [ -50.248101389999903, -29.371124067 ], [ -50.244965736, -29.37395478 ], [ -50.250121928999903, -29.379939873 ], [ -50.245192152, -29.381853404 ], [ -50.244444045, -29.377937817 ], [ -50.2387198, -29.374502527999894 ], [ -50.238337766, -29.377480422 ], [ -50.242706211, -29.379568433 ], [ -50.231640311, -29.379535474 ], [ -50.235237288999897, -29.388437564999911 ], [ -50.241043082, -29.385933624 ], [ -50.24065288, -29.382486887 ], [ -50.244379866, -29.384893554 ], [ -50.2372397399999, -29.392489323999904 ], [ -50.24009495300001, -29.395743589999892 ], [ -50.220035679, -29.389440749 ], [ -50.21330814, -29.393818774 ], [ -50.209550497, -29.393139879999989 ], [ -50.21751524, -29.401687681999892 ], [ -50.224898641, -29.400763739999899 ], [ -50.219732050999902, -29.405998837 ], [ -50.222728801, -29.409980206999901 ], [ -50.21053550300001, -29.410350278 ], [ -50.220276211999902, -29.413308887 ], [ -50.222933376, -29.417144989999908 ], [ -50.236369298999897, -29.417567425999895 ], [ -50.232359032, -29.415345155999891 ], [ -50.234994668999903, -29.413020205999906 ], [ -50.241846780999907, -29.416526556999898 ], [ -50.246289879, -29.407253397 ], [ -50.246363285, -29.41061116 ], [ -50.249772821, -29.411279900999894 ], [ -50.243338363, -29.422809708999988 ], [ -50.238679723, -29.422826789999899 ], [ -50.240903762, -29.426712599 ], [ -50.230988555, -29.433128575999902 ], [ -50.231915844, -29.435453453999987 ], [ -50.22424476, -29.430869714 ], [ -50.222046191999901, -29.432178298999894 ], [ -50.226555451, -29.439806256999891 ], [ -50.223970661, -29.4415008 ], [ -50.231412269, -29.443449660999903 ], [ -50.223403861, -29.444022006999898 ], [ -50.225125336, -29.451749788 ], [ -50.215527548, -29.440706441 ], [ -50.205807294, -29.441814093999898 ], [ -50.217705912, -29.452469656999902 ], [ -50.209484189, -29.451731213999899 ], [ -50.211540436, -29.460664133 ], [ -50.203259475, -29.454368492999894 ], [ -50.207015463999902, -29.462417774 ], [ -50.203713937, -29.463162601 ], [ -50.204410374, -29.466710369999891 ], [ -50.219200000999898, -29.477275756 ], [ -50.2189830149999, -29.481464364 ], [ -50.213370473999902, -29.4770431009999 ], [ -50.201227564, -29.477605507 ], [ -50.199474444, -29.48390238 ], [ -50.193005603, -29.484612266999896 ], [ -50.188080257, -29.488908712 ], [ -50.188515873, -29.483562635999903 ], [ -50.183132633999897, -29.477922695 ], [ -50.167495163999902, -29.473980605999891 ], [ -50.166337328999902, -29.463375450999912 ], [ -50.161381677999898, -29.46979333 ], [ -50.151000888999903, -29.474455395999904 ], [ -50.164169789, -29.475789708 ], [ -50.1749689379999, -29.482427147 ], [ -50.182274115, -29.489852116999902 ], [ -50.17719563, -29.488946897999899 ], [ -50.189316410999901, -29.505792398 ], [ -50.184683662999902, -29.506595884 ], [ -50.183876137, -29.513682748999891 ], [ -50.179202215, -29.519468305 ], [ -50.171294573999909, -29.521639911 ], [ -50.168007572, -29.535132996999891 ], [ -50.174708277, -29.5331424419999 ], [ -50.174821262, -29.529458046999885 ], [ -50.178490086999901, -29.532679351999903 ], [ -50.184797280999902, -29.531110505 ], [ -50.186189902, -29.5247525149999 ], [ -50.189750661999909, -29.524533403 ], [ -50.192421609999897, -29.519661807 ], [ -50.196617150999899, -29.521574063999903 ], [ -50.197683645, -29.516489501 ], [ -50.20940731, -29.519254730999901 ], [ -50.207069121, -29.516060242 ], [ -50.20960142, -29.513754219999985 ], [ -50.210579732, -29.515761868 ], [ -50.231748883, -29.512167682 ], [ -50.200513762999897, -29.497844996 ], [ -50.201183718, -29.495036507999899 ], [ -50.215132452, -29.496884043 ], [ -50.219594182, -29.492749342 ], [ -50.223406106, -29.494664165 ], [ -50.226625387, -29.49255856 ], [ -50.229624658, -29.494697093 ], [ -50.247223189, -29.494616122 ], [ -50.251740952, -29.491033413 ], [ -50.251295054, -29.500082248 ], [ -50.262648802999898, -29.495152973 ], [ -50.264285979, -29.490021823999893 ], [ -50.271707621, -29.490827102 ], [ -50.274008097, -29.483648374 ], [ -50.279023112999901, -29.495017526 ], [ -50.279121558, -29.507096119 ], [ -50.292022902, -29.506652043 ], [ -50.293254125, -29.501376440999898 ], [ -50.289677513, -29.496397584 ], [ -50.291179601, -29.494061248 ], [ -50.296821862999899, -29.494702464999907 ], [ -50.294736245, -29.485437552 ], [ -50.286970093, -29.483767394 ], [ -50.285448035999899, -29.478706444 ], [ -50.2797042669999, -29.477558245 ], [ -50.278026344, -29.473638837 ], [ -50.273230161, -29.479639597999892 ], [ -50.268971657, -29.477108949 ], [ -50.265786374999898, -29.454932067 ], [ -50.269391554, -29.465133288999908 ], [ -50.273658472, -29.468295551 ], [ -50.272675569999898, -29.462817476999891 ], [ -50.293922244, -29.468197926 ], [ -50.283361032, -29.458981271999988 ], [ -50.28569293, -29.4577321199999 ], [ -50.283339954, -29.451915686999904 ], [ -50.292499377999903, -29.459444776999892 ], [ -50.296069708999902, -29.459311308999897 ], [ -50.296839889999902, -29.455346972 ], [ -50.288894574, -29.445659943999893 ], [ -50.295874737, -29.450190614999904 ], [ -50.29504337, -29.442959926999904 ], [ -50.298974012, -29.440652500999906 ], [ -50.297481106, -29.446325567 ], [ -50.302158215, -29.447887561 ], [ -50.309187189999903, -29.444679259999898 ], [ -50.311894055, -29.449090118999909 ], [ -50.315983197, -29.444424104999893 ], [ -50.311410369, -29.437770096999888 ], [ -50.313220863, -29.435149763 ], [ -50.317334133, -29.440798125 ], [ -50.326386601, -29.441241874 ], [ -50.314777947, -29.457668624 ], [ -50.325217993706403, -29.459034094238394 ], [ -50.327439147406501, -29.461541848415905 ], [ -50.320002448, -29.4603313759999 ], [ -50.31514784, -29.474970637 ], [ -50.318160892, -29.472740800999905 ], [ -50.334841395, -29.479487994999904 ], [ -50.337375199, -29.487721747 ], [ -50.357277477, -29.498677669 ], [ -50.369254538, -29.498636328 ], [ -50.370844688, -29.504159034999905 ], [ -50.380099891, -29.5091169949999 ], [ -50.399055082, -29.514035091 ], [ -50.405557791, -29.518894681999903 ], [ -50.420815551, -29.518069339 ], [ -50.432887567, -29.537257625999903 ], [ -50.552758864999902, -29.538637004999895 ], [ -50.572498181999897, -29.552563645999989 ], [ -50.60236751, -29.551816041999885 ], [ -50.610335812, -29.55731660299989 ], [ -50.623296608, -29.557262345 ], [ -50.629496435, -29.560701640999987 ], [ -50.651152539, -29.502480165 ], [ -50.65466832, -29.505988169 ], [ -50.660714664999908, -29.506460304 ], [ -50.673566005999902, -29.489216103999986 ], [ -50.67353272, -29.470304808 ], [ -50.688145786, -29.483556871 ], [ -50.688170834999902, -29.474453723 ], [ -50.697037728999902, -29.467292143 ], [ -50.715475789, -29.455171865 ], [ -50.728269703, -29.454212534 ], [ -50.721497171, -29.441138461 ], [ -50.704740801, -29.424534166999905 ], [ -50.704516379, -29.41839356 ], [ -50.684438768999897, -29.407653739 ], [ -50.688189754999897, -29.403558626999907 ], [ -50.721796815999909, -29.404084296999905 ], [ -50.725169696, -29.4081531809999 ], [ -50.733773764, -29.409786564999894 ], [ -50.735047413, -29.414760213 ], [ -50.74504125, -29.413226989999885 ], [ -50.75601577, -29.416698971999896 ], [ -50.763899165999909, -29.412993175999912 ], [ -50.767387791, -29.41584296 ], [ -50.772222121, -29.414344109 ], [ -50.768161666, -29.418605682 ], [ -50.771128658999899, -29.421107304 ], [ -50.769281408, -29.426625294 ], [ -50.772541615, -29.425897705 ], [ -50.767420967, -29.433952788999893 ], [ -50.767311579, -29.438614007 ], [ -50.770611613, -29.44094311 ], [ -50.78846327, -29.438961441999894 ], [ -50.834635823, -29.475828657 ], [ -50.846405622, -29.473394546999895 ], [ -50.8547529699999, -29.477805411 ], [ -50.868347464, -29.476351462 ], [ -50.891227257, -29.495900822999911 ], [ -50.9103024469999, -29.501646493999903 ], [ -50.909732248, -29.450948802 ], [ -50.916252089999901, -29.440843167 ], [ -50.928428786, -29.438296815999909 ], [ -50.9399315329999, -29.424547262 ], [ -50.956780320999897, -29.425372495999987 ], [ -50.981324468, -29.390400724999889 ], [ -50.991050554, -29.387216226 ], [ -50.993173761, -29.402079897 ], [ -51.002690685999902, -29.414891253 ], [ -51.0042199439999, -29.424335239 ], [ -51.009479652, -29.427624255999891 ], [ -51.012011456, -29.426323404999891 ], [ -51.019639878, -29.436973877 ], [ -51.042499901, -29.439440963 ], [ -51.008402081, -29.445899912999899 ], [ -51.012456399, -29.476040168999909 ], [ -51.077551618, -29.465167972 ], [ -51.078803611999902, -29.480047773999985 ], [ -51.106126302, -29.47694956 ], [ -51.112468989, -29.510743127999898 ], [ -51.146433224, -29.505839036999902 ], [ -51.144379369, -29.497531935 ], [ -51.164214586999897, -29.498930596 ], [ -51.174664779, -29.492160914 ], [ -51.177808517, -29.494106937999987 ], [ -51.179939170999901, -29.490064127 ], [ -51.173663857999898, -29.485489469 ], [ -51.168590578, -29.435426696 ], [ -51.178866276999898, -29.429115145 ], [ -51.185218463999902, -29.429079021999897 ], [ -51.181577769999897, -29.422761157 ], [ -51.191834496999903, -29.416535557 ], [ -51.189180553, -29.410277436999902 ], [ -51.206834179999902, -29.407746048000011 ], [ -51.226143774, -29.393084647 ], [ -51.22629463, -29.389881584 ], [ -51.221063134, -29.386692750999902 ], [ -51.223580081, -29.374911246 ], [ -51.209525831, -29.374297138 ], [ -51.20765972, -29.368910566 ], [ -51.2122985029999, -29.358571186999896 ], [ -51.219344269, -29.355442501 ], [ -51.224156116, -29.346550636 ], [ -51.237467627999898, -29.341647668000018 ], [ -51.216522892999897, -29.336652311 ], [ -51.262744740999899, -29.295137951 ], [ -51.278426136999897, -29.294942386999892 ], [ -51.279811494999898, -29.29957447 ], [ -51.276909025, -29.304194987 ], [ -51.259880831, -29.308847525 ], [ -51.258405658999905, -29.311492471999891 ], [ -51.269859442, -29.312815269999895 ], [ -51.28283499, -29.318579880999902 ], [ -51.298716133, -29.317580066999898 ], [ -51.304308665999898, -29.322976798 ], [ -51.336453661999897, -29.332969287999987 ], [ -51.3526595986187, -29.333120248560899 ], [ -51.350500604366999, -29.351857060318498 ], [ -51.532558446756703, -29.350458969663809 ], [ -51.535458133637199, -29.355897043743195 ], [ -51.551971617067402, -29.355336184069792 ], [ -51.56350438024181, -29.358083297339284 ], [ -51.560978943374302, -29.374177202232595 ], [ -51.575726882016205, -29.382442967018999 ], [ -51.589442832908702, -29.375503711863693 ], [ -51.616802277184597, -29.377884984034296 ], [ -51.610526562352298, -29.400805195180617 ], [ -51.657530402, -29.399303453 ], [ -51.669457576999903, -29.418293123999899 ], [ -51.680334305, -29.413407519 ], [ -51.691229480999901, -29.423525458 ], [ -51.691079891, -29.371372707 ], [ -51.727454108, -29.369405356 ] ] ] } },
{ "type": "Feature", "properties": { "regiao_funcional": "RF4 · Litoral", "regiao_funcional_id": 4, "municipios": 21, "area_km2": 7092.4014781294018, "partes": 2, "maior_parte_%": 99.999670912345451 }, "geometry": { "type": "MultiPolygon", "coordinates": [ [ [ [ -50.757071069999903, -31.096507333 ], [ -50.842132405, -31.190025528 ], [ -50.962253027, -31.183249406 ], [ -50.985618088, -31.206240521 ], [ -51.028367867, -31.179174299 ], [ -51.034301157999906, -31.17937726 ], [ -51.033662372, -31.174922353999889 ], [ -51.052402519999902, -31.16402076299989 ], [ -51.087447655999902, -31.160060756999897 ], [ -51.084635643, -31.156390008 ], [ -51.117195829, -31.150763976 ], [ -51.125247903999899, -31.133903822 ], [ -51.122717644, -31.129038127999895 ], [ -51.127215169, -31.123154151999987 ], [ -51.178994155999902, -31.134196338 ], [ -51.180130256, -31.103288783 ], [ -51.1768911509999, -31.079768041 ], [ -51.165500118, -31.061948534999896 ], [ -51.164360068, -31.069528874999904 ], [ -51.166433444999903, -31.068325025 ], [ -51.1626912199999, -31.075424512 ], [ -51.14912155, -31.087502925 ], [ -51.12465258, -31.098174458 ], [ -51.103615485, -31.0993804669999 ], [ -51.091205187, -31.093535980999892 ], [ -51.048529836999897, -31.06159242 ], [ -51.023703992, -31.051536331 ], [ -50.9949516779999, -31.048103178 ], [ -50.980558237, -31.041051357 ], [ -50.972393535, -31.0329255239999 ], [ -50.96446872300001, -31.016059863999899 ], [ -50.956985582, -31.009565323999894 ], [ -50.952513500999899, -30.982084788999899 ], [ -50.952165136, -30.954869905 ], [ -50.966454343, -30.908855543999898 ], [ -50.966763559999897, -30.896107458 ], [ -50.9415288289999, -30.90397863 ], [ -50.919638944, -30.906387316 ], [ -50.895123156, -30.899730287 ], [ -50.882341926, -30.891587851999898 ], [ -50.856929857, -30.865411891999898 ], [ -50.831461017, -30.853024854999891 ], [ -50.823403, -30.852182269000011 ], [ -50.819360517, -30.840563377 ], [ -50.790483474, -30.829396528 ], [ -50.762109046, -30.823159873 ], [ -50.744463805999899, -30.812286602 ], [ -50.7207657, -30.779748255 ], [ -50.717021374999902, -30.766669731 ], [ -50.713858581, -30.766228301 ], [ -50.701987433999903, -30.746327210999894 ], [ -50.700260742, -30.733212116999905 ], [ -50.690115939999899, -30.706924307999902 ], [ -50.683275285, -30.663600452 ], [ -50.679541506, -30.609172518 ], [ -50.684044506, -30.529206121999902 ], [ -50.700513052, -30.424762646 ], [ -50.724777876, -30.383973606 ], [ -50.72949418, -30.368137279999896 ], [ -50.721924328999897, -30.36395226 ], [ -50.71754034500001, -30.351986365999899 ], [ -50.708455953999902, -30.35386277 ], [ -50.705584879999897, -30.347630926 ], [ -50.699101496, -30.345990314999902 ], [ -50.69892148, -30.350109286 ], [ -50.686698256999897, -30.356837816999903 ], [ -50.679627038, -30.368818073999893 ], [ -50.648749979999899, -30.391322782 ], [ -50.647879691999897, -30.3954653229999 ], [ -50.643441884, -30.395919292 ], [ -50.641233907999897, -30.392909088999911 ], [ -50.644792668, -30.388204706 ], [ -50.641218583999901, -30.386699748999895 ], [ -50.63459863, -30.39324141 ], [ -50.623994629, -30.392101953999902 ], [ -50.635298385999903, -30.387379457 ], [ -50.631258754, -30.38655354 ], [ -50.630182493999897, -30.383097345999897 ], [ -50.637920662999903, -30.378931571 ], [ -50.6321162899999, -30.374885112 ], [ -50.630583499999901, -30.367629984999986 ], [ -50.635617023, -30.341003077999986 ], [ -50.63257221, -30.332513994999896 ], [ -50.625066454, -30.328410064 ], [ -50.626419800999898, -30.34369013 ], [ -50.620663298, -30.356773308 ], [ -50.593358174999899, -30.394166269 ], [ -50.593098814, -30.400342166 ], [ -50.603938391, -30.399597613 ], [ -50.611751431, -30.405267407999894 ], [ -50.616106492, -30.404332924999899 ], [ -50.621977269999903, -30.412159991 ], [ -50.633294342999903, -30.406183558999903 ], [ -50.650184152999898, -30.413571745999892 ], [ -50.656430566, -30.426257776999904 ], [ -50.654407106999898, -30.442961797999896 ], [ -50.640415494, -30.463397023 ], [ -50.611097904, -30.485710938 ], [ -50.59713827600001, -30.4908859939999 ], [ -50.582661198, -30.490135548 ], [ -50.574420037, -30.481475761 ], [ -50.571326188999898, -30.471059071999893 ], [ -50.574501247999898, -30.464323572 ], [ -50.568671281, -30.458420578999892 ], [ -50.565609456999901, -30.448012749999986 ], [ -50.567039198, -30.429701866999899 ], [ -50.562923939, -30.409688785 ], [ -50.5674667769999, -30.395712605 ], [ -50.565637061, -30.387912017 ], [ -50.55365907999991, -30.371572805 ], [ -50.551070281, -30.366428775 ], [ -50.553425309, -30.364121455 ], [ -50.549578709999899, -30.363917337 ], [ -50.545316332, -30.355979380999909 ], [ -50.543696712, -30.342150304000011 ], [ -50.546262581, -30.331224636999895 ], [ -50.555765463999897, -30.320112892999905 ], [ -50.543012059, -30.299922414 ], [ -50.543833166, -30.28195426500001 ], [ -50.537779557, -30.273866222 ], [ -50.542626344, -30.2523344109999 ], [ -50.549755483, -30.251710144999905 ], [ -50.54925767, -30.248973457 ], [ -50.553528614999898, -30.252017553 ], [ -50.560468789, -30.251681544999901 ], [ -50.568281202, -30.246591301 ], [ -50.570766244, -30.241158586999987 ], [ -50.573077435, -30.243026932 ], [ -50.577391094999903, -30.235355314999904 ], [ -50.575623387999897, -30.233162361 ], [ -50.59050546, -30.212547566999891 ], [ -50.596492337, -30.194944141999898 ], [ -50.601946372, -30.192231963 ], [ -50.598227848, -30.196015685 ], [ -50.604319236, -30.19564794 ], [ -50.612897588, -30.200013675 ], [ -50.620819581, -30.198406254 ], [ -50.621493730999902, -30.119873863 ], [ -50.631104826999902, -30.072999310999897 ], [ -50.635094523, -30.067852156999905 ], [ -50.6346578019999, -30.058351991999903 ], [ -50.63561515, -30.055477846 ], [ -50.645871958, -30.060820425 ], [ -50.651214694, -30.060109998 ], [ -50.658063873999907, -30.04672548 ], [ -50.6510113309999, -30.041724219999903 ], [ -50.456568299, -30.051718837 ], [ -50.458101448, -30.036900634999888 ], [ -50.465084463, -30.028553567999897 ], [ -50.459616227, -30.023249872 ], [ -50.459533871, -30.016759696 ], [ -50.417945916999898, -29.982836029999891 ], [ -50.408303230999898, -29.979409569 ], [ -50.399150822, -29.971725014 ], [ -50.386096892999902, -29.884895773 ], [ -50.372637000999902, -29.884051977 ], [ -50.372476440999897, -29.858268732999903 ], [ -50.375009765, -29.861028318 ], [ -50.412516109, -29.833345874 ], [ -50.4200269, -29.830780828999892 ], [ -50.420540914999897, -29.821887902999901 ], [ -50.427256612999905, -29.817116283 ], [ -50.434257665, -29.816732884 ], [ -50.434826633999897, -29.805697255 ], [ -50.439479096, -29.805768448 ], [ -50.445852391, -29.799588727 ], [ -50.450188325999903, -29.803190217 ], [ -50.458591386, -29.801138810999898 ], [ -50.460954471, -29.794428228 ], [ -50.467531381999905, -29.792784296 ], [ -50.473781608, -29.786880089 ], [ -50.4794598, -29.789573682 ], [ -50.484590136, -29.786877365999903 ], [ -50.475496408, -29.782092306 ], [ -50.465446915, -29.785738523999989 ], [ -50.463861659, -29.78406582 ], [ -50.467245652, -29.772214534999893 ], [ -50.458873028, -29.766193137 ], [ -50.453230671, -29.765848374 ], [ -50.439655246, -29.752312432999901 ], [ -50.434495081, -29.751080438 ], [ -50.434785766999902, -29.741999237 ], [ -50.425605759999897, -29.737951386 ], [ -50.422974075999903, -29.733749100999905 ], [ -50.425512167, -29.726895171 ], [ -50.410477345999901, -29.7073646969999 ], [ -50.399827980999902, -29.707341839 ], [ -50.383256668999898, -29.719296147 ], [ -50.358637807, -29.715767174 ], [ -50.355510105999898, -29.703382486999896 ], [ -50.343454408, -29.698614012999901 ], [ -50.336670032, -29.700645533999907 ], [ -50.332216316, -29.682932922 ], [ -50.321043307, -29.682453236 ], [ -50.313765141026899, -29.6745772702868 ], [ -50.314637704623699, -29.663236169454098 ], [ -50.321012761107397, -29.656271242171702 ], [ -50.335605942080498, -29.662793209873207 ], [ -50.338085625363597, -29.654123222092498 ], [ -50.340899197778199, -29.653304080756705 ], [ -50.346357172113997, -29.658058661988907 ], [ -50.345974312576601, -29.662644072727794 ], [ -50.350408360242596, -29.661753701710502 ], [ -50.353738347847198, -29.653428732699101 ], [ -50.350421781257999, -29.641089638807998 ], [ -50.359937556054902, -29.632035343081593 ], [ -50.342602032348701, -29.619071541070188 ], [ -50.345179656443598, -29.615732649755405 ], [ -50.341408935185498, -29.612834492094198 ], [ -50.343296521742097, -29.608329214746789 ], [ -50.336502990880398, -29.6070025619311 ], [ -50.3308268756453, -29.602056550930204 ], [ -50.34546457516921, -29.598512874281408 ], [ -50.348865792455101, -29.588950289555896 ], [ -50.3262704019644, -29.587630314522805 ], [ -50.336892528200401, -29.583712682046798 ], [ -50.343605925670701, -29.585796150227186 ], [ -50.343303199524804, -29.582216858737802 ], [ -50.348129010438399, -29.578601952407698 ], [ -50.352407243176401, -29.566029913643902 ], [ -50.351556938854799, -29.558127870865594 ], [ -50.355625934403697, -29.551445636381004 ], [ -50.3409615237493, -29.544442868330201 ], [ -50.340275938066, -29.535156298620002 ], [ -50.344896963645603, -29.525789595518312 ], [ -50.355189652605198, -29.526225877316804 ], [ -50.356872453827897, -29.5230650602055 ], [ -50.355145134054403, -29.503303275477197 ], [ -50.3350765819999, -29.485458629999986 ], [ -50.335054395, -29.479621119999905 ], [ -50.318160892, -29.472740800999905 ], [ -50.314974778, -29.474762074999902 ], [ -50.320002448, -29.4603313759999 ], [ -50.327414069864702, -29.461652906100902 ], [ -50.314736264, -29.457399307999886 ], [ -50.326300348, -29.441013897999902 ], [ -50.317334133, -29.440798125 ], [ -50.313220863, -29.435149763 ], [ -50.311410369, -29.437770096999888 ], [ -50.315983197, -29.444424104999893 ], [ -50.311894055, -29.449090118999909 ], [ -50.309187189999903, -29.444679259999898 ], [ -50.302158215, -29.447887561 ], [ -50.297481106, -29.446325567 ], [ -50.298974012, -29.440652500999906 ], [ -50.29504337, -29.442959926999904 ], [ -50.295874737, -29.450190614999904 ], [ -50.288951152, -29.445610022 ], [ -50.296897191, -29.458478462 ], [ -50.292499377999903, -29.459444776999892 ], [ -50.283588452999901, -29.451771468999898 ], [ -50.285690711, -29.457991713 ], [ -50.283314437999898, -29.4588725529999 ], [ -50.291519346, -29.463713847999895 ], [ -50.293571683, -29.468308862999908 ], [ -50.272675569999898, -29.462817476999891 ], [ -50.273658472, -29.468295551 ], [ -50.269391554, -29.465133288999908 ], [ -50.265884, -29.454603693 ], [ -50.268971657, -29.477108949 ], [ -50.273230161, -29.479639597999892 ], [ -50.278026344, -29.473638837 ], [ -50.2797042669999, -29.477558245 ], [ -50.285448035999899, -29.478706444 ], [ -50.286970093, -29.483767394 ], [ -50.294736245, -29.485437552 ], [ -50.296821862999899, -29.494702464999907 ], [ -50.291179601, -29.494061248 ], [ -50.289677513, -29.496397584 ], [ -50.293254125, -29.501376440999898 ], [ -50.292022902, -29.506652043 ], [ -50.279121558, -29.507096119 ], [ -50.279023112999901, -29.495017526 ], [ -50.274008097, -29.483648374 ], [ -50.271707621, -29.490827102 ], [ -50.264285979, -29.490021823999893 ], [ -50.262648802999898, -29.495152973 ], [ -50.251295054, -29.500082248 ], [ -50.251740952, -29.491033413 ], [ -50.247223189, -29.494616122 ], [ -50.229624658, -29.494697093 ], [ -50.226625387, -29.49255856 ], [ -50.223406106, -29.494664165 ], [ -50.219594182, -29.492749342 ], [ -50.215132452, -29.496884043 ], [ -50.201183718, -29.495036507999899 ], [ -50.200513762999897, -29.497844996 ], [ -50.231748883, -29.512167682 ], [ -50.210579732, -29.515761868 ], [ -50.20960142, -29.513754219999985 ], [ -50.207069121, -29.516060242 ], [ -50.20940731, -29.519254730999901 ], [ -50.197683645, -29.516489501 ], [ -50.196617150999899, -29.521574063999903 ], [ -50.192421609999897, -29.519661807 ], [ -50.189750661999909, -29.524533403 ], [ -50.186189902, -29.5247525149999 ], [ -50.184797280999902, -29.531110505 ], [ -50.178490086999901, -29.532679351999903 ], [ -50.174821262, -29.529458046999885 ], [ -50.174708277, -29.5331424419999 ], [ -50.168007572, -29.535132996999891 ], [ -50.171294573999909, -29.521639911 ], [ -50.179202215, -29.519468305 ], [ -50.183876137, -29.513682748999891 ], [ -50.184683662999902, -29.506595884 ], [ -50.189316410999901, -29.505792398 ], [ -50.17719563, -29.488946897999899 ], [ -50.182274115, -29.489852116999902 ], [ -50.1749689379999, -29.482427147 ], [ -50.164169789, -29.475789708 ], [ -50.151000888999903, -29.474455395999904 ], [ -50.161381677999898, -29.46979333 ], [ -50.166337328999902, -29.463375450999912 ], [ -50.167495163999902, -29.473980605999891 ], [ -50.183132633999897, -29.477922695 ], [ -50.188515873, -29.483562635999903 ], [ -50.188080257, -29.488908712 ], [ -50.193005603, -29.484612266999896 ], [ -50.199474444, -29.48390238 ], [ -50.201227564, -29.477605507 ], [ -50.213370473999902, -29.4770431009999 ], [ -50.219011665, -29.481424166999897 ], [ -50.219200000999898, -29.477275756 ], [ -50.204410374, -29.466710369999891 ], [ -50.203713937, -29.463162601 ], [ -50.207015463999902, -29.462417774 ], [ -50.203259475, -29.454368492999894 ], [ -50.211540436, -29.460664133 ], [ -50.209484189, -29.451731213999899 ], [ -50.217705912, -29.452469656999902 ], [ -50.205807294, -29.441814093999898 ], [ -50.215527548, -29.440706441 ], [ -50.225125336, -29.451749788 ], [ -50.223403861, -29.444022006999898 ], [ -50.231412269, -29.443449660999903 ], [ -50.223970661, -29.4415008 ], [ -50.226555451, -29.439806256999891 ], [ -50.222046191999901, -29.432178298999894 ], [ -50.22424476, -29.430869714 ], [ -50.231915844, -29.435453453999987 ], [ -50.230988555, -29.433128575999902 ], [ -50.240903762, -29.426712599 ], [ -50.238679723, -29.422826789999899 ], [ -50.243338363, -29.422809708999988 ], [ -50.249772821, -29.411279900999894 ], [ -50.246363285, -29.41061116 ], [ -50.246289879, -29.407253397 ], [ -50.241846780999907, -29.416526556999898 ], [ -50.234994668999903, -29.413020205999906 ], [ -50.232359032, -29.415345155999891 ], [ -50.236369298999897, -29.417567425999895 ], [ -50.222933376, -29.417144989999908 ], [ -50.220276211999902, -29.413308887 ], [ -50.21053550300001, -29.410350278 ], [ -50.222728801, -29.409980206999901 ], [ -50.219732050999902, -29.405998837 ], [ -50.224898641, -29.400763739999899 ], [ -50.21751524, -29.401687681999892 ], [ -50.209550497, -29.393139879999989 ], [ -50.21330814, -29.393818774 ], [ -50.220035679, -29.389440749 ], [ -50.24009495300001, -29.395743589999892 ], [ -50.2372397399999, -29.392489323999904 ], [ -50.244379866, -29.384893554 ], [ -50.24065288, -29.382486887 ], [ -50.241043082, -29.385933624 ], [ -50.235237288999897, -29.388437564999911 ], [ -50.231640311, -29.379535474 ], [ -50.242706211, -29.379568433 ], [ -50.238337766, -29.377480422 ], [ -50.2387198, -29.374502527999894 ], [ -50.244444045, -29.377937817 ], [ -50.245192152, -29.381853404 ], [ -50.250121928999903, -29.379939873 ], [ -50.244965736, -29.37395478 ], [ -50.248101389999903, -29.371124067 ], [ -50.242158729, -29.369239818 ], [ -50.238241028999909, -29.361590593999896 ], [ -50.245751706, -29.361843409999892 ], [ -50.239006388, -29.353972825 ], [ -50.246981766, -29.351744806999893 ], [ -50.238285612, -29.346805041 ], [ -50.249253397, -29.345262537999901 ], [ -50.251697764, -29.340462268 ], [ -50.246407749999896, -29.339372274 ], [ -50.251610836999902, -29.334453827999887 ], [ -50.249743427999903, -29.330450775 ], [ -50.239569275, -29.336897829 ], [ -50.234779514, -29.334549416999895 ], [ -50.230926951, -29.336619067 ], [ -50.216312132, -29.326218358999888 ], [ -50.221063156, -29.342159072 ], [ -50.215473157, -29.338993417 ], [ -50.215271306, -29.332611792 ], [ -50.212598735, -29.334286677 ], [ -50.206122530999899, -29.330227109 ], [ -50.20765266, -29.33815443399989 ], [ -50.20049499, -29.337605514 ], [ -50.19754166, -29.341675842 ], [ -50.191782701, -29.341652262 ], [ -50.19461582, -29.352571137 ], [ -50.201677746, -29.354342405999905 ], [ -50.207368715, -29.361415806 ], [ -50.199316505999903, -29.361906626999893 ], [ -50.204193519999897, -29.367318831 ], [ -50.196331767999901, -29.368084236 ], [ -50.186490771, -29.357339845999892 ], [ -50.186220638999899, -29.364434131999904 ], [ -50.1830107769999, -29.364836306 ], [ -50.178694357, -29.354823698 ], [ -50.173275343999897, -29.35242627299991 ], [ -50.175650673, -29.349858966999903 ], [ -50.157226492999897, -29.337871378999989 ], [ -50.149848329999905, -29.340288858999902 ], [ -50.136876081, -29.338982998999899 ], [ -50.134378419, -29.335270409 ], [ -50.116409112, -29.335869005999907 ], [ -50.118659890999901, -29.324092005999905 ], [ -50.1156511, -29.327707061 ], [ -50.112471308999901, -29.326768292999905 ], [ -50.111945846, -29.330146731 ], [ -50.105500026, -29.328097888999899 ], [ -50.107206862999902, -29.336113407999989 ], [ -50.101645145, -29.33265668000001 ], [ -50.086381495999902, -29.332545069999988 ], [ -50.0916270929999, -29.340115369999985 ], [ -50.085697974, -29.342594054 ], [ -50.088116285999902, -29.346466971 ], [ -50.076373759, -29.354115217 ], [ -50.075453459, -29.359007151999901 ], [ -50.060132271, -29.36480224299989 ], [ -50.053411169, -29.357232745 ], [ -50.042158394, -29.353248449999988 ], [ -50.040086134, -29.354814007 ], [ -50.03369707, -29.349846533999905 ], [ -50.063508283, -29.311410818999903 ], [ -50.072036523999898, -29.310313787 ], [ -50.092448329, -29.29757904 ], [ -50.091987618, -29.293926810999899 ], [ -50.099591705, -29.288401178999898 ], [ -50.100755977999903, -29.283923791999904 ], [ -50.109179453, -29.279675016999896 ], [ -50.115482692999898, -29.262280448 ], [ -50.114324175, -29.257617782999898 ], [ -50.107470314999901, -29.257338521 ], [ -50.107648683, -29.253499127999895 ], [ -50.101370523, -29.255862669 ], [ -50.09473502, -29.251381626 ], [ -50.087873999, -29.254014873 ], [ -50.083374654, -29.250248163 ], [ -50.071369632, -29.248716948 ], [ -50.068479985, -29.245408847 ], [ -50.065340093, -29.249580388 ], [ -50.062972261, -29.242146531999907 ], [ -50.041787432, -29.240425682 ], [ -50.036546707999896, -29.237846240999897 ], [ -50.034825571999903, -29.232808912999904 ], [ -50.009932219999904, -29.225409539999902 ], [ -49.996585234, -29.228262264 ], [ -49.969281885, -29.211780104999907 ], [ -49.97055502099991, -29.202967037 ], [ -49.964766375, -29.199343977999892 ], [ -49.945522748, -29.201448673000012 ], [ -49.942815016999901, -29.205579982 ], [ -49.935234634, -29.208315091 ], [ -49.924994058, -29.206191443 ], [ -49.912866025, -29.207942817999893 ], [ -49.9030072259999, -29.214877338 ], [ -49.898035332999903, -29.214116278999903 ], [ -49.890620676, -29.219347938999892 ], [ -49.87840399000001, -29.221422189 ], [ -49.877488405, -29.225037556 ], [ -49.869235445999898, -29.224438824999893 ], [ -49.857103650999903, -29.233058361 ], [ -49.857425813, -29.245170867999896 ], [ -49.852615817999897, -29.244412745 ], [ -49.848737989, -29.247281518 ], [ -49.849245781, -29.250480287999903 ], [ -49.85313195, -29.24990007 ], [ -49.855072138, -29.256855991 ], [ -49.841728300999897, -29.2605306459999 ], [ -49.845003607, -29.268408044999894 ], [ -49.843022493, -29.271898461 ], [ -49.847923454999901, -29.272665201999899 ], [ -49.843508224999901, -29.277842018999898 ], [ -49.840680135, -29.276493129 ], [ -49.838619676999897, -29.279258911999893 ], [ -49.836824263, -29.274773958 ], [ -49.833013045, -29.277216430999893 ], [ -49.829163379, -29.275981225 ], [ -49.817379791999898, -29.285653802999899 ], [ -49.811735751999898, -29.283746302999905 ], [ -49.809899198, -29.286803636999899 ], [ -49.795634889, -29.2894509079999 ], [ -49.790542186, -29.285884731 ], [ -49.779121007999898, -29.291264121 ], [ -49.775929726999898, -29.297409931999905 ], [ -49.767758006, -29.299882447999892 ], [ -49.742097391999899, -29.298820336999896 ], [ -49.738792261, -29.301553363 ], [ -49.742430731999903, -29.301681241 ], [ -49.740620346, -29.306713643 ], [ -49.744643289, -29.307268074 ], [ -49.743589485, -29.311485395 ], [ -49.737509206, -29.315042591999894 ], [ -49.7366018069999, -29.309903902 ], [ -49.730051805999899, -29.317111106 ], [ -49.743563643999899, -29.319717336999897 ], [ -49.746677437999899, -29.3241216979999 ], [ -49.745415115, -29.328009651999896 ], [ -49.741740578, -29.329016396999986 ], [ -49.736264945999899, -29.325155279999901 ], [ -49.73044778, -29.329119922 ], [ -49.7224907, -29.326332981999897 ], [ -49.712769416, -29.327278318 ], [ -49.730138084, -29.349773024999905 ], [ -49.73086606, -29.357332927999902 ], [ -49.739384228999903, -29.363159094 ], [ -49.828552599, -29.475768893 ], [ -49.911589981, -29.590778435999891 ], [ -49.976397545999902, -29.697150948999898 ], [ -50.052783078999909, -29.838302074999902 ], [ -50.119378614, -29.976423444999988 ], [ -50.15796922, -30.066518134 ], [ -50.304050834999899, -30.442389071 ], [ -50.340097729, -30.511192564999902 ], [ -50.37397999, -30.562891595999901 ], [ -50.464910195999899, -30.6807061969999 ], [ -50.558312448, -30.818197233 ], [ -50.667853944999898, -30.962904253000012 ], [ -50.757071069999903, -31.096507333 ] ] ], [ [ [ -49.703689939, -29.34716659 ], [ -49.7049961009999, -29.345821781 ], [ -49.704420168999903, -29.345453592999903 ], [ -49.703689939, -29.34716659 ] ] ] ] } },
{ "type": "Feature", "properties": { "regiao_funcional": "RF5 · Sul", "regiao_funcional_id": 5, "municipios": 22, "area_km2": 34813.604121910874, "partes": 3, "maior_parte_%": 95.172270784590694 }, "geometry": { "type": "MultiPolygon", "coordinates": [ [ [ [ -53.439404349, -33.693611252 ], [ -53.5323500269999, -33.688804489999903 ], [ -53.528907081999897, -33.687750467999891 ], [ -53.530980978999899, -33.67896042599989 ], [ -53.524427444, -33.674292537999989 ], [ -53.532216557, -33.667567771999984 ], [ -53.530731325, -33.659549101 ], [ -53.533615732, -33.659194811 ], [ -53.531018275, -33.656530823 ], [ -53.532457292999901, -33.649624209 ], [ -53.535457752999903, -33.649269699999898 ], [ -53.529413841999897, -33.644032250999892 ], [ -53.53165638, -33.641184199999906 ], [ -53.528162755, -33.63992329 ], [ -53.5296163, -33.633450745999902 ], [ -53.525973001999901, -33.625565831 ], [ -53.536507382, -33.613405924999903 ], [ -53.532481923, -33.610152121999903 ], [ -53.534609076, -33.60339178 ], [ -53.531944630999902, -33.600986163 ], [ -53.528403483, -33.617063723999898 ], [ -53.521153571999903, -33.61583254499989 ], [ -53.512500567, -33.602600273999883 ], [ -53.51555178400001, -33.584789214999901 ], [ -53.511038307, -33.567268189999908 ], [ -53.514633927, -33.554076288 ], [ -53.511840537, -33.536666274 ], [ -53.507814857, -33.531087531 ], [ -53.505339327999899, -33.541129137 ], [ -53.477307709999899, -33.548438309999902 ], [ -53.482221506, -33.547923937999883 ], [ -53.484574209999906, -33.55072273199989 ], [ -53.482618738, -33.553606406 ], [ -53.486251654999897, -33.555120428 ], [ -53.480173584999903, -33.562998385 ], [ -53.471978088, -33.563383314 ], [ -53.465629879999902, -33.557968146999897 ], [ -53.453371245, -33.535083951999987 ], [ -53.451549625, -33.515976506999898 ], [ -53.444676621, -33.505131091 ], [ -53.445552801, -33.515720771 ], [ -53.441412834999902, -33.518849645999985 ], [ -53.438069363999908, -33.516384177 ], [ -53.434675911999904, -33.500188387 ], [ -53.438441934, -33.496549966999986 ], [ -53.434432488, -33.497362447999897 ], [ -53.432984625, -33.493358091999909 ], [ -53.433735067, -33.478145760999986 ], [ -53.427549101, -33.460838196999902 ], [ -53.425541691, -33.430440473 ], [ -53.467633104, -33.279652878 ], [ -53.469681795, -33.260080891 ], [ -53.463687095999902, -33.238632155999902 ], [ -53.451704204, -33.220231312 ], [ -53.438515299, -33.183216828999903 ], [ -53.432202659, -33.162102658 ], [ -53.437101610999903, -33.162134529 ], [ -53.435880618999903, -33.157376305999904 ], [ -53.411249888, -33.108063719 ], [ -53.410815091, -33.116531509 ], [ -53.414976577999902, -33.11832710999991 ], [ -53.422846456999899, -33.139058768 ], [ -53.421553724, -33.157760638 ], [ -53.411557237999901, -33.161325503999898 ], [ -53.402708781999898, -33.158274999 ], [ -53.393251143, -33.149488394999899 ], [ -53.386453355, -33.136809905 ], [ -53.368236784, -33.122764585999988 ], [ -53.350703978999903, -33.103512139 ], [ -53.33715697, -33.082592232 ], [ -53.332994635, -33.068990002 ], [ -53.319766374, -33.054841232999898 ], [ -53.317470371999903, -33.064594053 ], [ -53.325329994, -33.0652363089999 ], [ -53.328905834, -33.078978644 ], [ -53.318546818999899, -33.091901354999898 ], [ -53.277373361999899, -33.109360947 ], [ -53.260162409, -33.107410855 ], [ -53.248639494, -33.092508479999893 ], [ -53.241191772, -33.076134791999884 ], [ -53.195054392, -33.030453742 ], [ -53.163567487, -32.983909471999894 ], [ -53.154462286999902, -32.952486892 ], [ -53.159188228999902, -32.905029918 ], [ -53.155638268, -32.852113900999903 ], [ -53.144443184999901, -32.812426489999986 ], [ -53.132335409999897, -32.798489385 ], [ -53.123905534999899, -32.793837778 ], [ -53.110538654, -32.804581701 ], [ -53.108513039999899, -32.809936245 ], [ -53.112394481, -32.806018733 ], [ -53.114034585, -32.808566296 ], [ -53.101281212999901, -32.821988815999902 ], [ -53.078704218, -32.834220667 ], [ -53.070094366, -32.833809940999984 ], [ -53.053073443, -32.819603356999899 ], [ -53.041415516, -32.801514858 ], [ -52.997418269, -32.76120192 ], [ -53.0041578189999, -32.781917321 ], [ -52.99875671, -32.801852064999892 ], [ -52.963014202999901, -32.842158351 ], [ -52.893783626, -32.897880683 ], [ -52.867424879999902, -32.909880368999893 ], [ -52.832225736999902, -32.915041480999903 ], [ -52.807779287, -32.910580271 ], [ -52.770135610999901, -32.89313089 ], [ -52.756451581, -32.879773713 ], [ -52.748668287, -32.866064907999906 ], [ -52.743820372, -32.86375982 ], [ -52.740159274999897, -32.85461929 ], [ -52.730012271, -32.846830980999989 ], [ -52.731273176999899, -32.8423615049999 ], [ -52.727500644, -32.840612037 ], [ -52.712062917, -32.807752177999895 ], [ -52.7083872709999, -32.805457646 ], [ -52.709929383, -32.801647104 ], [ -52.688499797, -32.757772723999899 ], [ -52.620942644724103, -32.637917084399398 ], [ -52.609067059, -32.612301858 ], [ -52.5859945987876, -32.529589944694301 ], [ -52.586539374652503, -32.50629531446161 ], [ -52.609929600669503, -32.443965040171392 ], [ -52.639008329653898, -32.393030483996689 ], [ -52.688408487001901, -32.319529037760795 ], [ -52.692242145046102, -32.309040860414704 ], [ -52.6830532947547, -32.27282811249539 ], [ -52.647911819187101, -32.191467550318606 ], [ -52.628502609638403, -32.162164275164791 ], [ -52.630135247414401, -32.154030324067499 ], [ -52.624272544999904, -32.145480301 ], [ -52.658816988999902, -32.153577012 ], [ -52.6749516309999, -32.164038548999891 ], [ -52.701163363, -32.155268731000014 ], [ -52.727815385, -32.156114174 ], [ -52.732197868999897, -32.159659594999901 ], [ -52.72051211799991, -32.170403225 ], [ -52.710994144, -32.165302954 ], [ -52.707103258, -32.159554823 ], [ -52.702134257, -32.159613834 ], [ -52.706593942, -32.164767395 ], [ -52.69765998, -32.163185365999901 ], [ -52.697070245, -32.16609526 ], [ -52.713916685, -32.168517221999899 ], [ -52.714060087, -32.171424907999892 ], [ -52.718765092999902, -32.172564480999903 ], [ -52.726723976, -32.171298851 ], [ -52.732853258, -32.16511627499991 ], [ -52.739835131999904, -32.165751826 ], [ -52.736752775999911, -32.171744625 ], [ -52.74267581, -32.174782756999903 ], [ -52.746705257, -32.173722222 ], [ -52.745463970999907, -32.17531467 ], [ -52.747894049, -32.177178442999903 ], [ -52.749863350999902, -32.176861787 ], [ -52.750306666, -32.176910585 ], [ -52.751129969, -32.177469315999893 ], [ -52.747713397, -32.17735819099989 ], [ -52.74483269, -32.176044131 ], [ -52.743669234, -32.176570502999901 ], [ -52.737334610999902, -32.174628653 ], [ -52.736082385, -32.176840985 ], [ -52.739769032, -32.177068913 ], [ -52.741563438999904, -32.182938181999901 ], [ -52.73611707, -32.180180641999989 ], [ -52.736928457, -32.186191701 ], [ -52.726272271, -32.18737709 ], [ -52.731956311, -32.200167690999891 ], [ -52.734302832, -32.200050673 ], [ -52.731071862, -32.189265284999983 ], [ -52.736365956, -32.189275766 ], [ -52.739037492, -32.192717709999989 ], [ -52.749209562, -32.192200721999896 ], [ -52.762831085999899, -32.198937063 ], [ -52.762071626, -32.2019441159999 ], [ -52.768611630999906, -32.202287026 ], [ -52.772034516, -32.2050843009999 ], [ -52.769011613, -32.20570128 ], [ -52.771520462999902, -32.209873365 ], [ -52.77516, -32.210691886999903 ], [ -52.771289162, -32.210194305999892 ], [ -52.767637869999902, -32.205124871999899 ], [ -52.761914352, -32.204191435 ], [ -52.764965311, -32.20608261599989 ], [ -52.759670023999902, -32.208166919 ], [ -52.761398457, -32.213940088999905 ], [ -52.752765794, -32.2062660899999 ], [ -52.743300066, -32.214168410999903 ], [ -52.738067539, -32.214898644 ], [ -52.730746328, -32.208008489999898 ], [ -52.735505939999904, -32.205190421999902 ], [ -52.742747732999902, -32.207095374999909 ], [ -52.736987448, -32.2021682069999 ], [ -52.729429341999897, -32.205622277 ], [ -52.728541441999901, -32.21113115 ], [ -52.73990356, -32.220539148999897 ], [ -52.754092565, -32.211296423 ], [ -52.776763202, -32.23060056 ], [ -52.778433763, -32.252170577 ], [ -52.78302422, -32.25836985 ], [ -52.78414208, -32.26945194 ], [ -52.7930326319999, -32.268389992999985 ], [ -52.796822682, -32.272082328999893 ], [ -52.797162919999899, -32.276947408 ], [ -52.788535238, -32.279832154 ], [ -52.794454174, -32.279121942 ], [ -52.793490393999903, -32.28362558 ], [ -52.804012112999899, -32.311069656 ], [ -52.807369160999897, -32.312363144 ], [ -52.806916024, -32.318254327 ], [ -52.813669526, -32.32110269 ], [ -52.813156513, -32.324670558 ], [ -52.804887612, -32.3276014469999 ], [ -52.8005697299999, -32.334696169 ], [ -52.808533269, -32.327707108 ], [ -52.817498303, -32.326036551 ], [ -52.820496813, -32.339760628 ], [ -52.816951369, -32.347280245 ], [ -52.80876556, -32.353649762 ], [ -52.800044707, -32.352379944999896 ], [ -52.790046077999897, -32.343059901999908 ], [ -52.786550716, -32.34971482 ], [ -52.776155872999901, -32.352841173999899 ], [ -52.795744677, -32.357451741 ], [ -52.798082471, -32.35518503 ], [ -52.803242535, -32.359763653 ], [ -52.790113651999903, -32.378820909 ], [ -52.772564052999897, -32.367837279999904 ], [ -52.774708001, -32.355728579999898 ], [ -52.771679522999897, -32.352635689999907 ], [ -52.724186769, -32.370011213999888 ], [ -52.725977074, -32.385748699 ], [ -52.766388010999897, -32.426220988999901 ], [ -52.798923795, -32.445591556 ], [ -52.919597451, -32.467624715999889 ], [ -52.939949449, -32.474854335 ], [ -52.969280173999898, -32.491409685999898 ], [ -52.987748586, -32.510631234 ], [ -52.984214825, -32.515129601999902 ], [ -52.991865114999896, -32.545227785 ], [ -52.995462742, -32.582675396 ], [ -53.000799696999898, -32.597872426 ], [ -53.009287356, -32.607702085 ], [ -53.020104575999902, -32.613071649999888 ], [ -53.054056730999903, -32.61541479200001 ], [ -53.070023232, -32.622212766 ], [ -53.079682794, -32.633549514 ], [ -53.084643664999902, -32.658242174 ], [ -53.108526100999903, -32.643014259 ], [ -53.128378477, -32.638463086999892 ], [ -53.146714797, -32.640609711 ], [ -53.166721316, -32.648586952999906 ], [ -53.176413231, -32.658464568999896 ], [ -53.189786504, -32.642842469999898 ], [ -53.214682339, -32.638817046999989 ], [ -53.237064844, -32.62976847399991 ], [ -53.243484758, -32.623182742 ], [ -53.245585221999903, -32.607111737999986 ], [ -53.249489651, -32.60320881 ], [ -53.27179696, -32.605223485999907 ], [ -53.277836484, -32.611542309999898 ], [ -53.278593875, -32.618627887999885 ], [ -53.288805117, -32.621096639 ], [ -53.296837635, -32.616108197 ], [ -53.307192597, -32.603363448 ], [ -53.333156064, -32.58503657099989 ], [ -53.3388153289999, -32.584622257 ], [ -53.346231243, -32.591618113 ], [ -53.355538053, -32.590574605999983 ], [ -53.369697048, -32.569865998999887 ], [ -53.378675539, -32.571597057 ], [ -53.384964625, -32.585253303999899 ], [ -53.389989281999902, -32.586509286 ], [ -53.412286131, -32.5726192 ], [ -53.416645299, -32.568002942 ], [ -53.4174217139999, -32.560895232 ], [ -53.421797717999901, -32.558259145 ], [ -53.427888826999897, -32.566111539 ], [ -53.432432612999897, -32.564931117 ], [ -53.436895889, -32.548161902999901 ], [ -53.449453322, -32.528633558 ], [ -53.457499118, -32.522295923999899 ], [ -53.456576808, -32.516748719 ], [ -53.463522402, -32.502716478 ], [ -53.462119782999899, -32.498307795 ], [ -53.466485404, -32.493273443 ], [ -53.462803933, -32.488508888 ], [ -53.464354925, -32.48472994 ], [ -53.470937256999903, -32.480689443 ], [ -53.481004873, -32.48393033 ], [ -53.499553939999899, -32.481038536 ], [ -53.517071438999899, -32.489241024 ], [ -53.515455970999902, -32.483243069 ], [ -53.520318437999897, -32.48106087 ], [ -53.526423068, -32.489022926 ], [ -53.530014159, -32.483020999 ], [ -53.543537264999898, -32.479067968 ], [ -53.540948591, -32.472931317 ], [ -53.556369189, -32.472711063 ], [ -53.567061412, -32.458532734 ], [ -53.584039824999898, -32.451305357 ], [ -53.588835570999898, -32.435173037 ], [ -53.600254874, -32.430717299 ], [ -53.615031128999902, -32.416572979 ], [ -53.612094854, -32.403429978 ], [ -53.614375209999906, -32.398403962999986 ], [ -53.627869668999899, -32.38910669900001 ], [ -53.6449488109999, -32.384337096 ], [ -53.6436201389999, -32.368248670999904 ], [ -53.634035513, -32.356528194 ], [ -53.633339898, -32.350276176 ], [ -53.643742523999897, -32.335735835 ], [ -53.643088686999903, -32.324919662999903 ], [ -53.65717015, -32.316818584 ], [ -53.655880174999901, -32.311789228 ], [ -53.647354687, -32.311955290999897 ], [ -53.64286393, -32.296299476999891 ], [ -53.655515392, -32.290539021 ], [ -53.657186727, -32.277606589999905 ], [ -53.664737917, -32.275004109999891 ], [ -53.677793979999905, -32.258597895 ], [ -53.679338594999898, -32.243060597 ], [ -53.676435532, -32.237807303999901 ], [ -53.685189621999903, -32.219622476 ], [ -53.693571167999899, -32.21319999 ], [ -53.693538358999902, -32.204847038 ], [ -53.698406604, -32.203830538 ], [ -53.704075683, -32.207100963 ], [ -53.711327694, -32.199005713 ], [ -53.702781221999899, -32.188420637 ], [ -53.713988101, -32.18803522199989 ], [ -53.712846859, -32.177206272 ], [ -53.723488244999899, -32.17367933 ], [ -53.717611722999898, -32.153002601 ], [ -53.735172815999903, -32.1516075649999 ], [ -53.725977598, -32.145598406 ], [ -53.7257282529999, -32.140055307 ], [ -53.744228280999899, -32.115262486999896 ], [ -53.737683559999901, -32.106535428 ], [ -53.740081733999901, -32.100278558 ], [ -53.731528678, -32.105913398 ], [ -53.72527415, -32.095846883 ], [ -53.745366378, -32.091439946000015 ], [ -53.74582637, -32.078093681 ], [ -53.754173842999904, -32.079420534999883 ], [ -53.756290879999902, -32.076153675999898 ], [ -53.763837453, -32.079571085999902 ], [ -53.769439372, -32.073364384999898 ], [ -53.781161134999898, -32.069818290999898 ], [ -53.789236667, -32.072214963 ], [ -53.791031384, -32.067925913 ], [ -53.803997067999909, -32.070728524999893 ], [ -53.814653773, -32.062540753999897 ], [ -53.814221394999898, -32.059352885999893 ], [ -53.827589932, -32.059409703 ], [ -53.835644104, -32.051652221 ], [ -53.834748208, -32.041514529 ], [ -53.842725625999897, -32.038888619 ], [ -53.8376176209999, -32.033395202 ], [ -53.846821368, -32.028983368 ], [ -53.852617502, -32.029676440999893 ], [ -53.851533956, -32.013463311 ], [ -53.8541589659999, -32.010385574999901 ], [ -53.8497579309999, -32.00058777 ], [ -53.860483208999902, -31.997548580999894 ], [ -53.86018309, -31.994953000999903 ], [ -53.863430324, -31.996106590999894 ], [ -53.864069797, -31.992906224 ], [ -53.870795426, -31.995458289999895 ], [ -53.871682432999897, -31.999085411000014 ], [ -53.879320911, -31.994962836 ], [ -53.892125176, -31.99538763 ], [ -53.891716194, -31.988774141 ], [ -53.896788453999903, -31.984975399999886 ], [ -53.896547719999901, -31.981149037 ], [ -53.907848241, -31.975133488000012 ], [ -53.913243459999897, -31.965676244 ], [ -53.92612086, -31.961951756 ], [ -53.932042059, -31.963175324 ], [ -53.948288384, -31.953303951999899 ], [ -53.943731283, -31.951008846 ], [ -53.948032578, -31.948446571000012 ], [ -53.947690419, -31.937565642 ], [ -53.954244734, -31.931302924 ], [ -53.955042899, -31.925005789 ], [ -53.952694892999901, -31.918837622999895 ], [ -53.936397089, -31.912070635 ], [ -53.932104081, -31.905283746999899 ], [ -53.931530569, -31.874644277999899 ], [ -53.9169896719999, -31.86495552500001 ], [ -53.917990513999897, -31.857948168999886 ], [ -53.913804467, -31.856644 ], [ -53.912689106, -31.852229751 ], [ -53.902777934, -31.853604016 ], [ -53.894188341, -31.849394586 ], [ -53.889122024999899, -31.850394921 ], [ -53.8867244529999, -31.860950640999906 ], [ -53.883281027999899, -31.861540036 ], [ -53.8757958959999, -31.857242899999989 ], [ -53.878991426, -31.848967995 ], [ -53.866116403, -31.8386668969999 ], [ -53.867254175, -31.836456773999895 ], [ -53.853186228, -31.833647414 ], [ -53.845626623, -31.828047044999892 ], [ -53.846164484, -31.824742442999899 ], [ -53.836168824, -31.828411289 ], [ -53.832664329, -31.826455141999904 ], [ -53.828173814, -31.818585087 ], [ -53.8180366939999, -31.814110479 ], [ -53.8187805869999, -31.806893176999907 ], [ -53.809088378999903, -31.805666029999909 ], [ -53.809077582, -31.797563833 ], [ -53.800569845, -31.789123036 ], [ -53.802612500999899, -31.777406705 ], [ -53.799323293, -31.761051928 ], [ -53.790128265, -31.751752552 ], [ -53.780325285999901, -31.751754967999901 ], [ -53.770501794, -31.747235609 ], [ -53.76901709, -31.741613483 ], [ -53.763358751999903, -31.738987728 ], [ -53.770373106, -31.729240693999891 ], [ -53.7626228889999, -31.721728474 ], [ -53.762610566, -31.714142938999903 ], [ -53.764360782, -31.710412498 ], [ -53.772818049, -31.707148690999894 ], [ -53.77722316900001, -31.700215759999892 ], [ -53.769285822, -31.691494195 ], [ -53.771295646999903, -31.683116821999906 ], [ -53.768453291999897, -31.670377401999904 ], [ -53.773264142999899, -31.66251728 ], [ -53.773012437, -31.654584930999892 ], [ -53.767570319999898, -31.645944281 ], [ -53.761257749, -31.644189323 ], [ -53.757444753999899, -31.650221932 ], [ -53.751943358999903, -31.647868312999897 ], [ -53.740126089999897, -31.652019536 ], [ -53.718042727, -31.645259186 ], [ -53.707691505999897, -31.646485888 ], [ -53.701792773, -31.650502673999902 ], [ -53.698655677, -31.647731996999909 ], [ -53.707464420999898, -31.629109121999893 ], [ -53.687367088, -31.618893853 ], [ -53.687366383, -31.609960846 ], [ -53.682290683, -31.599211567999895 ], [ -53.686216241999901, -31.596566163 ], [ -53.684132319999897, -31.593359386 ], [ -53.664746126999901, -31.59246043 ], [ -53.66331064, -31.596385201 ], [ -53.657999909999901, -31.595264502 ], [ -53.654263720999907, -31.600641311999905 ], [ -53.648818633, -31.599346709 ], [ -53.644717386000011, -31.604935971 ], [ -53.640780414999902, -31.603841818 ], [ -53.634486755999902, -31.60747743 ], [ -53.631017621, -31.602658700999903 ], [ -53.622768913, -31.604972249999896 ], [ -53.612660031, -31.602140802 ], [ -53.602630967, -31.590082702999986 ], [ -53.591562709999906, -31.594658148999901 ], [ -53.588753419999897, -31.591583692000011 ], [ -53.590824833999903, -31.586530866 ], [ -53.587305313999899, -31.580918046 ], [ -53.599381224999902, -31.572435606999903 ], [ -53.600673492999903, -31.566817388999915 ], [ -53.598281643999897, -31.55936675 ], [ -53.591564151999897, -31.554459123999898 ], [ -53.585745255999903, -31.554422367 ], [ -53.583798801999897, -31.548038004 ], [ -53.579383946999897, -31.548047908999912 ], [ -53.58222208, -31.542871443 ], [ -53.576275245, -31.535181441999988 ], [ -53.581878245, -31.533302336999984 ], [ -53.586131322, -31.537822836 ], [ -53.588517563, -31.536368597 ], [ -53.585055183, -31.525425781 ], [ -53.588224366, -31.523034323999987 ], [ -53.58529858, -31.512514397 ], [ -53.589196652999902, -31.508003148999887 ], [ -53.586676322, -31.504451550999896 ], [ -53.58788670900001, -31.492971817000015 ], [ -53.595058361, -31.488646735 ], [ -53.595994451, -31.479484763999892 ], [ -53.604781223, -31.470616904999897 ], [ -53.597140674999899, -31.454870526 ], [ -53.581955096999899, -31.4502484 ], [ -53.573023908, -31.442423936 ], [ -53.565965208, -31.415022485999902 ], [ -53.560933152, -31.407537691999895 ], [ -53.561324696, -31.391634159 ], [ -53.566178201999897, -31.393412971 ], [ -53.576792452999896, -31.388457356999911 ], [ -53.583240030999903, -31.389273945 ], [ -53.588227831, -31.382750411 ], [ -53.599372356999901, -31.38679103 ], [ -53.615502949, -31.385297260999891 ], [ -53.6285538079999, -31.370957652999898 ], [ -53.626300686, -31.362839417 ], [ -53.637857062, -31.353305179 ], [ -53.640782720999901, -31.343692796 ], [ -53.650794913, -31.338126813 ], [ -53.641083437, -31.334790031999905 ], [ -53.636108999, -31.329355572999901 ], [ -53.625228351, -31.333478445 ], [ -53.617091371, -31.329053135 ], [ -53.624977133, -31.31892365399991 ], [ -53.612125873, -31.310311044999899 ], [ -53.606492934999899, -31.311617005999906 ], [ -53.602388264999902, -31.306441844999899 ], [ -53.602311852, -31.301375591 ], [ -53.607241801, -31.298991682999894 ], [ -53.603120024, -31.287489588 ], [ -53.605601307, -31.284820357999902 ], [ -53.596431961, -31.279131490999898 ], [ -53.590049747, -31.284089832999904 ], [ -53.590881512, -31.281170293999892 ], [ -53.581920415, -31.278781148999901 ], [ -53.584813267, -31.271898124 ], [ -53.578513368, -31.274376812 ], [ -53.568799487, -31.272170076999892 ], [ -53.573610887, -31.267743316 ], [ -53.5675931, -31.26476945 ], [ -53.567466110999902, -31.257849552 ], [ -53.559392655, -31.247589929999904 ], [ -53.558407824, -31.243779573 ], [ -53.563217736, -31.241518669 ], [ -53.5547798979999, -31.23683134 ], [ -53.551452314999899, -31.22973884 ], [ -53.548585996, -31.229485293 ], [ -53.552333077999904, -31.237500183 ], [ -53.550238341, -31.240064231 ], [ -53.544728548, -31.242432205999897 ], [ -53.536304035999898, -31.239268852999892 ], [ -53.536767727, -31.250940372999899 ], [ -53.529328909999897, -31.248328473999884 ], [ -53.530073946999899, -31.242034949999901 ], [ -53.524465667999898, -31.229152145999905 ], [ -53.526184239, -31.225290178 ], [ -53.520036392, -31.21605883 ], [ -53.524525185999906, -31.2153756129999 ], [ -53.527597942999897, -31.208415117 ], [ -53.517299412999897, -31.203455129999984 ], [ -53.515216715, -31.191480651999907 ], [ -53.506208431999902, -31.182584147999894 ], [ -53.504021893999898, -31.174982477999894 ], [ -53.505854335, -31.172994475999893 ], [ -53.510567862, -31.177801680999899 ], [ -53.517171789, -31.179198442 ], [ -53.521646674, -31.176557187 ], [ -53.515971873999902, -31.172147225999904 ], [ -53.5151939839999, -31.165674813 ], [ -53.51051991, -31.169176428 ], [ -53.50779554, -31.164360601999896 ], [ -53.502528818, -31.16541455 ], [ -53.501937196, -31.155797771 ], [ -53.488879873, -31.153816495999905 ], [ -53.49274414, -31.143463262999902 ], [ -53.496618735, -31.1427055139999 ], [ -53.499018785, -31.132191206 ], [ -53.492603497999902, -31.133441423 ], [ -53.486329032999897, -31.129931519 ], [ -53.480689154999901, -31.122029687 ], [ -53.485253692, -31.118198578 ], [ -53.480491608, -31.113641872999903 ], [ -53.48778781, -31.110549503999906 ], [ -53.492976569999897, -31.11198695 ], [ -53.49673204, -31.10614364 ], [ -53.482107530999897, -31.101778097 ], [ -53.486464154, -31.0970450619999 ], [ -53.4865716589999, -31.08407031 ], [ -53.478544972, -31.088680340999911 ], [ -53.478616717, -31.091472106 ], [ -53.474555467, -31.088790414999899 ], [ -53.475826283999901, -31.083912532999896 ], [ -53.489555235, -31.077223859999894 ], [ -53.486862377, -31.070335029 ], [ -53.479245197999902, -31.068856896999897 ], [ -53.486500298, -31.063420261 ], [ -53.487917094, -31.057906048999904 ], [ -53.478309931999902, -31.060135021999912 ], [ -53.474360458, -31.055467712999889 ], [ -53.477943251999903, -31.053797444999894 ], [ -53.480542838, -31.044674928999907 ], [ -53.486486807999903, -31.04739912 ], [ -53.483644376, -31.038524437 ], [ -53.490848305, -31.037495986999907 ], [ -53.476540763999907, -31.033250149 ], [ -53.481739483, -31.026823164999893 ], [ -53.475678908, -31.027478753 ], [ -53.473509147999899, -31.032733634999893 ], [ -53.471910715, -31.025526026999987 ], [ -53.463651318, -31.029057335999898 ], [ -53.460740303, -31.027620145 ], [ -53.469300381, -31.0202903869999 ], [ -53.467579706, -31.018021238 ], [ -53.4588572709999, -31.02221687 ], [ -53.446572504999899, -31.016168704999988 ], [ -53.45149334, -31.012189604 ], [ -53.455653734, -31.016279467999905 ], [ -53.463482192999898, -31.013071566 ], [ -53.45747254, -31.006161943999892 ], [ -53.450713951, -31.005477662 ], [ -53.458730831, -30.994366219 ], [ -53.450648309, -30.995740027 ], [ -53.447284184, -30.991743600999904 ], [ -53.438075999, -30.992076373 ], [ -53.436970168999899, -30.985335855999903 ], [ -53.44590614, -30.987973892 ], [ -53.441377514, -30.979981214 ], [ -53.449961932, -30.98178766 ], [ -53.447777652, -30.972051775999894 ], [ -53.438821565999909, -30.976853923 ], [ -53.432477692, -30.975272166 ], [ -53.433799371, -30.970027749999915 ], [ -53.429769929, -30.967112085999908 ], [ -53.432755345, -30.960357932 ], [ -53.443145342, -30.964168739999902 ], [ -53.438974175999903, -30.950753189999901 ], [ -53.4333759209999, -30.9507982219999 ], [ -53.417580581127503, -30.964778298389991 ], [ -53.411803166805704, -30.961209026157 ], [ -53.416592541385697, -30.957887157439892 ], [ -53.416073472828103, -30.954175881025101 ], [ -53.4216429381556, -30.954578042249896 ], [ -53.4173033379681, -30.9518028747319 ], [ -53.422482970480303, -30.950360875923494 ], [ -53.413031331474102, -30.943519883934599 ], [ -53.412560301203001, -30.936110934868392 ], [ -53.409147457325098, -30.933379979577992 ], [ -53.4133565464182, -30.930280022234701 ], [ -53.408360564697702, -30.923243476162714 ], [ -53.421392969022008, -30.919903327389093 ], [ -53.421311346448398, -30.915965463309107 ], [ -53.413897295970798, -30.916988721307 ], [ -53.412740148999902, -30.913118348999905 ], [ -53.4193694093739, -30.909393145627099 ], [ -53.424904440177201, -30.895871005858005 ], [ -53.4319222810757, -30.895962406135205 ], [ -53.429822767, -30.892082757 ], [ -53.423141052483103, -30.890437578153485 ], [ -53.432469832510307, -30.885054314324801 ], [ -53.427987392818203, -30.8796876300805 ], [ -53.423802535427001, -30.880408204365903 ], [ -53.418175679227801, -30.876074555824498 ], [ -53.423088222733902, -30.874407516390892 ], [ -53.421540054301502, -30.867479281371498 ], [ -53.425440160697903, -30.859438526897506 ], [ -53.42272588062081, -30.857550563592703 ], [ -53.419651687442403, -30.8609654521557 ], [ -53.417813479055397, -30.855487812223299 ], [ -53.422118124805301, -30.850336239193698 ], [ -53.425766578615601, -30.852429091285401 ], [ -53.425744472501499, -30.841197059881694 ], [ -53.411754703402202, -30.844851795660205 ], [ -53.408463786827802, -30.838085042160891 ], [ -53.4155991392281, -30.832494232505791 ], [ -53.415026280651297, -30.827824347398291 ], [ -53.409522034277011, -30.82751083875759 ], [ -53.4087618756867, -30.824514170957197 ], [ -53.420107413480899, -30.818351666615712 ], [ -53.413115543499302, -30.8166137225905 ], [ -53.415296783021901, -30.81178572569549 ], [ -53.407698766829597, -30.810402920424991 ], [ -53.413550400031504, -30.805060790806493 ], [ -53.405549640742699, -30.800109934383993 ], [ -53.404119307146097, -30.795913767970902 ], [ -53.393603001436198, -30.799255745143089 ], [ -53.392493476394002, -30.794905157097798 ], [ -53.396742846547298, -30.791812209331198 ], [ -53.389409440982703, -30.788068800602989 ], [ -53.389678648256904, -30.779759631973093 ], [ -53.3847146292769, -30.780935147745385 ], [ -53.374545483116002, -30.777156275266101 ], [ -53.369888967726702, -30.781379860938102 ], [ -53.3690725082947, -30.777266858725596 ], [ -53.365028054226698, -30.779286026583197 ], [ -53.362155385899101, -30.775363777611396 ], [ -53.349857159625103, -30.780024766689799 ], [ -53.349874164328, -30.783055004751603 ], [ -53.347432594269797, -30.778206818130993 ], [ -53.344825893143202, -30.781138149606399 ], [ -53.33078128388, -30.775627350512494 ], [ -53.322758465038397, -30.779109913672208 ], [ -53.3200653452094, -30.776696946320996 ], [ -53.304313656085, -30.780654043682798 ], [ -53.301235900866502, -30.775280322048292 ], [ -53.2883277676628, -30.766602954662297 ], [ -53.2727922710652, -30.782450912672495 ], [ -53.259295764239901, -30.786048273112591 ], [ -53.237353558539702, -30.781302135268902 ], [ -53.228924742232302, -30.772242449389609 ], [ -53.216098591499502, -30.768581876963591 ], [ -53.215884332244897, -30.746809480452999 ], [ -53.208000951967001, -30.734484471770102 ], [ -53.212741863143599, -30.728213137329892 ], [ -53.205181929634598, -30.7251925864723 ], [ -53.200729585758801, -30.7275583473673 ], [ -53.199226525255703, -30.720322955170886 ], [ -53.190690511130903, -30.723132629634794 ], [ -53.189268571220502, -30.719506729430311 ], [ -53.193503591178398, -30.715091421946095 ], [ -53.182830021291508, -30.7129371972417 ], [ -53.183770178523403, -30.70857080209689 ], [ -53.190109947963599, -30.704984818889084 ], [ -53.189124214262499, -30.699279233577101 ], [ -53.1931388416047, -30.699365934160895 ], [ -53.195873197835702, -30.695556880704792 ], [ -53.188091845775297, -30.696563559118196 ], [ -53.180415313619399, -30.693753686291501 ], [ -53.2007626701593, -30.679207429264096 ], [ -53.190526919234799, -30.676661254809996 ], [ -53.192206983886599, -30.670084260837598 ], [ -53.188316307856397, -30.666887376687008 ], [ -53.187231605546501, -30.651594195584885 ], [ -53.197512451198101, -30.644450946521697 ], [ -53.187978043892599, -30.641585146169607 ], [ -53.202532239505103, -30.639353361704391 ], [ -53.200573297727701, -30.631789669841606 ], [ -53.219414508570807, -30.625902216566598 ], [ -53.208599517510109, -30.616825531264201 ], [ -53.212935461701697, -30.612280529413287 ], [ -53.215428606204199, -30.616433997975697 ], [ -53.221659129359502, -30.618539605319405 ], [ -53.226202785982103, -30.615682815227292 ], [ -53.227386151753002, -30.609800194188303 ], [ -53.232412653315102, -30.613945626257692 ], [ -53.23136120402841, -30.605894787840501 ], [ -53.235807042196399, -30.609275443163707 ], [ -53.239118814998001, -30.608314367534899 ], [ -53.239588888127798, -30.605262333272492 ], [ -53.2335135025941, -30.600809195040693 ], [ -53.240146642383898, -30.597236113490005 ], [ -53.238575407831398, -30.592185291598799 ], [ -53.244006241337203, -30.589134482271994 ], [ -53.242120883995597, -30.583971503705911 ], [ -53.246241127913599, -30.582408012536003 ], [ -53.249705821608103, -30.574765883917099 ], [ -53.243704026234802, -30.5690793012587 ], [ -53.2367399109826, -30.573311643437805 ], [ -53.227531118721799, -30.5703171657285 ], [ -53.234172924448302, -30.558741819443302 ], [ -53.227246049061598, -30.542455232561792 ], [ -53.243940978967601, -30.5319610208897 ], [ -53.235970287342703, -30.526353284679004 ], [ -53.2334093790815, -30.520714525187795 ], [ -53.2228843473656, -30.524201257165988 ], [ -53.215768483038502, -30.520241893452798 ], [ -53.216609642467802, -30.509999327126106 ], [ -53.222373125471002, -30.503030869632401 ], [ -53.218264990654902, -30.497921846503793 ], [ -53.223434420345299, -30.492670794239302 ], [ -53.231537956278906, -30.469839516202708 ], [ -53.213927993571197, -30.464576831238695 ], [ -53.218378524603402, -30.461467804468594 ], [ -53.217749467875002, -30.457682587036704 ], [ -53.2134220512607, -30.456443975119491 ], [ -53.213504440895697, -30.450909424228296 ], [ -53.20918672499991, -30.453706775999905 ], [ -53.206353048, -30.464435926 ], [ -53.192823091, -30.479841899 ], [ -53.191108476, -30.486430227 ], [ -53.185801564, -30.490453439 ], [ -53.190253845, -30.495679316 ], [ -53.186429298, -30.5010106 ], [ -53.192577840999903, -30.504878657999896 ], [ -53.189232236, -30.532306161999905 ], [ -53.18572653, -30.533585859 ], [ -53.1809851639999, -30.528490615 ], [ -53.175180990999898, -30.529745641 ], [ -53.173989645999903, -30.542343260999889 ], [ -53.162831059, -30.537507782 ], [ -53.161291934, -30.53980424 ], [ -53.166882901999898, -30.547745949999989 ], [ -53.15553457, -30.546621167999895 ], [ -53.152176707, -30.55656077 ], [ -53.141650066999908, -30.566901483 ], [ -53.140993496, -30.575519095999894 ], [ -53.134337939, -30.575535442999989 ], [ -53.131830062999903, -30.584849612 ], [ -53.122795595999897, -30.591009004999901 ], [ -53.124407253, -30.597423816999896 ], [ -53.120921451, -30.601453748 ], [ -53.125333726999898, -30.605723618999896 ], [ -53.123446545, -30.609273678000015 ], [ -53.113396188, -30.607573024 ], [ -53.104748601, -30.613829344999903 ], [ -53.100927581999898, -30.623393536 ], [ -53.096143808, -30.624675437 ], [ -53.0894743859999, -30.635168289 ], [ -53.0840322829999, -30.635495363 ], [ -53.070330092999903, -30.644358133 ], [ -53.055497887999898, -30.647385512 ], [ -53.053291202, -30.661530969999895 ], [ -53.049158813, -30.665190673 ], [ -53.035357383, -30.671315096999905 ], [ -53.029439400999898, -30.666618803999892 ], [ -53.020439113, -30.666008308999892 ], [ -53.013808093, -30.673059153999912 ], [ -53.009141305999897, -30.668247873 ], [ -52.9977283919999, -30.6666252539999 ], [ -52.991676890999898, -30.671470563999897 ], [ -52.99168156, -30.676847958999893 ], [ -52.9866903121397, -30.679197136614111 ], [ -52.994274236756297, -30.6822447813894 ], [ -52.9949991928397, -30.68719821898009 ], [ -52.990145635991603, -30.685505572675694 ], [ -52.982630654824398, -30.691069962525205 ], [ -52.9879167120381, -30.693434658496205 ], [ -52.986667609477301, -30.696616249439003 ], [ -52.992121118845901, -30.698088244395109 ], [ -52.981271803216103, -30.708128585087294 ], [ -52.976055953781, -30.706287273373299 ], [ -52.977592381542607, -30.712604535930012 ], [ -52.9746823346347, -30.710880231308103 ], [ -52.972231596087902, -30.714844465002301 ], [ -52.978290475999003, -30.718177977247304 ], [ -52.972529216724197, -30.718795739926797 ], [ -52.9777717283065, -30.723224807725693 ], [ -52.974665363132502, -30.728713885803298 ], [ -52.966228085723202, -30.727895149385112 ], [ -52.961311053780399, -30.733586969797091 ], [ -52.954977289165299, -30.732498530790402 ], [ -52.9536565088478, -30.738148985251193 ], [ -52.949323516070997, -30.7393900921106 ], [ -52.9630192982805, -30.759734755149193 ], [ -52.961205830466902, -30.767021960533494 ], [ -52.954872065851703, -30.771192424336903 ], [ -52.958148697206703, -30.774247294730102 ], [ -52.953862827188502, -30.777521663218099 ], [ -52.957004734854401, -30.782880706540894 ], [ -52.949948067351308, -30.783495631986995 ], [ -52.948262231467602, -30.786314598499793 ], [ -52.954118531154698, -30.791421889223791 ], [ -52.951036084126407, -30.793825783581099 ], [ -52.956338490596501, -30.794721775121204 ], [ -52.955062797780002, -30.807057993165294 ], [ -52.9639341513004, -30.811110213874599 ], [ -52.9643622432027, -30.814009088794101 ], [ -52.962403728036797, -30.816878209107998 ], [ -52.955389996885501, -30.816188524455804 ], [ -52.957067652257706, -30.824904428890495 ], [ -52.954013607611699, -30.828099612570792 ], [ -52.9500991249975, -30.826276708416799 ], [ -52.947616438369899, -30.829728663111386 ], [ -52.951356622776501, -30.830182688678295 ], [ -52.95360549474141, -30.84543250626621 ], [ -52.960965130169001, -30.848112447447701 ], [ -52.960791823116104, -30.858761490302992 ], [ -52.97022929232471, -30.859359357964895 ], [ -52.983812649024202, -30.853067617881205 ], [ -52.987676117529602, -30.856135266289584 ], [ -52.988363107528002, -30.859168905292094 ], [ -52.983052538800898, -30.858401142953792 ], [ -52.981901320414998, -30.86157677122679 ], [ -52.985649156940497, -30.866753002798301 ], [ -52.984662884170604, -30.871704772291203 ], [ -52.988512748913706, -30.869830854028507 ], [ -52.990893407323803, -30.874799628224288 ], [ -52.995144583056003, -30.875547835153103 ], [ -52.998953636511999, -30.890253502245997 ], [ -53.007251931541298, -30.888689069576611 ], [ -53.008716036461202, -30.892196289554697 ], [ -53.012883889151396, -30.892742990754808 ], [ -53.012775059052601, -30.902986623799105 ], [ -53.018517547229401, -30.905381736205801 ], [ -53.012764897343096, -30.908204019673903 ], [ -53.020689047795699, -30.919433572471892 ], [ -53.016692626, -30.929531622 ], [ -53.008763074999898, -30.933723574999895 ], [ -53.005803935, -30.932504932 ], [ -53.004173535999897, -30.929186903 ], [ -53.008029606, -30.922670497 ], [ -53.004291, -30.921283499 ], [ -52.989411614999902, -30.930093347 ], [ -52.964477371, -30.933455898 ], [ -52.944043232999903, -30.928616119 ], [ -52.933646358, -30.932519898999896 ], [ -52.927024999, -30.925571041 ], [ -52.922499034999902, -30.926937665 ], [ -52.919088568999904, -30.940094895 ], [ -52.912174961999902, -30.941536761 ], [ -52.907017126, -30.936361502 ], [ -52.910748511, -30.928163215 ], [ -52.908285736, -30.922978207999986 ], [ -52.895063841, -30.931168745 ], [ -52.885273380999905, -30.928062492999988 ], [ -52.87842268, -30.921723411 ], [ -52.869781841, -30.92338613499992 ], [ -52.838322164, -30.914188680999899 ], [ -52.830412509, -30.904934429 ], [ -52.824726305999903, -30.904818871 ], [ -52.809988725, -30.913035583999903 ], [ -52.802971409, -30.9051804069999 ], [ -52.793575206, -30.906525320999908 ], [ -52.747485615, -30.895901621 ], [ -52.740868061999898, -30.898019932999887 ], [ -52.730457824, -30.895337072 ], [ -52.723165606, -30.899949634999906 ], [ -52.713403413, -30.8970887209999 ], [ -52.707040823999897, -30.905155622999889 ], [ -52.67484889, -30.907354241999894 ], [ -52.665891116999902, -30.917737254 ], [ -52.658731898, -30.917717334 ], [ -52.65303524, -30.921288105 ], [ -52.641342197, -30.961210599 ], [ -52.636110539999898, -30.96460596 ], [ -52.629086897, -30.960126148 ], [ -52.633404237, -30.951551126 ], [ -52.629673316, -30.945958069 ], [ -52.619194859999901, -30.951870905 ], [ -52.601425134, -30.95460456 ], [ -52.581940989, -30.940682576 ], [ -52.575970414, -30.940698128 ], [ -52.559746828, -30.947921596999915 ], [ -52.556043773999903, -30.945708682 ], [ -52.553742268, -30.93459673 ], [ -52.556659812, -30.930553936 ], [ -52.561899425, -30.934240385 ], [ -52.561550025, -30.928292503 ], [ -52.546115557999897, -30.925966351999893 ], [ -52.537749278, -30.933710757 ], [ -52.526320643, -30.930125227 ], [ -52.521043217999903, -30.933482914 ], [ -52.510726555, -30.926922783999899 ], [ -52.50285172600001, -30.927181780999884 ], [ -52.50042178, -30.921432458 ], [ -52.496224245, -30.926363600999906 ], [ -52.491336813, -30.926487954 ], [ -52.476729572999901, -30.910573672999899 ], [ -52.472538078999897, -30.910469247 ], [ -52.46901659, -30.917761223 ], [ -52.465350166, -30.917254246999985 ], [ -52.448107749, -30.905838989999907 ], [ -52.439965776, -30.895765202999904 ], [ -52.430308751, -30.900489703999906 ], [ -52.426883613, -30.915132388 ], [ -52.422260746999903, -30.905850151 ], [ -52.42851071, -30.887783382 ], [ -52.425334369, -30.884021328 ], [ -52.42573169, -30.869584503999903 ], [ -52.418712553, -30.862706502 ], [ -52.418753734999903, -30.854463499 ], [ -52.4279061619999, -30.845660424999906 ], [ -52.426909674999898, -30.841055357999892 ], [ -52.434812584, -30.836072913999896 ], [ -52.433154079, -30.830699647999893 ], [ -52.44065154, -30.822983889999904 ], [ -52.438672342, -30.816493068999893 ], [ -52.447727525999909, -30.808189575 ], [ -52.447326693, -30.801466145999896 ], [ -52.453574841, -30.802966617 ], [ -52.45683322, -30.797148044 ], [ -52.452823711, -30.789121754999897 ], [ -52.453822271, -30.779218006999891 ], [ -52.446145660999903, -30.776139398999899 ], [ -52.449508330999905, -30.764044554999902 ], [ -52.443352935, -30.759730423999887 ], [ -52.445161033, -30.755508969999898 ], [ -52.440286366999899, -30.750902516999901 ], [ -52.442254721, -30.745222048999903 ], [ -52.437467656, -30.725260976999895 ], [ -52.439466583999902, -30.714090493999912 ], [ -52.430276039, -30.697753849 ], [ -52.442916958, -30.659289891999894 ], [ -52.448006273, -30.655421396000012 ], [ -52.423471811999903, -30.657029991999895 ], [ -52.421565739, -30.654313058 ], [ -52.413482816999903, -30.655110204 ], [ -52.398048172, -30.662894088 ], [ -52.39100977, -30.662819785999897 ], [ -52.381603653999903, -30.679079403999904 ], [ -52.376701782999902, -30.681114119 ], [ -52.375431746999901, -30.687149524999892 ], [ -52.365778441, -30.686053595 ], [ -52.362489898, -30.69054297 ], [ -52.352682199, -30.687892979 ], [ -52.343456841, -30.695790180999907 ], [ -52.336006563999902, -30.692142698999898 ], [ -52.3367122289999, -30.698227296 ], [ -52.342181653, -30.704494519 ], [ -52.341178614999897, -30.71100818 ], [ -52.3246694649999, -30.714590562999913 ], [ -52.31508081, -30.723961824 ], [ -52.316074769999901, -30.732482730000015 ], [ -52.293981701, -30.7515078559999 ], [ -52.291842624, -30.764477244 ], [ -52.286723512, -30.765723935 ], [ -52.283926219, -30.771479591999903 ], [ -52.2747171359999, -30.778089746 ], [ -52.275060735, -30.785485809 ], [ -52.268409289, -30.7888538139999 ], [ -52.270327183999903, -30.794160823 ], [ -52.266242438999903, -30.798984146999896 ], [ -52.257579174999897, -30.796878063999898 ], [ -52.257976382, -30.785941013999899 ], [ -52.252260777999901, -30.781256875999908 ], [ -52.252918404, -30.773751341 ], [ -52.24558538, -30.770210445 ], [ -52.248468842, -30.767157034 ], [ -52.240370276, -30.756587407 ], [ -52.2106491219999, -30.755585816 ], [ -52.2080037919999, -30.763112562999897 ], [ -52.213232489999903, -30.770105853 ], [ -52.21363000199991, -30.778896486 ], [ -52.199119614, -30.771221904999894 ], [ -52.19598152, -30.763425716 ], [ -52.189601248, -30.764186325 ], [ -52.177683714999901, -30.77383981399991 ], [ -52.185408015, -30.780054130999901 ], [ -52.181852028, -30.801071809 ], [ -52.183820031, -30.806177695 ], [ -52.179055857, -30.810035199 ], [ -52.176277787999901, -30.821676559 ], [ -52.178854348, -30.837620866999895 ], [ -52.170004721999902, -30.840718329 ], [ -52.163994703, -30.854309755 ], [ -52.155495383, -30.86292816 ], [ -52.140891288, -30.864401364999896 ], [ -52.136434025, -30.871681285 ], [ -52.126347284, -30.875169526 ], [ -52.124590286999897, -30.883123447999893 ], [ -52.115890753, -30.888062889 ], [ -52.115296644999901, -30.898123256 ], [ -52.108627051, -30.905531309 ], [ -52.1050746129999, -30.903865246999892 ], [ -52.09864227, -30.910632841999988 ], [ -52.102388501, -30.926552435 ], [ -52.106833463, -30.928726236999985 ], [ -52.114281870999903, -30.917918476 ], [ -52.127723371999899, -30.912897331999908 ], [ -52.130548007, -30.899508871 ], [ -52.150273630999898, -30.905541776 ], [ -52.1632925709999, -30.903993202 ], [ -52.177300696, -30.912427105999907 ], [ -52.183489623999897, -30.901191632999911 ], [ -52.206496199, -30.906575614 ], [ -52.213365392, -30.895430184 ], [ -52.228667125, -30.8914645249999 ], [ -52.240882934, -30.880796351999912 ], [ -52.249352529, -30.883787713999897 ], [ -52.2515577469999, -30.891531047999912 ], [ -52.246574558, -30.898702183 ], [ -52.243234588, -30.925999497999989 ], [ -52.254825032, -30.936566437999897 ], [ -52.2659042189999, -30.93959122 ], [ -52.27838302, -30.951505370999897 ], [ -52.271062937999901, -30.958575880999899 ], [ -52.254515295, -30.9589568 ], [ -52.246179084999902, -30.962270687999894 ], [ -52.248841216, -30.966564015 ], [ -52.240572342, -30.976716498 ], [ -52.244881391, -30.985305769 ], [ -52.222783482, -30.984291336999892 ], [ -52.207052728999898, -30.9940907 ], [ -52.178981475999905, -30.998794753 ], [ -52.167523636999903, -31.003633796 ], [ -52.136105418999904, -31.006027446 ], [ -52.134051152, -31.00180833 ], [ -52.124256459, -31.000624076 ], [ -52.121235235, -30.997685614 ], [ -52.098093213, -30.999583277999896 ], [ -52.090142456, -31.003429958 ], [ -52.109571777, -31.007172078999893 ], [ -52.1167157, -31.017701321999901 ], [ -52.133188181, -31.025983035 ], [ -52.140377515, -31.026236465 ], [ -52.141519731, -31.032739975 ], [ -52.151320664, -31.035894283999902 ], [ -52.155744472, -31.040960383 ], [ -52.147439577999897, -31.050156355999913 ], [ -52.140372962999905, -31.046517243000011 ], [ -52.136512898, -31.049055845999906 ], [ -52.131981883, -31.0555702519999 ], [ -52.125000483, -31.058974013999908 ], [ -52.120288888999902, -31.069327585999904 ], [ -52.114510482999897, -31.072504793999897 ], [ -52.116409114, -31.086073663 ], [ -52.113776351999903, -31.091844059 ], [ -52.123204826999903, -31.094527168 ], [ -52.12616782, -31.107627161 ], [ -52.118425652, -31.111226774999988 ], [ -52.107101899, -31.11014577 ], [ -52.088860779999898, -31.140137073999902 ], [ -52.088731002, -31.146814081999892 ], [ -52.060035888, -31.15947154 ], [ -52.056537222, -31.164058924999896 ], [ -52.056066547999897, -31.160344051 ], [ -52.049172537999901, -31.156096541 ], [ -52.030957547999897, -31.14955266 ], [ -52.029461243, -31.168027028 ], [ -52.024794325999899, -31.180334781999907 ], [ -52.0222798409999, -31.175315279 ], [ -52.02501052400001, -31.160266561 ], [ -52.018615257, -31.156766284 ], [ -52.024899214999898, -31.153851147999898 ], [ -52.022099214, -31.145336829 ], [ -52.014661788, -31.137845738999903 ], [ -52.018285662, -31.124057880999903 ], [ -52.014973353, -31.119011552 ], [ -52.016194702999897, -31.109999919 ], [ -52.005533385, -31.102612902 ], [ -51.987288831999898, -31.0999201129999 ], [ -51.95834361, -31.106702852999884 ], [ -51.937992468999902, -31.106519662 ], [ -51.938110648, -31.109491657 ], [ -51.930354633, -31.111403359 ], [ -51.932890766999897, -31.110248430999892 ], [ -51.932291752, -31.103735081 ], [ -51.944987192, -31.1021554239999 ], [ -51.947385526999909, -31.096518481 ], [ -51.95634337, -31.094313679 ], [ -51.947872087999897, -31.075885943999911 ], [ -51.934488852999898, -31.065913542 ], [ -51.932238348999903, -31.0528122159999 ], [ -51.923518467999898, -31.042190252 ], [ -51.917131921, -31.046551549999897 ], [ -51.91178608, -31.043391379999903 ], [ -51.902229129, -31.043178723 ], [ -51.901536275, -31.036651094 ], [ -51.881361835999897, -31.036775147999911 ], [ -51.875800077, -31.043648203000011 ], [ -51.880708442, -31.050610371999891 ], [ -51.871050341999897, -31.051896794 ], [ -51.869827449, -31.054815125999909 ], [ -51.874913950999897, -31.056787054 ], [ -51.875796083999901, -31.060566911 ], [ -51.866595339999897, -31.060563911 ], [ -51.865515436, -31.067202086999895 ], [ -51.860133559, -31.07245886 ], [ -51.864519318, -31.078053262000012 ], [ -51.870813035, -31.077359321 ], [ -51.865418066, -31.083234618999892 ], [ -51.871832023, -31.09117328 ], [ -51.867346373, -31.094040384 ], [ -51.858161587, -31.0909866649999 ], [ -51.855818058999901, -31.104171331 ], [ -51.8518360469999, -31.103526197999894 ], [ -51.848393464, -31.097977767 ], [ -51.841993681, -31.097266732 ], [ -51.838083, -31.099735759999891 ], [ -51.838910116, -31.107882459999903 ], [ -51.82904536, -31.103637718999892 ], [ -51.827010317, -31.105850333 ], [ -51.830461769, -31.112486829 ], [ -51.822567212, -31.108920301 ], [ -51.819844019, -31.119665091999895 ], [ -51.806886956, -31.125620604999909 ], [ -51.789504898, -31.123610603 ], [ -51.791557675, -31.140190665 ], [ -51.8129055859999, -31.149403369 ], [ -51.820387134, -31.1590865639999 ], [ -51.820725836, -31.167521657999899 ], [ -51.818001135, -31.172285729999896 ], [ -51.813020015999903, -31.173321067 ], [ -51.809562667, -31.168549497 ], [ -51.80232855, -31.167157678 ], [ -51.789774416999897, -31.176388266999886 ], [ -51.79462941, -31.184747499 ], [ -51.788652361999908, -31.190529867999885 ], [ -51.784190463999906, -31.20551649 ], [ -51.788661019, -31.213968502999897 ], [ -51.779657514999897, -31.216516522999893 ], [ -51.784950308, -31.220054612 ], [ -51.785924260999899, -31.224608304999908 ], [ -51.7802871069999, -31.233361417 ], [ -51.786401581999897, -31.242670447 ], [ -51.785507332999899, -31.247829410999895 ], [ -51.789886091, -31.245116037999903 ], [ -51.793714305, -31.248998297999904 ], [ -51.789607573, -31.249047698 ], [ -51.791671531, -31.252175689 ], [ -51.788645318, -31.254830330999905 ], [ -51.79971928, -31.255700098 ], [ -51.799466122, -31.266199581 ], [ -51.811742104, -31.285749678999888 ], [ -51.826776189, -31.302847003 ], [ -51.833930500999898, -31.306396671 ], [ -51.843935267999903, -31.32324855 ], [ -51.857737798999906, -31.331836654 ], [ -51.855248576, -31.33635731 ], [ -51.860240603, -31.331626829 ], [ -51.857477237, -31.3160638149999 ], [ -51.8724711569999, -31.300328943 ], [ -51.866796848, -31.295067625999906 ], [ -51.871426497, -31.293431299000012 ], [ -51.876132841999897, -31.298530356999905 ], [ -51.875039640999901, -31.309039723 ], [ -51.882848312, -31.314764172 ], [ -51.878827391, -31.324452570999888 ], [ -51.892087954, -31.315682513 ], [ -51.906297595, -31.313904255999905 ], [ -51.9130443, -31.310044123 ], [ -51.919462762, -31.310765857 ], [ -51.931830719999901, -31.321081116 ], [ -51.930370087, -31.328380731 ], [ -51.921445718, -31.327869630999899 ], [ -51.922988952, -31.331862718000011 ], [ -51.94864382, -31.339322374999902 ], [ -51.960130675, -31.352783052999893 ], [ -51.962421165, -31.370027358 ], [ -51.960679221, -31.372990444 ], [ -51.947822979, -31.374687944 ], [ -51.975865504, -31.380425149 ], [ -51.98246174, -31.386056154999896 ], [ -52.001149894, -31.440915663999892 ], [ -52.007677682999898, -31.500250858 ], [ -52.010236045999903, -31.500941630999893 ], [ -52.01793487, -31.540338343999988 ], [ -52.01004621, -31.614158731 ], [ -52.013449820999902, -31.619365401 ], [ -52.023828819, -31.673220952 ], [ -52.032683415999898, -31.695211308999909 ], [ -52.041350439, -31.69333403 ], [ -52.057219091, -31.683205196999904 ], [ -52.058874825, -31.679016170000015 ], [ -52.066450615999898, -31.681697218999894 ], [ -52.0679149979999, -31.677202215 ], [ -52.076902151, -31.6819831779999 ], [ -52.127434808, -31.690137206 ], [ -52.152364323, -31.699336817999889 ], [ -52.192928634999902, -31.722579244 ], [ -52.2257674969999, -31.751898076 ], [ -52.226708362, -31.767931857 ], [ -52.21898793, -31.783500368 ], [ -52.224451658845702, -31.79075496953401 ], [ -52.216317122992699, -31.795539440265788 ], [ -52.213329021619003, -31.807259697767098 ], [ -52.216165086523503, -31.811073474119098 ], [ -52.2171053736094, -31.811302698334096 ], [ -52.215527483581397, -31.808092316718891 ], [ -52.218922574887799, -31.803699632273002 ], [ -52.223681666837308, -31.813177047126196 ], [ -52.228838861207699, -31.805949187260207 ], [ -52.231332259301105, -31.809067104388191 ], [ -52.222617061087199, -31.819319040451397 ], [ -52.221934066487599, -31.833708707496893 ], [ -52.225919761000803, -31.848079662361595 ], [ -52.232693837999904, -31.840965233999899 ], [ -52.2412918175391, -31.838208986982604 ], [ -52.249305826229303, -31.839340613975704 ], [ -52.255325953149203, -31.844683401543996 ], [ -52.2565716907853, -31.851530300451603 ], [ -52.251363648861897, -31.872587941182086 ], [ -52.234616247033905, -31.893620432416405 ], [ -52.230340513717998, -31.895313884779995 ], [ -52.228291529918998, -31.884292410280906 ], [ -52.236955269635601, -31.8820563046737 ], [ -52.237348225432697, -31.878295156330189 ], [ -52.226775843273103, -31.871998507486495 ], [ -52.221068628125003, -31.872092068390494 ], [ -52.1898029130084, -31.900738078193299 ], [ -52.176147699059797, -31.907656907049095 ], [ -52.137256185505997, -31.919649953061395 ], [ -52.1273616447872, -31.932882205938405 ], [ -52.123161052572698, -31.933460236898796 ], [ -52.114811098475499, -31.941959429859899 ], [ -52.1124436920595, -31.947010975776898 ], [ -52.112136800484897, -31.950230151818495 ], [ -52.112858508553003, -31.952785320321205 ], [ -52.112921510673502, -31.9470301633113 ], [ -52.120969598069898, -31.943364480298698 ], [ -52.135380205010001, -31.949822326043297 ], [ -52.144623715321501, -31.950280841529995 ], [ -52.145713484973399, -31.943657805521902 ], [ -52.141614522287902, -31.938414462391208 ], [ -52.1450152973078, -31.928427142142304 ], [ -52.150136110814998, -31.927331311170501 ], [ -52.156119255445603, -31.9341004948948 ], [ -52.149098076835401, -31.946108397990297 ], [ -52.150681714421196, -31.950038593458693 ], [ -52.1665504565944, -31.942899508984393 ], [ -52.175023495648198, -31.952396710739599 ], [ -52.185385340406398, -31.949566970002493 ], [ -52.188312180090399, -31.963197812638494 ], [ -52.201894473252999, -31.962462634897911 ], [ -52.207061524353897, -31.965639157588193 ], [ -52.213626106725897, -31.959661792656799 ], [ -52.219433548500199, -31.959338129500605 ], [ -52.223470090434098, -31.971870829285105 ], [ -52.2394405553136, -31.984715632827506 ], [ -52.241788319039699, -31.993798469938689 ], [ -52.2368299701442, -32.001875742917804 ], [ -52.234753386787403, -32.019203356020199 ], [ -52.245646483660998, -32.028296361694096 ], [ -52.252719592654699, -32.05283590830431 ], [ -52.243981746362699, -32.045442346057193 ], [ -52.234779994819299, -32.043641097986701 ], [ -52.227635159826598, -32.035931709969994 ], [ -52.213331607389897, -32.035024723144488 ], [ -52.202322823421198, -32.038941888184198 ], [ -52.196245780316303, -32.027188079323203 ], [ -52.202148135907699, -32.021841021788191 ], [ -52.206268910234698, -32.010580039952309 ], [ -52.193558369097403, -32.004416231525994 ], [ -52.192035562291601, -31.9973515768387 ], [ -52.196085194435199, -31.992007219446904 ], [ -52.187459477969405, -31.981692227858304 ], [ -52.175058347308003, -31.978452522143407 ], [ -52.163214908844601, -31.982094876997103 ], [ -52.125382126082897, -31.980597360399205 ], [ -52.127985065492403, -31.973114307047695 ], [ -52.124599943513097, -31.969357749516895 ], [ -52.134326062918802, -31.963502653383888 ], [ -52.140567336403301, -31.957955111668703 ], [ -52.1305429123368, -31.956648583503199 ], [ -52.128749269945601, -31.961199583064015 ], [ -52.132145530762998, -31.964090614999506 ], [ -52.124932645707403, -31.969044414001093 ], [ -52.120368179720401, -31.968858262643007 ], [ -52.1271199241651, -31.973275599684005 ], [ -52.1252661175646, -31.980585080590803 ], [ -52.118426308876003, -31.977489442072695 ], [ -52.109447107342, -31.980879477985404 ], [ -52.097211991370699, -31.994214158811001 ], [ -52.097120650020997, -32.00654870966919 ], [ -52.098576551334801, -32.00311206931579 ], [ -52.102086471123997, -32.003024118803502 ], [ -52.159925505435503, -32.027219767650593 ], [ -52.180043027893902, -32.030293406608806 ], [ -52.1956218410172, -32.027615544956191 ], [ -52.202026664457804, -32.039064516505007 ], [ -52.194656989178903, -32.05873006388039 ], [ -52.209303063974602, -32.060026176694201 ], [ -52.214497351800105, -32.06640316746229 ], [ -52.2148393172791, -32.072178970188695 ], [ -52.222576647879897, -32.068397098157106 ], [ -52.231487423474498, -32.069843652636699 ], [ -52.231494366935998, -32.074488828381796 ], [ -52.2399162071166, -32.079832979251499 ], [ -52.2271060992665, -32.084857730892004 ], [ -52.2156355008646, -32.084010628588693 ], [ -52.207097357703901, -32.070561143658594 ], [ -52.204271368872398, -32.070887486349193 ], [ -52.206727039756998, -32.0745293319072 ], [ -52.203361775415601, -32.075721292798399 ], [ -52.171353575133097, -32.055537807454691 ], [ -52.164689009334403, -32.056103120945302 ], [ -52.149810328578397, -32.04820840521711 ], [ -52.136189571598003, -32.045690243179003 ], [ -52.116318542021801, -32.033566959395792 ], [ -52.109550836888701, -32.024627252711497 ], [ -52.095079795185001, -32.029541487589796 ], [ -52.080458601126303, -32.02832811769219 ], [ -52.07711659918921, -32.031956835768099 ], [ -52.069616928448298, -32.029550926357402 ], [ -52.064104525210702, -32.045872102199802 ], [ -52.0659660780886, -32.050354133722493 ], [ -52.075349414447103, -32.031492423578399 ], [ -52.0773961006375, -32.033427574830391 ], [ -52.071278802562297, -32.052255475889595 ], [ -52.0787264787105, -32.050446039657295 ], [ -52.081626458803598, -32.0523598312339 ], [ -52.080024665295703, -32.050078812590492 ], [ -52.083383717364008, -32.049577937451303 ], [ -52.087886253796697, -32.058100900831391 ], [ -52.086334761046601, -32.051860279162305 ], [ -52.101696737766197, -32.0458937491927 ], [ -52.107967252649203, -32.051096186649303 ], [ -52.134217547681303, -32.057532323747694 ], [ -52.1483326080251, -32.071642840838592 ], [ -52.156563742994798, -32.096162363072999 ], [ -52.153514394333101, -32.103635600874298 ], [ -52.1577024473509, -32.11187127909681 ], [ -52.153665873599202, -32.11663532570811 ], [ -52.149358150495999, -32.116426663125097 ], [ -52.133926689999903, -32.098888732 ], [ -52.119433617615798, -32.091268911030511 ], [ -52.103130114461301, -32.067956663559308 ], [ -52.088866867674298, -32.059821720912389 ], [ -52.085528845964006, -32.061078333356896 ], [ -52.086311330650403, -32.06735212168681 ], [ -52.099342453865297, -32.083128462009903 ], [ -52.104845060065301, -32.1047741620037 ], [ -52.1022611217454, -32.12227051959109 ], [ -52.105252821529596, -32.131650772125909 ], [ -52.097203827125597, -32.161669254334306 ], [ -52.116947549, -32.165603695 ], [ -52.140999991999898, -32.1792273639999 ], [ -52.225211647, -32.25122891 ], [ -52.269737404999901, -32.304058422 ], [ -52.3172349929999, -32.379777689 ], [ -52.368167452, -32.481751854 ], [ -52.411077657, -32.592377499 ], [ -52.4232671789999, -32.629869654999901 ], [ -52.457886542, -32.768627400999897 ], [ -52.487912821, -32.851065838 ], [ -52.5995091039999, -33.062084808 ], [ -52.636388067, -33.123271654 ], [ -52.713022834, -33.218091273 ], [ -52.790783335999897, -33.295380196999901 ], [ -53.086162003, -33.530671334 ], [ -53.166259929, -33.59790370799989 ], [ -53.264975512, -33.671311464 ], [ -53.369912996, -33.743837651 ], [ -53.380203399, -33.747557496 ], [ -53.386504375, -33.746174833999895 ], [ -53.393452577999902, -33.751083815 ], [ -53.398880921999904, -33.748167012999907 ], [ -53.417238800999897, -33.748092361 ], [ -53.426082019, -33.739371026999905 ], [ -53.431051083999897, -33.739354759 ], [ -53.430905338999899, -33.730855858 ], [ -53.435969841, -33.724445101999898 ], [ -53.433522529, -33.719923293 ], [ -53.438694074, -33.712451699 ], [ -53.436446734, -33.701347239 ], [ -53.44311628, -33.697119373 ], [ -53.439404349, -33.693611252 ] ] ], [ [ [ -51.977495910999899, -32.04036289 ], [ -52.075753753999898, -32.141487137999903 ], [ -52.08304419000001, -32.160172137 ], [ -52.078806184, -32.137838197 ], [ -52.082207899, -32.132922962 ], [ -52.092270734, -32.129585365000011 ], [ -52.085101826, -32.127034643999899 ], [ -52.083990878, -32.118988457999905 ], [ -52.076308798999897, -32.114554559999895 ], [ -52.076900087999903, -32.1104064149999 ], [ -52.068762026999906, -32.09876309 ], [ -52.062557759, -32.097397545 ], [ -52.058299367, -32.080242370999898 ], [ -52.049693389, -32.077210233 ], [ -52.047188755, -32.052992378999896 ], [ -52.039014209999898, -32.0364536189999 ], [ -52.045330204, -32.013970937 ], [ -52.043872273, -32.006868251 ], [ -52.053962485999897, -31.980751928 ], [ -52.038023844999898, -31.970922227 ], [ -52.0273039859999, -31.97098061 ], [ -52.020368398999899, -31.966078889999899 ], [ -52.01524681, -31.966709720000011 ], [ -52.007205709999901, -31.956208 ], [ -52.004652748, -31.944917801 ], [ -52.015208163, -31.922418573 ], [ -52.032014624999903, -31.906978363999894 ], [ -52.04697054, -31.899242117 ], [ -52.047473485999902, -31.896658889 ], [ -52.044539305999898, -31.897292614 ], [ -52.048521041, -31.889545793 ], [ -52.082016164, -31.8660222839999 ], [ -52.088218602, -31.857504814 ], [ -52.089570678, -31.846139051 ], [ -52.09271962, -31.841385483999908 ], [ -52.0986095929999, -31.840594327 ], [ -52.098123680999898, -31.83591133999991 ], [ -52.062529842999901, -31.816152093 ], [ -52.049121307999897, -31.814254725000012 ], [ -52.019146446, -31.816011578 ], [ -51.986911526, -31.826529335 ], [ -51.929572986, -31.860319703999899 ], [ -51.908159633, -31.868908646 ], [ -51.878707159, -31.873083271 ], [ -51.860410401, -31.870176328 ], [ -51.809697935, -31.843539977 ], [ -51.802953552, -31.832747889 ], [ -51.804776551, -31.814753351 ], [ -51.792764083999899, -31.814952886 ], [ -51.787489928, -31.808377329999896 ], [ -51.787249620999901, -31.805046597999905 ], [ -51.793561456, -31.804467324 ], [ -51.796172132, -31.813145700999893 ], [ -51.827502769, -31.802317715999902 ], [ -51.840705194, -31.801987921 ], [ -51.818374860999903, -31.797227941999896 ], [ -51.802298651999898, -31.788464819 ], [ -51.773437612999899, -31.786455385999894 ], [ -51.734590334, -31.788685484999988 ], [ -51.693165475999898, -31.782190715999903 ], [ -51.656054261999898, -31.764928867999984 ], [ -51.598664106999898, -31.714711383 ], [ -51.594913654, -31.707011538 ], [ -51.561481864, -31.670045683999895 ], [ -51.507401047, -31.590999822999898 ], [ -51.502552764, -31.590423135 ], [ -51.498410317, -31.583157403 ], [ -51.475152581, -31.565955596999984 ], [ -51.469757386, -31.5897047999999 ], [ -51.447526857999897, -31.606262087999902 ], [ -51.440609933, -31.620942007999904 ], [ -51.437960714, -31.623704174999908 ], [ -51.435844562999897, -31.619865594 ], [ -51.43501162, -31.623624435999904 ], [ -51.436683947999903, -31.6141282849999 ], [ -51.450535507, -31.594956214 ], [ -51.462157904, -31.567049256 ], [ -51.460786898, -31.556299631999895 ], [ -51.455572812999897, -31.553792425 ], [ -51.455715374, -31.546373546 ], [ -51.446770293, -31.53617158 ], [ -51.448191574, -31.527484671 ], [ -51.464007007, -31.554360845 ], [ -51.455116184, -31.528850682 ], [ -51.44045295, -31.504308776999903 ], [ -51.436481145, -31.504023303999901 ], [ -51.428176231999899, -31.491998146 ], [ -51.421546712, -31.488102631999901 ], [ -51.4223714889999, -31.499936593 ], [ -51.416344223, -31.509556898999989 ], [ -51.392461296, -31.523340377 ], [ -51.364872143, -31.531809398 ], [ -51.343206584, -31.527911061999909 ], [ -51.297108653, -31.506098474999899 ], [ -51.264335053, -31.482786228 ], [ -51.233176737, -31.452644711999891 ], [ -51.194769127, -31.398170116999893 ], [ -51.178125114999901, -31.36242487 ], [ -51.160604996, -31.301713097999897 ], [ -51.157084912, -31.27909557 ], [ -51.156986586, -31.246579553999911 ], [ -51.161407617, -31.209100201999899 ], [ -51.178994155999902, -31.134196338 ], [ -51.127215169, -31.123154151999987 ], [ -51.122717644, -31.129038127999895 ], [ -51.125247903999899, -31.133903822 ], [ -51.117195829, -31.150763976 ], [ -51.084635643, -31.156390008 ], [ -51.087447655999902, -31.160060756999897 ], [ -51.052402519999902, -31.16402076299989 ], [ -51.033662372, -31.174922353999889 ], [ -51.034301157999906, -31.17937726 ], [ -51.028367867, -31.179174299 ], [ -50.985618088, -31.206240521 ], [ -50.962253027, -31.183249406 ], [ -50.842132405, -31.190025528 ], [ -50.902326624, -31.247816551 ], [ -51.040080281, -31.359945266 ], [ -51.214535016999903, -31.533462585999896 ], [ -51.293810446999899, -31.598728983999909 ], [ -51.427238632, -31.695617448 ], [ -51.489313938, -31.735293274 ], [ -51.612395592, -31.803306308999908 ], [ -51.748020894, -31.869980924999904 ], [ -51.826150078, -31.916041015 ], [ -51.895162746, -31.966426523999893 ], [ -51.977495910999899, -32.04036289 ] ] ], [ [ [ -52.110501913, -31.792097721999898 ], [ -52.094150780999897, -31.793959631 ], [ -52.097171849999903, -31.798869704 ], [ -52.106216968999902, -31.801760821 ], [ -52.110501913, -31.792097721999898 ] ] ] ] } },
{ "type": "Feature", "properties": { "regiao_funcional": "RF6 · Campanha e Fronteira Oeste", "regiao_funcional_id": 6, "municipios": 20, "area_km2": 64686.617479526751, "partes": 1, "maior_parte_%": 100.0 }, "geometry": { "type": "Polygon", "coordinates": [ [ [ -55.508114104999898, -30.904315601999901 ], [ -55.5249865709999, -30.897977506 ], [ -55.532526675, -30.902372216999911 ], [ -55.533743775999902, -30.897255786 ], [ -55.545908509999897, -30.890544093 ], [ -55.554777129999898, -30.872596148999897 ], [ -55.563560262, -30.86866114 ], [ -55.562605531, -30.855022018999897 ], [ -55.56727748, -30.845445603 ], [ -55.577427445, -30.843179945 ], [ -55.578614784, -30.832902244 ], [ -55.585202889, -30.836018504 ], [ -55.586760591, -30.841195877000011 ], [ -55.590739044, -30.840885881 ], [ -55.604521647999903, -30.849862118 ], [ -55.618652182999902, -30.841693033 ], [ -55.628731586999898, -30.848018969 ], [ -55.632640916999897, -30.845192622 ], [ -55.6378614079999, -30.846223419 ], [ -55.646642879999902, -30.854834594 ], [ -55.648944677, -30.865080464 ], [ -55.657823419, -30.863823521 ], [ -55.663148827, -30.871890552 ], [ -55.65289086500001, -30.883301241 ], [ -55.655707379, -30.884899237999896 ], [ -55.653989133, -30.896563968 ], [ -55.642117895999903, -30.911600886 ], [ -55.648397877, -30.922962589999909 ], [ -55.656038869, -30.924865283 ], [ -55.663468211, -30.933168204 ], [ -55.658575347, -30.943827917 ], [ -55.661730156, -30.948632113999984 ], [ -55.664469724999897, -30.946841267 ], [ -55.666186387, -30.953978471 ], [ -55.67623983, -30.956091446999885 ], [ -55.688459377999898, -30.952361096999894 ], [ -55.688829574, -30.944857462999899 ], [ -55.694872634, -30.943451616999901 ], [ -55.703953715999901, -30.955221666999904 ], [ -55.709650112, -30.954624876 ], [ -55.716026224, -30.943021332999898 ], [ -55.723905163, -30.94275449 ], [ -55.721041051, -30.945584136 ], [ -55.724536294, -30.951238261999897 ], [ -55.72236227, -30.957343812 ], [ -55.725897394999897, -30.96272603300001 ], [ -55.724359361, -30.966035147999904 ], [ -55.731539504, -30.974083662999888 ], [ -55.728291270999897, -30.979452491 ], [ -55.733856423, -30.981372375 ], [ -55.7466391459999, -30.979462688 ], [ -55.7457592169999, -30.985293644 ], [ -55.752332920999898, -30.998583055 ], [ -55.763105455999899, -31.000001422 ], [ -55.77319898, -30.99705388 ], [ -55.774630209, -30.999997516999901 ], [ -55.767907412999897, -31.003484714 ], [ -55.766558539, -31.010018534 ], [ -55.776717881, -31.015600854 ], [ -55.8121834089999, -31.014694439 ], [ -55.811939251, -31.021654526 ], [ -55.827035295, -31.040473173999899 ], [ -55.830248519999898, -31.040518979999902 ], [ -55.829778615999899, -31.043698119999892 ], [ -55.847645313, -31.042097438999985 ], [ -55.855281667, -31.045115724 ], [ -55.869323818999902, -31.06498397 ], [ -55.870757714, -31.071570210999905 ], [ -55.877667897, -31.072610278 ], [ -55.8824454639999, -31.077273116 ], [ -55.890865004, -31.077148886 ], [ -55.898695271999898, -31.066708886 ], [ -55.910460615, -31.075090375999903 ], [ -55.924249985999907, -31.075697877 ], [ -55.930283674, -31.086263866 ], [ -55.9335973949999, -31.087053415 ], [ -55.958929231999903, -31.077437319 ], [ -55.97929877, -31.073199621999894 ], [ -55.992674472, -31.08504726 ], [ -56.011123407, -31.081577829 ], [ -56.007654636, -31.071737022 ], [ -56.018438294, -31.0477292479999 ], [ -56.014234202, -31.021589651999907 ], [ -56.018102357, -31.009931901 ], [ -56.013208444, -30.990070386 ], [ -56.007059075, -30.983752396999897 ], [ -56.010804965, -30.978297727 ], [ -56.00569409299991, -30.973232978999903 ], [ -56.01148374, -30.963804544 ], [ -56.012484674999897, -30.952827124 ], [ -56.009434475, -30.947032668 ], [ -56.015292624, -30.944510396999895 ], [ -56.010366157, -30.937565215999904 ], [ -56.010154074999903, -30.927082068999887 ], [ -56.005484039999899, -30.922319354 ], [ -56.011051463999898, -30.911951936 ], [ -56.00769466, -30.893527075999891 ], [ -55.997843588, -30.873514488 ], [ -55.990380414999898, -30.866410798999901 ], [ -55.989644964, -30.858991616 ], [ -55.993368452, -30.845904932999897 ], [ -56.004375701999898, -30.839841081 ], [ -56.00424078, -30.830395422 ], [ -56.008745736, -30.819678226999887 ], [ -56.016969206999903, -30.818453820999888 ], [ -56.01647063, -30.811611058 ], [ -56.012471790999903, -30.807300934 ], [ -56.016010458, -30.802319266 ], [ -56.025184092, -30.798596081 ], [ -56.021021764, -30.790573369999905 ], [ -56.022980505, -30.786143258 ], [ -56.035976811, -30.784159057 ], [ -56.039127139999906, -30.775223512 ], [ -56.062134906, -30.775021431 ], [ -56.0667759419999, -30.764213697999899 ], [ -56.063186684999899, -30.752760294 ], [ -56.072732419, -30.745383164 ], [ -56.088389961, -30.757524740999894 ], [ -56.095687767999898, -30.754022112 ], [ -56.10733011, -30.732001899000011 ], [ -56.116781542999902, -30.733046564999885 ], [ -56.119148268999901, -30.737512357999915 ], [ -56.128159970999903, -30.739625103 ], [ -56.132748864, -30.732003273 ], [ -56.128381741999902, -30.72029027 ], [ -56.130307007999903, -30.716515124999905 ], [ -56.135756764, -30.710161818 ], [ -56.150792176, -30.704700994999893 ], [ -56.150435285999897, -30.694077493 ], [ -56.138883539999902, -30.687951061 ], [ -56.137407497, -30.683628697 ], [ -56.143222349, -30.67952273 ], [ -56.151941966, -30.680452231999904 ], [ -56.160757578999899, -30.671215763 ], [ -56.169983023, -30.654062505 ], [ -56.165564875, -30.640891871 ], [ -56.181344931, -30.631309590999901 ], [ -56.182869261999898, -30.624562735 ], [ -56.171875378, -30.618829381999902 ], [ -56.170944377999902, -30.614523855999895 ], [ -56.193001072999898, -30.603792265999989 ], [ -56.214095590999904, -30.608464822 ], [ -56.219880056, -30.607078289999901 ], [ -56.224358241999902, -30.597330443 ], [ -56.234205491, -30.593605739999898 ], [ -56.234492857, -30.586988901 ], [ -56.223841158, -30.584795904 ], [ -56.226252562, -30.578131535999901 ], [ -56.23311561, -30.574854455 ], [ -56.245050407999898, -30.573737099 ], [ -56.254091227999901, -30.587027185000011 ], [ -56.261838849, -30.584646571999905 ], [ -56.261769191, -30.570029713999904 ], [ -56.256738266999903, -30.566947626999895 ], [ -56.258337556, -30.562013028999989 ], [ -56.265920509, -30.554537567999887 ], [ -56.276669378, -30.56069343 ], [ -56.282152902, -30.55984999 ], [ -56.278960073, -30.553264417 ], [ -56.289004631999902, -30.539924506 ], [ -56.290295871999902, -30.529223884 ], [ -56.287277339999903, -30.52753937499989 ], [ -56.292207655, -30.520503957 ], [ -56.29733146599991, -30.526264131999891 ], [ -56.299119156, -30.524678659 ], [ -56.307556812, -30.53046248 ], [ -56.322915109999897, -30.531818235999904 ], [ -56.326942193, -30.52797565 ], [ -56.331284543, -30.529352804 ], [ -56.336798907999899, -30.523067226 ], [ -56.335468751, -30.512002263999914 ], [ -56.348959530999899, -30.504089865 ], [ -56.350486084, -30.496612757 ], [ -56.357154711, -30.491680323 ], [ -56.36463558, -30.492071616 ], [ -56.364727726, -30.496818096 ], [ -56.360540241, -30.495294897 ], [ -56.359864372999901, -30.497574484 ], [ -56.368259598, -30.503167334 ], [ -56.383495137, -30.498822420999886 ], [ -56.389266687, -30.493060161 ], [ -56.383667718, -30.492627372999898 ], [ -56.387330263, -30.4869893169999 ], [ -56.395588282999903, -30.484868287 ], [ -56.396410638, -30.472217394 ], [ -56.401671355, -30.474831763999909 ], [ -56.406236336999903, -30.468610548999902 ], [ -56.407031415999903, -30.459873091999988 ], [ -56.399784302999898, -30.458568489999898 ], [ -56.39818767, -30.448439296999897 ], [ -56.408010571, -30.446885775999892 ], [ -56.416434421, -30.431362626999899 ], [ -56.4263124349999, -30.435208869 ], [ -56.439978485, -30.432523655999905 ], [ -56.447461190999903, -30.424748442999888 ], [ -56.453918158, -30.422542185999905 ], [ -56.444912814, -30.415775138 ], [ -56.444537109999899, -30.411607578000012 ], [ -56.453865951, -30.402206 ], [ -56.460783082, -30.385639489 ], [ -56.476445257, -30.389443983 ], [ -56.483942316, -30.398841585999893 ], [ -56.491364755999903, -30.398109428999895 ], [ -56.496452963, -30.387062552 ], [ -56.507090757, -30.381841407 ], [ -56.505190297, -30.37047453 ], [ -56.519431872, -30.359803913 ], [ -56.546144007999899, -30.360649403 ], [ -56.544055441999902, -30.353351260999894 ], [ -56.5511851649999, -30.345802601999893 ], [ -56.551617201999903, -30.341331827 ], [ -56.537023722, -30.33413734 ], [ -56.542821085999897, -30.312254800999902 ], [ -56.546970217, -30.311489412 ], [ -56.55349763, -30.319132990999904 ], [ -56.55784311, -30.319175258 ], [ -56.5631206589999, -30.3116679829999 ], [ -56.575879342, -30.303559843 ], [ -56.574312049, -30.291316982999906 ], [ -56.577391464, -30.288924907 ], [ -56.597530158, -30.295762157999896 ], [ -56.6051444, -30.292830025999894 ], [ -56.613388181999902, -30.300485359999989 ], [ -56.618743469, -30.301229021 ], [ -56.620964928, -30.293004789999895 ], [ -56.607682157999903, -30.282945987999895 ], [ -56.609497959, -30.26943734 ], [ -56.614963163, -30.261580033 ], [ -56.627598886, -30.266861363 ], [ -56.639172488, -30.259127615999891 ], [ -56.639420784, -30.25415778 ], [ -56.631338604999897, -30.255241715999897 ], [ -56.624125477, -30.246584292 ], [ -56.641163335, -30.234818913 ], [ -56.650740244, -30.220435096 ], [ -56.664490186, -30.221856572999986 ], [ -56.668742481, -30.218101647 ], [ -56.650274222, -30.212157772 ], [ -56.646018367, -30.208804518 ], [ -56.646532694, -30.203847685 ], [ -56.652429933, -30.206911583 ], [ -56.663678745, -30.197426591999893 ], [ -56.678688404, -30.200263064 ], [ -56.681947695, -30.194497084 ], [ -56.697190807, -30.205035929 ], [ -56.708394644, -30.188132118999903 ], [ -56.705648384, -30.176063793 ], [ -56.719895192, -30.179729529999989 ], [ -56.729785596999911, -30.171704147 ], [ -56.758214287, -30.160845772999899 ], [ -56.776536074, -30.163373991 ], [ -56.78193808, -30.158774209999901 ], [ -56.784005416999896, -30.151165574999894 ], [ -56.777792803999901, -30.133714856 ], [ -56.780271012, -30.126630373999895 ], [ -56.799449767999903, -30.122299666999901 ], [ -56.806367893999898, -30.104447163 ], [ -56.810040768, -30.1029740459999 ], [ -56.816830652, -30.107347827 ], [ -56.824166901, -30.09564446 ], [ -56.83358456500001, -30.092302246 ], [ -56.854173005999897, -30.088793353 ], [ -56.864551036, -30.090050415999912 ], [ -56.870691498, -30.0939354879999 ], [ -56.873650767999898, -30.09272393 ], [ -56.874541226, -30.086248623999904 ], [ -56.886046026, -30.087428464 ], [ -56.891934713, -30.100295344 ], [ -56.905382202999903, -30.113469962 ], [ -56.905407120999897, -30.107653977000012 ], [ -56.9153753699999, -30.110217611999893 ], [ -56.911327134, -30.101509133 ], [ -56.917773671, -30.096201725 ], [ -56.932415991, -30.093936864999907 ], [ -56.955580869999899, -30.101144856 ], [ -56.9774230579999, -30.097554643 ], [ -56.982835206999901, -30.088430028999895 ], [ -56.993442554, -30.085711772 ], [ -57.023898099, -30.087542221 ], [ -57.028940585, -30.092848042999911 ], [ -57.031332092999897, -30.102143844 ], [ -57.044805032999903, -30.105738889999898 ], [ -57.057872044, -30.098646517 ], [ -57.0678405419999, -30.101209255999901 ], [ -57.067138977999903, -30.09118523 ], [ -57.061360049, -30.088520262 ], [ -57.06908076, -30.085575016999901 ], [ -57.08723445, -30.101043423 ], [ -57.092126864, -30.112714196999903 ], [ -57.085874826, -30.110319877999899 ], [ -57.08475784, -30.114549640999897 ], [ -57.091186163, -30.121515829 ], [ -57.095486791, -30.121264821999901 ], [ -57.096418321, -30.114569980999889 ], [ -57.1081686859999, -30.116668013 ], [ -57.115987452, -30.113843281 ], [ -57.114083203999897, -30.127182902999898 ], [ -57.110970601, -30.128745798999898 ], [ -57.107357156, -30.125251439 ], [ -57.104679274, -30.126340237 ], [ -57.105700232999901, -30.135128876999893 ], [ -57.114483284999899, -30.145457403 ], [ -57.12916502, -30.140838055 ], [ -57.135839259, -30.157935725 ], [ -57.1446398799999, -30.166205781 ], [ -57.144777693, -30.171612807 ], [ -57.159136111999899, -30.185691163999898 ], [ -57.159464132, -30.193073725 ], [ -57.168219362999899, -30.197636072 ], [ -57.168361158, -30.208396654 ], [ -57.164777742, -30.213448021 ], [ -57.167942468, -30.217732200999905 ], [ -57.163249686, -30.217318693 ], [ -57.16542890599991, -30.2245122809999 ], [ -57.155162119, -30.234136228 ], [ -57.161537135999907, -30.24213651 ], [ -57.167449214, -30.241382191 ], [ -57.167913673, -30.249026329999907 ], [ -57.177334056999896, -30.251288139999893 ], [ -57.196253076999902, -30.264506477999895 ], [ -57.202911855, -30.284429627999906 ], [ -57.220261386999908, -30.289285371999899 ], [ -57.250077174999902, -30.289156862 ], [ -57.255871275999901, -30.281849217999902 ], [ -57.253183223999898, -30.273292957 ], [ -57.258554772, -30.267169476999989 ], [ -57.261769094, -30.267223299 ], [ -57.268969018, -30.271648478 ], [ -57.270060978999901, -30.284984513 ], [ -57.277815421999897, -30.292454039999893 ], [ -57.284564520999901, -30.293722064999898 ], [ -57.293176751, -30.286392627999899 ], [ -57.306979409, -30.262332801 ], [ -57.314329423999901, -30.257747977999895 ], [ -57.319503982, -30.269742440999909 ], [ -57.34298374, -30.27768115 ], [ -57.35203600900001, -30.2844850299999 ], [ -57.357681581999906, -30.282628020999894 ], [ -57.358825038, -30.272402933 ], [ -57.369834507999897, -30.27301152 ], [ -57.378750489, -30.279420746 ], [ -57.392352245, -30.304673263 ], [ -57.403956315, -30.300686144999894 ], [ -57.418599254, -30.302644101999892 ], [ -57.421380892999899, -30.300875658999903 ], [ -57.42165747, -30.289161341999893 ], [ -57.415334856999898, -30.282038222 ], [ -57.416404531, -30.277977873999902 ], [ -57.429295975999899, -30.274609267999899 ], [ -57.452295288999899, -30.276037447 ], [ -57.463523412, -30.26539986099991 ], [ -57.486759698, -30.266829238999886 ], [ -57.500273085999908, -30.288853131999893 ], [ -57.512844908, -30.285189720999899 ], [ -57.525408792999897, -30.285472190000014 ], [ -57.550831710999908, -30.272619384999885 ], [ -57.55512096199989, -30.265001227 ], [ -57.566339844, -30.259111205999901 ], [ -57.567979154999897, -30.252230965 ], [ -57.558591662, -30.235562775999895 ], [ -57.556298865, -30.224972932 ], [ -57.557846389, -30.213383447999902 ], [ -57.563072906999899, -30.209109511 ], [ -57.60336743499991, -30.189671132999901 ], [ -57.632054731, -30.187038983 ], [ -57.645141937999902, -30.193690629999892 ], [ -57.649742824, -30.189320897 ], [ -57.646804238, -30.18159069 ], [ -57.639613701, -30.176744265999986 ], [ -57.625084339999901, -30.174993217999909 ], [ -57.588019078999899, -30.178344798 ], [ -57.525614705999907, -30.151385455 ], [ -57.464604258, -30.110343034 ], [ -57.458226693, -30.101236561999901 ], [ -57.453761149999892, -30.081558760999897 ], [ -57.417521641, -30.038372563999896 ], [ -57.396332152999904, -30.022794248 ], [ -57.35198067999989, -30.008058557 ], [ -57.33756762, -29.989972475999902 ], [ -57.32814070699991, -29.972036783 ], [ -57.324079572, -29.921729399 ], [ -57.329688014999903, -29.887635369 ], [ -57.324578905, -29.872817848999908 ], [ -57.282178511, -29.817288264 ], [ -57.267752238999897, -29.809455113999896 ], [ -57.235400157999898, -29.780788386 ], [ -57.221053138999899, -29.776301507 ], [ -57.17202099, -29.780684864 ], [ -57.131905356999901, -29.770160056 ], [ -57.099722116999899, -29.74832011 ], [ -57.045475591999903, -29.701585929 ], [ -57.0334348969999, -29.695707785 ], [ -57.021104573999899, -29.683317320999901 ], [ -57.011519342, -29.664496213999897 ], [ -57.000923686, -29.651914637999898 ], [ -56.990640036999899, -29.646683771999989 ], [ -56.971148366, -29.643406403 ], [ -56.967286613999903, -29.630070512 ], [ -56.972084955, -29.617300945999897 ], [ -56.971397969, -29.610284186999898 ], [ -56.95091776, -29.580687251 ], [ -56.929537201999899, -29.566215132 ], [ -56.901961733999897, -29.533816707 ], [ -56.860815709999898, -29.507346906999896 ], [ -56.822092442, -29.4900248 ], [ -56.808210261999903, -29.473111156 ], [ -56.796951479, -29.449066935 ], [ -56.779500372, -29.437372594 ], [ -56.780361206999899, -29.416289783 ], [ -56.768401556999898, -29.377998886999904 ], [ -56.758703007, -29.37090455500001 ], [ -56.746190855999899, -29.368356363 ], [ -56.712968072, -29.367352615 ], [ -56.699965305, -29.356440893 ], [ -56.664522813, -29.294990868999893 ], [ -56.650714090999898, -29.26434826 ], [ -56.649206831, -29.254956412999913 ], [ -56.654760639, -29.223793977 ], [ -56.645842989, -29.200293955999904 ], [ -56.616924513999898, -29.171069326 ], [ -56.594874335, -29.136291125999904 ], [ -56.593911411, -29.126256092999895 ], [ -56.58875341800001, -29.119812818 ], [ -56.567982044, -29.114083493 ], [ -56.544307531, -29.115737328999987 ], [ -56.514855528999902, -29.092661986999904 ], [ -56.503025419, -29.088661565999892 ], [ -56.430420241, -29.07950349 ], [ -56.415997499, -29.068960171999901 ], [ -56.410002743999897, -29.038655495999883 ], [ -56.404363218999904, -29.032480926999899 ], [ -56.399117272, -29.017351596 ], [ -56.416174188999904, -29.00073642 ], [ -56.415964679, -28.992263267999906 ], [ -56.406335992, -28.972595637 ], [ -56.378990174, -28.948029926999904 ], [ -56.344193918, -28.940056523 ], [ -56.327280992999903, -28.928223314 ], [ -56.300054078, -28.8955608119999 ], [ -56.297287137999902, -28.841420377 ], [ -56.301210668, -28.817045974999893 ], [ -56.299742368999901, -28.808113314 ], [ -56.289112696, -28.793721967 ], [ -56.270951493, -28.781925751 ], [ -56.260931114, -28.779006809999899 ], [ -56.194155539, -28.7751979519999 ], [ -56.188123894999897, -28.772280931 ], [ -56.160677458999899, -28.739651438999896 ], [ -56.14345356, -28.709131980999892 ], [ -56.119150943, -28.68124749 ], [ -56.082004880999897, -28.654199332 ], [ -56.056272232, -28.629203614999902 ], [ -56.025972773, -28.617144767999907 ], [ -56.0097925869999, -28.605826351 ], [ -56.003373274, -28.597798430999894 ], [ -56.002370917, -28.578298665 ], [ -56.020896819, -28.553196613999905 ], [ -56.025690045, -28.534793604 ], [ -56.023230076999909, -28.52276498 ], [ -56.011224108, -28.506893367 ], [ -55.988215182, -28.498115178 ], [ -55.949293607999898, -28.494592681 ], [ -55.928791315999902, -28.486352014 ], [ -55.884006045, -28.479163056999898 ], [ -55.881327821999903, -28.473504738 ], [ -55.882601649, -28.463838239 ], [ -55.903049484999897, -28.407644343 ], [ -55.900385866, -28.398346058999891 ], [ -55.878739289, -28.361847289 ], [ -55.859494785, -28.354864226 ], [ -55.809643144999903, -28.365744299 ], [ -55.756566743, -28.369431419 ], [ -55.746403792, -28.373226718 ], [ -55.734352472999909, -28.381209512999899 ], [ -55.719703485, -28.418679138999899 ], [ -55.713461388, -28.425755347999889 ], [ -55.704337021999898, -28.427556201999895 ], [ -55.695247523, -28.422966258 ], [ -55.692175866999897, -28.416379500999895 ], [ -55.686567361, -28.414687000999905 ], [ -55.670785869, -28.39819166 ], [ -55.668092293, -28.401488470999897 ], [ -55.664735043, -28.400990968999988 ], [ -55.666531924, -28.39823202 ], [ -55.662587866, -28.39471958 ], [ -55.66776484, -28.393416836 ], [ -55.668035706, -28.386405963 ], [ -55.660061008999897, -28.389866371 ], [ -55.659854482, -28.383945643999901 ], [ -55.652301698, -28.385138873999896 ], [ -55.650187538999901, -28.378951642999901 ], [ -55.642286457999909, -28.380568911 ], [ -55.640239217, -28.384718923 ], [ -55.638992909, -28.381507954 ], [ -55.634457821, -28.38166885 ], [ -55.638711343, -28.377728772999902 ], [ -55.634234291, -28.373212389999896 ], [ -55.635014273, -28.365193147 ], [ -55.614187767, -28.371931103 ], [ -55.610248096, -28.371903709 ], [ -55.607926211999903, -28.367996047 ], [ -55.605539832, -28.370228052 ], [ -55.59396577, -28.362697559 ], [ -55.596223257, -28.360300367 ], [ -55.584049825, -28.344707320999895 ], [ -55.5830780699999, -28.33943210199989 ], [ -55.574416927, -28.342772775 ], [ -55.570643955, -28.340204575 ], [ -55.562764645, -28.347860362999896 ], [ -55.566453463999899, -28.353931831999901 ], [ -55.56276937, -28.354591147999901 ], [ -55.56313474, -28.361843738999909 ], [ -55.555257441, -28.365091271 ], [ -55.544735048999897, -28.375226401 ], [ -55.536245119999897, -28.38959055 ], [ -55.531067355999902, -28.390861285 ], [ -55.52755719, -28.388238456 ], [ -55.518990247, -28.391276983 ], [ -55.50691147, -28.403193061 ], [ -55.524436738, -28.415184199999892 ], [ -55.5233813729999, -28.448182594999899 ], [ -55.528757883, -28.457761595 ], [ -55.541885250999897, -28.462426348999905 ], [ -55.554886933, -28.462122337 ], [ -55.568030972, -28.46932019 ], [ -55.570492101, -28.474984178999897 ], [ -55.577888238, -28.477060066 ], [ -55.590378512, -28.488447234 ], [ -55.611160962, -28.4869874739999 ], [ -55.624210945, -28.488447922 ], [ -55.635056718, -28.496177971 ], [ -55.646476365, -28.498196188999895 ], [ -55.662960869, -28.496030817 ], [ -55.679266143999897, -28.498327416999896 ], [ -55.687248268, -28.515157162 ], [ -55.695483369, -28.519662527 ], [ -55.697134671999898, -28.531412281 ], [ -55.7013928269999, -28.536834650999907 ], [ -55.718852692, -28.548745962999895 ], [ -55.728348524999902, -28.550471995 ], [ -55.729612451, -28.567644839 ], [ -55.734192203, -28.573218921 ], [ -55.750321421, -28.581528272 ], [ -55.764877273, -28.583994526 ], [ -55.770728807999909, -28.581354661 ], [ -55.769513729, -28.594505339 ], [ -55.754557191999901, -28.598602781999904 ], [ -55.733219031, -28.622748341 ], [ -55.724739650999901, -28.616981323999898 ], [ -55.722455598, -28.625596198 ], [ -55.710332889, -28.623997849 ], [ -55.699764995, -28.626140553 ], [ -55.71280495, -28.646866455 ], [ -55.719985143, -28.653148577 ], [ -55.717172637, -28.657837980999901 ], [ -55.7073444769999, -28.661635389 ], [ -55.696614446, -28.654836010999905 ], [ -55.689593316999897, -28.663304855 ], [ -55.681729885, -28.665740863999897 ], [ -55.675680235, -28.671527741 ], [ -55.641694098999899, -28.669185395999911 ], [ -55.635921158, -28.6717287459999 ], [ -55.628782338, -28.684544038999906 ], [ -55.6166431629999, -28.677953666999894 ], [ -55.59091075, -28.690783915999894 ], [ -55.572966599, -28.676280458 ], [ -55.563748739999902, -28.683384766 ], [ -55.571974676, -28.694472758 ], [ -55.561721254, -28.697009049 ], [ -55.549837212999897, -28.707473736999901 ], [ -55.536058565, -28.697995510999899 ], [ -55.536470347, -28.692626049 ], [ -55.531605392, -28.686374584000013 ], [ -55.526231268999908, -28.69041084 ], [ -55.522307914, -28.70342906 ], [ -55.516522649, -28.707001385999895 ], [ -55.508652047999902, -28.693878018 ], [ -55.500554856999898, -28.698732951999894 ], [ -55.493173699, -28.694817331999985 ], [ -55.488061027999898, -28.684115048 ], [ -55.489441026999899, -28.680616819 ], [ -55.495992849999901, -28.678892827 ], [ -55.490957353999903, -28.664713016999901 ], [ -55.4858670099999, -28.661629589 ], [ -55.481498786, -28.668698601999903 ], [ -55.463859042, -28.663825898 ], [ -55.455528939, -28.668098801999989 ], [ -55.449635725, -28.667719061 ], [ -55.446096944, -28.6752535319999 ], [ -55.440424536, -28.673539508 ], [ -55.431016002, -28.656628742 ], [ -55.438395238999902, -28.652309698999897 ], [ -55.436967775, -28.649951347 ], [ -55.421954655, -28.649148059 ], [ -55.42088596, -28.654554012999903 ], [ -55.416345244999903, -28.656476186 ], [ -55.412206155, -28.648990195 ], [ -55.405774764999897, -28.651881654 ], [ -55.400294961, -28.649041640999897 ], [ -55.395389811, -28.651185199999897 ], [ -55.394745196, -28.657974096 ], [ -55.380844814999897, -28.66938239 ], [ -55.375276907999897, -28.666003698999905 ], [ -55.37497374, -28.657277677 ], [ -55.367596066, -28.653822275 ], [ -55.363554423, -28.660784245999899 ], [ -55.355983336999898, -28.657710860999899 ], [ -55.355998326, -28.649494884 ], [ -55.346231635, -28.650785813 ], [ -55.347712413, -28.660910305999895 ], [ -55.345168831, -28.666892452 ], [ -55.330458719, -28.667443713999898 ], [ -55.323483304, -28.660197427 ], [ -55.324572367, -28.656499696 ], [ -55.320638883, -28.655266063999893 ], [ -55.315807011999901, -28.657692955 ], [ -55.314520737999899, -28.664632162 ], [ -55.308171493, -28.670881492 ], [ -55.303217042, -28.67133703 ], [ -55.290901329, -28.66521387300001 ], [ -55.286962931999902, -28.666418741 ], [ -55.284489382999901, -28.66895563 ], [ -55.287764497999902, -28.675328027 ], [ -55.28584007099991, -28.681454804999898 ], [ -55.280098191, -28.681322466 ], [ -55.274967445999899, -28.672255479999908 ], [ -55.255438854, -28.682714437999895 ], [ -55.253273699, -28.690877394 ], [ -55.236017208, -28.687443645 ], [ -55.242191008, -28.677504848 ], [ -55.232566075, -28.67235753599989 ], [ -55.230090221, -28.666586333999884 ], [ -55.22593253, -28.666153098999899 ], [ -55.223061596, -28.676618034999908 ], [ -55.2268664979999, -28.692044923 ], [ -55.232031537, -28.698715515999886 ], [ -55.224722808, -28.704364435999896 ], [ -55.225417551, -28.711375167 ], [ -55.207534210999903, -28.711498057 ], [ -55.202991632, -28.721670741 ], [ -55.191509779999897, -28.727622008 ], [ -55.194268791, -28.732595671 ], [ -55.183006096, -28.749240379999904 ], [ -55.192660128999897, -28.756082363 ], [ -55.1867066679999, -28.7619428849999 ], [ -55.176006624, -28.757713239999898 ], [ -55.17493488, -28.753810771 ], [ -55.164797882999899, -28.751668340999988 ], [ -55.155373399, -28.736731692 ], [ -55.132631986, -28.744999444 ], [ -55.112148820999906, -28.742536029999904 ], [ -55.098606823999901, -28.753475598 ], [ -55.086864863, -28.751319576999894 ], [ -55.085864972, -28.756706413 ], [ -55.0730358, -28.761186253999899 ], [ -55.078785013999898, -28.768412962 ], [ -55.071105998, -28.776166940999904 ], [ -55.064605582, -28.7774497959999 ], [ -55.056009193, -28.766691966999897 ], [ -55.043718484, -28.762238631999885 ], [ -55.042790337, -28.774351323 ], [ -55.034515741999897, -28.780701361 ], [ -55.03055294, -28.789421498 ], [ -55.033968082999898, -28.798169132999902 ], [ -55.0248681959999, -28.798307969999886 ], [ -55.021333042, -28.787678136 ], [ -55.007847536, -28.796472010999899 ], [ -55.003395811, -28.776034487999897 ], [ -54.996429567999897, -28.777739762 ], [ -54.989812042, -28.785921666 ], [ -54.982448689, -28.789389317 ], [ -54.9814718659999, -28.795218260999899 ], [ -54.964578366, -28.8082729139999 ], [ -54.9605805099999, -28.808439452999895 ], [ -54.963623802, -28.812525444999903 ], [ -54.971571782, -28.813089185 ], [ -54.979484366999905, -28.818729328 ], [ -55.01790227, -28.832612946 ], [ -55.024054202999899, -28.838242913999988 ], [ -55.033561941, -28.837753608999897 ], [ -55.036825732, -28.833312408 ], [ -55.053723632999905, -28.845806543 ], [ -55.051367977, -28.867644873 ], [ -55.053375122, -28.875384266 ], [ -55.0465848119999, -28.887546081 ], [ -55.024738893999903, -28.898547235 ], [ -55.030572744, -28.900495636 ], [ -55.037234700999903, -28.895783005999895 ], [ -55.052404455, -28.896950072 ], [ -55.068205775, -28.892571125 ], [ -55.080255678999904, -28.8960314 ], [ -55.089948653, -28.903467447 ], [ -55.103623649, -28.903425591 ], [ -55.095212595, -28.909879709999892 ], [ -55.083193052999903, -28.910336855 ], [ -55.083583254, -28.914828281 ], [ -55.072825402, -28.921555204 ], [ -55.07522383, -28.928281528999904 ], [ -55.072924626, -28.932686169 ], [ -55.077445698, -28.939722086 ], [ -55.084863595999899, -28.943543591 ], [ -55.089571879999902, -28.950111143999898 ], [ -55.101100636999902, -28.955193872999899 ], [ -55.124877552, -28.951296622 ], [ -55.133983811999897, -28.945815439999897 ], [ -55.169424103, -28.948191575999907 ], [ -55.177970767, -28.943161593 ], [ -55.1964446389999, -28.957771157 ], [ -55.197567793, -28.979139942 ], [ -55.227893835, -28.981812878 ], [ -55.2303912839999, -28.977805361 ], [ -55.245053057999897, -28.978024088 ], [ -55.245029484, -28.971255663 ], [ -55.254019954999897, -28.973226297999901 ], [ -55.255981248, -28.967146634999896 ], [ -55.262845227999897, -28.974238920999898 ], [ -55.2729052339999, -28.971827464999901 ], [ -55.281237741, -28.964483605999895 ], [ -55.288754763, -28.964034733999899 ], [ -55.302200765, -28.955131300999899 ], [ -55.319495946, -28.953956992 ], [ -55.322323035, -28.960233208 ], [ -55.299322005, -28.967366562999899 ], [ -55.294172495999902, -28.972652075999985 ], [ -55.29110652, -28.984546161 ], [ -55.293161606999902, -28.992351355 ], [ -55.28559254, -28.997881721999889 ], [ -55.279561126, -29.008235992 ], [ -55.281484013999901, -29.024150791 ], [ -55.278475328, -29.030668338999888 ], [ -55.261876232, -29.048197253 ], [ -55.24601754, -29.056098986999888 ], [ -55.260156486, -29.056067187999904 ], [ -55.264493683, -29.053676418999899 ], [ -55.272885533, -29.057040492999899 ], [ -55.274039195999897, -29.089555015 ], [ -55.285489265, -29.104814022 ], [ -55.269558543999899, -29.121455266999899 ], [ -55.268592431999899, -29.128971696 ], [ -55.268380946, -29.142547593000014 ], [ -55.276671577999899, -29.153331033 ], [ -55.2743425049999, -29.160745877999894 ], [ -55.283119472, -29.17491428200001 ], [ -55.279332223, -29.183134289 ], [ -55.286627782, -29.185666026 ], [ -55.290945326, -29.192987323999908 ], [ -55.297444995, -29.194459853 ], [ -55.30013627400001, -29.202549813 ], [ -55.310845752, -29.202885591 ], [ -55.313620842, -29.205430226000011 ], [ -55.311357339, -29.208336378 ], [ -55.316895534, -29.208269376 ], [ -55.31412476299991, -29.211073214999896 ], [ -55.316376108, -29.215665235999911 ], [ -55.327304335, -29.219534563 ], [ -55.327437749, -29.216879325 ], [ -55.336517023999903, -29.223427339 ], [ -55.344855913999901, -29.22116528 ], [ -55.343770298, -29.2077298479999 ], [ -55.350091103, -29.208527725999897 ], [ -55.35277466, -29.205426361 ], [ -55.361863393, -29.2068118 ], [ -55.368865778, -29.219419882 ], [ -55.367041836999903, -29.230931794999897 ], [ -55.3745059, -29.237029067 ], [ -55.387505899, -29.229873192 ], [ -55.388386133, -29.223295221999901 ], [ -55.393571062, -29.225186175 ], [ -55.390769831999897, -29.2301820879999 ], [ -55.3939174449999, -29.236633361 ], [ -55.401873125, -29.234192239 ], [ -55.402190036, -29.217437618 ], [ -55.397068237, -29.214951871 ], [ -55.393177818, -29.20752873 ], [ -55.398512482999898, -29.204291515 ], [ -55.401611805999899, -29.204728175 ], [ -55.403619294, -29.211524944 ], [ -55.4123621909999, -29.2103234369999 ], [ -55.423610580999899, -29.213913542999908 ], [ -55.427032058999899, -29.208623513 ], [ -55.433700633999898, -29.213441406999905 ], [ -55.442672324999897, -29.212432122999893 ], [ -55.448132731, -29.205721400999899 ], [ -55.450960428, -29.205983949 ], [ -55.459114875, -29.215144059999904 ], [ -55.443295575, -29.22754384 ], [ -55.439746836, -29.226514941999902 ], [ -55.439014611999902, -29.238513822999888 ], [ -55.432421335, -29.256449756999899 ], [ -55.424630518999898, -29.262468499 ], [ -55.420623776, -29.27051054299989 ], [ -55.420720315, -29.289018718 ], [ -55.415363891, -29.308325318999891 ], [ -55.416458366, -29.321754235 ], [ -55.420390079, -29.322706527 ], [ -55.434420696, -29.316716712 ], [ -55.459165191999901, -29.325257952999898 ], [ -55.457827965, -29.340110173 ], [ -55.462341079999902, -29.342542305999896 ], [ -55.462574327, -29.352528881 ], [ -55.48267485, -29.368410084999894 ], [ -55.482504342, -29.379388746 ], [ -55.461628011999899, -29.377345143999904 ], [ -55.44608163800001, -29.370079131999894 ], [ -55.4439881059999, -29.37325713 ], [ -55.440062669, -29.365514991999898 ], [ -55.430148890999902, -29.362126233999987 ], [ -55.427482074, -29.368017149 ], [ -55.429475661, -29.381245836999902 ], [ -55.439172958, -29.396054875999887 ], [ -55.431678667, -29.401658719999897 ], [ -55.407629062, -29.404067099 ], [ -55.405090808999901, -29.409881358999904 ], [ -55.406621905999899, -29.417501860999899 ], [ -55.403636804, -29.416926264 ], [ -55.402349709, -29.424055989 ], [ -55.39151912900001, -29.431986606 ], [ -55.397245907, -29.438562049 ], [ -55.386633952999901, -29.442695129 ], [ -55.378574075, -29.440771755999901 ], [ -55.381057263999899, -29.449000589 ], [ -55.373604112, -29.450748249999894 ], [ -55.370466061999899, -29.447747921 ], [ -55.365583848, -29.450272372 ], [ -55.358007605999909, -29.445434614 ], [ -55.362819585999901, -29.451697049 ], [ -55.357728371, -29.455276039999895 ], [ -55.360181976, -29.457212038 ], [ -55.356148304, -29.461188789999902 ], [ -55.366533634999897, -29.457837964 ], [ -55.369182563, -29.45956161 ], [ -55.367859234, -29.464431791 ], [ -55.361664218, -29.469079463999904 ], [ -55.364692282, -29.472843331999986 ], [ -55.357854303, -29.480125969 ], [ -55.352373188999898, -29.477833769 ], [ -55.3497920739999, -29.481865029999902 ], [ -55.34937009, -29.477332948 ], [ -55.343488559, -29.475769673999896 ], [ -55.347821656999898, -29.472446944 ], [ -55.338440968, -29.477079779999904 ], [ -55.347454413, -29.493086642 ], [ -55.339532522999903, -29.506518628 ], [ -55.333236155999899, -29.510015952999908 ], [ -55.328402188, -29.522212994 ], [ -55.330729499, -29.532148221999901 ], [ -55.348038441, -29.532882184 ], [ -55.351879755, -29.537871107999887 ], [ -55.345817613, -29.541948475 ], [ -55.346925959, -29.54499965 ], [ -55.367067807999902, -29.555413574999896 ], [ -55.3691414749999, -29.572132923 ], [ -55.37346952, -29.573618075 ], [ -55.378126638, -29.614872442 ], [ -55.369605997, -29.612639752 ], [ -55.363319829, -29.614612247 ], [ -55.338419277, -29.63677496 ], [ -55.326265973, -29.642214458 ], [ -55.309066338, -29.631241671999906 ], [ -55.292887545, -29.630616460999903 ], [ -55.280233467999899, -29.617821133999904 ], [ -55.258931304, -29.617343893999887 ], [ -55.243462114, -29.620311333 ], [ -55.235572525, -29.634124938999904 ], [ -55.223956051999899, -29.631429073999985 ], [ -55.212513844999897, -29.636159834999905 ], [ -55.21284868, -29.651084703 ], [ -55.206574014, -29.659142168 ], [ -55.195888626999903, -29.66591591 ], [ -55.193043628999902, -29.672914345 ], [ -55.195181095999899, -29.690640965999897 ], [ -55.191654216, -29.696745273 ], [ -55.131578644999898, -29.695733849 ], [ -55.126159476999909, -29.697694731999896 ], [ -55.1241985939999, -29.703541728999905 ], [ -55.129082975, -29.719603143 ], [ -55.126409044, -29.74916791 ], [ -55.135429105999897, -29.757127312 ], [ -55.135928239999906, -29.761298645 ], [ -55.119559883, -29.7694772729999 ], [ -55.12216875, -29.771045569 ], [ -55.124942945, -29.768603425 ], [ -55.1251066519999, -29.77548583 ], [ -55.115451709, -29.777712553 ], [ -55.1167090389999, -29.786058435999987 ], [ -55.112463646, -29.792839396 ], [ -55.115638577, -29.798271418 ], [ -55.111825907, -29.800045223 ], [ -55.119932897, -29.807183113 ], [ -55.125075147, -29.820141465999903 ], [ -55.141706999999897, -29.821412598999895 ], [ -55.150093352999903, -29.826546742999898 ], [ -55.146634666999901, -29.840808371 ], [ -55.142172805, -29.841068838 ], [ -55.139455589, -29.847916725999912 ], [ -55.141335758, -29.851964999 ], [ -55.153114963, -29.855616956999896 ], [ -55.149522454, -29.872040222999903 ], [ -55.156182977999897, -29.875972709999896 ], [ -55.164403267999901, -29.874417716 ], [ -55.17174600499991, -29.880193946 ], [ -55.178076932, -29.897193452999907 ], [ -55.194399989, -29.915504025 ], [ -55.212005663, -29.922916616999892 ], [ -55.222471325, -29.919972668 ], [ -55.229190571999901, -29.928533464999898 ], [ -55.234275624, -29.942715892 ], [ -55.233292151999898, -29.948558337999899 ], [ -55.240036585, -29.957442892 ], [ -55.244576416, -29.972188928 ], [ -55.245193146, -29.987933095999889 ], [ -55.252152214, -29.992027603999901 ], [ -55.259474301, -30.002105782999898 ], [ -55.2593878489999, -30.013877468 ], [ -55.267202305, -30.016888555000019 ], [ -55.269566819, -30.039869608999901 ], [ -55.278032975, -30.042006902 ], [ -55.281099097, -30.051737973999899 ], [ -55.297623356, -30.064200802 ], [ -55.305127061, -30.071558062 ], [ -55.304457686, -30.07491407 ], [ -55.314465231, -30.08312225 ], [ -55.307990458999903, -30.087775306 ], [ -55.295577338, -30.08854933 ], [ -55.290906024, -30.102953343 ], [ -55.287340723999897, -30.1033128619999 ], [ -55.285052807999897, -30.0915699349999 ], [ -55.274093649, -30.081018168999897 ], [ -55.260401982, -30.084670692 ], [ -55.253852884, -30.079663325999906 ], [ -55.245040721999899, -30.081145370999902 ], [ -55.2285172489999, -30.078622333999895 ], [ -55.223843257999903, -30.074998389 ], [ -55.222337539, -30.079472924 ], [ -55.216075014, -30.080283473000012 ], [ -55.209188223, -30.08568911 ], [ -55.188028363999898, -30.078972113 ], [ -55.183494235, -30.06954647 ], [ -55.187538070999899, -30.067887138999893 ], [ -55.187007779999902, -30.060991464 ], [ -55.177229528999902, -30.045340361999898 ], [ -55.162771929, -30.043668118999985 ], [ -55.157665973999897, -30.050471630999898 ], [ -55.150663094, -30.048139744 ], [ -55.142556981, -30.054236009 ], [ -55.136830011, -30.041861223999902 ], [ -55.128394877999902, -30.041497598 ], [ -55.11547404800001, -30.046651267999909 ], [ -55.096671779, -30.034476684 ], [ -55.094027708999903, -30.040665535 ], [ -55.10145614, -30.046504320999905 ], [ -55.101076839, -30.053536945 ], [ -55.08691665, -30.07769165 ], [ -55.082202333999902, -30.102970555999899 ], [ -55.073478592, -30.110730948 ], [ -55.07706359, -30.124261662 ], [ -55.070515596999904, -30.129343515999892 ], [ -55.068136619, -30.14181851 ], [ -55.060545275, -30.14492244 ], [ -55.054653435, -30.138870418999904 ], [ -55.043234297, -30.1350479389999 ], [ -55.027095551999906, -30.133865077999896 ], [ -55.0191066739999, -30.128680011 ], [ -55.006561738999899, -30.129997753999902 ], [ -55.001304994999899, -30.122625992999911 ], [ -55.001609931, -30.112056688999889 ], [ -54.986284229, -30.096204206 ], [ -54.980433717, -30.09460372 ], [ -54.974466166999903, -30.087441306 ], [ -54.96383291, -30.08874413 ], [ -54.949736852999898, -30.083466345 ], [ -54.948620929, -30.076570617999902 ], [ -54.932688160999902, -30.063608175999903 ], [ -54.914691443, -30.0732870269999 ], [ -54.911542948, -30.077659281 ], [ -54.899775198, -30.079016523999904 ], [ -54.899919439, -30.087507527 ], [ -54.891570391, -30.099967743 ], [ -54.869112345, -30.095566499 ], [ -54.847596906, -30.102035800999897 ], [ -54.845200886, -30.099374731 ], [ -54.84085814, -30.100203093999905 ], [ -54.8379758029999, -30.103353180999896 ], [ -54.817208815999898, -30.107945922999903 ], [ -54.799290745999897, -30.095995823999903 ], [ -54.789579586999899, -30.094250899 ], [ -54.78241002, -30.083124325 ], [ -54.777360637999905, -30.082253807 ], [ -54.776598745999898, -30.058970683 ], [ -54.772443097999897, -30.050919506 ], [ -54.756706731999905, -30.038648811 ], [ -54.7563592079999, -30.032403395999896 ], [ -54.759559284, -30.030770138 ], [ -54.755793608, -30.028535421 ], [ -54.755681839, -30.021323432 ], [ -54.744923424, -30.023494452 ], [ -54.735932872, -30.020965716 ], [ -54.731268977, -30.028277721999896 ], [ -54.71913008, -30.032300409 ], [ -54.713404192, -30.031887438 ], [ -54.711855763, -30.025961627999902 ], [ -54.707184243, -30.024995551 ], [ -54.704280056999899, -30.028670991 ], [ -54.695803628, -30.02986792 ], [ -54.6902138579999, -30.037606264 ], [ -54.678716818999902, -30.030866563 ], [ -54.663660735999898, -30.033700267 ], [ -54.653011557999903, -30.024575727 ], [ -54.640923669, -30.026021597999907 ], [ -54.638019751999899, -30.020696137999899 ], [ -54.642638336999902, -30.015878616999903 ], [ -54.629326471999903, -30.003796485 ], [ -54.632451063, -29.995444065999905 ], [ -54.6278295709999, -29.991288611999892 ], [ -54.618970277, -29.993526250999899 ], [ -54.612714249, -29.985289638 ], [ -54.601604694999899, -29.980188426 ], [ -54.602195450999901, -29.975143253999896 ], [ -54.595119716999903, -29.977659909 ], [ -54.58938326, -29.975630668999905 ], [ -54.58543961, -29.969918909999897 ], [ -54.588037546, -29.965842113 ], [ -54.585889619999897, -29.962451297 ], [ -54.576399611999904, -29.963086287 ], [ -54.57538312, -29.958466615 ], [ -54.569470826, -29.959815429999892 ], [ -54.563370588999902, -29.956522352 ], [ -54.556581848999897, -29.96130906 ], [ -54.553727178, -29.956109741 ], [ -54.547366005999898, -29.956921522999892 ], [ -54.548095517, -29.953502563 ], [ -54.544647308, -29.951573107999899 ], [ -54.532697165999899, -29.950313303 ], [ -54.519898514, -29.942439282999885 ], [ -54.511251843, -29.942741211999891 ], [ -54.500091475, -29.933127414 ], [ -54.47719416, -29.941070567999901 ], [ -54.471159268999905, -29.949830087 ], [ -54.470393629999897, -29.958978543999901 ], [ -54.453702979, -29.960123207 ], [ -54.439377368, -29.954015565 ], [ -54.405049845999898, -29.948409225 ], [ -54.400655341999901, -29.939137955 ], [ -54.388216618999898, -29.940418362999893 ], [ -54.368938581, -29.934077090999896 ], [ -54.351420455, -29.935692668999902 ], [ -54.341461039, -29.927839957999897 ], [ -54.312837343, -29.926106941999912 ], [ -54.304248894999901, -29.933088521999903 ], [ -54.286057147999898, -29.932814504999989 ], [ -54.279263774, -29.922506454 ], [ -54.272219436999897, -29.921415859 ], [ -54.257045865999899, -29.907628965000011 ], [ -54.246598371999902, -29.892715720999899 ], [ -54.2381033079999, -29.897310043999891 ], [ -54.236364204, -29.903210182 ], [ -54.228272795, -29.905560717999894 ], [ -54.221195558, -29.914995814 ], [ -54.208655705, -29.9155340209999 ], [ -54.19513097, -29.926556277 ], [ -54.187782798999898, -29.928418033 ], [ -54.154426804, -29.927085559 ], [ -54.128513658, -29.9195547469999 ], [ -54.105758954, -29.925867046999898 ], [ -54.089971649999903, -29.915918325999904 ], [ -54.085395062, -29.917026719 ], [ -54.070512209, -29.90854394 ], [ -54.06799151, -29.911404307999891 ], [ -54.051526517, -29.91165459 ], [ -54.037012127, -29.920552283999893 ], [ -54.028882881, -29.939014170999904 ], [ -54.029112879, -29.949869173999989 ], [ -54.033615994999899, -29.953177928999896 ], [ -54.033483832999899, -29.957573020000012 ], [ -54.027395016, -29.9599370399999 ], [ -54.024829150999899, -29.965342055999901 ], [ -54.017579876, -29.965397348999904 ], [ -54.008465169, -29.971537968 ], [ -54.010470317999904, -29.973975306999897 ], [ -54.006718572, -29.976027834999986 ], [ -54.008209011, -29.981268965 ], [ -54.005025878, -29.9840313609999 ], [ -53.993179245, -29.987280649 ], [ -53.973585694999898, -29.985369331 ], [ -53.969243675, -29.988973184 ], [ -53.958818752999903, -29.988314509 ], [ -53.951482558999899, -29.990990348 ], [ -53.941105730999901, -29.985943372 ], [ -53.930173211, -29.988720107999903 ], [ -53.907840146, -29.982875192999987 ], [ -53.899109622, -29.988212839 ], [ -53.890683571999901, -29.983431295999896 ], [ -53.869215493, -29.993981345999899 ], [ -53.873693991, -30.000372093 ], [ -53.872502206, -30.009755695 ], [ -53.877711398, -30.012702850999986 ], [ -53.877053501, -30.01681007 ], [ -53.883346391000011, -30.018105227 ], [ -53.890618973, -30.030723340999891 ], [ -53.889725804, -30.035202183 ], [ -53.897506654, -30.036173886 ], [ -53.901834865, -30.043754793999891 ], [ -53.910215289, -30.046344467 ], [ -53.905971604999898, -30.067070174 ], [ -53.911660841, -30.068699885999905 ], [ -53.916511788, -30.086870336999898 ], [ -53.920727582, -30.09009724600001 ], [ -53.927398781, -30.089208321999898 ], [ -53.932997172999897, -30.097449831999892 ], [ -53.932442479, -30.102241001 ], [ -53.943699995, -30.102323098999896 ], [ -53.941068363999896, -30.111119496 ], [ -53.9475966749999, -30.116010863999989 ], [ -53.945929567999897, -30.118674132 ], [ -53.949299017, -30.117824662 ], [ -53.959551962, -30.123464401 ], [ -53.951972134, -30.126960923999892 ], [ -53.953059531, -30.139571568 ], [ -53.958606652, -30.141199946 ], [ -53.958724123, -30.155542055 ], [ -53.966137795999899, -30.164529741 ], [ -53.971516951, -30.16473594799989 ], [ -53.972724619, -30.170844171999892 ], [ -53.976161425, -30.169897244 ], [ -53.971949944, -30.179350644 ], [ -53.9739485059999, -30.186829547999903 ], [ -53.967152208999899, -30.186274258 ], [ -53.965926701999898, -30.191323945 ], [ -53.968912243, -30.194412698 ], [ -53.964502390999897, -30.195636022 ], [ -53.964374719, -30.200505076 ], [ -53.958469084999898, -30.201065086 ], [ -53.953863302999899, -30.205787653999902 ], [ -53.961983088, -30.2146459689999 ], [ -53.959265191, -30.216504318 ], [ -53.962797472, -30.219964804 ], [ -53.96696337799991, -30.217984976000011 ], [ -53.975933109, -30.219736944 ], [ -53.987800705, -30.225630899 ], [ -53.985083017, -30.234204771999902 ], [ -53.989871842999897, -30.247625269 ], [ -53.994856859, -30.250138713 ], [ -54.000523723, -30.247369472999896 ], [ -54.000307865, -30.254320477 ], [ -54.006347773, -30.261458549999894 ], [ -54.012456316999902, -30.259124949 ], [ -54.018370214999898, -30.265214188999902 ], [ -54.004975067, -30.2839709359999 ], [ -53.999896053, -30.285412278 ], [ -54.000525030999903, -30.297215407999886 ], [ -53.987458165, -30.297215009999892 ], [ -53.99287021, -30.307925548 ], [ -53.98204974, -30.313035564 ], [ -53.977407378, -30.327179973999897 ], [ -53.964299635, -30.337186238999902 ], [ -53.965531212, -30.3423336819999 ], [ -53.9727919649999, -30.348103113 ], [ -53.971667581, -30.359185468 ], [ -53.966417494, -30.363072058999904 ], [ -53.962435246, -30.361063914999896 ], [ -53.958692704, -30.36328724 ], [ -53.961205407, -30.367145170999905 ], [ -53.951818814, -30.371935532999895 ], [ -53.951108787, -30.379274327 ], [ -53.946931561, -30.381273436999894 ], [ -53.945284434, -30.389009608 ], [ -53.9392151179999, -30.394197292999902 ], [ -53.941662563, -30.395841032000011 ], [ -53.938387148999901, -30.403648523999898 ], [ -53.941937244, -30.409962648 ], [ -53.937846059, -30.4167116479999 ], [ -53.940435057999899, -30.424374793 ], [ -53.968702015, -30.444050892999908 ], [ -53.974643521, -30.443853734999912 ], [ -53.960580394, -30.45474415 ], [ -53.960721463, -30.482025329 ], [ -53.945625332, -30.489142355 ], [ -53.9183384419999, -30.492943714 ], [ -53.901286303999903, -30.489910114999894 ], [ -53.896001356999903, -30.495803484 ], [ -53.887276083, -30.497188063999904 ], [ -53.880607759, -30.49437771700001 ], [ -53.871816803999899, -30.48143154 ], [ -53.858893216, -30.476278419 ], [ -53.836084147, -30.487892943 ], [ -53.841413562, -30.493525153 ], [ -53.825154487, -30.506494728999904 ], [ -53.825627961999906, -30.511805087 ], [ -53.819080035, -30.518653002999894 ], [ -53.80484751800001, -30.521274392999899 ], [ -53.786013506, -30.517492843999893 ], [ -53.761743553, -30.519222167 ], [ -53.743674789999901, -30.513309675999892 ], [ -53.726337272, -30.492299638 ], [ -53.72644127, -30.488261483 ], [ -53.711774938, -30.483023391 ], [ -53.716039887, -30.45645986900001 ], [ -53.720386608999902, -30.457315362 ], [ -53.720589839, -30.455058914999892 ], [ -53.717792356, -30.451366291999904 ], [ -53.710154137, -30.451449674999903 ], [ -53.712246325, -30.448093335 ], [ -53.719866203, -30.448142388 ], [ -53.713140444, -30.431806388 ], [ -53.71885284, -30.429756765 ], [ -53.721645754999898, -30.423125572999901 ], [ -53.717441354, -30.419636486999899 ], [ -53.711837785999897, -30.423805175999988 ], [ -53.708180178, -30.421003448 ], [ -53.716657811999902, -30.411280125 ], [ -53.713400776, -30.402923756999893 ], [ -53.716525791, -30.3978981019999 ], [ -53.712645177, -30.39477849 ], [ -53.705611093, -30.400984188999903 ], [ -53.707278626999901, -30.407462763999895 ], [ -53.702570599, -30.409150662999895 ], [ -53.700893327, -30.415517916999885 ], [ -53.694904339999901, -30.416959947 ], [ -53.692577139, -30.42226477 ], [ -53.6559506259999, -30.432311336999895 ], [ -53.647885964, -30.425736571 ], [ -53.643413931999902, -30.411235075 ], [ -53.634637996, -30.403244050999895 ], [ -53.634351838, -30.394299568999898 ], [ -53.614043513, -30.377814167999901 ], [ -53.547703757, -30.363015499 ], [ -53.5501701539999, -30.365513627999988 ], [ -53.547417309, -30.3793611749999 ], [ -53.550632531, -30.382918162999889 ], [ -53.546743449, -30.392817161 ], [ -53.539184188, -30.3982922 ], [ -53.535175734999903, -30.39588401 ], [ -53.533880216999897, -30.402018607999896 ], [ -53.524606859, -30.401839058 ], [ -53.516580556999898, -30.39715423 ], [ -53.511594853, -30.386530525999898 ], [ -53.501197225999903, -30.379583501 ], [ -53.501105336, -30.370635004 ], [ -53.493979192, -30.365785347999989 ], [ -53.482719059, -30.343308626999903 ], [ -53.466979039, -30.330304840999887 ], [ -53.468466287, -30.3214078039999 ], [ -53.460681333, -30.31894225 ], [ -53.46259656, -30.313993443 ], [ -53.469617778, -30.312253197 ], [ -53.462499829, -30.301043396 ], [ -53.473259561, -30.298499192999898 ], [ -53.471349784, -30.293676404999903 ], [ -53.484135422999898, -30.295308695999886 ], [ -53.48539104, -30.290354217 ], [ -53.483707435, -30.283741033999902 ], [ -53.47654692, -30.287090744999897 ], [ -53.473073148, -30.285727355999896 ], [ -53.472816799, -30.270099344 ], [ -53.4665092239999, -30.262282851 ], [ -53.458211758999909, -30.260900235999909 ], [ -53.442146845, -30.243533409999905 ], [ -53.419806491, -30.230318865999902 ], [ -53.414196381, -30.211453786999986 ], [ -53.406809821, -30.209682331 ], [ -53.390142948999902, -30.2130706199999 ], [ -53.383891197, -30.210081782 ], [ -53.382517628999899, -30.20034676400001 ], [ -53.352583545, -30.18045032799991 ], [ -53.3509813209999, -30.170960099 ], [ -53.340805288999903, -30.169937866999891 ], [ -53.342794252, -30.162305702 ], [ -53.339500964, -30.158464487999893 ], [ -53.332612196, -30.157851427 ], [ -53.330762752999902, -30.148411101 ], [ -53.3033091779999, -30.138804901000011 ], [ -53.308297232, -30.151155936999903 ], [ -53.304085406, -30.164400043999908 ], [ -53.306915314, -30.172722839999892 ], [ -53.328497468, -30.205890415999892 ], [ -53.331874485, -30.223021157999888 ], [ -53.347241294999897, -30.236489349 ], [ -53.347580439999902, -30.243183253 ], [ -53.35184692, -30.248497579999903 ], [ -53.344797598, -30.261728745 ], [ -53.342723641, -30.294913119999901 ], [ -53.33314589, -30.307450667999905 ], [ -53.336545062, -30.318791083 ], [ -53.324332416999901, -30.327349225 ], [ -53.317265565999897, -30.326739748 ], [ -53.280704977, -30.345543028 ], [ -53.276646526, -30.342875026999895 ], [ -53.268045107, -30.345299591 ], [ -53.255469593, -30.336665767999897 ], [ -53.223095066, -30.326565247 ], [ -53.219031032, -30.322665096 ], [ -53.220243083999897, -30.307874774999984 ], [ -53.2164520709999, -30.297727903 ], [ -53.212657518, -30.299179928999898 ], [ -53.209065671, -30.296863545 ], [ -53.204105278, -30.300297214999901 ], [ -53.199267414, -30.313170108999898 ], [ -53.192964241, -30.31055163 ], [ -53.184396477, -30.314148948 ], [ -53.180501029, -30.312847362 ], [ -53.184378244, -30.31810776 ], [ -53.178937415999897, -30.327794681999904 ], [ -53.188342763, -30.333384497999901 ], [ -53.188875556, -30.339397886 ], [ -53.180061647999899, -30.344752258 ], [ -53.17417146, -30.343059110999892 ], [ -53.169938534, -30.349709855 ], [ -53.177353390999897, -30.358546751999892 ], [ -53.170492531, -30.373791438 ], [ -53.17958778, -30.379974343000011 ], [ -53.176584701, -30.38349671100001 ], [ -53.178821221, -30.389029224999902 ], [ -53.176802059999901, -30.394305844 ], [ -53.192134592999899, -30.395749146999908 ], [ -53.198621832999905, -30.399425069 ], [ -53.199618662, -30.404541014999907 ], [ -53.188695845, -30.411306266999905 ], [ -53.190671016, -30.41498785100001 ], [ -53.197269553999909, -30.415640133999894 ], [ -53.198406726, -30.428807268 ], [ -53.208817971, -30.431810386999892 ], [ -53.21574584, -30.444017431 ], [ -53.212769070666198, -30.452530767852902 ], [ -53.218378524603402, -30.461467804468594 ], [ -53.213927993571197, -30.464576831238695 ], [ -53.231440234482299, -30.469265096005497 ], [ -53.223434420345299, -30.492670794239302 ], [ -53.218264990654902, -30.497921846503793 ], [ -53.222373125471002, -30.503030869632401 ], [ -53.216609642467802, -30.509999327126106 ], [ -53.215625860760305, -30.51982390387629 ], [ -53.2228843473656, -30.524201257165988 ], [ -53.2334093790815, -30.520714525187795 ], [ -53.243948683547707, -30.532186833213405 ], [ -53.227246049061598, -30.542455232561792 ], [ -53.234172924448302, -30.558741819443302 ], [ -53.227531118721799, -30.5703171657285 ], [ -53.2367399109826, -30.573311643437805 ], [ -53.243704026234802, -30.5690793012587 ], [ -53.249720777563802, -30.574528967913611 ], [ -53.246241127913599, -30.582408012536003 ], [ -53.242120883995597, -30.583971503705911 ], [ -53.244006241337203, -30.589134482271994 ], [ -53.238575407831398, -30.592185291598799 ], [ -53.240146642383898, -30.597236113490005 ], [ -53.2335135025941, -30.600809195040693 ], [ -53.239588888127798, -30.605262333272492 ], [ -53.239118814998001, -30.608314367534899 ], [ -53.235807042196399, -30.609275443163707 ], [ -53.23136120402841, -30.605894787840501 ], [ -53.232412653315102, -30.613945626257692 ], [ -53.227386151753002, -30.609800194188303 ], [ -53.226202785982103, -30.615682815227292 ], [ -53.221659129359502, -30.618539605319405 ], [ -53.215428606204199, -30.616433997975697 ], [ -53.212935461701697, -30.612280529413287 ], [ -53.208599517510109, -30.616825531264201 ], [ -53.219414508570807, -30.625902216566598 ], [ -53.200573297727701, -30.631789669841606 ], [ -53.202532239505103, -30.639353361704391 ], [ -53.187978043892599, -30.641585146169607 ], [ -53.197512451198101, -30.644450946521697 ], [ -53.187231605546501, -30.651594195584885 ], [ -53.188316307856397, -30.666887376687008 ], [ -53.192206983886599, -30.670084260837598 ], [ -53.190526919234799, -30.676661254809996 ], [ -53.2007626701593, -30.679207429264096 ], [ -53.180415313619399, -30.693753686291501 ], [ -53.188091845775297, -30.696563559118196 ], [ -53.195873197835702, -30.695556880704792 ], [ -53.1931388416047, -30.699365934160895 ], [ -53.189124214262499, -30.699279233577101 ], [ -53.190109947963599, -30.704984818889084 ], [ -53.183770178523403, -30.70857080209689 ], [ -53.182830021291508, -30.7129371972417 ], [ -53.193503591178398, -30.715091421946095 ], [ -53.189268571220502, -30.719506729430311 ], [ -53.190690511130903, -30.723132629634794 ], [ -53.199226525255703, -30.720322955170886 ], [ -53.200729585758801, -30.7275583473673 ], [ -53.205181929634598, -30.7251925864723 ], [ -53.212741863143599, -30.728213137329892 ], [ -53.208000951967001, -30.734484471770102 ], [ -53.215884332244897, -30.746809480452999 ], [ -53.216098591499502, -30.768581876963591 ], [ -53.228924742232302, -30.772242449389609 ], [ -53.237353558539702, -30.781302135268902 ], [ -53.259295764239901, -30.786048273112591 ], [ -53.2727922710652, -30.782450912672495 ], [ -53.2883277676628, -30.766602954662297 ], [ -53.301235900866502, -30.775280322048292 ], [ -53.304313656085, -30.780654043682798 ], [ -53.3200653452094, -30.776696946320996 ], [ -53.322758465038397, -30.779109913672208 ], [ -53.33078128388, -30.775627350512494 ], [ -53.344825893143202, -30.781138149606399 ], [ -53.347432594269797, -30.778206818130993 ], [ -53.349874164328, -30.783055004751603 ], [ -53.349857159625103, -30.780024766689799 ], [ -53.362155385899101, -30.775363777611396 ], [ -53.365028054226698, -30.779286026583197 ], [ -53.3690725082947, -30.777266858725596 ], [ -53.369888967726702, -30.781379860938102 ], [ -53.374545483116002, -30.777156275266101 ], [ -53.3847146292769, -30.780935147745385 ], [ -53.389678648256904, -30.779759631973093 ], [ -53.389409440982703, -30.788068800602989 ], [ -53.396742846547298, -30.791812209331198 ], [ -53.392493476394002, -30.794905157097798 ], [ -53.393603001436198, -30.799255745143089 ], [ -53.404119307146097, -30.795913767970902 ], [ -53.405549640742699, -30.800109934383993 ], [ -53.413550400031504, -30.805060790806493 ], [ -53.407698766829597, -30.810402920424991 ], [ -53.415296783021901, -30.81178572569549 ], [ -53.413115543499302, -30.8166137225905 ], [ -53.420107413480899, -30.818351666615712 ], [ -53.4087618756867, -30.824514170957197 ], [ -53.409522034277011, -30.82751083875759 ], [ -53.415026280651297, -30.827824347398291 ], [ -53.4155991392281, -30.832494232505791 ], [ -53.408463786827802, -30.838085042160891 ], [ -53.411754703402202, -30.844851795660205 ], [ -53.425744472501499, -30.841197059881694 ], [ -53.425766578615601, -30.852429091285401 ], [ -53.422118124805301, -30.850336239193698 ], [ -53.417813479055397, -30.855487812223299 ], [ -53.419651687442403, -30.8609654521557 ], [ -53.42272588062081, -30.857550563592703 ], [ -53.425440160697903, -30.859438526897506 ], [ -53.421540054301502, -30.867479281371498 ], [ -53.423088222733902, -30.874407516390892 ], [ -53.418175679227801, -30.876074555824498 ], [ -53.423802535427001, -30.880408204365903 ], [ -53.427987392818203, -30.8796876300805 ], [ -53.432469832510307, -30.885054314324801 ], [ -53.423141052483103, -30.890437578153485 ], [ -53.429822767, -30.892082757 ], [ -53.4319222810757, -30.895962406135205 ], [ -53.424904440177201, -30.895871005858005 ], [ -53.4193694093739, -30.909393145627099 ], [ -53.412740148999902, -30.913118348999905 ], [ -53.413897295970798, -30.916988721307 ], [ -53.421311346448398, -30.915965463309107 ], [ -53.421392969022008, -30.919903327389093 ], [ -53.408360564697702, -30.923243476162714 ], [ -53.4133565464182, -30.930280022234701 ], [ -53.409147457325098, -30.933379979577992 ], [ -53.412560301203001, -30.936110934868392 ], [ -53.413031331474102, -30.943519883934599 ], [ -53.422482970480303, -30.950360875923494 ], [ -53.4173033379681, -30.9518028747319 ], [ -53.4216429381556, -30.954578042249896 ], [ -53.416073472828103, -30.954175881025101 ], [ -53.416592541385697, -30.957887157439892 ], [ -53.411803166805704, -30.961209026157 ], [ -53.417580581127503, -30.964778298389991 ], [ -53.4333759209999, -30.9507982219999 ], [ -53.438974175999903, -30.950753189999901 ], [ -53.443145342, -30.964168739999902 ], [ -53.432755345, -30.960357932 ], [ -53.429769929, -30.967112085999908 ], [ -53.433799371, -30.970027749999915 ], [ -53.432477692, -30.975272166 ], [ -53.438821565999909, -30.976853923 ], [ -53.447777652, -30.972051775999894 ], [ -53.449961932, -30.98178766 ], [ -53.441377514, -30.979981214 ], [ -53.44590614, -30.987973892 ], [ -53.436970168999899, -30.985335855999903 ], [ -53.438075999, -30.992076373 ], [ -53.447284184, -30.991743600999904 ], [ -53.450648309, -30.995740027 ], [ -53.458730831, -30.994366219 ], [ -53.450713951, -31.005477662 ], [ -53.45747254, -31.006161943999892 ], [ -53.463482192999898, -31.013071566 ], [ -53.455653734, -31.016279467999905 ], [ -53.45149334, -31.012189604 ], [ -53.446572504999899, -31.016168704999988 ], [ -53.4588572709999, -31.02221687 ], [ -53.467579706, -31.018021238 ], [ -53.469300381, -31.0202903869999 ], [ -53.460740303, -31.027620145 ], [ -53.463651318, -31.029057335999898 ], [ -53.471910715, -31.025526026999987 ], [ -53.473509147999899, -31.032733634999893 ], [ -53.475678908, -31.027478753 ], [ -53.481739483, -31.026823164999893 ], [ -53.476540763999907, -31.033250149 ], [ -53.490848305, -31.037495986999907 ], [ -53.483644376, -31.038524437 ], [ -53.486486807999903, -31.04739912 ], [ -53.480542838, -31.044674928999907 ], [ -53.477943251999903, -31.053797444999894 ], [ -53.474360458, -31.055467712999889 ], [ -53.478309931999902, -31.060135021999912 ], [ -53.487917094, -31.057906048999904 ], [ -53.486500298, -31.063420261 ], [ -53.479245197999902, -31.068856896999897 ], [ -53.486862377, -31.070335029 ], [ -53.489555235, -31.077223859999894 ], [ -53.475826283999901, -31.083912532999896 ], [ -53.474555467, -31.088790414999899 ], [ -53.478616717, -31.091472106 ], [ -53.478544972, -31.088680340999911 ], [ -53.4865716589999, -31.08407031 ], [ -53.486464154, -31.0970450619999 ], [ -53.482107530999897, -31.101778097 ], [ -53.49673204, -31.10614364 ], [ -53.492976569999897, -31.11198695 ], [ -53.48778781, -31.110549503999906 ], [ -53.480491608, -31.113641872999903 ], [ -53.485253692, -31.118198578 ], [ -53.480689154999901, -31.122029687 ], [ -53.486329032999897, -31.129931519 ], [ -53.492603497999902, -31.133441423 ], [ -53.499018785, -31.132191206 ], [ -53.496618735, -31.1427055139999 ], [ -53.49274414, -31.143463262999902 ], [ -53.488879873, -31.153816495999905 ], [ -53.501937196, -31.155797771 ], [ -53.502528818, -31.16541455 ], [ -53.50779554, -31.164360601999896 ], [ -53.51051991, -31.169176428 ], [ -53.5151939839999, -31.165674813 ], [ -53.515971873999902, -31.172147225999904 ], [ -53.521646674, -31.176557187 ], [ -53.517171789, -31.179198442 ], [ -53.510567862, -31.177801680999899 ], [ -53.505854335, -31.172994475999893 ], [ -53.504021893999898, -31.174982477999894 ], [ -53.506208431999902, -31.182584147999894 ], [ -53.515216715, -31.191480651999907 ], [ -53.517299412999897, -31.203455129999984 ], [ -53.527597942999897, -31.208415117 ], [ -53.524525185999906, -31.2153756129999 ], [ -53.520036392, -31.21605883 ], [ -53.526184239, -31.225290178 ], [ -53.524465667999898, -31.229152145999905 ], [ -53.530073946999899, -31.242034949999901 ], [ -53.529328909999897, -31.248328473999884 ], [ -53.536767727, -31.250940372999899 ], [ -53.536304035999898, -31.239268852999892 ], [ -53.544728548, -31.242432205999897 ], [ -53.550238341, -31.240064231 ], [ -53.552333077999904, -31.237500183 ], [ -53.548585996, -31.229485293 ], [ -53.551452314999899, -31.22973884 ], [ -53.5547798979999, -31.23683134 ], [ -53.563217736, -31.241518669 ], [ -53.558407824, -31.243779573 ], [ -53.559392655, -31.247589929999904 ], [ -53.567466110999902, -31.257849552 ], [ -53.5675931, -31.26476945 ], [ -53.573610887, -31.267743316 ], [ -53.568799487, -31.272170076999892 ], [ -53.578513368, -31.274376812 ], [ -53.584813267, -31.271898124 ], [ -53.581920415, -31.278781148999901 ], [ -53.590881512, -31.281170293999892 ], [ -53.590049747, -31.284089832999904 ], [ -53.596431961, -31.279131490999898 ], [ -53.605601307, -31.284820357999902 ], [ -53.603120024, -31.287489588 ], [ -53.607241801, -31.298991682999894 ], [ -53.602311852, -31.301375591 ], [ -53.602388264999902, -31.306441844999899 ], [ -53.606492934999899, -31.311617005999906 ], [ -53.612125873, -31.310311044999899 ], [ -53.624977133, -31.31892365399991 ], [ -53.617091371, -31.329053135 ], [ -53.625228351, -31.333478445 ], [ -53.636108999, -31.329355572999901 ], [ -53.641083437, -31.334790031999905 ], [ -53.650794913, -31.338126813 ], [ -53.640782720999901, -31.343692796 ], [ -53.637857062, -31.353305179 ], [ -53.626300686, -31.362839417 ], [ -53.6285538079999, -31.370957652999898 ], [ -53.615502949, -31.385297260999891 ], [ -53.599372356999901, -31.38679103 ], [ -53.588227831, -31.382750411 ], [ -53.583240030999903, -31.389273945 ], [ -53.576792452999896, -31.388457356999911 ], [ -53.566178201999897, -31.393412971 ], [ -53.561324696, -31.391634159 ], [ -53.560933152, -31.407537691999895 ], [ -53.565965208, -31.415022485999902 ], [ -53.573023908, -31.442423936 ], [ -53.581955096999899, -31.4502484 ], [ -53.597140674999899, -31.454870526 ], [ -53.604781223, -31.470616904999897 ], [ -53.595994451, -31.479484763999892 ], [ -53.595058361, -31.488646735 ], [ -53.58788670900001, -31.492971817000015 ], [ -53.586676322, -31.504451550999896 ], [ -53.589196652999902, -31.508003148999887 ], [ -53.58529858, -31.512514397 ], [ -53.588224366, -31.523034323999987 ], [ -53.585055183, -31.525425781 ], [ -53.588517563, -31.536368597 ], [ -53.586131322, -31.537822836 ], [ -53.581878245, -31.533302336999984 ], [ -53.576275245, -31.535181441999988 ], [ -53.58222208, -31.542871443 ], [ -53.579383946999897, -31.548047908999912 ], [ -53.583798801999897, -31.548038004 ], [ -53.585745255999903, -31.554422367 ], [ -53.591564151999897, -31.554459123999898 ], [ -53.598281643999897, -31.55936675 ], [ -53.600673492999903, -31.566817388999915 ], [ -53.599381224999902, -31.572435606999903 ], [ -53.587305313999899, -31.580918046 ], [ -53.590824833999903, -31.586530866 ], [ -53.588753419999897, -31.591583692000011 ], [ -53.591562709999906, -31.594658148999901 ], [ -53.602630967, -31.590082702999986 ], [ -53.612660031, -31.602140802 ], [ -53.622768913, -31.604972249999896 ], [ -53.631017621, -31.602658700999903 ], [ -53.634486755999902, -31.60747743 ], [ -53.640780414999902, -31.603841818 ], [ -53.644717386000011, -31.604935971 ], [ -53.648818633, -31.599346709 ], [ -53.654263720999907, -31.600641311999905 ], [ -53.657999909999901, -31.595264502 ], [ -53.66331064, -31.596385201 ], [ -53.664746126999901, -31.59246043 ], [ -53.684132319999897, -31.593359386 ], [ -53.686216241999901, -31.596566163 ], [ -53.682290683, -31.599211567999895 ], [ -53.687366383, -31.609960846 ], [ -53.687367088, -31.618893853 ], [ -53.707464420999898, -31.629109121999893 ], [ -53.698655677, -31.647731996999909 ], [ -53.701792773, -31.650502673999902 ], [ -53.707691505999897, -31.646485888 ], [ -53.718042727, -31.645259186 ], [ -53.740126089999897, -31.652019536 ], [ -53.751943358999903, -31.647868312999897 ], [ -53.757444753999899, -31.650221932 ], [ -53.761257749, -31.644189323 ], [ -53.767570319999898, -31.645944281 ], [ -53.773012437, -31.654584930999892 ], [ -53.773264142999899, -31.66251728 ], [ -53.768453291999897, -31.670377401999904 ], [ -53.771295646999903, -31.683116821999906 ], [ -53.769285822, -31.691494195 ], [ -53.77722316900001, -31.700215759999892 ], [ -53.772818049, -31.707148690999894 ], [ -53.764360782, -31.710412498 ], [ -53.762610566, -31.714142938999903 ], [ -53.7626228889999, -31.721728474 ], [ -53.770373106, -31.729240693999891 ], [ -53.763358751999903, -31.738987728 ], [ -53.76901709, -31.741613483 ], [ -53.770501794, -31.747235609 ], [ -53.780325285999901, -31.751754967999901 ], [ -53.790128265, -31.751752552 ], [ -53.799323293, -31.761051928 ], [ -53.802612500999899, -31.777406705 ], [ -53.800569845, -31.789123036 ], [ -53.809077582, -31.797563833 ], [ -53.809088378999903, -31.805666029999909 ], [ -53.8187805869999, -31.806893176999907 ], [ -53.8180366939999, -31.814110479 ], [ -53.828173814, -31.818585087 ], [ -53.832664329, -31.826455141999904 ], [ -53.836168824, -31.828411289 ], [ -53.846164484, -31.824742442999899 ], [ -53.845626623, -31.828047044999892 ], [ -53.853186228, -31.833647414 ], [ -53.867254175, -31.836456773999895 ], [ -53.866116403, -31.8386668969999 ], [ -53.878991426, -31.848967995 ], [ -53.8757958959999, -31.857242899999989 ], [ -53.883281027999899, -31.861540036 ], [ -53.8867244529999, -31.860950640999906 ], [ -53.889122024999899, -31.850394921 ], [ -53.894188341, -31.849394586 ], [ -53.902777934, -31.853604016 ], [ -53.912689106, -31.852229751 ], [ -53.913804467, -31.856644 ], [ -53.917990513999897, -31.857948168999886 ], [ -53.9169896719999, -31.86495552500001 ], [ -53.931530569, -31.874644277999899 ], [ -53.932104081, -31.905283746999899 ], [ -53.936397089, -31.912070635 ], [ -53.943969141, -31.913301350000012 ], [ -53.943797635, -31.915708445999901 ], [ -53.953040436, -31.919240784 ], [ -53.954361476, -31.931012731999889 ], [ -53.947690419, -31.937565642 ], [ -53.948032578, -31.948446571000012 ], [ -53.943731283, -31.951008846 ], [ -53.953891735, -31.95694309100001 ], [ -53.960580496, -31.955280033999891 ], [ -53.97253824300001, -31.94054534399989 ], [ -53.97143992, -31.935252745 ], [ -53.967131944999899, -31.9367848979999 ], [ -53.964758119, -31.93020570399991 ], [ -53.961936372, -31.930907298 ], [ -53.963261465, -31.921960268 ], [ -53.969242639, -31.922357366 ], [ -53.967237043, -31.920072739 ], [ -53.969790229, -31.917701628 ], [ -54.004381156, -31.914629909 ], [ -54.006824213, -31.908169323 ], [ -54.0154352919999, -31.908602302 ], [ -54.016556056, -31.90639284 ], [ -54.012243117, -31.905224648999887 ], [ -54.018394520999898, -31.904126177 ], [ -54.016371126, -31.901032169 ], [ -54.023400857999903, -31.901684004999893 ], [ -54.026433659, -31.896923463999904 ], [ -54.032237333999902, -31.898744053 ], [ -54.032264617, -31.89554007 ], [ -54.040440898, -31.896818719999906 ], [ -54.048989935999899, -31.90564433 ], [ -54.053684264, -31.905104754 ], [ -54.056153423999902, -31.911678273999893 ], [ -54.067482769, -31.922753492 ], [ -54.074253333999899, -31.919077437999899 ], [ -54.080799521999907, -31.924296443999893 ], [ -54.080908134, -31.929463454 ], [ -54.087767609, -31.93099518 ], [ -54.086738921999903, -31.935145313 ], [ -54.090135524999901, -31.934914177999904 ], [ -54.091588443, -31.930295568 ], [ -54.0943121769999, -31.931706435 ], [ -54.100550867, -31.928078641999893 ], [ -54.100386301, -31.924227401999893 ], [ -54.108123929, -31.918641801 ], [ -54.105282273999897, -31.912947921 ], [ -54.1102918449999, -31.908032485 ], [ -54.132597351999898, -31.89629353 ], [ -54.1345626889999, -31.898208374 ], [ -54.140520380999902, -31.894892556999899 ], [ -54.144649436, -31.881820773 ], [ -54.153836184999903, -31.878818345 ], [ -54.456226811, -31.651700546 ], [ -54.451511561, -31.640036236999897 ], [ -54.455135411, -31.635440538 ], [ -54.453664058, -31.629955841 ], [ -54.460962136, -31.626613803999895 ], [ -54.460179906, -31.621922025999893 ], [ -54.464476428, -31.619128348999904 ], [ -54.463278245, -31.613764123 ], [ -54.466622657999899, -31.613042060999902 ], [ -54.460025824, -31.605584399999895 ], [ -54.456622814999903, -31.607434166 ], [ -54.457318848999897, -31.601205062 ], [ -54.453036227, -31.603069602999891 ], [ -54.452386337999897, -31.599336605 ], [ -54.458049342, -31.598276201 ], [ -54.4579705949999, -31.59406073500001 ], [ -54.462528031, -31.592627666999899 ], [ -54.464363932, -31.587951814 ], [ -54.468817838999897, -31.592711638 ], [ -54.472940714999901, -31.570352972 ], [ -54.48094450100001, -31.569758089999894 ], [ -54.493643264999903, -31.558138816999893 ], [ -54.490259571, -31.551023343999898 ], [ -54.501609609, -31.536996577 ], [ -54.503295572999903, -31.527115433999896 ], [ -54.510377419, -31.52151816 ], [ -54.515644166999898, -31.510177384 ], [ -54.521166735999898, -31.508337475 ], [ -54.523838321, -31.510669736999905 ], [ -54.525007226, -31.504842359 ], [ -54.528350949, -31.505892672 ], [ -54.532760265, -31.501527546 ], [ -54.547361877999904, -31.498382267999894 ], [ -54.553788319, -31.491800231 ], [ -54.557670805, -31.494592037 ], [ -54.561191999999899, -31.48671605 ], [ -54.566703848, -31.487089162 ], [ -54.570679964, -31.4824687939999 ], [ -54.577073113, -31.481337047999908 ], [ -54.583223446, -31.462849262 ], [ -54.588028245, -31.460206443999901 ], [ -54.586458561, -31.45655296 ], [ -54.670337878999902, -31.454078297 ], [ -54.68293442, -31.445179686 ], [ -54.693162093999902, -31.445388905999899 ], [ -54.699031432, -31.436250575999988 ], [ -54.701707042, -31.435561374 ], [ -54.703489777, -31.439296558 ], [ -54.719129209, -31.438479340999894 ], [ -54.724615206, -31.429636451 ], [ -54.735562931999901, -31.429747219 ], [ -54.738847462, -31.425615536999896 ], [ -54.750607035, -31.427437654999899 ], [ -54.752022694999901, -31.424462860999899 ], [ -54.768615156, -31.426010972999986 ], [ -54.789332032999901, -31.434803616 ], [ -54.796519293, -31.430030501 ], [ -54.799228313, -31.432476302999891 ], [ -54.804884848, -31.428988789999885 ], [ -54.811736322999899, -31.431846644 ], [ -54.811781793, -31.434833323 ], [ -54.827025786, -31.43634664 ], [ -54.836455277, -31.441938325 ], [ -54.857195603, -31.418173351999901 ], [ -54.861537159, -31.417922113 ], [ -54.857925727999898, -31.408049628 ], [ -54.878385578999897, -31.398077274999896 ], [ -54.887392895999909, -31.383216037 ], [ -54.884255794, -31.381105251999916 ], [ -54.885978935, -31.377277808 ], [ -54.891839617, -31.374833403 ], [ -54.899634017, -31.376328511999901 ], [ -54.897989637, -31.381355207999903 ], [ -54.904812041, -31.384065746 ], [ -54.918169033, -31.378855368 ], [ -54.932496188999899, -31.385053779 ], [ -54.94064672, -31.380645831 ], [ -54.937082001, -31.370134788000016 ], [ -54.933781177, -31.369324236999891 ], [ -54.936770928, -31.364239407999914 ], [ -54.935052964, -31.356476299999908 ], [ -54.951458024, -31.351671044999907 ], [ -54.952931717999903, -31.354588238 ], [ -54.959208878, -31.352454139 ], [ -54.960201852999901, -31.341967302999901 ], [ -54.952767506, -31.339327377 ], [ -54.95307121, -31.331971336 ], [ -54.959468332, -31.323247880999894 ], [ -54.978780061999899, -31.316999974999906 ], [ -54.982846219, -31.311396596999902 ], [ -54.980012501, -31.302996449 ], [ -54.982340715, -31.296055290999988 ], [ -54.995635293, -31.28835378 ], [ -54.99482062, -31.283081554 ], [ -55.000536145999902, -31.283020892 ], [ -55.002407698, -31.269215813999914 ], [ -55.007170903, -31.266874007 ], [ -55.008506640999897, -31.269918501999893 ], [ -55.02027942, -31.267040355999896 ], [ -55.031893484, -31.269741441 ], [ -55.036517617999898, -31.275679727 ], [ -55.031759984, -31.278603195 ], [ -55.035856071999902, -31.284069103 ], [ -55.032812658999902, -31.289491245 ], [ -55.036540599, -31.291481227 ], [ -55.04236288, -31.307031197 ], [ -55.047736948, -31.307295159 ], [ -55.053109608999897, -31.313919183999904 ], [ -55.060083718, -31.315429998999907 ], [ -55.057627346999901, -31.322141911 ], [ -55.061802311999898, -31.32466842799991 ], [ -55.057356022, -31.331746258999907 ], [ -55.074464301, -31.33208968 ], [ -55.085713335, -31.321141376 ], [ -55.102804926, -31.314986152999911 ], [ -55.109040448, -31.3076810109999 ], [ -55.122060432, -31.312779615999915 ], [ -55.12237915, -31.304851007 ], [ -55.125756925, -31.302437519 ], [ -55.136516808, -31.301347367999892 ], [ -55.152338464, -31.293227348999899 ], [ -55.156647549, -31.285423427999891 ], [ -55.163560494, -31.285689533999989 ], [ -55.166277014999899, -31.281050107999899 ], [ -55.163395688, -31.277435387 ], [ -55.169419524, -31.269405373 ], [ -55.180076484, -31.270472624 ], [ -55.183786526999903, -31.265353463999904 ], [ -55.202335252999902, -31.261925544 ], [ -55.213707841, -31.263203713999893 ], [ -55.235321712, -31.258423917 ], [ -55.240118765, -31.260572952 ], [ -55.240384234, -31.253660630999896 ], [ -55.246762095999898, -31.252240517 ], [ -55.248550162999898, -31.248164233 ], [ -55.247663837999902, -31.215984772 ], [ -55.253988116999899, -31.211119212 ], [ -55.250104999, -31.206008475 ], [ -55.26280546, -31.194684122999885 ], [ -55.282717325, -31.193907415999909 ], [ -55.285730784999906, -31.185466705999904 ], [ -55.270958854, -31.176963209999897 ], [ -55.274693113, -31.170179004 ], [ -55.280722348, -31.169755665 ], [ -55.284413523, -31.164773695 ], [ -55.290618701, -31.163670920999902 ], [ -55.290083384999903, -31.159239509 ], [ -55.285259101999898, -31.156402166 ], [ -55.290499657999902, -31.150176352999896 ], [ -55.290929451999901, -31.142260568 ], [ -55.297544667999901, -31.144420381 ], [ -55.305222629, -31.141017056999896 ], [ -55.312974159, -31.147049986999896 ], [ -55.3186327, -31.145106765 ], [ -55.320830558999901, -31.135847629 ], [ -55.326218406999907, -31.138004398 ], [ -55.340103751999898, -31.131418860999894 ], [ -55.337039096, -31.119912354 ], [ -55.329802233999899, -31.116540216 ], [ -55.328692707999899, -31.110384361999891 ], [ -55.333855074, -31.104999593999896 ], [ -55.333507058999899, -31.098712277999901 ], [ -55.327474300999903, -31.088180065 ], [ -55.338981965, -31.085077987999988 ], [ -55.349840499, -31.072280750999909 ], [ -55.350164505999899, -31.067789158 ], [ -55.3526719, -31.070350612999988 ], [ -55.360103247, -31.067434257999892 ], [ -55.352771872999902, -31.057214658 ], [ -55.349445951, -31.03919517 ], [ -55.359486939, -31.040213158999986 ], [ -55.369282915, -31.034397812 ], [ -55.373395145, -31.027966945999893 ], [ -55.371293686999906, -31.023413788999985 ], [ -55.373892418, -31.019087275999905 ], [ -55.380001002, -31.023534215 ], [ -55.387242066999903, -31.020573068 ], [ -55.399930411999897, -31.028563441999903 ], [ -55.404900105, -31.027331579 ], [ -55.406689722, -31.018748688999885 ], [ -55.414932916999902, -31.014466302 ], [ -55.423708921, -31.017753055999904 ], [ -55.425269442999898, -31.011680278 ], [ -55.437049508, -31.004715819999905 ], [ -55.434432422, -31.000941908 ], [ -55.437473425999897, -30.994318806 ], [ -55.424579825, -30.985628925999904 ], [ -55.432938792, -30.972720634 ], [ -55.43807609800001, -30.97255850999991 ], [ -55.441290549, -30.959731491 ], [ -55.452269266, -30.960352434999898 ], [ -55.457308412, -30.951375192999908 ], [ -55.463553533, -30.950255291 ], [ -55.468982936, -30.954637999999893 ], [ -55.478359742999899, -30.953849546999905 ], [ -55.48668994, -30.947662737 ], [ -55.489738846, -30.939808459999892 ], [ -55.486432609, -30.928278269 ], [ -55.489629912999902, -30.9250809239999 ], [ -55.499451416999896, -30.926891377999905 ], [ -55.504159614999899, -30.92475431 ], [ -55.510148842, -30.911341488999891 ], [ -55.508114104999898, -30.904315601999901 ] ] ] } },
{ "type": "Feature", "properties": { "regiao_funcional": "RF7 · Noroeste e Missões", "regiao_funcional_id": 7, "municipios": 77, "area_km2": 27531.555844074646, "partes": 1, "maior_parte_%": 100.00000000000001 }, "geometry": { "type": "Polygon", "coordinates": [ [ [ -55.004276271, -28.776111849999893 ], [ -55.007847536, -28.796472010999899 ], [ -55.021333042, -28.787678136 ], [ -55.0248681959999, -28.798307969999886 ], [ -55.033968082999898, -28.798169132999902 ], [ -55.03055294, -28.789421498 ], [ -55.034515741999897, -28.780701361 ], [ -55.042790337, -28.774351323 ], [ -55.043718484, -28.762238631999885 ], [ -55.056009193, -28.766691966999897 ], [ -55.062481894, -28.775566519999987 ], [ -55.067488791, -28.7771735329999 ], [ -55.078785013999898, -28.768412962 ], [ -55.0730358, -28.761186253999899 ], [ -55.085864972, -28.756706413 ], [ -55.086864863, -28.751319576999894 ], [ -55.098606823999901, -28.753475598 ], [ -55.112148820999906, -28.742536029999904 ], [ -55.132631986, -28.744999444 ], [ -55.155373399, -28.736731692 ], [ -55.164797882999899, -28.751668340999988 ], [ -55.17493488, -28.753810771 ], [ -55.176006624, -28.757713239999898 ], [ -55.1867066679999, -28.7619428849999 ], [ -55.192660128999897, -28.756082363 ], [ -55.183006096, -28.749240379999904 ], [ -55.194268791, -28.732595671 ], [ -55.191509779999897, -28.727622008 ], [ -55.202991632, -28.721670741 ], [ -55.207534210999903, -28.711498057 ], [ -55.225417551, -28.711375167 ], [ -55.224722808, -28.704364435999896 ], [ -55.232031537, -28.698715515999886 ], [ -55.2268664979999, -28.692044923 ], [ -55.223061596, -28.676618034999908 ], [ -55.22593253, -28.666153098999899 ], [ -55.230090221, -28.666586333999884 ], [ -55.232566075, -28.67235753599989 ], [ -55.242191008, -28.677504848 ], [ -55.236017208, -28.687443645 ], [ -55.253273699, -28.690877394 ], [ -55.255438854, -28.682714437999895 ], [ -55.274967445999899, -28.672255479999908 ], [ -55.280098191, -28.681322466 ], [ -55.28584007099991, -28.681454804999898 ], [ -55.287764497999902, -28.675328027 ], [ -55.284489382999901, -28.66895563 ], [ -55.286962931999902, -28.666418741 ], [ -55.290901329, -28.66521387300001 ], [ -55.303217042, -28.67133703 ], [ -55.308171493, -28.670881492 ], [ -55.314520737999899, -28.664632162 ], [ -55.315807011999901, -28.657692955 ], [ -55.320638883, -28.655266063999893 ], [ -55.324572367, -28.656499696 ], [ -55.323483304, -28.660197427 ], [ -55.330458719, -28.667443713999898 ], [ -55.345168831, -28.666892452 ], [ -55.347712413, -28.660910305999895 ], [ -55.346231635, -28.650785813 ], [ -55.355998326, -28.649494884 ], [ -55.355983336999898, -28.657710860999899 ], [ -55.363554423, -28.660784245999899 ], [ -55.367596066, -28.653822275 ], [ -55.37497374, -28.657277677 ], [ -55.375276907999897, -28.666003698999905 ], [ -55.380844814999897, -28.66938239 ], [ -55.394745196, -28.657974096 ], [ -55.395389811, -28.651185199999897 ], [ -55.400294961, -28.649041640999897 ], [ -55.405774764999897, -28.651881654 ], [ -55.412206155, -28.648990195 ], [ -55.416345244999903, -28.656476186 ], [ -55.42088596, -28.654554012999903 ], [ -55.421954655, -28.649148059 ], [ -55.436967775, -28.649951347 ], [ -55.438395238999902, -28.652309698999897 ], [ -55.431016002, -28.656628742 ], [ -55.440424536, -28.673539508 ], [ -55.446096944, -28.6752535319999 ], [ -55.449635725, -28.667719061 ], [ -55.455528939, -28.668098801999989 ], [ -55.463859042, -28.663825898 ], [ -55.481498786, -28.668698601999903 ], [ -55.4858670099999, -28.661629589 ], [ -55.490957353999903, -28.664713016999901 ], [ -55.495992849999901, -28.678892827 ], [ -55.489441026999899, -28.680616819 ], [ -55.488061027999898, -28.684115048 ], [ -55.493173699, -28.694817331999985 ], [ -55.500554856999898, -28.698732951999894 ], [ -55.508652047999902, -28.693878018 ], [ -55.516522649, -28.707001385999895 ], [ -55.522307914, -28.70342906 ], [ -55.526231268999908, -28.69041084 ], [ -55.531605392, -28.686374584000013 ], [ -55.536470347, -28.692626049 ], [ -55.536058565, -28.697995510999899 ], [ -55.549837212999897, -28.707473736999901 ], [ -55.561721254, -28.697009049 ], [ -55.571974676, -28.694472758 ], [ -55.563748739999902, -28.683384766 ], [ -55.572966599, -28.676280458 ], [ -55.59091075, -28.690783915999894 ], [ -55.6166431629999, -28.677953666999894 ], [ -55.628782338, -28.684544038999906 ], [ -55.635921158, -28.6717287459999 ], [ -55.641694098999899, -28.669185395999911 ], [ -55.675680235, -28.671527741 ], [ -55.681729885, -28.665740863999897 ], [ -55.689593316999897, -28.663304855 ], [ -55.696614446, -28.654836010999905 ], [ -55.7073444769999, -28.661635389 ], [ -55.717172637, -28.657837980999901 ], [ -55.719985143, -28.653148577 ], [ -55.71280495, -28.646866455 ], [ -55.699764995, -28.626140553 ], [ -55.710332889, -28.623997849 ], [ -55.722455598, -28.625596198 ], [ -55.724739650999901, -28.616981323999898 ], [ -55.733219031, -28.622748341 ], [ -55.754557191999901, -28.598602781999904 ], [ -55.769513729, -28.594505339 ], [ -55.770728807999909, -28.581354661 ], [ -55.764877273, -28.583994526 ], [ -55.750321421, -28.581528272 ], [ -55.734192203, -28.573218921 ], [ -55.729612451, -28.567644839 ], [ -55.728348524999902, -28.550471995 ], [ -55.718852692, -28.548745962999895 ], [ -55.7013928269999, -28.536834650999907 ], [ -55.697134671999898, -28.531412281 ], [ -55.695483369, -28.519662527 ], [ -55.687248268, -28.515157162 ], [ -55.679266143999897, -28.498327416999896 ], [ -55.662960869, -28.496030817 ], [ -55.646476365, -28.498196188999895 ], [ -55.635056718, -28.496177971 ], [ -55.624210945, -28.488447922 ], [ -55.611160962, -28.4869874739999 ], [ -55.590378512, -28.488447234 ], [ -55.577888238, -28.477060066 ], [ -55.570492101, -28.474984178999897 ], [ -55.568030972, -28.46932019 ], [ -55.554886933, -28.462122337 ], [ -55.541885250999897, -28.462426348999905 ], [ -55.528757883, -28.457761595 ], [ -55.5233813729999, -28.448182594999899 ], [ -55.524436738, -28.415184199999892 ], [ -55.50691147, -28.403193061 ], [ -55.518990247, -28.391276983 ], [ -55.52755719, -28.388238456 ], [ -55.531067355999902, -28.390861285 ], [ -55.536245119999897, -28.38959055 ], [ -55.544735048999897, -28.375226401 ], [ -55.555257441, -28.365091271 ], [ -55.56313474, -28.361843738999909 ], [ -55.56276937, -28.354591147999901 ], [ -55.566453463999899, -28.353931831999901 ], [ -55.562764645, -28.347860362999896 ], [ -55.566546095, -28.342174133999901 ], [ -55.570643955, -28.340204575 ], [ -55.574416927, -28.342772775 ], [ -55.5830780699999, -28.33943210199989 ], [ -55.584049825, -28.344707320999895 ], [ -55.596223257, -28.360300367 ], [ -55.59396577, -28.362697559 ], [ -55.605539832, -28.370228052 ], [ -55.607926211999903, -28.367996047 ], [ -55.610248096, -28.371903709 ], [ -55.635014273, -28.365193147 ], [ -55.634234291, -28.373212389999896 ], [ -55.638711343, -28.377728772999902 ], [ -55.634457821, -28.38166885 ], [ -55.638992909, -28.381507954 ], [ -55.640239217, -28.384718923 ], [ -55.642286457999909, -28.380568911 ], [ -55.650187538999901, -28.378951642999901 ], [ -55.652301698, -28.385138873999896 ], [ -55.659854482, -28.383945643999901 ], [ -55.660061008999897, -28.389866371 ], [ -55.668035706, -28.386405963 ], [ -55.66776484, -28.393416836 ], [ -55.662587866, -28.39471958 ], [ -55.666531924, -28.39823202 ], [ -55.664735043, -28.400990968999988 ], [ -55.668092293, -28.401488470999897 ], [ -55.670785869, -28.39819166 ], [ -55.686567361, -28.414687000999905 ], [ -55.692175866999897, -28.416379500999895 ], [ -55.688768903, -28.388156122999892 ], [ -55.670780749999899, -28.3456873609999 ], [ -55.670421341999898, -28.334391723 ], [ -55.680202350999899, -28.322226258999901 ], [ -55.701773127, -28.311191906 ], [ -55.732909804, -28.285975314 ], [ -55.773178582, -28.274240075 ], [ -55.782558681, -28.256057437 ], [ -55.778453067, -28.247665587 ], [ -55.771246057, -28.241454537 ], [ -55.749975655, -28.233737501999908 ], [ -55.704732495, -28.22429793 ], [ -55.6925800449999, -28.218790285 ], [ -55.65301678, -28.182101573 ], [ -55.634230876999901, -28.177838153 ], [ -55.6223320409999, -28.161028198999905 ], [ -55.619682417, -28.153549133999896 ], [ -55.620784914, -28.130981388999903 ], [ -55.610730305999901, -28.117455428 ], [ -55.596271171, -28.115754631999899 ], [ -55.586944566999897, -28.119540008999895 ], [ -55.583406221, -28.125173091 ], [ -55.589096519, -28.1417756869999 ], [ -55.585339959, -28.147951513999899 ], [ -55.564164236000011, -28.163505422000011 ], [ -55.557546167999902, -28.164563831 ], [ -55.549333068, -28.155962885 ], [ -55.547595416, -28.136483215999903 ], [ -55.539829654999899, -28.122605054 ], [ -55.530581259, -28.115458729 ], [ -55.513242861, -28.114647761999894 ], [ -55.495518604, -28.076862094 ], [ -55.487878453, -28.076455062 ], [ -55.452460117, -28.097952608999901 ], [ -55.442556990999897, -28.094311131 ], [ -55.422174847, -28.062161107 ], [ -55.413967908, -28.054648917999895 ], [ -55.390508843, -28.045230669 ], [ -55.369395009, -28.027260536 ], [ -55.369044201999898, -28.019065837 ], [ -55.3871822629999, -27.989999767 ], [ -55.382275582, -27.979103798 ], [ -55.347068749999906, -27.972243723 ], [ -55.339989421, -27.966526115 ], [ -55.330306521, -27.9314513529999 ], [ -55.319258227, -27.921947880999898 ], [ -55.309370843, -27.922249824999895 ], [ -55.285800923, -27.93228426 ], [ -55.275278261, -27.933113010999897 ], [ -55.266461738, -27.929789545999895 ], [ -55.250121885999903, -27.914213631999903 ], [ -55.23226715, -27.884068666 ], [ -55.202682697999897, -27.857859195999897 ], [ -55.191393702, -27.855408241 ], [ -55.171560359999901, -27.861276038 ], [ -55.153434223, -27.882618491999903 ], [ -55.139312350999901, -27.8950654389999 ], [ -55.133124731999899, -27.896108774 ], [ -55.128206675999898, -27.8938884 ], [ -55.1240060229999, -27.881486354999893 ], [ -55.126276163999897, -27.859818425999901 ], [ -55.11383254, -27.848991256 ], [ -55.085309263999903, -27.843095745 ], [ -55.036383518, -27.85778033 ], [ -55.029832837, -27.854619668999895 ], [ -55.024414358999898, -27.842227635 ], [ -55.027627524, -27.830245766 ], [ -55.082710592999902, -27.796858318 ], [ -55.083868998999897, -27.784128447999894 ], [ -55.080224412999897, -27.7782769139999 ], [ -55.057912294999902, -27.768085829 ], [ -55.050913158999897, -27.768755106 ], [ -55.024312887, -27.794199786 ], [ -55.014204911, -27.79702778 ], [ -55.005778243, -27.796225466999907 ], [ -55.000266176, -27.792356572999893 ], [ -54.993042446999901, -27.775548673999907 ], [ -54.988766234, -27.772243665 ], [ -54.977662156, -27.7708600469999 ], [ -54.960949366, -27.778479959 ], [ -54.949424177, -27.779284550999904 ], [ -54.937407401, -27.770452224999904 ], [ -54.921456857999907, -27.745567723 ], [ -54.906638611999902, -27.729786940999897 ], [ -54.902486735, -27.715568627 ], [ -54.906595577, -27.641876415999896 ], [ -54.895248750999897, -27.629221436999988 ], [ -54.888505155, -27.626612098 ], [ -54.860764968, -27.629440670999902 ], [ -54.8477222019999, -27.621313062 ], [ -54.8397075, -27.605228317999895 ], [ -54.826553476999898, -27.554025652 ], [ -54.817144156, -27.535559589999902 ], [ -54.809787121999904, -27.530047423999989 ], [ -54.795186623999903, -27.534982850999896 ], [ -54.787718863, -27.570178079 ], [ -54.784552592, -27.578694334 ], [ -54.778127393, -27.5837166499999 ], [ -54.766308571, -27.584860463999988 ], [ -54.758725082, -27.581503464 ], [ -54.74486071, -27.562641352 ], [ -54.738526183, -27.560939031 ], [ -54.680856256, -27.574501411 ], [ -54.671664835999898, -27.566416709 ], [ -54.680115977, -27.526641024999901 ], [ -54.679432377999909, -27.512850833 ], [ -54.675475714, -27.505781268 ], [ -54.670937065, -27.504764676 ], [ -54.660078848999902, -27.508598155 ], [ -54.648025104999903, -27.540234370999904 ], [ -54.642401889, -27.544802877999899 ], [ -54.634082029, -27.546383536 ], [ -54.626897461999903, -27.544022239999904 ], [ -54.615792062, -27.532240961 ], [ -54.609540507, -27.51042047899989 ], [ -54.594950028, -27.487367241 ], [ -54.589394274, -27.458184475999897 ], [ -54.5809710199999, -27.453257409999903 ], [ -54.573351228, -27.453610098999896 ], [ -54.561366964999898, -27.462498858999897 ], [ -54.542411504, -27.486749818 ], [ -54.537127099, -27.502813252999896 ], [ -54.534416753999899, -27.505661795999988 ], [ -54.52492355, -27.506171577 ], [ -54.506197772, -27.482349089 ], [ -54.463067332, -27.479710233999988 ], [ -54.445795609999898, -27.472137252 ], [ -54.442632685, -27.464921854999904 ], [ -54.443991142999899, -27.459961662999895 ], [ -54.4603664219999, -27.448601617 ], [ -54.469924488999901, -27.438028155 ], [ -54.472056602999899, -27.434459500999896 ], [ -54.469925062, -27.425836751 ], [ -54.456645931, -27.422159655 ], [ -54.439119884, -27.424748646999895 ], [ -54.411404279, -27.405285992 ], [ -54.3923381769999, -27.418105215 ], [ -54.369768459999896, -27.452582859 ], [ -54.3515506379999, -27.467048411999901 ], [ -54.340389648, -27.463356013 ], [ -54.335066062999907, -27.451294629999897 ], [ -54.342832043, -27.412807138999895 ], [ -54.341542000999901, -27.404351697 ], [ -54.338904944, -27.403220792 ], [ -54.333480031, -27.40351143 ], [ -54.310641823, -27.42196232 ], [ -54.294224815999897, -27.445910098 ], [ -54.28295926, -27.447778233 ], [ -54.268293101, -27.436263614 ], [ -54.270661326, -27.418734250999893 ], [ -54.263973796, -27.3993333499999 ], [ -54.25357794, -27.394450623 ], [ -54.227956397999904, -27.392081570999899 ], [ -54.214436166, -27.381578109 ], [ -54.213311496, -27.351244418 ], [ -54.20862630300001, -27.335955926999908 ], [ -54.193339627999897, -27.308460199 ], [ -54.194197695, -27.292326214999907 ], [ -54.189043751, -27.271616883 ], [ -54.186557396999902, -27.264909315999905 ], [ -54.174188624, -27.254911067 ], [ -54.165485664, -27.254078273999902 ], [ -54.157328289, -27.263205732 ], [ -54.155365791, -27.2764842 ], [ -54.159942799, -27.291536829999895 ], [ -54.154895052, -27.296858520999898 ], [ -54.132764199, -27.301495352 ], [ -54.1010469349999, -27.303262957999898 ], [ -54.089106724, -27.3013172 ], [ -54.072278086, -27.290954459 ], [ -54.060392268, -27.269468652999901 ], [ -54.05194462, -27.26153812 ], [ -54.027776831, -27.254853685999901 ], [ -54.024389745999905, -27.251654309999893 ], [ -54.015909063, -27.233007389 ], [ -54.0149804059999, -27.208110409 ], [ -54.008017287, -27.198394644 ], [ -53.992129653999903, -27.195938 ], [ -53.967744254, -27.198903081 ], [ -53.9601656, -27.195336289999901 ], [ -53.955202722, -27.178481088999899 ], [ -53.960710671, -27.165109774 ], [ -53.953099683999902, -27.152939449 ], [ -53.946584532, -27.151259281 ], [ -53.933579989, -27.155862971 ], [ -53.916898483, -27.174752369 ], [ -53.905039460999902, -27.175438056 ], [ -53.897746914, -27.170331125 ], [ -53.8882786409999, -27.154491246 ], [ -53.883519926, -27.131863772 ], [ -53.878911331, -27.127548228 ], [ -53.869897593, -27.125197488 ], [ -53.861278247, -27.128481386 ], [ -53.841596529, -27.165611468 ], [ -53.8196548559999, -27.175653585 ], [ -53.809003362999903, -27.172759754 ], [ -53.777865591, -27.148145776 ], [ -53.768699794, -27.149618689 ], [ -53.762033314, -27.157123675 ], [ -53.749001451, -27.191218428999896 ], [ -53.735263555, -27.190790111999892 ], [ -53.717695326999902, -27.182501757 ], [ -53.701603404, -27.196223119 ], [ -53.707852164, -27.199475014 ], [ -53.709021483999898, -27.214741803 ], [ -53.69667369, -27.210113645 ], [ -53.686357804, -27.21022669 ], [ -53.686499753, -27.215068970999905 ], [ -53.692883229999907, -27.220922198 ], [ -53.67539088, -27.231279626999903 ], [ -53.67846489, -27.235720012999895 ], [ -53.66985234, -27.246759265 ], [ -53.665866372000011, -27.257922169 ], [ -53.661210491, -27.2469881439999 ], [ -53.635578381999899, -27.259993638 ], [ -53.652385653, -27.263821736999901 ], [ -53.643582211, -27.26853661 ], [ -53.64632282199991, -27.281437932 ], [ -53.665087152, -27.285025549999908 ], [ -53.648599954, -27.289462488 ], [ -53.645294437, -27.293865326999896 ], [ -53.6473699699999, -27.299723953999901 ], [ -53.656582476, -27.298714604999901 ], [ -53.66255668, -27.302970681 ], [ -53.662701685999899, -27.3159122 ], [ -53.638437223, -27.329260178 ], [ -53.656319356, -27.336870351999899 ], [ -53.641570117, -27.342401949 ], [ -53.646715312, -27.344937639 ], [ -53.651350275, -27.352869070999898 ], [ -53.6594567389999, -27.353702337999898 ], [ -53.661165825999902, -27.359382814 ], [ -53.650651916999898, -27.360977524 ], [ -53.647220497, -27.367892613 ], [ -53.659210671, -27.362676796 ], [ -53.66703813, -27.370209047999904 ], [ -53.653426609999897, -27.37157941 ], [ -53.64873349, -27.375349387 ], [ -53.656600564, -27.375400254999896 ], [ -53.648606078999904, -27.385891053 ], [ -53.655812055, -27.389065269 ], [ -53.655964491, -27.391573179 ], [ -53.642813106999903, -27.400765509999903 ], [ -53.654562856, -27.403667799999901 ], [ -53.6394071349999, -27.412984396 ], [ -53.641121878, -27.416067254 ], [ -53.647418248999898, -27.416894519 ], [ -53.644598899999899, -27.423509668999891 ], [ -53.650359267999903, -27.426601746999896 ], [ -53.626262776, -27.449577539 ], [ -53.616219682, -27.472668923999901 ], [ -53.610600207999902, -27.467621021 ], [ -53.610752455999908, -27.463970028999892 ], [ -53.583132596, -27.455780196 ], [ -53.572863156, -27.442717015999989 ], [ -53.565976588, -27.444490530999904 ], [ -53.561148444, -27.440889556999903 ], [ -53.562383527, -27.447326964999895 ], [ -53.552692276, -27.455986528 ], [ -53.566762785, -27.4609855859999 ], [ -53.5703448739999, -27.466933466999897 ], [ -53.566841638, -27.4720119199999 ], [ -53.565609857, -27.464342943 ], [ -53.561103475, -27.463763904 ], [ -53.553907712, -27.476764666 ], [ -53.557897038, -27.481548257999989 ], [ -53.566567005, -27.475138888999904 ], [ -53.572661610999909, -27.481711898999908 ], [ -53.570058084, -27.490548103 ], [ -53.573699078999908, -27.494060508 ], [ -53.571214988, -27.496830563999897 ], [ -53.572642110999901, -27.50843315 ], [ -53.5689343929999, -27.514044028999891 ], [ -53.563761289999903, -27.515589072999905 ], [ -53.573509596, -27.519052426 ], [ -53.581818724999906, -27.517648485999903 ], [ -53.583123735999898, -27.520061123999895 ], [ -53.578435583, -27.524688997999892 ], [ -53.570070100999899, -27.524740237999897 ], [ -53.564348381999899, -27.532418892 ], [ -53.565826908, -27.53451308 ], [ -53.582989243, -27.531419185999898 ], [ -53.570551716, -27.536240881 ], [ -53.5689334959999, -27.542956014 ], [ -53.5721499859999, -27.546375359 ], [ -53.582977908, -27.541191539999897 ], [ -53.580505509, -27.544772502999905 ], [ -53.582208022, -27.549720324 ], [ -53.573149122, -27.550762490999901 ], [ -53.575531387, -27.558171401 ], [ -53.585278596, -27.558571050999898 ], [ -53.595121165, -27.56318199 ], [ -53.591261867999897, -27.566141099999985 ], [ -53.579887904, -27.560875070999902 ], [ -53.569537219, -27.5661422229999 ], [ -53.571527749, -27.567975659999906 ], [ -53.5775111089999, -27.564985787 ], [ -53.583627867, -27.569176105999901 ], [ -53.572352606, -27.5735823099999 ], [ -53.56851219, -27.578126870999895 ], [ -53.579957225, -27.577361918 ], [ -53.586741673999903, -27.589041643 ], [ -53.579013362, -27.590862354 ], [ -53.581417748, -27.599643016999892 ], [ -53.575367338, -27.600682208999988 ], [ -53.573722066999906, -27.604362492999893 ], [ -53.578800896, -27.607094866 ], [ -53.575624106, -27.609889365999901 ], [ -53.578440788, -27.614332229 ], [ -53.572306344, -27.613501681999892 ], [ -53.569895007, -27.618054942 ], [ -53.564529159, -27.618265311999906 ], [ -53.564945926999897, -27.624344746 ], [ -53.560410341, -27.62911445 ], [ -53.567602221, -27.630506103999902 ], [ -53.563749425, -27.638334667999988 ], [ -53.55755232, -27.642415329999899 ], [ -53.572642519999903, -27.639435655999904 ], [ -53.573934595, -27.637324017 ], [ -53.567660326999899, -27.636878260999904 ], [ -53.573301445, -27.627099691 ], [ -53.582517095, -27.628268192999897 ], [ -53.576889853999901, -27.639096424999902 ], [ -53.5870370969999, -27.638099261 ], [ -53.586514953999902, -27.6416654679999 ], [ -53.58078475, -27.644221049999899 ], [ -53.585991561, -27.64433686 ], [ -53.589090698999897, -27.655196815999904 ], [ -53.585279289, -27.65782696 ], [ -53.576685319, -27.656990602999901 ], [ -53.576696284, -27.660097780999905 ], [ -53.580855663, -27.659283765999902 ], [ -53.582401424999908, -27.6623101509999 ], [ -53.581055109, -27.665349539 ], [ -53.576064752, -27.664157374999895 ], [ -53.579857795, -27.681598407 ], [ -53.576360533999903, -27.683959340999895 ], [ -53.571079977, -27.681854873 ], [ -53.570241210999903, -27.687220709 ], [ -53.582528151, -27.687653478999898 ], [ -53.58212062, -27.700364588999896 ], [ -53.577365718, -27.702624436 ], [ -53.576426517, -27.70667394299991 ], [ -53.57916822, -27.708456645 ], [ -53.584312227999902, -27.706379164999902 ], [ -53.591875135, -27.711991467 ], [ -53.590188218, -27.715420494999904 ], [ -53.581983057999899, -27.711939018 ], [ -53.577150209, -27.717268399 ], [ -53.570681943, -27.716229304 ], [ -53.581268969, -27.729382815999902 ], [ -53.580648535, -27.734944778999889 ], [ -53.574561919, -27.735409443 ], [ -53.574605546, -27.730562985999899 ], [ -53.569158844, -27.735660532999891 ], [ -53.568436157999898, -27.729370839 ], [ -53.564068689, -27.732152390999897 ], [ -53.566158174999899, -27.740084200999892 ], [ -53.560514207, -27.743807079 ], [ -53.565803426999899, -27.743294536 ], [ -53.569874376, -27.748811235999895 ], [ -53.575798434, -27.746312366 ], [ -53.575417387, -27.754779229 ], [ -53.564651763, -27.756429416999886 ], [ -53.560847372999902, -27.753503587 ], [ -53.562660730999902, -27.763225806 ], [ -53.557700219, -27.762688857999898 ], [ -53.556823373, -27.766718553 ], [ -53.548057324, -27.771054197999899 ], [ -53.543316191, -27.781312826 ], [ -53.53806129, -27.78367824 ], [ -53.53179405, -27.780547517999899 ], [ -53.530734246, -27.786010071 ], [ -53.536314666, -27.793295007 ], [ -53.525095199, -27.795124777999895 ], [ -53.525085514999901, -27.799007957999894 ], [ -53.5287148049999, -27.798395164999899 ], [ -53.525842489, -27.801300824999895 ], [ -53.527938471, -27.806359809 ], [ -53.522980851999897, -27.80693946 ], [ -53.520096472, -27.812140725999903 ], [ -53.51190794, -27.816912142 ], [ -53.514818739, -27.822592791 ], [ -53.523921152999897, -27.823546909999902 ], [ -53.515966632999898, -27.833129791 ], [ -53.516583306, -27.838109132999907 ], [ -53.522869877999909, -27.846447293 ], [ -53.526084454999911, -27.865153212999893 ], [ -53.541368436, -27.882093598 ], [ -53.549836945, -27.899920672999901 ], [ -53.5558378489999, -27.885322045 ], [ -53.562630331, -27.888297274 ], [ -53.5733001689999, -27.907243036999905 ], [ -53.589779973, -27.917408993 ], [ -53.594220885, -27.914345666 ], [ -53.606986115, -27.926121241 ], [ -53.614573909999898, -27.939979885999897 ], [ -53.621399917, -27.940801588999896 ], [ -53.625556682, -27.947726084 ], [ -53.622388656999902, -27.954823154999897 ], [ -53.619129932, -27.955594721 ], [ -53.619338275, -27.959357247 ], [ -53.61417855, -27.955378801999899 ], [ -53.610007755, -27.958812266999903 ], [ -53.619556324, -27.965862074 ], [ -53.625436396999902, -27.963052006999895 ], [ -53.617752017, -27.974312195 ], [ -53.618843483, -27.981588244 ], [ -53.616568539999903, -27.984187935 ], [ -53.610162062, -27.978371368999898 ], [ -53.604451374999897, -27.979550694 ], [ -53.600930651999903, -27.984434015 ], [ -53.599457588999904, -27.981169513999902 ], [ -53.588547344999903, -27.992504303 ], [ -53.573325785, -27.995903112999905 ], [ -53.568103965, -28.00137131899989 ], [ -53.567992085, -28.019985595 ], [ -53.585545993, -28.039089744 ], [ -53.567737198, -28.041024884 ], [ -53.557244446, -28.0568917159999 ], [ -53.526842805999898, -28.065881433999895 ], [ -53.54023070599991, -28.084165057999893 ], [ -53.529680846, -28.087409314 ], [ -53.529593299999902, -28.094654797 ], [ -53.520766819, -28.099060144 ], [ -53.520634320999903, -28.112157097 ], [ -53.51158687, -28.132356401 ], [ -53.512367347, -28.146126954999897 ], [ -53.502531936, -28.148139893 ], [ -53.505610454, -28.139291050999898 ], [ -53.5017918, -28.139561457999893 ], [ -53.494617336, -28.125842315999893 ], [ -53.48790214400001, -28.122938959999896 ], [ -53.489771501999897, -28.118288992 ], [ -53.484184125999903, -28.105268176 ], [ -53.48775667, -28.101074880999903 ], [ -53.475965717, -28.094971171999905 ], [ -53.475884908999902, -28.088144698999894 ], [ -53.467997617, -28.088907499999905 ], [ -53.469459861, -28.082057217999903 ], [ -53.450684185999897, -28.074642858999905 ], [ -53.440879531999897, -28.080004643999903 ], [ -53.43575307, -28.077026718 ], [ -53.42934389899991, -28.084076313 ], [ -53.423976963, -28.082714831 ], [ -53.423363729999899, -28.086280073999902 ], [ -53.414067116, -28.084205037999908 ], [ -53.411788848, -28.087412098999902 ], [ -53.411645344, -28.101413826999888 ], [ -53.417553524, -28.107654276999902 ], [ -53.417660371999901, -28.115757631 ], [ -53.405874092, -28.1225268499999 ], [ -53.402997137999897, -28.136226968999896 ], [ -53.390889226, -28.139001575 ], [ -53.3812025, -28.133982787 ], [ -53.3742186489999, -28.135181847999899 ], [ -53.370616489, -28.131292597 ], [ -53.362691393, -28.13158533 ], [ -53.3626880159999, -28.128026564 ], [ -53.355734059, -28.130553941 ], [ -53.352974199, -28.128746231 ], [ -53.349995016, -28.155533662 ], [ -53.342635281, -28.159142093 ], [ -53.346195077999901, -28.170152917999893 ], [ -53.335384156, -28.166349974 ], [ -53.33185148, -28.174119736 ], [ -53.32171625, -28.174439860999897 ], [ -53.31499236, -28.178749207 ], [ -53.315829685, -28.188791570999989 ], [ -53.311079438, -28.196446378 ], [ -53.313404847999898, -28.199295815 ], [ -53.311058719, -28.2044407 ], [ -53.317574908, -28.205689655999898 ], [ -53.3186603629999, -28.215381308 ], [ -53.326195296, -28.217231354 ], [ -53.325139899, -28.222740133999903 ], [ -53.328602415, -28.228484997 ], [ -53.331880487, -28.227912746999905 ], [ -53.331208394, -28.233089586999892 ], [ -53.334682518, -28.230332849999989 ], [ -53.336134538, -28.233927466 ], [ -53.338719424, -28.231449628999897 ], [ -53.340670345, -28.236783545 ], [ -53.343001340999898, -28.233332622 ], [ -53.347147527999901, -28.233769342 ], [ -53.34830842, -28.241753054 ], [ -53.355875771999898, -28.241480323 ], [ -53.357025625999903, -28.244458827999896 ], [ -53.357829497999901, -28.238861097 ], [ -53.363138238, -28.237978204999898 ], [ -53.371143892, -28.241272579999897 ], [ -53.378330290999898, -28.236917521999892 ], [ -53.375676557, -28.241379971999898 ], [ -53.377996216, -28.245327307 ], [ -53.381998350999901, -28.239568886 ], [ -53.38495635, -28.244889594000011 ], [ -53.388348637, -28.2412991909999 ], [ -53.391632863, -28.246118630999892 ], [ -53.400536715, -28.242283981999904 ], [ -53.373166893, -28.386751074 ], [ -53.392798107, -28.396905735 ], [ -53.40388713, -28.406205432 ], [ -53.406428365, -28.411902504999894 ], [ -53.41735175, -28.410124077 ], [ -53.412679017, -28.421383096999897 ], [ -53.416523561, -28.425931601999892 ], [ -53.410316496999897, -28.430902918999898 ], [ -53.414880258, -28.444306513999898 ], [ -53.417866365999899, -28.447452224 ], [ -53.429312958, -28.449333243999892 ], [ -53.443373772, -28.471251115 ], [ -53.443966438, -28.477024537 ], [ -53.459624291999901, -28.487531474 ], [ -53.455796628, -28.502177566999901 ], [ -53.44860096, -28.513093324999893 ], [ -53.463193144999899, -28.527310009 ], [ -53.464171197, -28.535955289 ], [ -53.456923134, -28.547412468999898 ], [ -53.457534415999902, -28.551464398 ], [ -53.473656991, -28.553892063 ], [ -53.485133818999905, -28.566862167 ], [ -53.496180566, -28.5635874389999 ], [ -53.512886041999899, -28.570625919999898 ], [ -53.52517282, -28.549178637999898 ], [ -53.521147088, -28.534010101 ], [ -53.524963237, -28.536175786999902 ], [ -53.5244960429999, -28.539070646 ], [ -53.531881644999899, -28.538452815 ], [ -53.53310421, -28.542919543 ], [ -53.537418117, -28.541858530999892 ], [ -53.549971238999902, -28.548429816999899 ], [ -53.558660182, -28.545373405 ], [ -53.570342969, -28.522135607999896 ], [ -53.575888971, -28.530289696 ], [ -53.580222674, -28.524164846 ], [ -53.584014662999898, -28.526488969 ], [ -53.581437159, -28.528336908 ], [ -53.58574028, -28.529468388999899 ], [ -53.588695673, -28.525925413 ], [ -53.591500347, -28.527961204 ], [ -53.598459608, -28.5243439609999 ], [ -53.600698542000011, -28.526831908 ], [ -53.601417184999903, -28.523579447 ], [ -53.604719885999899, -28.525711348999899 ], [ -53.606526873, -28.520699970999903 ], [ -53.61040415, -28.52612292 ], [ -53.61485778, -28.522265290999897 ], [ -53.618450155999902, -28.523699622 ], [ -53.625497369, -28.518604146 ], [ -53.634443924, -28.517625001999896 ], [ -53.639378939, -28.5108233939999 ], [ -53.646386854999903, -28.514196362999897 ], [ -53.653941651, -28.502584178999893 ], [ -53.660589348, -28.506422159999893 ], [ -53.659934403, -28.512179131 ], [ -53.665390099, -28.509991613 ], [ -53.664643461, -28.514595879999899 ], [ -53.669845365, -28.507514280999899 ], [ -53.66714044, -28.503340641 ], [ -53.669783144999897, -28.497223451 ], [ -53.674827863, -28.496573417 ], [ -53.672407839, -28.501253002999903 ], [ -53.673838895, -28.499900539999896 ], [ -53.675757886, -28.503581333999904 ], [ -53.680709272999898, -28.48992572 ], [ -53.687815432, -28.485504837999898 ], [ -53.689763894999899, -28.491425546 ], [ -53.693225282, -28.482542302 ], [ -53.700953637999902, -28.483830360999896 ], [ -53.708179373, -28.479699001 ], [ -53.720651045999901, -28.485643562999901 ], [ -53.717638295, -28.481875402 ], [ -53.718824869999899, -28.478059383999899 ], [ -53.720079063, -28.4818285059999 ], [ -53.725256153, -28.48313941 ], [ -53.722887364, -28.479540422 ], [ -53.72701015900001, -28.469916340999905 ], [ -53.729763625, -28.470558409 ], [ -53.73370614, -28.465056131 ], [ -53.736035667, -28.470096895 ], [ -53.738182456999901, -28.469321991 ], [ -53.739387263, -28.464615842999901 ], [ -53.744302072000011, -28.463285511 ], [ -53.743980705999903, -28.458061007 ], [ -53.748541605, -28.458094815 ], [ -53.747218705, -28.455618057 ], [ -53.751094705999904, -28.456900606 ], [ -53.748596176, -28.450443097999898 ], [ -53.751571299, -28.453935257999902 ], [ -53.75238816, -28.451176033 ], [ -53.761468774, -28.448988805999893 ], [ -53.759010298, -28.43726758 ], [ -53.763218933, -28.441045426999896 ], [ -53.769951222, -28.439113969999905 ], [ -53.774692070999897, -28.442312706999889 ], [ -53.7774763789999, -28.436548872999897 ], [ -53.78159167, -28.454318070999893 ], [ -53.777916338999901, -28.471497138 ], [ -53.78116984, -28.488381139 ], [ -53.797935868, -28.492338925999892 ], [ -53.811034741, -28.488024704999898 ], [ -53.816669362, -28.4827536999999 ], [ -53.822248944, -28.486873509 ], [ -53.822556579, -28.494385478 ], [ -53.838565605, -28.513735945 ], [ -53.857899707999898, -28.517151566999903 ], [ -53.859649519, -28.524704991 ], [ -53.867384629999897, -28.529553308999894 ], [ -53.862054709999903, -28.537443961999898 ], [ -53.871335288999909, -28.537043121999901 ], [ -53.871650837999901, -28.532714762 ], [ -53.880552541, -28.522781742999893 ], [ -53.888438444, -28.542386204999989 ], [ -53.896673346999897, -28.546429938 ], [ -53.911231444999899, -28.546958636999893 ], [ -53.904771516, -28.556944495 ], [ -53.906237927999904, -28.563539386999903 ], [ -53.902212253999899, -28.569256445 ], [ -53.897158165999898, -28.572898017999904 ], [ -53.894341376999897, -28.569256445 ], [ -53.890697793999898, -28.573724749999894 ], [ -53.896351914, -28.578552042999899 ], [ -53.894404288, -28.583928356999898 ], [ -53.904199881999908, -28.586264738999905 ], [ -53.9142558409999, -28.597706146999901 ], [ -53.931437275, -28.60557125 ], [ -53.930680501, -28.612459541 ], [ -53.9374186699999, -28.627445344 ], [ -53.950462155, -28.633185722 ], [ -53.952268529, -28.637451215999903 ], [ -53.958921099999898, -28.63876988 ], [ -53.96142063500001, -28.636437203 ], [ -53.96264510000001, -28.640006975999892 ], [ -53.9678519839999, -28.639779852999897 ], [ -53.967293820999899, -28.64534087 ], [ -53.974538138, -28.647706890999899 ], [ -53.970299309, -28.652601511999894 ], [ -53.958561324, -28.655504498 ], [ -53.959780544999909, -28.658839000999897 ], [ -53.969721098, -28.656516989999901 ], [ -53.968645234999897, -28.663064958999897 ], [ -53.978631322, -28.664642568 ], [ -53.980936065, -28.6691530169999 ], [ -53.965598277, -28.681693407 ], [ -53.96802962, -28.686405476999909 ], [ -53.976855612, -28.687426774999896 ], [ -53.973766912, -28.695083167 ], [ -53.967834358999909, -28.697269854000012 ], [ -53.974494042999901, -28.703009440999903 ], [ -53.9682982429999, -28.711719249999899 ], [ -53.969985187, -28.717895069 ], [ -53.961969473, -28.715943328 ], [ -53.962726452, -28.719418462 ], [ -53.968062947, -28.721918935 ], [ -53.966113137, -28.724123473 ], [ -53.958635076999897, -28.722451823 ], [ -53.960209805, -28.727669451999905 ], [ -53.957115546999908, -28.732494356 ], [ -53.965987068999901, -28.737005906 ], [ -53.96794116599991, -28.742176547999989 ], [ -53.963790119, -28.744803852999979 ], [ -53.966191689, -28.74632745199991 ], [ -53.971473879, -28.742272882999909 ], [ -53.9805871189999, -28.741844181 ], [ -53.975667404, -28.754297396 ], [ -53.984505224, -28.765403985 ], [ -53.976808965, -28.762834262 ], [ -53.967508805, -28.77126379 ], [ -53.957237795, -28.774382029 ], [ -53.961524955999899, -28.779825447 ], [ -53.973968783, -28.778482991 ], [ -53.976034941, -28.77500310599989 ], [ -53.985836665, -28.778074892999914 ], [ -53.983945386999899, -28.784251331 ], [ -53.977879641, -28.788265162999885 ], [ -53.979035907, -28.7963346569999 ], [ -53.975311285, -28.800218765999897 ], [ -53.965514786, -28.790171132999905 ], [ -53.964458674999896, -28.798612338999902 ], [ -53.955435843, -28.799730262 ], [ -53.953271142999903, -28.795120105999988 ], [ -53.95426011, -28.803408252999898 ], [ -53.94644204, -28.814692463 ], [ -53.941555781, -28.814658456000011 ], [ -53.942590869, -28.807970446999889 ], [ -53.935888467, -28.810796473 ], [ -53.927850868, -28.8074642569999 ], [ -53.922604921999898, -28.819164918 ], [ -53.910299525, -28.818959311999897 ], [ -53.908943818999902, -28.817337816 ], [ -53.918989843, -28.81245072 ], [ -53.907220271, -28.813416944 ], [ -53.907939337999899, -28.810746123999898 ], [ -53.898112716, -28.817547744 ], [ -53.901861327999903, -28.820967749 ], [ -53.901353878999899, -28.824828023 ], [ -53.906099717, -28.822587289999898 ], [ -53.917247746, -28.834801311 ], [ -53.925169314, -28.832294466999901 ], [ -53.9253411239999, -28.840512125999989 ], [ -53.933104232999902, -28.84963693 ], [ -53.929873674, -28.852773181 ], [ -53.935413447, -28.854216945000012 ], [ -53.935908146, -28.858949012 ], [ -53.942066775999898, -28.861669484999897 ], [ -53.93702775700001, -28.867516582999908 ], [ -53.937612416, -28.874044474 ], [ -53.942151628, -28.875815839 ], [ -53.944975023, -28.872099971 ], [ -53.948178047999903, -28.875012163999902 ], [ -53.950860196, -28.872840138999894 ], [ -53.955094494, -28.874901647999895 ], [ -53.952285468999897, -28.880052521 ], [ -53.957297609, -28.881628548 ], [ -53.959125387, -28.887216158999891 ], [ -53.952909565, -28.89836407 ], [ -53.962002786, -28.899379834999898 ], [ -53.964307033, -28.902585335 ], [ -53.967825395, -28.900279367999907 ], [ -53.976228198999898, -28.905327766 ], [ -53.979757268999897, -28.904027378 ], [ -53.979948753, -28.898014219999901 ], [ -53.996200781, -28.903976863 ], [ -54.003601327, -28.901631827 ], [ -54.008612424, -28.903627367 ], [ -54.014582171, -28.901319685 ], [ -54.016601535999897, -28.893852861 ], [ -54.021147543, -28.894765231999902 ], [ -54.023749188, -28.903992134 ], [ -54.048176828, -28.911787554999897 ], [ -54.053213738999901, -28.907224245 ], [ -54.062919832, -28.905289382 ], [ -54.068689768, -28.908408991999984 ], [ -54.095265336, -28.90494015 ], [ -54.104956509, -28.900416338 ], [ -54.118328638, -28.887671166 ], [ -54.134866117999898, -28.882605009 ], [ -54.149234881, -28.894962673 ], [ -54.166320044, -28.896971911 ], [ -54.191583485, -28.895251822 ], [ -54.200713183999902, -28.901009352 ], [ -54.215813533999899, -28.920262581 ], [ -54.226661497, -28.925715667 ], [ -54.233091241, -28.925332216 ], [ -54.265526602, -28.9115858659999 ], [ -54.292482350999904, -28.928119254 ], [ -54.313250557999908, -28.93106356 ], [ -54.316719554, -28.928659821999901 ], [ -54.329821416999899, -28.93110566 ], [ -54.342250067999899, -28.929214502 ], [ -54.357098694999905, -28.961070041 ], [ -54.351101233999906, -28.972918579999899 ], [ -54.364248169999897, -28.985264221 ], [ -54.377721681, -29.0044789899999 ], [ -54.389293987, -28.987742437 ], [ -54.392035552, -28.974105967 ], [ -54.399411820999902, -28.964164184 ], [ -54.401892847999903, -28.9449015819999 ], [ -54.407553524, -28.937700568 ], [ -54.413336263, -28.935722394 ], [ -54.4103819649999, -28.922208059999903 ], [ -54.422282722, -28.921092885999897 ], [ -54.424017539, -28.914595619999897 ], [ -54.434353895, -28.903035578999905 ], [ -54.435237463, -28.897144123 ], [ -54.444768638, -28.894932621999903 ], [ -54.44318157, -28.891024595 ], [ -54.445687128, -28.887841189 ], [ -54.449963497999903, -28.892164662 ], [ -54.4521554889999, -28.887958469999905 ], [ -54.457393999, -28.886285174 ], [ -54.459440481999899, -28.876009989 ], [ -54.482048307, -28.882616496 ], [ -54.486461818, -28.8793610889999 ], [ -54.478063501999898, -28.872958186999888 ], [ -54.481025165999903, -28.874080407999898 ], [ -54.4838218249999, -28.871174325 ], [ -54.487829904, -28.875568788 ], [ -54.494593032999902, -28.874363248 ], [ -54.491990334, -28.868787546 ], [ -54.49565627, -28.866137513999899 ], [ -54.4996789469999, -28.868452834 ], [ -54.49903376, -28.871471147 ], [ -54.504491365, -28.8680863559999 ], [ -54.510071776, -28.874150153999896 ], [ -54.516489678, -28.868444777 ], [ -54.523769729, -28.870689781 ], [ -54.524630294, -28.86713299 ], [ -54.528782669999899, -28.866416928 ], [ -54.529425519, -28.859824816999897 ], [ -54.525791356, -28.858063699 ], [ -54.531837020999902, -28.858770220999908 ], [ -54.538226553, -28.854215323999899 ], [ -54.541849446999898, -28.859274601 ], [ -54.541180949, -28.856249643999892 ], [ -54.546753985999899, -28.854218747999901 ], [ -54.5390585, -28.849461284 ], [ -54.540198083999897, -28.845300256 ], [ -54.5440218419999, -28.844958263 ], [ -54.545456282000011, -28.849339901 ], [ -54.547700334999902, -28.844980771999897 ], [ -54.545636681, -28.842622137 ], [ -54.553007087, -28.84263672 ], [ -54.557053149999902, -28.847700157 ], [ -54.560745923999903, -28.842840071999898 ], [ -54.565183563999902, -28.8430154549999 ], [ -54.565117590999897, -28.83756557200001 ], [ -54.5683590679999, -28.835366469999894 ], [ -54.576843659, -28.838069678999901 ], [ -54.572224153, -28.825067276 ], [ -54.576094591999897, -28.820608545 ], [ -54.574752363, -28.816926914000014 ], [ -54.578704559, -28.813069692999903 ], [ -54.585367595, -28.812330002999904 ], [ -54.588110244999903, -28.8183829009999 ], [ -54.5912382879999, -28.8089869 ], [ -54.595733461, -28.805749768999906 ], [ -54.59112773, -28.802285578999896 ], [ -54.586562456, -28.806357431 ], [ -54.5785481079999, -28.804963772999905 ], [ -54.576572739, -28.800802985 ], [ -54.578742578999901, -28.79863104 ], [ -54.583972353, -28.80333895099989 ], [ -54.586855489999898, -28.802711125 ], [ -54.593429849, -28.793494918 ], [ -54.591884869, -28.791613315999903 ], [ -54.586291246, -28.793224751 ], [ -54.582851255, -28.789265283 ], [ -54.592036834999902, -28.784427229 ], [ -54.597946608, -28.786627919 ], [ -54.602933564999908, -28.781664196 ], [ -54.611525207999897, -28.7871120739999 ], [ -54.613739306999904, -28.784273520999893 ], [ -54.611737847, -28.779673073 ], [ -54.604733461, -28.777837879999904 ], [ -54.612163188, -28.774817109 ], [ -54.619315979, -28.777169122 ], [ -54.614387818999901, -28.770151464 ], [ -54.627080686999903, -28.769448053 ], [ -54.623674315999899, -28.762829665 ], [ -54.616440087999898, -28.759885469 ], [ -54.617321895, -28.753304117 ], [ -54.610111447999898, -28.746026898 ], [ -54.618368026, -28.739143560999899 ], [ -54.627838981, -28.738810687999894 ], [ -54.625655439, -28.743520246999896 ], [ -54.628238311, -28.748147145 ], [ -54.638301793, -28.74495827 ], [ -54.64170189, -28.741930735 ], [ -54.640323654, -28.733607558 ], [ -54.643465208, -28.732738482999906 ], [ -54.652834546, -28.740461998999901 ], [ -54.65673535, -28.73944857 ], [ -54.660070241, -28.734475204 ], [ -54.656157213, -28.727207501999896 ], [ -54.665196618, -28.721043042 ], [ -54.666002749, -28.7158541649999 ], [ -54.671276602, -28.715965582 ], [ -54.674207935, -28.71940688 ], [ -54.675542961, -28.737726256 ], [ -54.687718582999899, -28.753964224999894 ], [ -54.689949976, -28.763016407 ], [ -54.697400187, -28.766683160999893 ], [ -54.696481068, -28.771835589 ], [ -54.710154142, -28.785720206999901 ], [ -54.714279011, -28.795223375 ], [ -54.713707186, -28.8180781629999 ], [ -54.7079317829999, -28.836698365 ], [ -54.740435493999897, -28.854783880999907 ], [ -54.753727737, -28.853646103 ], [ -54.770288224999902, -28.865522531999893 ], [ -54.771626120999898, -28.871667946999906 ], [ -54.779092009, -28.873702372 ], [ -54.794194099, -28.874651614999909 ], [ -54.810143003, -28.866630538999988 ], [ -54.815196033999896, -28.869089424 ], [ -54.819481235999902, -28.866749717999902 ], [ -54.822128244999909, -28.857249054 ], [ -54.833079084, -28.848344767 ], [ -54.844110768999897, -28.851079327 ], [ -54.842288455, -28.834141014999911 ], [ -54.847934773, -28.832919251000011 ], [ -54.850396809, -28.841082233 ], [ -54.85490665, -28.839820419 ], [ -54.855057960999901, -28.835515952 ], [ -54.861018294, -28.832118245999897 ], [ -54.869375460999898, -28.839027851 ], [ -54.883116233, -28.843177139 ], [ -54.8865048219999, -28.836973950999912 ], [ -54.882084231, -28.826401169 ], [ -54.892072051, -28.824475181000011 ], [ -54.8947250639999, -28.816127606 ], [ -54.902120018999902, -28.817563407 ], [ -54.902272657, -28.829445244999903 ], [ -54.9070186659999, -28.828960525999896 ], [ -54.912327814, -28.823263450999903 ], [ -54.921969996, -28.825345153999891 ], [ -54.92674362, -28.822571588999899 ], [ -54.931009995, -28.825803661 ], [ -54.940441506, -28.815547085999988 ], [ -54.950176958, -28.81708391 ], [ -54.954698532999899, -28.809373444 ], [ -54.968195256999905, -28.805904934999887 ], [ -54.996429567999897, -28.777739762 ], [ -55.004276271, -28.776111849999893 ] ] ] } },
{ "type": "Feature", "properties": { "regiao_funcional": "RF8 · Central", "regiao_funcional_id": 8, "municipios": 49, "area_km2": 38697.781456346966, "partes": 1, "maior_parte_%": 100.0 }, "geometry": { "type": "Polygon", "coordinates": [ [ [ -53.836084147, -30.487892943 ], [ -53.854471546, -30.477528287 ], [ -53.862690950999898, -30.477265687999886 ], [ -53.871816803999899, -30.48143154 ], [ -53.880607759, -30.49437771700001 ], [ -53.887276083, -30.497188063999904 ], [ -53.896001356999903, -30.495803484 ], [ -53.901286303999903, -30.489910114999894 ], [ -53.9183384419999, -30.492943714 ], [ -53.945625332, -30.489142355 ], [ -53.960721463, -30.482025329 ], [ -53.960580394, -30.45474415 ], [ -53.974643521, -30.443853734999912 ], [ -53.968702015, -30.444050892999908 ], [ -53.940435057999899, -30.424374793 ], [ -53.937846059, -30.4167116479999 ], [ -53.941937244, -30.409962648 ], [ -53.938387148999901, -30.403648523999898 ], [ -53.941662563, -30.395841032000011 ], [ -53.9392151179999, -30.394197292999902 ], [ -53.945284434, -30.389009608 ], [ -53.946931561, -30.381273436999894 ], [ -53.951108787, -30.379274327 ], [ -53.951818814, -30.371935532999895 ], [ -53.961205407, -30.367145170999905 ], [ -53.958692704, -30.36328724 ], [ -53.962435246, -30.361063914999896 ], [ -53.966417494, -30.363072058999904 ], [ -53.971667581, -30.359185468 ], [ -53.9727919649999, -30.348103113 ], [ -53.965531212, -30.3423336819999 ], [ -53.964299635, -30.337186238999902 ], [ -53.977407378, -30.327179973999897 ], [ -53.98204974, -30.313035564 ], [ -53.99287021, -30.307925548 ], [ -53.987458165, -30.297215009999892 ], [ -54.000525030999903, -30.297215407999886 ], [ -53.999896053, -30.285412278 ], [ -54.004975067, -30.2839709359999 ], [ -54.018370214999898, -30.265214188999902 ], [ -54.012456316999902, -30.259124949 ], [ -54.006347773, -30.261458549999894 ], [ -54.000307865, -30.254320477 ], [ -54.000523723, -30.247369472999896 ], [ -53.994856859, -30.250138713 ], [ -53.989871842999897, -30.247625269 ], [ -53.985083017, -30.234204771999902 ], [ -53.987800705, -30.225630899 ], [ -53.975933109, -30.219736944 ], [ -53.96696337799991, -30.217984976000011 ], [ -53.962797472, -30.219964804 ], [ -53.959265191, -30.216504318 ], [ -53.961983088, -30.2146459689999 ], [ -53.953863302999899, -30.205787653999902 ], [ -53.958469084999898, -30.201065086 ], [ -53.964374719, -30.200505076 ], [ -53.964502390999897, -30.195636022 ], [ -53.968912243, -30.194412698 ], [ -53.965926701999898, -30.191323945 ], [ -53.967152208999899, -30.186274258 ], [ -53.9739485059999, -30.186829547999903 ], [ -53.971949944, -30.179350644 ], [ -53.976161425, -30.169897244 ], [ -53.972724619, -30.170844171999892 ], [ -53.971516951, -30.16473594799989 ], [ -53.966137795999899, -30.164529741 ], [ -53.958724123, -30.155542055 ], [ -53.958606652, -30.141199946 ], [ -53.953059531, -30.139571568 ], [ -53.951972134, -30.126960923999892 ], [ -53.959551962, -30.123464401 ], [ -53.949299017, -30.117824662 ], [ -53.945929567999897, -30.118674132 ], [ -53.9475966749999, -30.116010863999989 ], [ -53.941068363999896, -30.111119496 ], [ -53.943699995, -30.102323098999896 ], [ -53.932442479, -30.102241001 ], [ -53.932997172999897, -30.097449831999892 ], [ -53.927398781, -30.089208321999898 ], [ -53.920727582, -30.09009724600001 ], [ -53.916511788, -30.086870336999898 ], [ -53.911660841, -30.068699885999905 ], [ -53.905971604999898, -30.067070174 ], [ -53.910215289, -30.046344467 ], [ -53.901834865, -30.043754793999891 ], [ -53.897506654, -30.036173886 ], [ -53.889725804, -30.035202183 ], [ -53.890618973, -30.030723340999891 ], [ -53.883346391000011, -30.018105227 ], [ -53.877053501, -30.01681007 ], [ -53.877711398, -30.012702850999986 ], [ -53.872502206, -30.009755695 ], [ -53.873693991, -30.000372093 ], [ -53.869215493, -29.993981345999899 ], [ -53.890683571999901, -29.983431295999896 ], [ -53.899109622, -29.988212839 ], [ -53.907840146, -29.982875192999987 ], [ -53.930173211, -29.988720107999903 ], [ -53.941105730999901, -29.985943372 ], [ -53.951482558999899, -29.990990348 ], [ -53.958818752999903, -29.988314509 ], [ -53.969243675, -29.988973184 ], [ -53.973585694999898, -29.985369331 ], [ -53.993179245, -29.987280649 ], [ -54.005025878, -29.9840313609999 ], [ -54.008209011, -29.981268965 ], [ -54.006718572, -29.976027834999986 ], [ -54.010470317999904, -29.973975306999897 ], [ -54.008465169, -29.971537968 ], [ -54.017579876, -29.965397348999904 ], [ -54.024829150999899, -29.965342055999901 ], [ -54.027395016, -29.9599370399999 ], [ -54.033483832999899, -29.957573020000012 ], [ -54.033615994999899, -29.953177928999896 ], [ -54.029112879, -29.949869173999989 ], [ -54.029952325, -29.933820496 ], [ -54.037012127, -29.920552283999893 ], [ -54.051526517, -29.91165459 ], [ -54.06799151, -29.911404307999891 ], [ -54.071048527999899, -29.908561817 ], [ -54.085395062, -29.917026719 ], [ -54.089971649999903, -29.915918325999904 ], [ -54.105758954, -29.925867046999898 ], [ -54.128513658, -29.9195547469999 ], [ -54.154426804, -29.927085559 ], [ -54.187782798999898, -29.928418033 ], [ -54.19513097, -29.926556277 ], [ -54.208655705, -29.9155340209999 ], [ -54.221195558, -29.914995814 ], [ -54.228272795, -29.905560717999894 ], [ -54.236364204, -29.903210182 ], [ -54.2381033079999, -29.897310043999891 ], [ -54.246598371999902, -29.892715720999899 ], [ -54.257045865999899, -29.907628965000011 ], [ -54.272219436999897, -29.921415859 ], [ -54.279263774, -29.922506454 ], [ -54.286057147999898, -29.932814504999989 ], [ -54.304248894999901, -29.933088521999903 ], [ -54.312837343, -29.926106941999912 ], [ -54.341461039, -29.927839957999897 ], [ -54.351420455, -29.935692668999902 ], [ -54.368938581, -29.934077090999896 ], [ -54.388216618999898, -29.940418362999893 ], [ -54.400655341999901, -29.939137955 ], [ -54.405049845999898, -29.948409225 ], [ -54.439377368, -29.954015565 ], [ -54.453702979, -29.960123207 ], [ -54.470393629999897, -29.958978543999901 ], [ -54.471159268999905, -29.949830087 ], [ -54.47719416, -29.941070567999901 ], [ -54.499448252, -29.932968941999892 ], [ -54.511251843, -29.942741211999891 ], [ -54.519898514, -29.942439282999885 ], [ -54.532697165999899, -29.950313303 ], [ -54.544647308, -29.951573107999899 ], [ -54.548095517, -29.953502563 ], [ -54.547366005999898, -29.956921522999892 ], [ -54.553727178, -29.956109741 ], [ -54.556581848999897, -29.96130906 ], [ -54.563370588999902, -29.956522352 ], [ -54.569470826, -29.959815429999892 ], [ -54.57538312, -29.958466615 ], [ -54.576399611999904, -29.963086287 ], [ -54.585889619999897, -29.962451297 ], [ -54.588037546, -29.965842113 ], [ -54.58543961, -29.969918909999897 ], [ -54.58938326, -29.975630668999905 ], [ -54.595119716999903, -29.977659909 ], [ -54.602195450999901, -29.975143253999896 ], [ -54.601604694999899, -29.980188426 ], [ -54.612714249, -29.985289638 ], [ -54.618970277, -29.993526250999899 ], [ -54.6278295709999, -29.991288611999892 ], [ -54.632451063, -29.995444065999905 ], [ -54.629326471999903, -30.003796485 ], [ -54.642638336999902, -30.015878616999903 ], [ -54.638019751999899, -30.020696137999899 ], [ -54.640923669, -30.026021597999907 ], [ -54.653011557999903, -30.024575727 ], [ -54.663660735999898, -30.033700267 ], [ -54.678716818999902, -30.030866563 ], [ -54.6902138579999, -30.037606264 ], [ -54.695803628, -30.02986792 ], [ -54.704280056999899, -30.028670991 ], [ -54.707184243, -30.024995551 ], [ -54.711855763, -30.025961627999902 ], [ -54.713404192, -30.031887438 ], [ -54.71913008, -30.032300409 ], [ -54.731268977, -30.028277721999896 ], [ -54.735932872, -30.020965716 ], [ -54.744923424, -30.023494452 ], [ -54.755681839, -30.021323432 ], [ -54.755793608, -30.028535421 ], [ -54.759559284, -30.030770138 ], [ -54.7563592079999, -30.032403395999896 ], [ -54.756706731999905, -30.038648811 ], [ -54.772443097999897, -30.050919506 ], [ -54.776598745999898, -30.058970683 ], [ -54.777360637999905, -30.082253807 ], [ -54.78241002, -30.083124325 ], [ -54.789579586999899, -30.094250899 ], [ -54.799290745999897, -30.095995823999903 ], [ -54.817208815999898, -30.107945922999903 ], [ -54.8379758029999, -30.103353180999896 ], [ -54.84085814, -30.100203093999905 ], [ -54.845200886, -30.099374731 ], [ -54.847596906, -30.102035800999897 ], [ -54.869112345, -30.095566499 ], [ -54.891570391, -30.099967743 ], [ -54.899919439, -30.087507527 ], [ -54.899775198, -30.079016523999904 ], [ -54.911542948, -30.077659281 ], [ -54.914691443, -30.0732870269999 ], [ -54.932688160999902, -30.063608175999903 ], [ -54.948620929, -30.076570617999902 ], [ -54.949736852999898, -30.083466345 ], [ -54.96383291, -30.08874413 ], [ -54.974466166999903, -30.087441306 ], [ -54.980433717, -30.09460372 ], [ -54.986284229, -30.096204206 ], [ -55.001609931, -30.112056688999889 ], [ -55.001304994999899, -30.122625992999911 ], [ -55.006561738999899, -30.129997753999902 ], [ -55.0191066739999, -30.128680011 ], [ -55.027095551999906, -30.133865077999896 ], [ -55.043234297, -30.1350479389999 ], [ -55.054653435, -30.138870418999904 ], [ -55.060545275, -30.14492244 ], [ -55.068136619, -30.14181851 ], [ -55.070515596999904, -30.129343515999892 ], [ -55.07706359, -30.124261662 ], [ -55.073478592, -30.110730948 ], [ -55.082202333999902, -30.102970555999899 ], [ -55.08691665, -30.07769165 ], [ -55.101076839, -30.053536945 ], [ -55.10145614, -30.046504320999905 ], [ -55.094027708999903, -30.040665535 ], [ -55.096144803999898, -30.034565289999904 ], [ -55.102074886, -30.035896846 ], [ -55.11547404800001, -30.046651267999909 ], [ -55.128394877999902, -30.041497598 ], [ -55.136830011, -30.041861223999902 ], [ -55.142556981, -30.054236009 ], [ -55.150663094, -30.048139744 ], [ -55.157665973999897, -30.050471630999898 ], [ -55.162771929, -30.043668118999985 ], [ -55.177229528999902, -30.045340361999898 ], [ -55.187007779999902, -30.060991464 ], [ -55.187538070999899, -30.067887138999893 ], [ -55.183494235, -30.06954647 ], [ -55.188028363999898, -30.078972113 ], [ -55.209188223, -30.08568911 ], [ -55.216075014, -30.080283473000012 ], [ -55.222337539, -30.079472924 ], [ -55.223843257999903, -30.074998389 ], [ -55.2285172489999, -30.078622333999895 ], [ -55.245040721999899, -30.081145370999902 ], [ -55.253852884, -30.079663325999906 ], [ -55.260401982, -30.084670692 ], [ -55.274093649, -30.081018168999897 ], [ -55.285052807999897, -30.0915699349999 ], [ -55.287340723999897, -30.1033128619999 ], [ -55.290906024, -30.102953343 ], [ -55.295577338, -30.08854933 ], [ -55.307990458999903, -30.087775306 ], [ -55.314465231, -30.08312225 ], [ -55.304457686, -30.07491407 ], [ -55.305127061, -30.071558062 ], [ -55.297623356, -30.064200802 ], [ -55.281099097, -30.051737973999899 ], [ -55.278032975, -30.042006902 ], [ -55.269566819, -30.039869608999901 ], [ -55.267202305, -30.016888555000019 ], [ -55.2593878489999, -30.013877468 ], [ -55.259474301, -30.002105782999898 ], [ -55.252152214, -29.992027603999901 ], [ -55.245193146, -29.987933095999889 ], [ -55.244576416, -29.972188928 ], [ -55.240036585, -29.957442892 ], [ -55.233292151999898, -29.948558337999899 ], [ -55.234275624, -29.942715892 ], [ -55.229190571999901, -29.928533464999898 ], [ -55.222471325, -29.919972668 ], [ -55.212005663, -29.922916616999892 ], [ -55.194399989, -29.915504025 ], [ -55.178076932, -29.897193452999907 ], [ -55.17174600499991, -29.880193946 ], [ -55.164403267999901, -29.874417716 ], [ -55.156182977999897, -29.875972709999896 ], [ -55.149522454, -29.872040222999903 ], [ -55.153114963, -29.855616956999896 ], [ -55.141335758, -29.851964999 ], [ -55.139455589, -29.847916725999912 ], [ -55.142172805, -29.841068838 ], [ -55.146634666999901, -29.840808371 ], [ -55.150093352999903, -29.826546742999898 ], [ -55.141706999999897, -29.821412598999895 ], [ -55.125075147, -29.820141465999903 ], [ -55.119932897, -29.807183113 ], [ -55.111825907, -29.800045223 ], [ -55.115638577, -29.798271418 ], [ -55.112463646, -29.792839396 ], [ -55.1167090389999, -29.786058435999987 ], [ -55.115451709, -29.777712553 ], [ -55.1251066519999, -29.77548583 ], [ -55.124942945, -29.768603425 ], [ -55.12216875, -29.771045569 ], [ -55.119559883, -29.7694772729999 ], [ -55.135928239999906, -29.761298645 ], [ -55.135429105999897, -29.757127312 ], [ -55.126409044, -29.74916791 ], [ -55.129082975, -29.719603143 ], [ -55.1241985939999, -29.703541728999905 ], [ -55.126159476999909, -29.697694731999896 ], [ -55.131578644999898, -29.695733849 ], [ -55.191654216, -29.696745273 ], [ -55.195181095999899, -29.690640965999897 ], [ -55.193043628999902, -29.672914345 ], [ -55.195888626999903, -29.66591591 ], [ -55.206574014, -29.659142168 ], [ -55.21284868, -29.651084703 ], [ -55.212513844999897, -29.636159834999905 ], [ -55.223956051999899, -29.631429073999985 ], [ -55.235572525, -29.634124938999904 ], [ -55.243462114, -29.620311333 ], [ -55.258931304, -29.617343893999887 ], [ -55.280233467999899, -29.617821133999904 ], [ -55.292887545, -29.630616460999903 ], [ -55.309066338, -29.631241671999906 ], [ -55.326265973, -29.642214458 ], [ -55.338419277, -29.63677496 ], [ -55.363319829, -29.614612247 ], [ -55.369605997, -29.612639752 ], [ -55.378126638, -29.614872442 ], [ -55.37346952, -29.573618075 ], [ -55.3691414749999, -29.572132923 ], [ -55.367067807999902, -29.555413574999896 ], [ -55.346925959, -29.54499965 ], [ -55.345817613, -29.541948475 ], [ -55.351879755, -29.537871107999887 ], [ -55.348038441, -29.532882184 ], [ -55.330729499, -29.532148221999901 ], [ -55.328402188, -29.522212994 ], [ -55.333236155999899, -29.510015952999908 ], [ -55.339532522999903, -29.506518628 ], [ -55.347454413, -29.493086642 ], [ -55.338440968, -29.477079779999904 ], [ -55.347821656999898, -29.472446944 ], [ -55.343488559, -29.475769673999896 ], [ -55.34937009, -29.477332948 ], [ -55.3497920739999, -29.481865029999902 ], [ -55.352373188999898, -29.477833769 ], [ -55.357854303, -29.480125969 ], [ -55.364692282, -29.472843331999986 ], [ -55.361664218, -29.469079463999904 ], [ -55.367859234, -29.464431791 ], [ -55.369182563, -29.45956161 ], [ -55.366533634999897, -29.457837964 ], [ -55.356148304, -29.461188789999902 ], [ -55.360181976, -29.457212038 ], [ -55.357728371, -29.455276039999895 ], [ -55.362819585999901, -29.451697049 ], [ -55.358007605999909, -29.445434614 ], [ -55.365583848, -29.450272372 ], [ -55.370466061999899, -29.447747921 ], [ -55.373604112, -29.450748249999894 ], [ -55.381057263999899, -29.449000589 ], [ -55.378574075, -29.440771755999901 ], [ -55.386633952999901, -29.442695129 ], [ -55.397245907, -29.438562049 ], [ -55.39151912900001, -29.431986606 ], [ -55.402349709, -29.424055989 ], [ -55.403636804, -29.416926264 ], [ -55.406621905999899, -29.417501860999899 ], [ -55.405090808999901, -29.409881358999904 ], [ -55.407629062, -29.404067099 ], [ -55.431678667, -29.401658719999897 ], [ -55.439172958, -29.396054875999887 ], [ -55.429475661, -29.381245836999902 ], [ -55.427482074, -29.368017149 ], [ -55.430148890999902, -29.362126233999987 ], [ -55.440062669, -29.365514991999898 ], [ -55.4439881059999, -29.37325713 ], [ -55.44608163800001, -29.370079131999894 ], [ -55.461628011999899, -29.377345143999904 ], [ -55.482504342, -29.379388746 ], [ -55.48267485, -29.368410084999894 ], [ -55.462574327, -29.352528881 ], [ -55.462341079999902, -29.342542305999896 ], [ -55.457827965, -29.340110173 ], [ -55.459165191999901, -29.325257952999898 ], [ -55.434420696, -29.316716712 ], [ -55.420390079, -29.322706527 ], [ -55.416458366, -29.321754235 ], [ -55.415363891, -29.308325318999891 ], [ -55.420720315, -29.289018718 ], [ -55.420623776, -29.27051054299989 ], [ -55.424630518999898, -29.262468499 ], [ -55.432421335, -29.256449756999899 ], [ -55.439014611999902, -29.238513822999888 ], [ -55.439746836, -29.226514941999902 ], [ -55.443295575, -29.22754384 ], [ -55.459114875, -29.215144059999904 ], [ -55.450960428, -29.205983949 ], [ -55.448132731, -29.205721400999899 ], [ -55.442672324999897, -29.212432122999893 ], [ -55.433700633999898, -29.213441406999905 ], [ -55.427032058999899, -29.208623513 ], [ -55.423610580999899, -29.213913542999908 ], [ -55.4123621909999, -29.2103234369999 ], [ -55.403619294, -29.211524944 ], [ -55.401611805999899, -29.204728175 ], [ -55.398512482999898, -29.204291515 ], [ -55.393177818, -29.20752873 ], [ -55.397068237, -29.214951871 ], [ -55.402190036, -29.217437618 ], [ -55.401873125, -29.234192239 ], [ -55.3939174449999, -29.236633361 ], [ -55.390769831999897, -29.2301820879999 ], [ -55.393571062, -29.225186175 ], [ -55.388386133, -29.223295221999901 ], [ -55.387505899, -29.229873192 ], [ -55.3745059, -29.237029067 ], [ -55.367041836999903, -29.230931794999897 ], [ -55.368865778, -29.219419882 ], [ -55.361863393, -29.2068118 ], [ -55.35277466, -29.205426361 ], [ -55.350091103, -29.208527725999897 ], [ -55.343770298, -29.2077298479999 ], [ -55.344855913999901, -29.22116528 ], [ -55.336517023999903, -29.223427339 ], [ -55.327437749, -29.216879325 ], [ -55.327304335, -29.219534563 ], [ -55.316376108, -29.215665235999911 ], [ -55.31412476299991, -29.211073214999896 ], [ -55.316895534, -29.208269376 ], [ -55.311357339, -29.208336378 ], [ -55.313620842, -29.205430226000011 ], [ -55.310845752, -29.202885591 ], [ -55.30013627400001, -29.202549813 ], [ -55.297444995, -29.194459853 ], [ -55.290945326, -29.192987323999908 ], [ -55.286627782, -29.185666026 ], [ -55.279332223, -29.183134289 ], [ -55.283119472, -29.17491428200001 ], [ -55.2743425049999, -29.160745877999894 ], [ -55.276671577999899, -29.153331033 ], [ -55.268380946, -29.142547593000014 ], [ -55.268592431999899, -29.128971696 ], [ -55.269558543999899, -29.121455266999899 ], [ -55.285489265, -29.104814022 ], [ -55.274039195999897, -29.089555015 ], [ -55.272885533, -29.057040492999899 ], [ -55.264493683, -29.053676418999899 ], [ -55.260156486, -29.056067187999904 ], [ -55.24601754, -29.056098986999888 ], [ -55.261876232, -29.048197253 ], [ -55.278475328, -29.030668338999888 ], [ -55.281484013999901, -29.024150791 ], [ -55.279561126, -29.008235992 ], [ -55.28559254, -28.997881721999889 ], [ -55.293161606999902, -28.992351355 ], [ -55.29110652, -28.984546161 ], [ -55.294172495999902, -28.972652075999985 ], [ -55.299322005, -28.967366562999899 ], [ -55.322323035, -28.960233208 ], [ -55.319495946, -28.953956992 ], [ -55.302200765, -28.955131300999899 ], [ -55.288754763, -28.964034733999899 ], [ -55.281237741, -28.964483605999895 ], [ -55.2729052339999, -28.971827464999901 ], [ -55.262845227999897, -28.974238920999898 ], [ -55.255981248, -28.967146634999896 ], [ -55.254019954999897, -28.973226297999901 ], [ -55.245029484, -28.971255663 ], [ -55.245053057999897, -28.978024088 ], [ -55.2303912839999, -28.977805361 ], [ -55.227893835, -28.981812878 ], [ -55.197567793, -28.979139942 ], [ -55.1964446389999, -28.957771157 ], [ -55.177970767, -28.943161593 ], [ -55.169424103, -28.948191575999907 ], [ -55.133983811999897, -28.945815439999897 ], [ -55.124877552, -28.951296622 ], [ -55.101100636999902, -28.955193872999899 ], [ -55.089571879999902, -28.950111143999898 ], [ -55.084863595999899, -28.943543591 ], [ -55.077445698, -28.939722086 ], [ -55.072924626, -28.932686169 ], [ -55.07522383, -28.928281528999904 ], [ -55.072825402, -28.921555204 ], [ -55.083583254, -28.914828281 ], [ -55.083193052999903, -28.910336855 ], [ -55.095212595, -28.909879709999892 ], [ -55.103623649, -28.903425591 ], [ -55.089948653, -28.903467447 ], [ -55.080255678999904, -28.8960314 ], [ -55.068205775, -28.892571125 ], [ -55.052404455, -28.896950072 ], [ -55.037234700999903, -28.895783005999895 ], [ -55.030572744, -28.900495636 ], [ -55.024738893999903, -28.898547235 ], [ -55.0465848119999, -28.887546081 ], [ -55.053375122, -28.875384266 ], [ -55.051367977, -28.867644873 ], [ -55.053723632999905, -28.845806543 ], [ -55.036825732, -28.833312408 ], [ -55.033561941, -28.837753608999897 ], [ -55.024054202999899, -28.838242913999988 ], [ -55.01790227, -28.832612946 ], [ -54.979484366999905, -28.818729328 ], [ -54.971571782, -28.813089185 ], [ -54.963623802, -28.812525444999903 ], [ -54.9605805099999, -28.808439452999895 ], [ -54.954698532999899, -28.809373444 ], [ -54.950176958, -28.81708391 ], [ -54.940441506, -28.815547085999988 ], [ -54.931009995, -28.825803661 ], [ -54.92674362, -28.822571588999899 ], [ -54.921969996, -28.825345153999891 ], [ -54.912327814, -28.823263450999903 ], [ -54.90520716, -28.829439126 ], [ -54.9010697699999, -28.828140585 ], [ -54.902120018999902, -28.817563407 ], [ -54.8947250639999, -28.816127606 ], [ -54.892072051, -28.824475181000011 ], [ -54.882084231, -28.826401169 ], [ -54.8865048219999, -28.836973950999912 ], [ -54.883116233, -28.843177139 ], [ -54.869375460999898, -28.839027851 ], [ -54.861018294, -28.832118245999897 ], [ -54.855057960999901, -28.835515952 ], [ -54.85490665, -28.839820419 ], [ -54.850396809, -28.841082233 ], [ -54.847934773, -28.832919251000011 ], [ -54.842288455, -28.834141014999911 ], [ -54.844110768999897, -28.851079327 ], [ -54.833079084, -28.848344767 ], [ -54.824249142, -28.854697304999899 ], [ -54.819481235999902, -28.866749717999902 ], [ -54.815196033999896, -28.869089424 ], [ -54.810143003, -28.866630538999988 ], [ -54.79064468, -28.875019639 ], [ -54.772126770999897, -28.872003408999891 ], [ -54.770288224999902, -28.865522531999893 ], [ -54.753727737, -28.853646103 ], [ -54.740435493999897, -28.854783880999907 ], [ -54.7079317829999, -28.836698365 ], [ -54.713707186, -28.8180781629999 ], [ -54.714279011, -28.795223375 ], [ -54.710154142, -28.785720206999901 ], [ -54.696481068, -28.771835589 ], [ -54.697400187, -28.766683160999893 ], [ -54.689949976, -28.763016407 ], [ -54.687718582999899, -28.753964224999894 ], [ -54.679800211, -28.745748836 ], [ -54.671276602, -28.715965582 ], [ -54.665165008, -28.716248381 ], [ -54.665196618, -28.721043042 ], [ -54.656157213, -28.727207501999896 ], [ -54.660070241, -28.734475204 ], [ -54.65673535, -28.73944857 ], [ -54.652834546, -28.740461998999901 ], [ -54.643465208, -28.732738482999906 ], [ -54.640323654, -28.733607558 ], [ -54.64170189, -28.741930735 ], [ -54.638301793, -28.74495827 ], [ -54.628238311, -28.748147145 ], [ -54.625655439, -28.743520246999896 ], [ -54.627838981, -28.738810687999894 ], [ -54.618368026, -28.739143560999899 ], [ -54.610111447999898, -28.746026898 ], [ -54.617321895, -28.753304117 ], [ -54.616440087999898, -28.759885469 ], [ -54.623674315999899, -28.762829665 ], [ -54.627080686999903, -28.769448053 ], [ -54.614387818999901, -28.770151464 ], [ -54.619315979, -28.777169122 ], [ -54.612163188, -28.774817109 ], [ -54.604733461, -28.777837879999904 ], [ -54.611737847, -28.779673073 ], [ -54.613739306999904, -28.784273520999893 ], [ -54.611525207999897, -28.7871120739999 ], [ -54.602933564999908, -28.781664196 ], [ -54.597946608, -28.786627919 ], [ -54.592036834999902, -28.784427229 ], [ -54.582851255, -28.789265283 ], [ -54.586291246, -28.793224751 ], [ -54.591884869, -28.791613315999903 ], [ -54.593429849, -28.793494918 ], [ -54.586855489999898, -28.802711125 ], [ -54.583972353, -28.80333895099989 ], [ -54.578742578999901, -28.79863104 ], [ -54.576572739, -28.800802985 ], [ -54.5785481079999, -28.804963772999905 ], [ -54.586562456, -28.806357431 ], [ -54.59112773, -28.802285578999896 ], [ -54.595733461, -28.805749768999906 ], [ -54.5912382879999, -28.8089869 ], [ -54.588110244999903, -28.8183829009999 ], [ -54.585367595, -28.812330002999904 ], [ -54.578704559, -28.813069692999903 ], [ -54.574752363, -28.816926914000014 ], [ -54.576094591999897, -28.820608545 ], [ -54.572224153, -28.825067276 ], [ -54.576843659, -28.838069678999901 ], [ -54.5683590679999, -28.835366469999894 ], [ -54.565117590999897, -28.83756557200001 ], [ -54.565183563999902, -28.8430154549999 ], [ -54.560745923999903, -28.842840071999898 ], [ -54.557053149999902, -28.847700157 ], [ -54.553007087, -28.84263672 ], [ -54.545636681, -28.842622137 ], [ -54.547700334999902, -28.844980771999897 ], [ -54.545456282000011, -28.849339901 ], [ -54.5440218419999, -28.844958263 ], [ -54.540198083999897, -28.845300256 ], [ -54.5390585, -28.849461284 ], [ -54.546753985999899, -28.854218747999901 ], [ -54.541180949, -28.856249643999892 ], [ -54.541849446999898, -28.859274601 ], [ -54.538226553, -28.854215323999899 ], [ -54.531837020999902, -28.858770220999908 ], [ -54.525791356, -28.858063699 ], [ -54.529425519, -28.859824816999897 ], [ -54.528782669999899, -28.866416928 ], [ -54.524630294, -28.86713299 ], [ -54.523769729, -28.870689781 ], [ -54.516489678, -28.868444777 ], [ -54.510071776, -28.874150153999896 ], [ -54.504491365, -28.8680863559999 ], [ -54.49903376, -28.871471147 ], [ -54.4996789469999, -28.868452834 ], [ -54.49565627, -28.866137513999899 ], [ -54.491990334, -28.868787546 ], [ -54.494593032999902, -28.874363248 ], [ -54.487829904, -28.875568788 ], [ -54.4838218249999, -28.871174325 ], [ -54.481025165999903, -28.874080407999898 ], [ -54.478063501999898, -28.872958186999888 ], [ -54.486461818, -28.8793610889999 ], [ -54.482048307, -28.882616496 ], [ -54.459440481999899, -28.876009989 ], [ -54.457393999, -28.886285174 ], [ -54.4521554889999, -28.887958469999905 ], [ -54.449963497999903, -28.892164662 ], [ -54.445687128, -28.887841189 ], [ -54.44318157, -28.891024595 ], [ -54.444768638, -28.894932621999903 ], [ -54.435237463, -28.897144123 ], [ -54.434353895, -28.903035578999905 ], [ -54.424017539, -28.914595619999897 ], [ -54.422282722, -28.921092885999897 ], [ -54.4103819649999, -28.922208059999903 ], [ -54.413336263, -28.935722394 ], [ -54.407553524, -28.937700568 ], [ -54.401892847999903, -28.9449015819999 ], [ -54.399411820999902, -28.964164184 ], [ -54.392035552, -28.974105967 ], [ -54.389293987, -28.987742437 ], [ -54.377721681, -29.0044789899999 ], [ -54.364248169999897, -28.985264221 ], [ -54.351101233999906, -28.972918579999899 ], [ -54.357098694999905, -28.961070041 ], [ -54.342250067999899, -28.929214502 ], [ -54.329821416999899, -28.93110566 ], [ -54.316719554, -28.928659821999901 ], [ -54.313250557999908, -28.93106356 ], [ -54.292482350999904, -28.928119254 ], [ -54.265526602, -28.9115858659999 ], [ -54.233091241, -28.925332216 ], [ -54.226661497, -28.925715667 ], [ -54.215813533999899, -28.920262581 ], [ -54.200713183999902, -28.901009352 ], [ -54.191583485, -28.895251822 ], [ -54.166320044, -28.896971911 ], [ -54.149234881, -28.894962673 ], [ -54.134866117999898, -28.882605009 ], [ -54.118328638, -28.887671166 ], [ -54.104956509, -28.900416338 ], [ -54.095265336, -28.90494015 ], [ -54.068689768, -28.908408991999984 ], [ -54.062919832, -28.905289382 ], [ -54.053213738999901, -28.907224245 ], [ -54.048176828, -28.911787554999897 ], [ -54.023749188, -28.903992134 ], [ -54.021147543, -28.894765231999902 ], [ -54.016601535999897, -28.893852861 ], [ -54.014582171, -28.901319685 ], [ -54.008612424, -28.903627367 ], [ -54.003601327, -28.901631827 ], [ -53.996200781, -28.903976863 ], [ -53.979948753, -28.898014219999901 ], [ -53.979757268999897, -28.904027378 ], [ -53.976228198999898, -28.905327766 ], [ -53.967825395, -28.900279367999907 ], [ -53.964307033, -28.902585335 ], [ -53.962002786, -28.899379834999898 ], [ -53.953716404, -28.898854715 ], [ -53.959125387, -28.887216158999891 ], [ -53.957297609, -28.881628548 ], [ -53.952285468999897, -28.880052521 ], [ -53.955094494, -28.874901647999895 ], [ -53.950860196, -28.872840138999894 ], [ -53.948178047999903, -28.875012163999902 ], [ -53.944975023, -28.872099971 ], [ -53.942151628, -28.875815839 ], [ -53.937612416, -28.874044474 ], [ -53.93702775700001, -28.867516582999908 ], [ -53.942066775999898, -28.861669484999897 ], [ -53.935908146, -28.858949012 ], [ -53.935413447, -28.854216945000012 ], [ -53.929873674, -28.852773181 ], [ -53.933104232999902, -28.84963693 ], [ -53.9253411239999, -28.840512125999989 ], [ -53.925169314, -28.832294466999901 ], [ -53.917247746, -28.834801311 ], [ -53.906099717, -28.822587289999898 ], [ -53.901353878999899, -28.824828023 ], [ -53.901861327999903, -28.820967749 ], [ -53.898112716, -28.817547744 ], [ -53.907939337999899, -28.810746123999898 ], [ -53.907220271, -28.813416944 ], [ -53.918989843, -28.81245072 ], [ -53.908943818999902, -28.817337816 ], [ -53.910299525, -28.818959311999897 ], [ -53.922604921999898, -28.819164918 ], [ -53.927850868, -28.8074642569999 ], [ -53.935888467, -28.810796473 ], [ -53.942590869, -28.807970446999889 ], [ -53.941726679999903, -28.81495667 ], [ -53.947055881, -28.81447499 ], [ -53.95426011, -28.803408252999898 ], [ -53.952855048999901, -28.79548079200001 ], [ -53.955435843, -28.799730262 ], [ -53.964458674999896, -28.798612338999902 ], [ -53.965043242, -28.790244902 ], [ -53.968896883, -28.795849819 ], [ -53.977476474, -28.799541498999904 ], [ -53.9801798089999, -28.792478875 ], [ -53.977879641, -28.788265162999885 ], [ -53.983945386999899, -28.784251331 ], [ -53.985836665, -28.778074892999914 ], [ -53.976034941, -28.77500310599989 ], [ -53.973968783, -28.778482991 ], [ -53.961524955999899, -28.779825447 ], [ -53.957237795, -28.774382029 ], [ -53.967508805, -28.77126379 ], [ -53.976808965, -28.762834262 ], [ -53.980418258, -28.762126839000011 ], [ -53.984126212, -28.766636972 ], [ -53.983222704999903, -28.761362276999911 ], [ -53.975667404, -28.754297396 ], [ -53.981378269999901, -28.743577495999904 ], [ -53.979594861, -28.741489493 ], [ -53.9717591369999, -28.742220220000011 ], [ -53.966191689, -28.74632745199991 ], [ -53.963790119, -28.744803852999979 ], [ -53.96794116599991, -28.742176547999989 ], [ -53.965987068999901, -28.737005906 ], [ -53.957115546999908, -28.732494356 ], [ -53.960209805, -28.727669451999905 ], [ -53.958635076999897, -28.722451823 ], [ -53.966113137, -28.724123473 ], [ -53.968062947, -28.721918935 ], [ -53.962726452, -28.719418462 ], [ -53.961969473, -28.715943328 ], [ -53.969985187, -28.717895069 ], [ -53.9682982429999, -28.711719249999899 ], [ -53.974494042999901, -28.703009440999903 ], [ -53.967834358999909, -28.697269854000012 ], [ -53.973766912, -28.695083167 ], [ -53.976855612, -28.687426774999896 ], [ -53.96802962, -28.686405476999909 ], [ -53.965598277, -28.681693407 ], [ -53.980853157999903, -28.668078135 ], [ -53.9780534719999, -28.664394887 ], [ -53.968645234999897, -28.663064958999897 ], [ -53.969487648, -28.656386632 ], [ -53.958940118, -28.658297556 ], [ -53.959201541, -28.654335847 ], [ -53.970299309, -28.652601511999894 ], [ -53.97420748, -28.648560385999893 ], [ -53.967098785, -28.645085084 ], [ -53.968152255999897, -28.640024721 ], [ -53.96264510000001, -28.640006975999892 ], [ -53.96142063500001, -28.636437203 ], [ -53.958921099999898, -28.63876988 ], [ -53.952268529, -28.637451215999903 ], [ -53.950462155, -28.633185722 ], [ -53.93785079, -28.627784139 ], [ -53.930680501, -28.612459541 ], [ -53.931437275, -28.60557125 ], [ -53.9142558409999, -28.597706146999901 ], [ -53.904199881999908, -28.586264738999905 ], [ -53.894404288, -28.583928356999898 ], [ -53.896351914, -28.578552042999899 ], [ -53.890697793999898, -28.573724749999894 ], [ -53.894341376999897, -28.569256445 ], [ -53.897158165999898, -28.572898017999904 ], [ -53.902212253999899, -28.569256445 ], [ -53.906237927999904, -28.563539386999903 ], [ -53.904771516, -28.556944495 ], [ -53.911231444999899, -28.546958636999893 ], [ -53.896673346999897, -28.546429938 ], [ -53.888438444, -28.542386204999989 ], [ -53.880552541, -28.522781742999893 ], [ -53.871650837999901, -28.532714762 ], [ -53.871335288999909, -28.537043121999901 ], [ -53.862054709999903, -28.537443961999898 ], [ -53.867384629999897, -28.529553308999894 ], [ -53.859649519, -28.524704991 ], [ -53.857899707999898, -28.517151566999903 ], [ -53.838565605, -28.513735945 ], [ -53.822556579, -28.494385478 ], [ -53.822248944, -28.486873509 ], [ -53.816669362, -28.4827536999999 ], [ -53.811034741, -28.488024704999898 ], [ -53.797935868, -28.492338925999892 ], [ -53.78116984, -28.488381139 ], [ -53.777916338999901, -28.471497138 ], [ -53.78159167, -28.454318070999893 ], [ -53.7774763789999, -28.436548872999897 ], [ -53.774692070999897, -28.442312706999889 ], [ -53.769951222, -28.439113969999905 ], [ -53.763218933, -28.441045426999896 ], [ -53.759010298, -28.43726758 ], [ -53.761468774, -28.448988805999893 ], [ -53.75238816, -28.451176033 ], [ -53.751571299, -28.453935257999902 ], [ -53.748596176, -28.450443097999898 ], [ -53.751094705999904, -28.456900606 ], [ -53.747218705, -28.455618057 ], [ -53.748541605, -28.458094815 ], [ -53.743980705999903, -28.458061007 ], [ -53.744302072000011, -28.463285511 ], [ -53.739387263, -28.464615842999901 ], [ -53.738182456999901, -28.469321991 ], [ -53.736035667, -28.470096895 ], [ -53.73370614, -28.465056131 ], [ -53.729763625, -28.470558409 ], [ -53.72701015900001, -28.469916340999905 ], [ -53.722887364, -28.479540422 ], [ -53.725256153, -28.48313941 ], [ -53.720079063, -28.4818285059999 ], [ -53.718824869999899, -28.478059383999899 ], [ -53.717638295, -28.481875402 ], [ -53.720651045999901, -28.485643562999901 ], [ -53.708179373, -28.479699001 ], [ -53.700953637999902, -28.483830360999896 ], [ -53.693225282, -28.482542302 ], [ -53.689763894999899, -28.491425546 ], [ -53.687815432, -28.485504837999898 ], [ -53.680709272999898, -28.48992572 ], [ -53.675757886, -28.503581333999904 ], [ -53.673838895, -28.499900539999896 ], [ -53.672407839, -28.501253002999903 ], [ -53.674827863, -28.496573417 ], [ -53.669783144999897, -28.497223451 ], [ -53.66714044, -28.503340641 ], [ -53.669845365, -28.507514280999899 ], [ -53.664643461, -28.514595879999899 ], [ -53.665390099, -28.509991613 ], [ -53.659934403, -28.512179131 ], [ -53.660589348, -28.506422159999893 ], [ -53.653941651, -28.502584178999893 ], [ -53.646386854999903, -28.514196362999897 ], [ -53.639378939, -28.5108233939999 ], [ -53.634443924, -28.517625001999896 ], [ -53.625497369, -28.518604146 ], [ -53.618450155999902, -28.523699622 ], [ -53.61485778, -28.522265290999897 ], [ -53.61040415, -28.52612292 ], [ -53.606526873, -28.520699970999903 ], [ -53.604719885999899, -28.525711348999899 ], [ -53.601417184999903, -28.523579447 ], [ -53.600698542000011, -28.526831908 ], [ -53.598459608, -28.5243439609999 ], [ -53.591500347, -28.527961204 ], [ -53.588695673, -28.525925413 ], [ -53.58574028, -28.529468388999899 ], [ -53.581437159, -28.528336908 ], [ -53.584014662999898, -28.526488969 ], [ -53.580222674, -28.524164846 ], [ -53.575888971, -28.530289696 ], [ -53.570342969, -28.522135607999896 ], [ -53.558660182, -28.545373405 ], [ -53.549971238999902, -28.548429816999899 ], [ -53.537418117, -28.541858530999892 ], [ -53.53310421, -28.542919543 ], [ -53.531881644999899, -28.538452815 ], [ -53.5244960429999, -28.539070646 ], [ -53.524963237, -28.536175786999902 ], [ -53.521147088, -28.534010101 ], [ -53.52517282, -28.549178637999898 ], [ -53.512886041999899, -28.570625919999898 ], [ -53.496180566, -28.5635874389999 ], [ -53.485133818999905, -28.566862167 ], [ -53.473656991, -28.553892063 ], [ -53.457901186, -28.551726376 ], [ -53.456923134, -28.547412468999898 ], [ -53.464171197, -28.535955289 ], [ -53.463193144999899, -28.527310009 ], [ -53.44860096, -28.513093324999893 ], [ -53.455796628, -28.502177566999901 ], [ -53.459624291999901, -28.487531474 ], [ -53.443966438, -28.477024537 ], [ -53.443373772, -28.471251115 ], [ -53.429312958, -28.449333243999892 ], [ -53.417866365999899, -28.447452224 ], [ -53.414880258, -28.444306513999898 ], [ -53.410316496999897, -28.430902918999898 ], [ -53.416523561, -28.425931601999892 ], [ -53.412679017, -28.421383096999897 ], [ -53.41735175, -28.410124077 ], [ -53.406428365, -28.411902504999894 ], [ -53.40388713, -28.406205432 ], [ -53.392798107, -28.396905735 ], [ -53.373166893, -28.386751074 ], [ -53.400536715, -28.242283981999904 ], [ -53.391632863, -28.246118630999892 ], [ -53.388348637, -28.2412991909999 ], [ -53.38495635, -28.244889594000011 ], [ -53.381998350999901, -28.239568886 ], [ -53.377996216, -28.245327307 ], [ -53.375676557, -28.241379971999898 ], [ -53.378330290999898, -28.236917521999892 ], [ -53.371143892, -28.241272579999897 ], [ -53.363138238, -28.237978204999898 ], [ -53.357829497999901, -28.238861097 ], [ -53.357025625999903, -28.244458827999896 ], [ -53.355875771999898, -28.241480323 ], [ -53.34830842, -28.241753054 ], [ -53.347147527999901, -28.233769342 ], [ -53.343001340999898, -28.233332622 ], [ -53.340670345, -28.236783545 ], [ -53.338719424, -28.231449628999897 ], [ -53.336134538, -28.233927466 ], [ -53.334682518, -28.230332849999989 ], [ -53.331208394, -28.233089586999892 ], [ -53.331880487, -28.227912746999905 ], [ -53.328602415, -28.228484997 ], [ -53.325139899, -28.222740133999903 ], [ -53.326195296, -28.217231354 ], [ -53.3186603629999, -28.215381308 ], [ -53.317574908, -28.205689655999898 ], [ -53.311058719, -28.2044407 ], [ -53.313404847999898, -28.199295815 ], [ -53.310564063999898, -28.19168502 ], [ -53.307195835999899, -28.192809433 ], [ -53.307724299, -28.186822596 ], [ -53.302212188999903, -28.186406621999904 ], [ -53.302635712, -28.183603509 ], [ -53.297795467999897, -28.182166661999901 ], [ -53.291476015999898, -28.171557272 ], [ -53.286348357, -28.16964934 ], [ -53.283618396999898, -28.171480304999893 ], [ -53.281408132, -28.166842602 ], [ -53.273650599, -28.168129878999896 ], [ -53.268591697, -28.163068095 ], [ -53.26004892, -28.169729044999897 ], [ -53.250259214, -28.159653021999901 ], [ -53.246118082999907, -28.162442774999892 ], [ -53.239885232999903, -28.161061194999899 ], [ -53.223352613, -28.146421559 ], [ -53.196873218, -28.159354972 ], [ -53.201792435, -28.164790291 ], [ -53.194285989, -28.170099669 ], [ -53.18900679, -28.181633222 ], [ -53.184642128, -28.184297941 ], [ -53.182945732999897, -28.204349377 ], [ -53.173696635999903, -28.208871157 ], [ -53.167822934999897, -28.207842146 ], [ -53.163991033999899, -28.217494009999903 ], [ -53.157830277999899, -28.220023227999899 ], [ -53.1541015889999, -28.230496491999904 ], [ -53.1484728309999, -28.233781060999899 ], [ -53.145819184999901, -28.240363798 ], [ -53.140694039, -28.242249935 ], [ -53.144091933, -28.244337468 ], [ -53.136314212999899, -28.243299663 ], [ -53.132492465, -28.250926788 ], [ -53.129643366, -28.248772989 ], [ -53.128091454, -28.25277282 ], [ -53.122306043, -28.255281119 ], [ -53.123011063, -28.257919387 ], [ -53.119314951, -28.257643888 ], [ -53.117956708, -28.262814186 ], [ -53.126015997, -28.259098057 ], [ -53.129577073999897, -28.260573445 ], [ -53.126621125, -28.26512732 ], [ -53.120815207, -28.264583919 ], [ -53.130461134, -28.267547346999901 ], [ -53.125498615, -28.280401052999903 ], [ -53.132932599999897, -28.279393677 ], [ -53.130891995999903, -28.285912267999901 ], [ -53.135045853999898, -28.2861804419999 ], [ -53.130760395, -28.287556273999897 ], [ -53.126572251, -28.283864528 ], [ -53.125009916, -28.293296805 ], [ -53.119981507, -28.294716251 ], [ -53.1183571299999, -28.298551119 ], [ -53.115499509, -28.294931694999903 ], [ -53.118058140999899, -28.289540571999989 ], [ -53.107742386, -28.289350398999897 ], [ -53.102070421999898, -28.278768920999894 ], [ -53.098361427, -28.277643770999898 ], [ -53.096813109, -28.280039528 ], [ -53.09203624, -28.277491719 ], [ -53.081502741999898, -28.283913804999901 ], [ -53.077456643999902, -28.282151165 ], [ -53.068123086, -28.298231304999899 ], [ -53.062025129999903, -28.2937370719999 ], [ -53.057541423, -28.298605220999896 ], [ -53.053323145, -28.298840754 ], [ -53.054036373, -28.30287713 ], [ -53.04111209, -28.305972697999895 ], [ -53.034579532999899, -28.317477657 ], [ -53.025439247999898, -28.314746687 ], [ -53.022120172, -28.316350983999897 ], [ -53.019819067, -28.320567588 ], [ -53.026412732, -28.327604731999898 ], [ -53.023467642, -28.350891267999902 ], [ -53.024718908999901, -28.354197233 ], [ -53.03064081, -28.352879225 ], [ -53.030658253, -28.359662683 ], [ -53.038555937999902, -28.366729162 ], [ -53.036866889999899, -28.371081611 ], [ -53.039248712, -28.374591182 ], [ -53.028015674999899, -28.376582401 ], [ -53.024532026, -28.371521976999901 ], [ -53.011811232, -28.370215225 ], [ -53.006517626999901, -28.364876452 ], [ -53.001731627, -28.367929956 ], [ -53.002591736999896, -28.352688295 ], [ -52.999904791999903, -28.355930843999904 ], [ -52.98201062, -28.3462537939999 ], [ -52.9769746589999, -28.340342716 ], [ -52.959265081999902, -28.33390304999989 ], [ -52.947380495999909, -28.3386141309999 ], [ -52.950532171, -28.356033845 ], [ -52.947077071, -28.363903589 ], [ -52.944558098999899, -28.36313074 ], [ -52.943898105999899, -28.366211576 ], [ -52.946343703, -28.366379707 ], [ -52.942190957, -28.3701531 ], [ -52.943153277, -28.375954389999908 ], [ -52.9376652179999, -28.381520682 ], [ -52.930805184, -28.380756087 ], [ -52.929046209, -28.374964389 ], [ -52.922682373, -28.372797616 ], [ -52.907460317999906, -28.37780114 ], [ -52.837597552, -28.386333006 ], [ -52.834193634, -28.382787102 ], [ -52.826393181999897, -28.383809136 ], [ -52.82013402, -28.380250006 ], [ -52.816580036999909, -28.382662388 ], [ -52.814191583, -28.378155836 ], [ -52.809450716999905, -28.377662508 ], [ -52.808489451, -28.3727469839999 ], [ -52.798531407, -28.367090253999905 ], [ -52.785788011, -28.373567099 ], [ -52.780528591999904, -28.372947257 ], [ -52.777950798999903, -28.368109102999892 ], [ -52.76802773, -28.377349498999902 ], [ -52.763013962999899, -28.39344448 ], [ -52.755597269, -28.395553962999905 ], [ -52.748052134, -28.403355616999907 ], [ -52.732070528, -28.427690603 ], [ -52.714472718, -28.428851825 ], [ -52.714684827, -28.443143545999895 ], [ -52.702663112, -28.4446814 ], [ -52.703333807, -28.448033984999903 ], [ -52.696996836, -28.456180601 ], [ -52.698135668, -28.462233395999895 ], [ -52.703707916, -28.456452194999908 ], [ -52.708376997, -28.457138041999897 ], [ -52.704336412000011, -28.457830397 ], [ -52.704802771999901, -28.462877123999903 ], [ -52.69825128, -28.463797978999906 ], [ -52.701599346, -28.468657531 ], [ -52.6946882, -28.467652229999899 ], [ -52.693602943, -28.470704705999893 ], [ -52.689352237, -28.470747722999899 ], [ -52.68530334, -28.466779679 ], [ -52.684319796999901, -28.475283096999899 ], [ -52.688777818999903, -28.4784792459999 ], [ -52.689451474, -28.474869818999895 ], [ -52.694878765999903, -28.475576979 ], [ -52.697684231, -28.480310526 ], [ -52.690806075, -28.4805467219999 ], [ -52.684871803, -28.485707644999891 ], [ -52.698745446, -28.485549697999907 ], [ -52.700056087, -28.489362199 ], [ -52.692742735, -28.492128527 ], [ -52.688718201, -28.487603266 ], [ -52.684581819, -28.49171602 ], [ -52.690578458999902, -28.496096211999905 ], [ -52.690126448999898, -28.499282843999893 ], [ -52.685361282, -28.500852639999895 ], [ -52.68637396, -28.505768438 ], [ -52.683607529, -28.508001613 ], [ -52.685712142999897, -28.511196718 ], [ -52.688940790999901, -28.506698097 ], [ -52.700665807, -28.5057082229999 ], [ -52.700719402999901, -28.496831336 ], [ -52.706462285, -28.4934506069999 ], [ -52.708246313, -28.488363047 ], [ -52.7126266779999, -28.497640182999895 ], [ -52.719364357, -28.496181839 ], [ -52.71197237, -28.510807568 ], [ -52.714163194, -28.514802395999894 ], [ -52.723026467999901, -28.506422635 ], [ -52.729083471, -28.513379266999905 ], [ -52.724284074, -28.51405424 ], [ -52.7179119319999, -28.520760596999899 ], [ -52.721803001999902, -28.524270632 ], [ -52.726369997999903, -28.5213805399999 ], [ -52.731189994, -28.526093499 ], [ -52.732383919, -28.5300597889999 ], [ -52.723689701999902, -28.533121568999903 ], [ -52.72270240200001, -28.536616336999902 ], [ -52.72635551, -28.540769968999907 ], [ -52.731887664999903, -28.537457517 ], [ -52.736238199, -28.542456425999902 ], [ -52.731169565999899, -28.54289454 ], [ -52.721265671, -28.550918506 ], [ -52.723484348999897, -28.556339785 ], [ -52.727955051, -28.55553821 ], [ -52.726164248, -28.553607010999897 ], [ -52.733475152, -28.548085523999887 ], [ -52.746153971999902, -28.542755827999901 ], [ -52.743307487, -28.549345186 ], [ -52.746190355, -28.555040211999888 ], [ -52.746132303, -28.548985166 ], [ -52.752838727, -28.547122574999893 ], [ -52.752128445, -28.543399071999904 ], [ -52.757165761999907, -28.541095984 ], [ -52.762969954, -28.544765814999902 ], [ -52.763272749999899, -28.549811764 ], [ -52.757650812, -28.552791769999899 ], [ -52.7572086, -28.557378007999898 ], [ -52.769566779999899, -28.5718776269999 ], [ -52.76115147, -28.572829559999903 ], [ -52.766113167999897, -28.573608228 ], [ -52.765892395, -28.583151257999898 ], [ -52.754785172, -28.591767494999893 ], [ -52.746700123, -28.589984333 ], [ -52.749473142999904, -28.600223410999895 ], [ -52.76043227, -28.605301293 ], [ -52.759793769999909, -28.610477535 ], [ -52.765298136999903, -28.614491008 ], [ -52.760782327, -28.620339188999896 ], [ -52.762956894999903, -28.625271369 ], [ -52.765733933, -28.623481512 ], [ -52.761596010999902, -28.628731398 ], [ -52.764668426, -28.633167436999901 ], [ -52.762026175, -28.639395362999895 ], [ -52.751547197, -28.640197794 ], [ -52.762733757, -28.6436835179999 ], [ -52.764352561, -28.653226086 ], [ -52.771217395, -28.645867278 ], [ -52.7751327, -28.653810246 ], [ -52.781735731, -28.657092335 ], [ -52.778741576, -28.671025536999895 ], [ -52.772206016, -28.67812423 ], [ -52.777388195, -28.6803480479999 ], [ -52.782634338, -28.678740741999899 ], [ -52.7746708069999, -28.695969732 ], [ -52.777932974, -28.699342645999899 ], [ -52.7839112139999, -28.70017416 ], [ -52.791753185999902, -28.687905454 ], [ -52.805375005, -28.693948189 ], [ -52.808316839, -28.687916947 ], [ -52.807228186, -28.679780599 ], [ -52.81946153, -28.678594093999912 ], [ -52.822645846999897, -28.682696039999897 ], [ -52.821096834999899, -28.687981027 ], [ -52.811702209, -28.704372525999897 ], [ -52.805371683, -28.703521979999898 ], [ -52.815347964, -28.709526109 ], [ -52.821505449, -28.707773731999989 ], [ -52.832457989, -28.724876418 ], [ -52.837401380999907, -28.7242974 ], [ -52.838181279, -28.720696315999898 ], [ -52.845670738, -28.71735653 ], [ -52.853637510999903, -28.7236998 ], [ -52.859957774, -28.717432571 ], [ -52.857910881999899, -28.711382452999899 ], [ -52.8630626, -28.712950519999904 ], [ -52.864675981999902, -28.709698183999901 ], [ -52.874171712, -28.706270753 ], [ -52.879733761, -28.709093826 ], [ -52.8838807019999, -28.717401997 ], [ -52.882924717, -28.723659745 ], [ -52.8886765, -28.729072387 ], [ -52.918999329, -28.73497033 ], [ -52.921678255, -28.729601165 ], [ -52.925563068, -28.729798644 ], [ -52.943785423, -28.738556203 ], [ -52.950689221999902, -28.736821032 ], [ -52.962563116, -28.74326028 ], [ -52.960903238999897, -28.746953748999907 ], [ -52.952991711, -28.749459800999901 ], [ -52.956094121, -28.761007322999905 ], [ -52.967968880999898, -28.761979664 ], [ -52.97488935, -28.751704661 ], [ -52.985955998999898, -28.7484967689999 ], [ -53.0114852029999, -28.758521899 ], [ -52.997293573, -28.770279489999989 ], [ -52.998426437, -28.773050392 ], [ -53.007617292, -28.771654709 ], [ -53.014085478, -28.763681534999893 ], [ -53.018352821999898, -28.763651777 ], [ -53.021376271999898, -28.767708969999891 ], [ -53.027830286, -28.761534546999894 ], [ -53.03743234, -28.764300891999902 ], [ -53.031432015, -28.769839838999889 ], [ -53.032631059000011, -28.775729757 ], [ -53.0376078749999, -28.776860073 ], [ -53.045314382, -28.78798383 ], [ -53.056054307, -28.796364476 ], [ -53.063871049999896, -28.7985635319999 ], [ -53.059592548999902, -28.810801129 ], [ -53.05524336299991, -28.813664731 ], [ -53.0707447999999, -28.845776274999899 ], [ -53.082377201, -28.852215134999895 ], [ -53.07926643, -28.862483654999902 ], [ -53.086822156, -28.869712292 ], [ -53.092845951999898, -28.871043049 ], [ -53.103800589999899, -28.866953961 ], [ -53.108087022999896, -28.867916084999898 ], [ -53.118688423, -28.880482045 ], [ -53.128936994, -28.878970809999895 ], [ -53.132657932, -28.870170029999905 ], [ -53.122528787, -28.852582049 ], [ -53.126952381, -28.844355202 ], [ -53.139784376, -28.848882224 ], [ -53.146370698999903, -28.863547739 ], [ -53.158464411999901, -28.864693922 ], [ -53.180661135, -28.858206655999904 ], [ -53.176391658999897, -28.87473132 ], [ -53.153561957, -28.874793485999898 ], [ -53.149259007, -28.880119733999894 ], [ -53.155382516, -28.901889861 ], [ -53.157948049, -28.905977954 ], [ -53.168023691, -28.908036648999904 ], [ -53.170234109, -28.915396261 ], [ -53.159581609, -28.921626422 ], [ -53.15428807, -28.911240518999893 ], [ -53.149368426, -28.917602485 ], [ -53.140415312, -28.919530462999905 ], [ -53.136490586, -28.924861662999898 ], [ -53.136293136999903, -28.936432784 ], [ -53.128897639999899, -28.944014271999905 ], [ -53.132079551999901, -28.962343915 ], [ -53.134820525, -28.964123118 ], [ -53.152216097999897, -28.955816365000018 ], [ -53.157659470999903, -28.959365485 ], [ -53.157666994, -28.965791951 ], [ -53.153748611, -28.969990525 ], [ -53.139610697, -28.977504763999896 ], [ -53.129043167, -28.987228691999988 ], [ -53.146339521999906, -28.996972206 ], [ -53.151547932, -29.024731002 ], [ -53.139698202, -29.026985078999896 ], [ -53.138674326999904, -29.030369804 ], [ -53.143110222, -29.030256526999892 ], [ -53.1364092869999, -29.03423372 ], [ -53.130936188, -29.04404025 ], [ -53.117860744, -29.044269116999896 ], [ -53.108626302999902, -29.050324981999903 ], [ -53.106522694, -29.066011056 ], [ -53.094857495, -29.067694167999917 ], [ -53.087860658, -29.074798974999979 ], [ -53.083732477999909, -29.073516535999893 ], [ -53.073993382, -29.079451886999898 ], [ -53.077156892999902, -29.086976525 ], [ -53.069775365999902, -29.09910332 ], [ -53.076795349, -29.101031556 ], [ -53.074061171, -29.112254490999895 ], [ -53.078075817999903, -29.112902257 ], [ -53.075974341999903, -29.124712701 ], [ -53.064260384, -29.129487801 ], [ -53.059554209999902, -29.127755697999905 ], [ -53.047404818, -29.1299550919999 ], [ -53.041868673, -29.13407519 ], [ -53.040886666999903, -29.140262214 ], [ -53.016751913999897, -29.155679731 ], [ -53.019176358, -29.158661827999897 ], [ -53.034569906999899, -29.15320588 ], [ -53.0356021979999, -29.160332672 ], [ -53.042330561, -29.163351253 ], [ -53.052408376, -29.162349067 ], [ -53.052301580999902, -29.156199848 ], [ -53.061710822999899, -29.156295994999905 ], [ -53.064416607999902, -29.160313978 ], [ -53.058356557, -29.168910367 ], [ -53.060614073000011, -29.175377661999985 ], [ -53.056610866, -29.18026194 ], [ -53.06391967, -29.181810619 ], [ -53.072535231, -29.177789698 ], [ -53.068981903, -29.169164857999906 ], [ -53.08285305, -29.161367621999908 ], [ -53.09130289599991, -29.147311896 ], [ -53.095554735, -29.146849884999902 ], [ -53.094265576999902, -29.139856685 ], [ -53.097717314, -29.138950743 ], [ -53.113840901999907, -29.147916606 ], [ -53.117555452, -29.14537267 ], [ -53.122578677, -29.146754379 ], [ -53.130070689, -29.143386737999901 ], [ -53.141421874999899, -29.130789052999901 ], [ -53.147203772, -29.129971607999892 ], [ -53.163685689, -29.137174584 ], [ -53.169956942999903, -29.133157422 ], [ -53.186138725, -29.130322786 ], [ -53.188449421, -29.132464109 ], [ -53.190783911, -29.130529533999898 ], [ -53.196306642, -29.137479696 ], [ -53.205166736, -29.137007463 ], [ -53.208097414, -29.139985733999897 ], [ -53.216849167, -29.135659815999901 ], [ -53.235234257999899, -29.141432522999892 ], [ -53.240370282, -29.137861152 ], [ -53.253025256999898, -29.1361234089999 ], [ -53.258472734, -29.139432165 ], [ -53.26143675, -29.144295021999888 ], [ -53.257024187999903, -29.166785291999901 ], [ -53.253418215999901, -29.170464148999905 ], [ -53.243766289, -29.167248797000013 ], [ -53.243493064999903, -29.171705782999897 ], [ -53.244417609, -29.175866398 ], [ -53.257566077, -29.177762317 ], [ -53.259673334999903, -29.187968512999905 ], [ -53.266699677, -29.192251967999894 ], [ -53.257795352, -29.19723356 ], [ -53.24803789, -29.192298091999898 ], [ -53.24248711, -29.199195244999895 ], [ -53.243406428999897, -29.206896328 ], [ -53.249425679, -29.211669139 ], [ -53.249380190999901, -29.2384633469999 ], [ -53.232741132999905, -29.245366578999903 ], [ -53.233565516999903, -29.249928844000014 ], [ -53.237617794, -29.251563885999893 ], [ -53.237581722999899, -29.256849922 ], [ -53.227050048, -29.254549553999901 ], [ -53.208997331, -29.266714708999899 ], [ -53.214286772, -29.273405481999902 ], [ -53.222732123, -29.274003181999895 ], [ -53.232419292, -29.26428592 ], [ -53.23905726, -29.263431655 ], [ -53.241429020999902, -29.268490986 ], [ -53.237658306999897, -29.283820961999901 ], [ -53.244027183, -29.2843911759999 ], [ -53.247525939999903, -29.288091693 ], [ -53.24572317, -29.296578350999905 ], [ -53.23000052, -29.309230108999891 ], [ -53.236300726, -29.318135785 ], [ -53.227987314, -29.324469420000014 ], [ -53.228498779999903, -29.327581821 ], [ -53.2323898779999, -29.332834445999893 ], [ -53.240629795, -29.332827766 ], [ -53.241808891999902, -29.336091368 ], [ -53.239481048999899, -29.340353203999904 ], [ -53.231407975, -29.343792036 ], [ -53.230581223999899, -29.358713243999905 ], [ -53.219918659, -29.369881516 ], [ -53.226380159, -29.380378865999912 ], [ -53.227311926, -29.403022635 ], [ -53.238241516, -29.4119081169999 ], [ -53.244397867, -29.422614428 ], [ -53.250818266, -29.424281676 ], [ -53.261115026, -29.434873447 ], [ -53.276022075999897, -29.429094107 ], [ -53.287405801, -29.439153007 ], [ -53.281673779999899, -29.447254993999902 ], [ -53.266545146999903, -29.444673607 ], [ -53.263785911, -29.446091876 ], [ -53.265350977, -29.4493319709999 ], [ -53.256131061, -29.447845486999888 ], [ -53.2506309, -29.450360471999893 ], [ -53.248955319999908, -29.455890133 ], [ -53.242274956, -29.458022812 ], [ -53.235307119, -29.465320004 ], [ -53.224494997, -29.464975989 ], [ -53.225074929, -29.468430913 ], [ -53.220119640999897, -29.46712997 ], [ -53.211642867, -29.470606451 ], [ -53.202312465, -29.465963546000012 ], [ -53.184327493999902, -29.467352080999898 ], [ -53.136956171, -29.494827749 ], [ -53.128396717, -29.496391240000015 ], [ -53.125941145, -29.5025275409999 ], [ -53.096590615, -29.516419657 ], [ -53.09384032299991, -29.528730028 ], [ -53.076879686, -29.52849786799991 ], [ -53.06948163, -29.537669378 ], [ -53.051703749, -29.540611766 ], [ -53.032357942, -29.553380972999893 ], [ -53.028220551999901, -29.550938618 ], [ -53.038200538999902, -29.539202001 ], [ -53.034594771999899, -29.534594578999904 ], [ -53.02155122100001, -29.53096965 ], [ -53.004627067999898, -29.55019543 ], [ -53.001682774, -29.547712931 ], [ -52.986019875, -29.551132897999899 ], [ -52.977314419, -29.560719772 ], [ -52.970517094999899, -29.562955461999898 ], [ -52.964393645, -29.569750508 ], [ -52.971860052, -29.576276794 ], [ -52.962693867, -29.578698582 ], [ -52.957805972, -29.590219549 ], [ -52.962065885999905, -29.602132385999901 ], [ -52.958762598, -29.615568197 ], [ -52.952435496, -29.620653006999895 ], [ -52.949356421999902, -29.63358963699989 ], [ -52.940666575, -29.639193643999885 ], [ -52.944396047999909, -29.646666143999898 ], [ -52.938521362, -29.651827133 ], [ -52.933816303999897, -29.651959806 ], [ -52.930485759, -29.659972067 ], [ -52.935652798, -29.693454937 ], [ -52.931377772, -29.691686385000011 ], [ -52.9298640069999, -29.699420799999899 ], [ -52.924908461, -29.703561543 ], [ -52.930036582, -29.718841106 ], [ -52.92603916, -29.720121763 ], [ -52.925874646999901, -29.725281993999907 ], [ -52.932189171999902, -29.730738191999901 ], [ -52.928477264, -29.733846452000012 ], [ -52.929430414, -29.743572899 ], [ -52.932081308, -29.745115177999892 ], [ -52.926411480999903, -29.749995419 ], [ -52.927404958999908, -29.755052263 ], [ -52.924095774, -29.754624887 ], [ -52.927459297, -29.761794638 ], [ -52.921762015, -29.766134098 ], [ -52.927486937, -29.771139204999898 ], [ -52.925062183, -29.776252182999894 ], [ -52.927863849999909, -29.77856703 ], [ -52.925655097999901, -29.778835057 ], [ -52.926713289, -29.78433983 ], [ -52.921331713, -29.792581344 ], [ -52.921908902, -29.798462881 ], [ -52.917185275, -29.800444857999896 ], [ -52.917466006, -29.805402086 ], [ -52.912355309, -29.806788068999893 ], [ -52.907344668999897, -29.814942695999907 ], [ -52.904616201, -29.822377278 ], [ -52.908485169, -29.829852023999901 ], [ -52.901966585, -29.835052382 ], [ -52.899660145, -29.846093965 ], [ -52.892942423, -29.848098076999989 ], [ -52.894918527, -29.862145765 ], [ -52.89139075, -29.865456418 ], [ -52.881902446, -29.865810282 ], [ -52.8784395, -29.873730496999901 ], [ -52.870876957, -29.874529267 ], [ -52.871293994, -29.878861663 ], [ -52.864692356, -29.887824399 ], [ -52.865505626, -29.897556118999901 ], [ -52.85858569, -29.907030811 ], [ -52.851417153999904, -29.910527961999897 ], [ -52.849842354, -29.92726292 ], [ -52.844255948999901, -29.926883937 ], [ -52.831585538999903, -29.911855647 ], [ -52.81709086, -29.923155869 ], [ -52.808994581, -29.919275607 ], [ -52.801378541, -29.909590269 ], [ -52.791139289999897, -29.905378253 ], [ -52.765306619999897, -29.907829697 ], [ -52.7413410509999, -29.904739357 ], [ -52.718893030999901, -29.905597561 ], [ -52.711851620999909, -29.908815870999899 ], [ -52.70454662600001, -29.918920639 ], [ -52.706136487, -29.940284608 ], [ -52.709087833, -29.943479532 ], [ -52.706242806, -29.9475962879999 ], [ -52.710090856, -29.957021015 ], [ -52.702686652, -29.974222297 ], [ -52.694592235999899, -29.97759153 ], [ -52.695289547, -29.982195852 ], [ -52.684734939999899, -29.986276983 ], [ -52.682059781, -29.990227075 ], [ -52.687479843999903, -29.996151294999901 ], [ -52.68668902000001, -29.999379715999986 ], [ -52.663485333, -29.988011345 ], [ -52.643706678999898, -29.994542386 ], [ -52.60542386, -30.026702527999902 ], [ -52.607156429, -30.033069782 ], [ -52.614201309, -30.026319009 ], [ -52.630328263, -30.027369054 ], [ -52.640074431, -30.024219432999899 ], [ -52.647431023, -30.02575553 ], [ -52.650720227, -30.022954399999893 ], [ -52.656691099999897, -30.026925521999903 ], [ -52.665700231, -30.02540534500001 ], [ -52.672726479999902, -30.044061545 ], [ -52.690737569, -30.06121266 ], [ -52.686916412, -30.064935787 ], [ -52.689404855, -30.070816211 ], [ -52.682945361999899, -30.072279605999885 ], [ -52.675431352, -30.079072612999894 ], [ -52.682464009999897, -30.104442562 ], [ -52.672642466, -30.113979389999887 ], [ -52.672302633, -30.120844396999889 ], [ -52.669571225, -30.121545545999901 ], [ -52.675929757999903, -30.13435992 ], [ -52.662013128, -30.141407471 ], [ -52.668930679, -30.149714457 ], [ -52.67216981, -30.1618470129999 ], [ -52.669032566999903, -30.187716651999899 ], [ -52.652989361, -30.200244220999895 ], [ -52.661688110999897, -30.214625548 ], [ -52.662112301, -30.222502071 ], [ -52.669098081999898, -30.228535952999891 ], [ -52.667495351, -30.240147557999901 ], [ -52.671225230999902, -30.24378599700001 ], [ -52.671220851, -30.256849718999892 ], [ -52.688359261, -30.272691032999909 ], [ -52.686562758, -30.278661936999988 ], [ -52.690266386, -30.282478178000012 ], [ -52.688901767999901, -30.291062743999888 ], [ -52.691666591999898, -30.294611588 ], [ -52.684527008, -30.323245159999907 ], [ -52.690271875, -30.335388759999898 ], [ -52.689487188, -30.342064249 ], [ -52.695869151, -30.343940033 ], [ -52.702465273, -30.351044360999904 ], [ -52.706876666, -30.350960885999903 ], [ -52.713742394, -30.360451150999907 ], [ -52.713577680999897, -30.365564417 ], [ -52.719520154999898, -30.368104893 ], [ -52.726640313, -30.360794776 ], [ -52.749724235, -30.362557188 ], [ -52.764677138, -30.341784075 ], [ -52.776544395, -30.338675662 ], [ -52.791049273999903, -30.341327889999892 ], [ -52.793208859999901, -30.332220058 ], [ -52.788980323, -30.308641737999896 ], [ -52.79063481, -30.302264861 ], [ -52.796034697, -30.305242403 ], [ -52.798356044999899, -30.319833069 ], [ -52.807263123, -30.325673573 ], [ -52.811012935999898, -30.335228775 ], [ -52.82490166199991, -30.333510681 ], [ -52.832435817, -30.338539833 ], [ -52.838546326, -30.334541725 ], [ -52.842541415, -30.336263808 ], [ -52.84158639, -30.345475203 ], [ -52.847692208, -30.341172669999903 ], [ -52.851349343, -30.342034645999895 ], [ -52.85061603, -30.347559036999908 ], [ -52.86219811, -30.358577684999901 ], [ -52.866508176, -30.354753818999896 ], [ -52.863687907, -30.350551445 ], [ -52.869642332999902, -30.35013312900001 ], [ -52.86403003, -30.344525689 ], [ -52.865249316, -30.341072729 ], [ -52.87771137, -30.344148634999986 ], [ -52.874746893999898, -30.349171463999902 ], [ -52.880724514, -30.351729330000015 ], [ -52.884283522, -30.360930035 ], [ -52.878007187, -30.361247028 ], [ -52.877968626, -30.371184534 ], [ -52.885263503, -30.369912043999896 ], [ -52.884694970999902, -30.3756382729999 ], [ -52.877636706, -30.377289775 ], [ -52.882921013, -30.382322001 ], [ -52.8747571339999, -30.386887135999899 ], [ -52.882927874, -30.397723049 ], [ -52.88314522, -30.407428189 ], [ -52.881754767, -30.410625461999899 ], [ -52.870348674999903, -30.414347994 ], [ -52.870168626999899, -30.418412454 ], [ -52.883560463, -30.420687819 ], [ -52.876545892, -30.426505705 ], [ -52.884275467999899, -30.437705729 ], [ -52.892689401, -30.437609607999896 ], [ -52.887991354999905, -30.441438159 ], [ -52.888838107, -30.448568108 ], [ -52.891967326, -30.450275054 ], [ -52.889214796, -30.454737974 ], [ -52.891299137, -30.457425482 ], [ -52.886207634999899, -30.461057579999892 ], [ -52.888737606999896, -30.475127051 ], [ -52.884836036, -30.476885028 ], [ -52.887852897, -30.4828672639999 ], [ -52.883406166, -30.487643872 ], [ -52.889112446999903, -30.496317038 ], [ -52.888063576, -30.503724811 ], [ -52.893953127, -30.504606505000012 ], [ -52.893812266999902, -30.510607768999893 ], [ -52.898903225, -30.515183157 ], [ -52.89724011700001, -30.522680506 ], [ -52.906077441, -30.525529371999898 ], [ -52.906922133, -30.537381717 ], [ -52.9118350749999, -30.543330586 ], [ -52.905408168, -30.563924922 ], [ -52.9059256419999, -30.574195161 ], [ -52.931322604999906, -30.606486362999895 ], [ -52.936033669, -30.608066387 ], [ -52.944875356, -30.601605624999902 ], [ -52.974595187, -30.604098077999897 ], [ -52.972983720999899, -30.609363551999895 ], [ -52.975819285999897, -30.617493485999894 ], [ -52.971838351, -30.621628159999894 ], [ -52.975461725999907, -30.642128132999989 ], [ -52.972480111, -30.644203419999918 ], [ -52.975509551, -30.6457065079999 ], [ -52.971555611, -30.648951137 ], [ -52.971809863, -30.659233446 ], [ -52.977783094, -30.668884396 ], [ -52.974676418999898, -30.672153797 ], [ -52.980800374999902, -30.677688453999988 ], [ -52.987384554660807, -30.677023264800297 ], [ -52.9878460402672, -30.674155605333695 ], [ -52.988613418007198, -30.677731701920401 ], [ -52.99168156, -30.676847958999893 ], [ -52.991676890999898, -30.671470563999897 ], [ -52.9977283919999, -30.6666252539999 ], [ -53.009141305999897, -30.668247873 ], [ -53.013808093, -30.673059153999912 ], [ -53.020439113, -30.666008308999892 ], [ -53.029439400999898, -30.666618803999892 ], [ -53.035357383, -30.671315096999905 ], [ -53.052267320999903, -30.663055015999895 ], [ -53.055497887999898, -30.647385512 ], [ -53.070330092999903, -30.644358133 ], [ -53.0840322829999, -30.635495363 ], [ -53.0894743859999, -30.635168289 ], [ -53.096143808, -30.624675437 ], [ -53.100927581999898, -30.623393536 ], [ -53.104748601, -30.613829344999903 ], [ -53.113396188, -30.607573024 ], [ -53.123446545, -30.609273678000015 ], [ -53.125333726999898, -30.605723618999896 ], [ -53.120921451, -30.601453748 ], [ -53.124407253, -30.597423816999896 ], [ -53.122795595999897, -30.591009004999901 ], [ -53.131830062999903, -30.584849612 ], [ -53.134337939, -30.575535442999989 ], [ -53.140993496, -30.575519095999894 ], [ -53.141650066999908, -30.566901483 ], [ -53.152176707, -30.55656077 ], [ -53.15553457, -30.546621167999895 ], [ -53.166882901999898, -30.547745949999989 ], [ -53.161291934, -30.53980424 ], [ -53.162831059, -30.537507782 ], [ -53.173989645999903, -30.542343260999889 ], [ -53.175180990999898, -30.529745641 ], [ -53.1809851639999, -30.528490615 ], [ -53.18572653, -30.533585859 ], [ -53.189232236, -30.532306161999905 ], [ -53.192577840999903, -30.504878657999896 ], [ -53.186429298, -30.5010106 ], [ -53.190253845, -30.495679316 ], [ -53.185801564, -30.490453439 ], [ -53.206353048, -30.464435926 ], [ -53.20918672499991, -30.453706775999905 ], [ -53.21658612399991, -30.447128052 ], [ -53.208817971, -30.431810386999892 ], [ -53.198406726, -30.428807268 ], [ -53.197269553999909, -30.415640133999894 ], [ -53.190671016, -30.41498785100001 ], [ -53.188695845, -30.411306266999905 ], [ -53.199618662, -30.404541014999907 ], [ -53.198621832999905, -30.399425069 ], [ -53.192134592999899, -30.395749146999908 ], [ -53.176802059999901, -30.394305844 ], [ -53.178821221, -30.389029224999902 ], [ -53.176584701, -30.38349671100001 ], [ -53.17958778, -30.379974343000011 ], [ -53.170492531, -30.373791438 ], [ -53.177353390999897, -30.358546751999892 ], [ -53.169938534, -30.349709855 ], [ -53.17417146, -30.343059110999892 ], [ -53.180061647999899, -30.344752258 ], [ -53.188875556, -30.339397886 ], [ -53.188342763, -30.333384497999901 ], [ -53.178937415999897, -30.327794681999904 ], [ -53.184378244, -30.31810776 ], [ -53.180501029, -30.312847362 ], [ -53.184396477, -30.314148948 ], [ -53.192964241, -30.31055163 ], [ -53.199267414, -30.313170108999898 ], [ -53.207052030999897, -30.297384452999893 ], [ -53.2164520709999, -30.297727903 ], [ -53.220243083999897, -30.307874774999984 ], [ -53.219031032, -30.322665096 ], [ -53.223095066, -30.326565247 ], [ -53.236286053, -30.328933138 ], [ -53.24040071, -30.333266922999897 ], [ -53.255469593, -30.336665767999897 ], [ -53.270913262, -30.345483389 ], [ -53.276646526, -30.342875026999895 ], [ -53.280704977, -30.345543028 ], [ -53.317265565999897, -30.326739748 ], [ -53.324332416999901, -30.327349225 ], [ -53.336545062, -30.318791083 ], [ -53.33314589, -30.307450667999905 ], [ -53.342723641, -30.294913119999901 ], [ -53.344797598, -30.261728745 ], [ -53.35184692, -30.248497579999903 ], [ -53.347580439999902, -30.243183253 ], [ -53.347241294999897, -30.236489349 ], [ -53.331874485, -30.223021157999888 ], [ -53.328497468, -30.205890415999892 ], [ -53.306915314, -30.172722839999892 ], [ -53.304085406, -30.164400043999908 ], [ -53.308297232, -30.151155936999903 ], [ -53.3033091779999, -30.138804901000011 ], [ -53.330762752999902, -30.148411101 ], [ -53.332612196, -30.157851427 ], [ -53.339500964, -30.158464487999893 ], [ -53.342794252, -30.162305702 ], [ -53.340805288999903, -30.169937866999891 ], [ -53.3509813209999, -30.170960099 ], [ -53.352583545, -30.18045032799991 ], [ -53.382517628999899, -30.20034676400001 ], [ -53.383891197, -30.210081782 ], [ -53.390142948999902, -30.2130706199999 ], [ -53.406809821, -30.209682331 ], [ -53.414196381, -30.211453786999986 ], [ -53.419806491, -30.230318865999902 ], [ -53.442146845, -30.243533409999905 ], [ -53.458211758999909, -30.260900235999909 ], [ -53.4665092239999, -30.262282851 ], [ -53.472816799, -30.270099344 ], [ -53.473073148, -30.285727355999896 ], [ -53.47654692, -30.287090744999897 ], [ -53.483707435, -30.283741033999902 ], [ -53.48539104, -30.290354217 ], [ -53.484135422999898, -30.295308695999886 ], [ -53.471349784, -30.293676404999903 ], [ -53.473259561, -30.298499192999898 ], [ -53.462499829, -30.301043396 ], [ -53.469617778, -30.312253197 ], [ -53.46259656, -30.313993443 ], [ -53.460681333, -30.31894225 ], [ -53.468466287, -30.3214078039999 ], [ -53.466979039, -30.330304840999887 ], [ -53.482719059, -30.343308626999903 ], [ -53.493979192, -30.365785347999989 ], [ -53.501105336, -30.370635004 ], [ -53.501197225999903, -30.379583501 ], [ -53.511594853, -30.386530525999898 ], [ -53.516580556999898, -30.39715423 ], [ -53.527590008999901, -30.403213749 ], [ -53.533880216999897, -30.402018607999896 ], [ -53.535175734999903, -30.39588401 ], [ -53.539184188, -30.3982922 ], [ -53.546743449, -30.392817161 ], [ -53.550632531, -30.382918162999889 ], [ -53.547417309, -30.3793611749999 ], [ -53.5501701539999, -30.365513627999988 ], [ -53.547703757, -30.363015499 ], [ -53.614043513, -30.377814167999901 ], [ -53.634351838, -30.394299568999898 ], [ -53.634637996, -30.403244050999895 ], [ -53.643413931999902, -30.411235075 ], [ -53.647885964, -30.425736571 ], [ -53.6559506259999, -30.432311336999895 ], [ -53.692577139, -30.42226477 ], [ -53.694904339999901, -30.416959947 ], [ -53.700893327, -30.415517916999885 ], [ -53.702570599, -30.409150662999895 ], [ -53.707278626999901, -30.407462763999895 ], [ -53.705611093, -30.400984188999903 ], [ -53.712645177, -30.39477849 ], [ -53.716525791, -30.3978981019999 ], [ -53.713400776, -30.402923756999893 ], [ -53.716657811999902, -30.411280125 ], [ -53.708180178, -30.421003448 ], [ -53.711837785999897, -30.423805175999988 ], [ -53.717441354, -30.419636486999899 ], [ -53.721645754999898, -30.423125572999901 ], [ -53.71885284, -30.429756765 ], [ -53.713140444, -30.431806388 ], [ -53.719866203, -30.448142388 ], [ -53.712246325, -30.448093335 ], [ -53.710154137, -30.451449674999903 ], [ -53.717792356, -30.451366291999904 ], [ -53.720589839, -30.455058914999892 ], [ -53.720386608999902, -30.457315362 ], [ -53.716039887, -30.45645986900001 ], [ -53.711774938, -30.483023391 ], [ -53.7252597089999, -30.487304654 ], [ -53.726337272, -30.492299638 ], [ -53.743674789999901, -30.513309675999892 ], [ -53.7566595609999, -30.518173787999984 ], [ -53.786013506, -30.517492843999893 ], [ -53.80484751800001, -30.521274392999899 ], [ -53.818287687999899, -30.518988820999908 ], [ -53.825627961999906, -30.511805087 ], [ -53.825154487, -30.506494728999904 ], [ -53.841413562, -30.493525153 ], [ -53.836084147, -30.487892943 ] ] ] } },
{ "type": "Feature", "properties": { "regiao_funcional": "RF9 · Norte e Produção", "regiao_funcional_id": 9, "municipios": 130, "area_km2": 33488.406127634829, "partes": 1, "maior_parte_%": 100.0 }, "geometry": { "type": "Polygon", "coordinates": [ [ [ -53.129043167, -28.987228691999988 ], [ -53.153748611, -28.969990525 ], [ -53.157971, -28.962300569 ], [ -53.155835608, -28.956194147 ], [ -53.152216097999897, -28.955816365000018 ], [ -53.140831126, -28.962403098 ], [ -53.132079551999901, -28.962343915 ], [ -53.128897639999899, -28.944014271999905 ], [ -53.136293136999903, -28.936432784 ], [ -53.137360131, -28.922524247 ], [ -53.149368426, -28.917602485 ], [ -53.15428807, -28.911240518999893 ], [ -53.159581609, -28.921626422 ], [ -53.166964146999902, -28.918953635999987 ], [ -53.1705244199999, -28.9134654769999 ], [ -53.168023691, -28.908036648999904 ], [ -53.157948049, -28.905977954 ], [ -53.155382516, -28.901889861 ], [ -53.150319093999897, -28.87607301 ], [ -53.176391658999897, -28.87473132 ], [ -53.180661135, -28.858206655999904 ], [ -53.158464411999901, -28.864693922 ], [ -53.146370698999903, -28.863547739 ], [ -53.139784376, -28.848882224 ], [ -53.126952381, -28.844355202 ], [ -53.122528787, -28.852582049 ], [ -53.132657932, -28.870170029999905 ], [ -53.128936994, -28.878970809999895 ], [ -53.118688423, -28.880482045 ], [ -53.108087022999896, -28.867916084999898 ], [ -53.103800589999899, -28.866953961 ], [ -53.092845951999898, -28.871043049 ], [ -53.086822156, -28.869712292 ], [ -53.07926643, -28.862483654999902 ], [ -53.082377201, -28.852215134999895 ], [ -53.0707447999999, -28.845776274999899 ], [ -53.05524336299991, -28.813664731 ], [ -53.059592548999902, -28.810801129 ], [ -53.063871049999896, -28.7985635319999 ], [ -53.056054307, -28.796364476 ], [ -53.045314382, -28.78798383 ], [ -53.0376078749999, -28.776860073 ], [ -53.032631059000011, -28.775729757 ], [ -53.031432015, -28.769839838999889 ], [ -53.03743234, -28.764300891999902 ], [ -53.027830286, -28.761534546999894 ], [ -53.021376271999898, -28.767708969999891 ], [ -53.018352821999898, -28.763651777 ], [ -53.014085478, -28.763681534999893 ], [ -53.007617292, -28.771654709 ], [ -52.998426437, -28.773050392 ], [ -52.997293573, -28.770279489999989 ], [ -53.0114852029999, -28.758521899 ], [ -52.985955998999898, -28.7484967689999 ], [ -52.97488935, -28.751704661 ], [ -52.967968880999898, -28.761979664 ], [ -52.956094121, -28.761007322999905 ], [ -52.952991711, -28.749459800999901 ], [ -52.960903238999897, -28.746953748999907 ], [ -52.962563116, -28.74326028 ], [ -52.950689221999902, -28.736821032 ], [ -52.943785423, -28.738556203 ], [ -52.925563068, -28.729798644 ], [ -52.921678255, -28.729601165 ], [ -52.918999329, -28.73497033 ], [ -52.8886765, -28.729072387 ], [ -52.882924717, -28.723659745 ], [ -52.8838807019999, -28.717401997 ], [ -52.879733761, -28.709093826 ], [ -52.874171712, -28.706270753 ], [ -52.864675981999902, -28.709698183999901 ], [ -52.8630626, -28.712950519999904 ], [ -52.857910881999899, -28.711382452999899 ], [ -52.859957774, -28.717432571 ], [ -52.853637510999903, -28.7236998 ], [ -52.845670738, -28.71735653 ], [ -52.838181279, -28.720696315999898 ], [ -52.837401380999907, -28.7242974 ], [ -52.832457989, -28.724876418 ], [ -52.821505449, -28.707773731999989 ], [ -52.815347964, -28.709526109 ], [ -52.805371683, -28.703521979999898 ], [ -52.811702209, -28.704372525999897 ], [ -52.821096834999899, -28.687981027 ], [ -52.822645846999897, -28.682696039999897 ], [ -52.81946153, -28.678594093999912 ], [ -52.807228186, -28.679780599 ], [ -52.808316839, -28.687916947 ], [ -52.805375005, -28.693948189 ], [ -52.791753185999902, -28.687905454 ], [ -52.7839112139999, -28.70017416 ], [ -52.777932974, -28.699342645999899 ], [ -52.7746708069999, -28.695969732 ], [ -52.782634338, -28.678740741999899 ], [ -52.777388195, -28.6803480479999 ], [ -52.772206016, -28.67812423 ], [ -52.778741576, -28.671025536999895 ], [ -52.781735731, -28.657092335 ], [ -52.7751327, -28.653810246 ], [ -52.771217395, -28.645867278 ], [ -52.764352561, -28.653226086 ], [ -52.762733757, -28.6436835179999 ], [ -52.751547197, -28.640197794 ], [ -52.762026175, -28.639395362999895 ], [ -52.764668426, -28.633167436999901 ], [ -52.761596010999902, -28.628731398 ], [ -52.765733933, -28.623481512 ], [ -52.762956894999903, -28.625271369 ], [ -52.760782327, -28.620339188999896 ], [ -52.765298136999903, -28.614491008 ], [ -52.759793769999909, -28.610477535 ], [ -52.76043227, -28.605301293 ], [ -52.749473142999904, -28.600223410999895 ], [ -52.746700123, -28.589984333 ], [ -52.754785172, -28.591767494999893 ], [ -52.765892395, -28.583151257999898 ], [ -52.766113167999897, -28.573608228 ], [ -52.76115147, -28.572829559999903 ], [ -52.769566779999899, -28.5718776269999 ], [ -52.7572086, -28.557378007999898 ], [ -52.757650812, -28.552791769999899 ], [ -52.763272749999899, -28.549811764 ], [ -52.762969954, -28.544765814999902 ], [ -52.757165761999907, -28.541095984 ], [ -52.752128445, -28.543399071999904 ], [ -52.752838727, -28.547122574999893 ], [ -52.746132303, -28.548985166 ], [ -52.746190355, -28.555040211999888 ], [ -52.743307487, -28.549345186 ], [ -52.746153971999902, -28.542755827999901 ], [ -52.733475152, -28.548085523999887 ], [ -52.726164248, -28.553607010999897 ], [ -52.727955051, -28.55553821 ], [ -52.723484348999897, -28.556339785 ], [ -52.721265671, -28.550918506 ], [ -52.731169565999899, -28.54289454 ], [ -52.736238199, -28.542456425999902 ], [ -52.731887664999903, -28.537457517 ], [ -52.72635551, -28.540769968999907 ], [ -52.72270240200001, -28.536616336999902 ], [ -52.723689701999902, -28.533121568999903 ], [ -52.732383919, -28.5300597889999 ], [ -52.731189994, -28.526093499 ], [ -52.726369997999903, -28.5213805399999 ], [ -52.721803001999902, -28.524270632 ], [ -52.7179119319999, -28.520760596999899 ], [ -52.724284074, -28.51405424 ], [ -52.729083471, -28.513379266999905 ], [ -52.723026467999901, -28.506422635 ], [ -52.714163194, -28.514802395999894 ], [ -52.71197237, -28.510807568 ], [ -52.719364357, -28.496181839 ], [ -52.7126266779999, -28.497640182999895 ], [ -52.708246313, -28.488363047 ], [ -52.706462285, -28.4934506069999 ], [ -52.700719402999901, -28.496831336 ], [ -52.700665807, -28.5057082229999 ], [ -52.688940790999901, -28.506698097 ], [ -52.685712142999897, -28.511196718 ], [ -52.685361282, -28.500852639999895 ], [ -52.690126448999898, -28.499282843999893 ], [ -52.690578458999902, -28.496096211999905 ], [ -52.684581819, -28.49171602 ], [ -52.688718201, -28.487603266 ], [ -52.692742735, -28.492128527 ], [ -52.69777339199991, -28.491022014 ], [ -52.700036402, -28.486050121999902 ], [ -52.684871803, -28.485707644999891 ], [ -52.690806075, -28.4805467219999 ], [ -52.697684231, -28.480310526 ], [ -52.694878765999903, -28.475576979 ], [ -52.689451474, -28.474869818999895 ], [ -52.688777818999903, -28.4784792459999 ], [ -52.684319796999901, -28.475283096999899 ], [ -52.68530334, -28.466779679 ], [ -52.689352237, -28.470747722999899 ], [ -52.693602943, -28.470704705999893 ], [ -52.6946882, -28.467652229999899 ], [ -52.701599346, -28.468657531 ], [ -52.69825128, -28.463797978999906 ], [ -52.704802771999901, -28.462877123999903 ], [ -52.704336412000011, -28.457830397 ], [ -52.708376997, -28.457138041999897 ], [ -52.703707916, -28.456452194999908 ], [ -52.698135668, -28.462233395999895 ], [ -52.696996836, -28.456180601 ], [ -52.703333807, -28.448033984999903 ], [ -52.702663112, -28.4446814 ], [ -52.714684827, -28.443143545999895 ], [ -52.714472718, -28.428851825 ], [ -52.732070528, -28.427690603 ], [ -52.748052134, -28.403355616999907 ], [ -52.755597269, -28.395553962999905 ], [ -52.763013962999899, -28.39344448 ], [ -52.76802773, -28.377349498999902 ], [ -52.777950798999903, -28.368109102999892 ], [ -52.780528591999904, -28.372947257 ], [ -52.785788011, -28.373567099 ], [ -52.798531407, -28.367090253999905 ], [ -52.808489451, -28.3727469839999 ], [ -52.809450716999905, -28.377662508 ], [ -52.814191583, -28.378155836 ], [ -52.816580036999909, -28.382662388 ], [ -52.82013402, -28.380250006 ], [ -52.826393181999897, -28.383809136 ], [ -52.834193634, -28.382787102 ], [ -52.837597552, -28.386333006 ], [ -52.907460317999906, -28.37780114 ], [ -52.922682373, -28.372797616 ], [ -52.929046209, -28.374964389 ], [ -52.930805184, -28.380756087 ], [ -52.9376652179999, -28.381520682 ], [ -52.943153277, -28.375954389999908 ], [ -52.942190957, -28.3701531 ], [ -52.946343703, -28.366379707 ], [ -52.943898105999899, -28.366211576 ], [ -52.944558098999899, -28.36313074 ], [ -52.947077071, -28.363903589 ], [ -52.950532171, -28.356033845 ], [ -52.947380495999909, -28.3386141309999 ], [ -52.959265081999902, -28.33390304999989 ], [ -52.9769746589999, -28.340342716 ], [ -52.98201062, -28.3462537939999 ], [ -52.999904791999903, -28.355930843999904 ], [ -53.002591736999896, -28.352688295 ], [ -53.001731627, -28.367929956 ], [ -53.006517626999901, -28.364876452 ], [ -53.011811232, -28.370215225 ], [ -53.024532026, -28.371521976999901 ], [ -53.028015674999899, -28.376582401 ], [ -53.038728923999898, -28.374921806 ], [ -53.038555937999902, -28.366729162 ], [ -53.030658253, -28.359662683 ], [ -53.03064081, -28.352879225 ], [ -53.024718908999901, -28.354197233 ], [ -53.023467642, -28.350891267999902 ], [ -53.026412732, -28.327604731999898 ], [ -53.019819067, -28.320567588 ], [ -53.022120172, -28.316350983999897 ], [ -53.025439247999898, -28.314746687 ], [ -53.034579532999899, -28.317477657 ], [ -53.04111209, -28.305972697999895 ], [ -53.054036373, -28.30287713 ], [ -53.053323145, -28.298840754 ], [ -53.057541423, -28.298605220999896 ], [ -53.062025129999903, -28.2937370719999 ], [ -53.068123086, -28.298231304999899 ], [ -53.077456643999902, -28.282151165 ], [ -53.081502741999898, -28.283913804999901 ], [ -53.09203624, -28.277491719 ], [ -53.096813109, -28.280039528 ], [ -53.098361427, -28.277643770999898 ], [ -53.102070421999898, -28.278768920999894 ], [ -53.107742386, -28.289350398999897 ], [ -53.118058140999899, -28.289540571999989 ], [ -53.115499509, -28.294931694999903 ], [ -53.1183571299999, -28.298551119 ], [ -53.119981507, -28.294716251 ], [ -53.125009916, -28.293296805 ], [ -53.126572251, -28.283864528 ], [ -53.130760395, -28.287556273999897 ], [ -53.135045853999898, -28.2861804419999 ], [ -53.130891995999903, -28.285912267999901 ], [ -53.132932599999897, -28.279393677 ], [ -53.125498615, -28.280401052999903 ], [ -53.130461134, -28.267547346999901 ], [ -53.120815207, -28.264583919 ], [ -53.126621125, -28.26512732 ], [ -53.129577073999897, -28.260573445 ], [ -53.126015997, -28.259098057 ], [ -53.117956708, -28.262814186 ], [ -53.119314951, -28.257643888 ], [ -53.123011063, -28.257919387 ], [ -53.122306043, -28.255281119 ], [ -53.128091454, -28.25277282 ], [ -53.129643366, -28.248772989 ], [ -53.132492465, -28.250926788 ], [ -53.136314212999899, -28.243299663 ], [ -53.144091933, -28.244337468 ], [ -53.140694039, -28.242249935 ], [ -53.145819184999901, -28.240363798 ], [ -53.1484728309999, -28.233781060999899 ], [ -53.1541015889999, -28.230496491999904 ], [ -53.157830277999899, -28.220023227999899 ], [ -53.163991033999899, -28.217494009999903 ], [ -53.167822934999897, -28.207842146 ], [ -53.173696635999903, -28.208871157 ], [ -53.182945732999897, -28.204349377 ], [ -53.184642128, -28.184297941 ], [ -53.18900679, -28.181633222 ], [ -53.194285989, -28.170099669 ], [ -53.201792435, -28.164790291 ], [ -53.196873218, -28.159354972 ], [ -53.223352613, -28.146421559 ], [ -53.239885232999903, -28.161061194999899 ], [ -53.246118082999907, -28.162442774999892 ], [ -53.250259214, -28.159653021999901 ], [ -53.26004892, -28.169729044999897 ], [ -53.268591697, -28.163068095 ], [ -53.273650599, -28.168129878999896 ], [ -53.281408132, -28.166842602 ], [ -53.283618396999898, -28.171480304999893 ], [ -53.286348357, -28.16964934 ], [ -53.291476015999898, -28.171557272 ], [ -53.297795467999897, -28.182166661999901 ], [ -53.302635712, -28.183603509 ], [ -53.302212188999903, -28.186406621999904 ], [ -53.307724299, -28.186822596 ], [ -53.307195835999899, -28.192809433 ], [ -53.310564063999898, -28.19168502 ], [ -53.311503684999899, -28.195090541999893 ], [ -53.315049402999897, -28.192649543999895 ], [ -53.315592301, -28.177608982 ], [ -53.33185148, -28.174119736 ], [ -53.335384156, -28.166349974 ], [ -53.346195077999901, -28.170152917999893 ], [ -53.342635281, -28.159142093 ], [ -53.349995016, -28.155533662 ], [ -53.352974199, -28.128746231 ], [ -53.355734059, -28.130553941 ], [ -53.3626880159999, -28.128026564 ], [ -53.362691393, -28.13158533 ], [ -53.370616489, -28.131292597 ], [ -53.3742186489999, -28.135181847999899 ], [ -53.3812025, -28.133982787 ], [ -53.390889226, -28.139001575 ], [ -53.402997137999897, -28.136226968999896 ], [ -53.405874092, -28.1225268499999 ], [ -53.417660371999901, -28.115757631 ], [ -53.417553524, -28.107654276999902 ], [ -53.411645344, -28.101413826999888 ], [ -53.414067116, -28.084205037999908 ], [ -53.423363729999899, -28.086280073999902 ], [ -53.423976963, -28.082714831 ], [ -53.42934389899991, -28.084076313 ], [ -53.43575307, -28.077026718 ], [ -53.440879531999897, -28.080004643999903 ], [ -53.450684185999897, -28.074642858999905 ], [ -53.469459861, -28.082057217999903 ], [ -53.467997617, -28.088907499999905 ], [ -53.475884908999902, -28.088144698999894 ], [ -53.475965717, -28.094971171999905 ], [ -53.480857799, -28.099057495 ], [ -53.485686745999899, -28.098107478 ], [ -53.48775667, -28.101074880999903 ], [ -53.484184125999903, -28.105268176 ], [ -53.485609696, -28.112555361 ], [ -53.489771501999897, -28.118288992 ], [ -53.48790214400001, -28.122938959999896 ], [ -53.494617336, -28.125842315999893 ], [ -53.5017918, -28.139561457999893 ], [ -53.505610454, -28.139291050999898 ], [ -53.502531936, -28.148139893 ], [ -53.512367347, -28.146126954999897 ], [ -53.51158687, -28.132356401 ], [ -53.520634320999903, -28.112157097 ], [ -53.520766819, -28.099060144 ], [ -53.529593299999902, -28.094654797 ], [ -53.529680846, -28.087409314 ], [ -53.54023070599991, -28.084165057999893 ], [ -53.526842805999898, -28.065881433999895 ], [ -53.557244446, -28.0568917159999 ], [ -53.567737198, -28.041024884 ], [ -53.585545993, -28.039089744 ], [ -53.567992085, -28.019985595 ], [ -53.568103965, -28.00137131899989 ], [ -53.573325785, -27.995903112999905 ], [ -53.588547344999903, -27.992504303 ], [ -53.599457588999904, -27.981169513999902 ], [ -53.600930651999903, -27.984434015 ], [ -53.604451374999897, -27.979550694 ], [ -53.610162062, -27.978371368999898 ], [ -53.616568539999903, -27.984187935 ], [ -53.617752017, -27.974312195 ], [ -53.625316062, -27.966113392999894 ], [ -53.625436396999902, -27.963052006999895 ], [ -53.619556324, -27.965862074 ], [ -53.610007755, -27.958812266999903 ], [ -53.61417855, -27.955378801999899 ], [ -53.619338275, -27.959357247 ], [ -53.625556682, -27.947726084 ], [ -53.619093326, -27.938772394999901 ], [ -53.614573909999898, -27.939979885999897 ], [ -53.603717178999901, -27.922464600999898 ], [ -53.594220885, -27.914345666 ], [ -53.589779973, -27.917408993 ], [ -53.5733001689999, -27.907243036999905 ], [ -53.563256705999898, -27.888984741999895 ], [ -53.5558378489999, -27.885322045 ], [ -53.549836945, -27.899920672999901 ], [ -53.541368436, -27.882093598 ], [ -53.526084454999911, -27.865153212999893 ], [ -53.522869877999909, -27.846447293 ], [ -53.516583306, -27.838109132999907 ], [ -53.515966632999898, -27.833129791 ], [ -53.523921152999897, -27.823546909999902 ], [ -53.514818739, -27.822592791 ], [ -53.51190794, -27.816912142 ], [ -53.520096472, -27.812140725999903 ], [ -53.522980851999897, -27.80693946 ], [ -53.527938471, -27.806359809 ], [ -53.525842489, -27.801300824999895 ], [ -53.5287148049999, -27.798395164999899 ], [ -53.525085514999901, -27.799007957999894 ], [ -53.525095199, -27.795124777999895 ], [ -53.536314666, -27.793295007 ], [ -53.530734246, -27.786010071 ], [ -53.53179405, -27.780547517999899 ], [ -53.53806129, -27.78367824 ], [ -53.543316191, -27.781312826 ], [ -53.548057324, -27.771054197999899 ], [ -53.556823373, -27.766718553 ], [ -53.557700219, -27.762688857999898 ], [ -53.562660730999902, -27.763225806 ], [ -53.560847372999902, -27.753503587 ], [ -53.564651763, -27.756429416999886 ], [ -53.575417387, -27.754779229 ], [ -53.575798434, -27.746312366 ], [ -53.569874376, -27.748811235999895 ], [ -53.565803426999899, -27.743294536 ], [ -53.560514207, -27.743807079 ], [ -53.566158174999899, -27.740084200999892 ], [ -53.564068689, -27.732152390999897 ], [ -53.568436157999898, -27.729370839 ], [ -53.569158844, -27.735660532999891 ], [ -53.574605546, -27.730562985999899 ], [ -53.574561919, -27.735409443 ], [ -53.580648535, -27.734944778999889 ], [ -53.581268969, -27.729382815999902 ], [ -53.570681943, -27.716229304 ], [ -53.577150209, -27.717268399 ], [ -53.581983057999899, -27.711939018 ], [ -53.590188218, -27.715420494999904 ], [ -53.591875135, -27.711991467 ], [ -53.584312227999902, -27.706379164999902 ], [ -53.57916822, -27.708456645 ], [ -53.576426517, -27.70667394299991 ], [ -53.577365718, -27.702624436 ], [ -53.58212062, -27.700364588999896 ], [ -53.582528151, -27.687653478999898 ], [ -53.570241210999903, -27.687220709 ], [ -53.571079977, -27.681854873 ], [ -53.576360533999903, -27.683959340999895 ], [ -53.579857795, -27.681598407 ], [ -53.576064752, -27.664157374999895 ], [ -53.581055109, -27.665349539 ], [ -53.582401424999908, -27.6623101509999 ], [ -53.580855663, -27.659283765999902 ], [ -53.576696284, -27.660097780999905 ], [ -53.576685319, -27.656990602999901 ], [ -53.585279289, -27.65782696 ], [ -53.589090698999897, -27.655196815999904 ], [ -53.585991561, -27.64433686 ], [ -53.58078475, -27.644221049999899 ], [ -53.586514953999902, -27.6416654679999 ], [ -53.5870370969999, -27.638099261 ], [ -53.576889853999901, -27.639096424999902 ], [ -53.582517095, -27.628268192999897 ], [ -53.573301445, -27.627099691 ], [ -53.567660326999899, -27.636878260999904 ], [ -53.573934595, -27.637324017 ], [ -53.572642519999903, -27.639435655999904 ], [ -53.55755232, -27.642415329999899 ], [ -53.563749425, -27.638334667999988 ], [ -53.567602221, -27.630506103999902 ], [ -53.560410341, -27.62911445 ], [ -53.564945926999897, -27.624344746 ], [ -53.564529159, -27.618265311999906 ], [ -53.569895007, -27.618054942 ], [ -53.572306344, -27.613501681999892 ], [ -53.578440788, -27.614332229 ], [ -53.575624106, -27.609889365999901 ], [ -53.578800896, -27.607094866 ], [ -53.573722066999906, -27.604362492999893 ], [ -53.575367338, -27.600682208999988 ], [ -53.581417748, -27.599643016999892 ], [ -53.579013362, -27.590862354 ], [ -53.586741673999903, -27.589041643 ], [ -53.579957225, -27.577361918 ], [ -53.56851219, -27.578126870999895 ], [ -53.572352606, -27.5735823099999 ], [ -53.583627867, -27.569176105999901 ], [ -53.5775111089999, -27.564985787 ], [ -53.571527749, -27.567975659999906 ], [ -53.569537219, -27.5661422229999 ], [ -53.579887904, -27.560875070999902 ], [ -53.591261867999897, -27.566141099999985 ], [ -53.595121165, -27.56318199 ], [ -53.585278596, -27.558571050999898 ], [ -53.575531387, -27.558171401 ], [ -53.573149122, -27.550762490999901 ], [ -53.582208022, -27.549720324 ], [ -53.580505509, -27.544772502999905 ], [ -53.582977908, -27.541191539999897 ], [ -53.5721499859999, -27.546375359 ], [ -53.5689334959999, -27.542956014 ], [ -53.570551716, -27.536240881 ], [ -53.582989243, -27.531419185999898 ], [ -53.565826908, -27.53451308 ], [ -53.564348381999899, -27.532418892 ], [ -53.570070100999899, -27.524740237999897 ], [ -53.578435583, -27.524688997999892 ], [ -53.583123735999898, -27.520061123999895 ], [ -53.581818724999906, -27.517648485999903 ], [ -53.573509596, -27.519052426 ], [ -53.563761289999903, -27.515589072999905 ], [ -53.5689343929999, -27.514044028999891 ], [ -53.572642110999901, -27.50843315 ], [ -53.571214988, -27.496830563999897 ], [ -53.573699078999908, -27.494060508 ], [ -53.570058084, -27.490548103 ], [ -53.572661610999909, -27.481711898999908 ], [ -53.566567005, -27.475138888999904 ], [ -53.557897038, -27.481548257999989 ], [ -53.553907712, -27.476764666 ], [ -53.561103475, -27.463763904 ], [ -53.565609857, -27.464342943 ], [ -53.566841638, -27.4720119199999 ], [ -53.5703448739999, -27.466933466999897 ], [ -53.566762785, -27.4609855859999 ], [ -53.552765916999903, -27.455598192 ], [ -53.562383527, -27.447326964999895 ], [ -53.561148444, -27.440889556999903 ], [ -53.565976588, -27.444490530999904 ], [ -53.572863156, -27.442717015999989 ], [ -53.583132596, -27.455780196 ], [ -53.610752455999908, -27.463970028999892 ], [ -53.610600207999902, -27.467621021 ], [ -53.616219682, -27.472668923999901 ], [ -53.626262776, -27.449577539 ], [ -53.638134706999899, -27.44086241 ], [ -53.64344628, -27.431401966999896 ], [ -53.650545436, -27.426292877 ], [ -53.644598899999899, -27.423509668999891 ], [ -53.647418248999898, -27.416894519 ], [ -53.641121878, -27.416067254 ], [ -53.6394071349999, -27.412984396 ], [ -53.654562856, -27.403667799999901 ], [ -53.642813106999903, -27.400765509999903 ], [ -53.655964491, -27.391573179 ], [ -53.655812055, -27.389065269 ], [ -53.648606078999904, -27.385891053 ], [ -53.656600564, -27.375400254999896 ], [ -53.64873349, -27.375349387 ], [ -53.653426609999897, -27.37157941 ], [ -53.66703813, -27.370209047999904 ], [ -53.659210671, -27.362676796 ], [ -53.647220497, -27.367892613 ], [ -53.650651916999898, -27.360977524 ], [ -53.661165825999902, -27.359382814 ], [ -53.6594567389999, -27.353702337999898 ], [ -53.651350275, -27.352869070999898 ], [ -53.646715312, -27.344937639 ], [ -53.641570117, -27.342401949 ], [ -53.656319356, -27.336870351999899 ], [ -53.638437223, -27.329260178 ], [ -53.662701685999899, -27.3159122 ], [ -53.66255668, -27.302970681 ], [ -53.656582476, -27.298714604999901 ], [ -53.6473699699999, -27.299723953999901 ], [ -53.645294437, -27.293865326999896 ], [ -53.648599954, -27.289462488 ], [ -53.665087152, -27.285025549999908 ], [ -53.64632282199991, -27.281437932 ], [ -53.643582211, -27.26853661 ], [ -53.652385653, -27.263821736999901 ], [ -53.635578381999899, -27.259993638 ], [ -53.661210491, -27.2469881439999 ], [ -53.665866372000011, -27.257922169 ], [ -53.66985234, -27.246759265 ], [ -53.67846489, -27.235720012999895 ], [ -53.67539088, -27.231279626999903 ], [ -53.692883229999907, -27.220922198 ], [ -53.686499753, -27.215068970999905 ], [ -53.686357804, -27.21022669 ], [ -53.69667369, -27.210113645 ], [ -53.709021483999898, -27.214741803 ], [ -53.707852164, -27.199475014 ], [ -53.701603404, -27.196223119 ], [ -53.717695326999902, -27.182501757 ], [ -53.705637540999902, -27.172848561 ], [ -53.675050392999907, -27.160682491999989 ], [ -53.661042795999904, -27.166454128999888 ], [ -53.649405535, -27.180856972999901 ], [ -53.647919121, -27.191308483999901 ], [ -53.651176866999897, -27.212715199999902 ], [ -53.645547453999903, -27.219566444999899 ], [ -53.638069696999899, -27.218872752999989 ], [ -53.630725810999898, -27.213378620999901 ], [ -53.61823194, -27.1873364419999 ], [ -53.611865200999908, -27.186047625999894 ], [ -53.59960691, -27.189356325999896 ], [ -53.591441792999902, -27.187472698 ], [ -53.561731155, -27.172414843999896 ], [ -53.54819364, -27.176061604 ], [ -53.530740602, -27.194546643 ], [ -53.5182490239999, -27.202177816 ], [ -53.494706078, -27.20394031 ], [ -53.4887966329999, -27.197190081 ], [ -53.488610541, -27.18538502 ], [ -53.491706904999901, -27.176691804 ], [ -53.505149614999901, -27.161450080999895 ], [ -53.508256243999902, -27.145765443999892 ], [ -53.504364210999903, -27.135641482 ], [ -53.492822882, -27.132378232 ], [ -53.48445473, -27.13393567 ], [ -53.476339315, -27.138908339 ], [ -53.464166286, -27.15504042 ], [ -53.452555511999904, -27.156135064999898 ], [ -53.433966813, -27.146940417999897 ], [ -53.411698519, -27.141384193 ], [ -53.401198597, -27.129501194999897 ], [ -53.394356215, -27.110560588999892 ], [ -53.387132973, -27.100647018 ], [ -53.377617787, -27.091980772999896 ], [ -53.370639441, -27.091103104999895 ], [ -53.364982358, -27.094347884999902 ], [ -53.348140789, -27.120022531 ], [ -53.312240808999903, -27.119687994999911 ], [ -53.294252215, -27.135552971 ], [ -53.295982899, -27.151537549 ], [ -53.309017258, -27.181610963 ], [ -53.320727027, -27.198238279 ], [ -53.322024209999903, -27.21336874 ], [ -53.313201022, -27.219089674 ], [ -53.30784924200001, -27.216541714999895 ], [ -53.293066983, -27.196919344 ], [ -53.262472894, -27.184741931 ], [ -53.241659195999908, -27.171635678 ], [ -53.232085702999903, -27.17111166 ], [ -53.197216361, -27.192652723 ], [ -53.184673573999902, -27.190909503999894 ], [ -53.176630852, -27.177920320999892 ], [ -53.172362176, -27.148020929 ], [ -53.162398916, -27.140697621999898 ], [ -53.154592862, -27.140616872999903 ], [ -53.150284709999902, -27.143782313 ], [ -53.140344705, -27.17441938 ], [ -53.132183098, -27.180228701 ], [ -53.107419730999901, -27.170286136 ], [ -53.077478755, -27.163115837 ], [ -53.069718049, -27.151554283999896 ], [ -53.071769783, -27.134548945999907 ], [ -53.079045287, -27.118473551 ], [ -53.076700005, -27.107844648 ], [ -53.059042269, -27.088245365 ], [ -53.048213503999897, -27.083650394 ], [ -53.029834090999898, -27.082574257 ], [ -53.020439412, -27.087522685999897 ], [ -53.0175492179999, -27.099007392 ], [ -53.041393865000011, -27.124905517999903 ], [ -53.045048838, -27.137331732999904 ], [ -53.042606083, -27.149851372999898 ], [ -53.037550132, -27.157747897 ], [ -53.029907395999899, -27.15950573 ], [ -53.019315843999905, -27.15381744 ], [ -53.003005661, -27.135614625 ], [ -52.99663328, -27.136093511 ], [ -52.991663623, -27.140966664 ], [ -52.983725652, -27.156502969 ], [ -52.982853272999897, -27.164994802 ], [ -53.000504314999901, -27.185152188 ], [ -53.002564374, -27.197622711999898 ], [ -52.999394713999898, -27.208009806 ], [ -52.986610533, -27.220697409 ], [ -52.977118933, -27.22087764 ], [ -52.969824748, -27.216218891 ], [ -52.966129713, -27.180704701 ], [ -52.956692260999901, -27.163257845 ], [ -52.946697866, -27.163986592 ], [ -52.938321468, -27.170805115999908 ], [ -52.9360669329999, -27.178036426999903 ], [ -52.937601195, -27.198354514999892 ], [ -52.929311443, -27.204076352 ], [ -52.903359635, -27.199090199999901 ], [ -52.877032828, -27.177399554 ], [ -52.852504848, -27.169927067999897 ], [ -52.847073759, -27.172110443 ], [ -52.843078503, -27.178525528 ], [ -52.846691609999901, -27.202333512999889 ], [ -52.84258156, -27.21021582 ], [ -52.83399143, -27.211292151999899 ], [ -52.818344848, -27.202824069 ], [ -52.807515265999903, -27.202372078999897 ], [ -52.763559701, -27.21123327 ], [ -52.757727228, -27.217205357999898 ], [ -52.763908202, -27.242962292999895 ], [ -52.757561304, -27.257491765999902 ], [ -52.750481299999898, -27.259956361 ], [ -52.743368626999903, -27.258247163 ], [ -52.730313892, -27.238083710999888 ], [ -52.723691523, -27.235143798 ], [ -52.716236038, -27.236045627 ], [ -52.706310603, -27.256119420999898 ], [ -52.706086582999902, -27.275748198 ], [ -52.700077388, -27.282070183 ], [ -52.691956140999899, -27.284547991999894 ], [ -52.680989809, -27.274051428 ], [ -52.6767383, -27.246608810999899 ], [ -52.667575568, -27.237849513999901 ], [ -52.657457413, -27.239534521999897 ], [ -52.646195631, -27.260612143999897 ], [ -52.633219837999903, -27.265480522 ], [ -52.611284896, -27.264069391 ], [ -52.587499438, -27.246890139 ], [ -52.563600080999898, -27.248916086 ], [ -52.549813082999904, -27.238337622999889 ], [ -52.543860204999902, -27.241084707 ], [ -52.534644288, -27.261035546 ], [ -52.483207594, -27.267205307 ], [ -52.476392421, -27.260578150999908 ], [ -52.481566922, -27.246627546999896 ], [ -52.479814908, -27.235542764999906 ], [ -52.462452103, -27.229209576 ], [ -52.446210135999898, -27.217411952 ], [ -52.437628284, -27.216232291 ], [ -52.43254323, -27.217841153999895 ], [ -52.430164866, -27.223724961999896 ], [ -52.441739959, -27.248985048999895 ], [ -52.4390853149999, -27.264404863 ], [ -52.415608855, -27.2852581399999 ], [ -52.398060504999897, -27.292575993999893 ], [ -52.393659156999902, -27.285146332 ], [ -52.399690365, -27.256569621 ], [ -52.392952175999902, -27.251438791999892 ], [ -52.385771819, -27.2535155059999 ], [ -52.381138724, -27.260817972 ], [ -52.381498224, -27.294671788999899 ], [ -52.374962889, -27.305089575999904 ], [ -52.367480355999902, -27.304519512 ], [ -52.355386997, -27.291212893 ], [ -52.34525937, -27.288277661999899 ], [ -52.3291374739999, -27.302164866999899 ], [ -52.313084265, -27.309265749 ], [ -52.304862168999897, -27.318053447999898 ], [ -52.296492711, -27.318090947 ], [ -52.29210935, -27.314282888 ], [ -52.291046281, -27.306833539 ], [ -52.305315676, -27.274680783 ], [ -52.306091666, -27.265722993999908 ], [ -52.301927146, -27.259800369999905 ], [ -52.29395665, -27.256650869999905 ], [ -52.275989764, -27.261088523999895 ], [ -52.257149349, -27.256201290999989 ], [ -52.238531512, -27.262083678999904 ], [ -52.233904961, -27.267615823 ], [ -52.236856616999901, -27.273769225 ], [ -52.267991127, -27.283248641999901 ], [ -52.277895251, -27.294922406 ], [ -52.277719297, -27.300224323 ], [ -52.272978724, -27.304384974 ], [ -52.250533267, -27.302143138 ], [ -52.241137314999897, -27.304270852999895 ], [ -52.234800919999898, -27.310658112999899 ], [ -52.227179548, -27.329000691 ], [ -52.215884189999898, -27.332528646999901 ], [ -52.20562613499991, -27.327386439 ], [ -52.187771046, -27.286173526 ], [ -52.17873006, -27.275441658 ], [ -52.168334361999896, -27.270915123999899 ], [ -52.161949523, -27.274880055 ], [ -52.159305458999903, -27.281563567 ], [ -52.168364255, -27.305581355999898 ], [ -52.1680052419999, -27.312270806999898 ], [ -52.161289203, -27.314287756999896 ], [ -52.126328500999897, -27.302523454 ], [ -52.114331127, -27.305019179999896 ], [ -52.105686676999902, -27.313350257 ], [ -52.10574099, -27.322809870999901 ], [ -52.11112148, -27.335402965 ], [ -52.103287049999899, -27.346695645999898 ], [ -52.093761841999907, -27.348068560999899 ], [ -52.082194036, -27.340173574999895 ], [ -52.074093206, -27.338353207999901 ], [ -52.044751550999898, -27.346553447 ], [ -52.015004661, -27.330895606999899 ], [ -52.0081091059999, -27.33367609 ], [ -52.007199825, -27.339326097 ], [ -52.01083203000001, -27.346605353 ], [ -52.023216863999899, -27.355880234 ], [ -52.022889631999902, -27.362154319 ], [ -52.017134236999901, -27.367838908 ], [ -51.99670825, -27.378228868999901 ], [ -51.973412458, -27.372338281999905 ], [ -51.9520866679999, -27.380247126 ], [ -51.948607118, -27.389631788 ], [ -51.952099043, -27.395173633 ], [ -51.978697485999902, -27.388904226 ], [ -51.990942671, -27.389092467999898 ], [ -52.006574691, -27.395030133 ], [ -52.007796754, -27.403897152 ], [ -51.999582277999899, -27.409739031999905 ], [ -51.960825328999903, -27.412563562999889 ], [ -51.935776899, -27.428749089999901 ], [ -51.933548386, -27.438132493 ], [ -51.93921836, -27.446027559 ], [ -51.963794231, -27.463136022 ], [ -51.963175758, -27.469928511 ], [ -51.958281455, -27.474362880999905 ], [ -51.944994588, -27.4730915499999 ], [ -51.918384505999903, -27.458434430999901 ], [ -51.907512202, -27.458231874 ], [ -51.902496487, -27.461103032 ], [ -51.899901777, -27.469865808999899 ], [ -51.902342033, -27.495522450999907 ], [ -51.892270805, -27.519706748 ], [ -51.88058955, -27.520956908999899 ], [ -51.875354328, -27.517952513999891 ], [ -51.873913385, -27.511499263 ], [ -51.879985602, -27.495682125 ], [ -51.879713744999897, -27.487408441999907 ], [ -51.874039702999909, -27.479793609999895 ], [ -51.863069302, -27.475240433 ], [ -51.850532841, -27.477002517 ], [ -51.843627017, -27.483135866999898 ], [ -51.8458840119999, -27.497824307 ], [ -51.855129205, -27.515450289999894 ], [ -51.851488327, -27.524612996 ], [ -51.842250973, -27.524936361 ], [ -51.828384916999902, -27.513271055 ], [ -51.821785808, -27.512789197 ], [ -51.8041728319999, -27.527259817999902 ], [ -51.793032878, -27.531204393999896 ], [ -51.785699017, -27.528215208999903 ], [ -51.785235147, -27.521009077 ], [ -51.787959327, -27.514853407 ], [ -51.798433695, -27.509431762 ], [ -51.801699418999902, -27.5038119 ], [ -51.801788126, -27.493962565999908 ], [ -51.796905847999902, -27.489967686999908 ], [ -51.782597751, -27.491392112 ], [ -51.75352778, -27.487197442 ], [ -51.730389203999898, -27.511501993 ], [ -51.720360431, -27.513506361999898 ], [ -51.706303885, -27.483740208 ], [ -51.699649839, -27.479064209999898 ], [ -51.686561189, -27.479011723999989 ], [ -51.673247815000011, -27.488045668 ], [ -51.677577991, -27.502980577 ], [ -51.6755755249999, -27.508284061 ], [ -51.664717917, -27.517266664 ], [ -51.655590065999903, -27.519804902 ], [ -51.6474326969999, -27.516331884 ], [ -51.6436426349999, -27.492556358999902 ], [ -51.637203964, -27.488811836 ], [ -51.630409520999898, -27.489141495999895 ], [ -51.621615603999899, -27.494645039 ], [ -51.619493513999899, -27.500282365 ], [ -51.630673935999901, -27.527463785 ], [ -51.631131736, -27.541463129 ], [ -51.623493492, -27.546064451999897 ], [ -51.614983736999903, -27.545389061 ], [ -51.593921028999901, -27.524405591999901 ], [ -51.579971224, -27.523617569 ], [ -51.57781714, -27.531905395 ], [ -51.587382786, -27.565626786999903 ], [ -51.571709289, -27.58262411 ], [ -51.565347811, -27.584330445 ], [ -51.559899453999904, -27.582252104 ], [ -51.554876048, -27.563991723 ], [ -51.547738411999909, -27.559078688999893 ], [ -51.532975542, -27.5625791739999 ], [ -51.508458252, -27.556113622999902 ], [ -51.491048153, -27.55895665 ], [ -51.483341767999903, -27.563227576 ], [ -51.477796739, -27.571029116 ], [ -51.475282637, -27.600740863999896 ], [ -51.457684021, -27.607113633 ], [ -51.436606204, -27.629849706 ], [ -51.438000773999903, -27.647327246 ], [ -51.435204272, -27.654398683 ], [ -51.425388165, -27.656075652 ], [ -51.41661291, -27.653062072 ], [ -51.405290830999903, -27.631861018999899 ], [ -51.386068768, -27.623463683 ], [ -51.370108903999899, -27.636671197999902 ], [ -51.377934465, -27.660023871 ], [ -51.367084152, -27.674577397 ], [ -51.3528564329999, -27.680129427999901 ], [ -51.330870247999897, -27.6709395 ], [ -51.315106043999897, -27.675070067 ], [ -51.312645398, -27.693269745999896 ], [ -51.302000743999898, -27.702559504 ], [ -51.310582746, -27.715494146 ], [ -51.304154039, -27.728939055 ], [ -51.313069191, -27.7365084589999 ], [ -51.303782229, -27.736130971 ], [ -51.297978991, -27.751228768 ], [ -51.301699256999903, -27.754791683 ], [ -51.307503351, -27.754398431 ], [ -51.312757292, -27.745972625 ], [ -51.311682566999899, -27.739026549 ], [ -51.315049600999899, -27.738543308 ], [ -51.318581579999901, -27.740848405 ], [ -51.31775168, -27.749862785999895 ], [ -51.312254944, -27.753590120999903 ], [ -51.3356210869999, -27.7526329569999 ], [ -51.32887433, -27.761501843 ], [ -51.337645656999896, -27.766544036 ], [ -51.330287719999902, -27.778984737 ], [ -51.334993445999899, -27.782842968999898 ], [ -51.331333212999901, -27.787786090999909 ], [ -51.34244322, -27.793254648 ], [ -51.347866627, -27.791143163999909 ], [ -51.3492990989999, -27.786792641 ], [ -51.355083392, -27.7911531469999 ], [ -51.356565291, -27.795367214 ], [ -51.34937716, -27.802661714 ], [ -51.3501398719999, -27.8079307419999 ], [ -51.355527536999901, -27.805833339999896 ], [ -51.355213589, -27.801442283 ], [ -51.358933046999901, -27.798181036999903 ], [ -51.363433486, -27.79848407 ], [ -51.366762121, -27.817991694999897 ], [ -51.375733292999897, -27.820259319999902 ], [ -51.378336711, -27.825078466 ], [ -51.37149389, -27.834259442 ], [ -51.3709645, -27.842987138 ], [ -51.383066683, -27.846148972 ], [ -51.369471865, -27.853400416999897 ], [ -51.366649286, -27.859551317999895 ], [ -51.361681374999904, -27.857862906 ], [ -51.357276774999903, -27.860504030999891 ], [ -51.365830062, -27.863399195999904 ], [ -51.366763041, -27.869880523999896 ], [ -51.372397170999903, -27.868357361999987 ], [ -51.37752855, -27.880442334999888 ], [ -51.367889582, -27.877601066 ], [ -51.360055428, -27.880059538999891 ], [ -51.36324912, -27.884874216 ], [ -51.371123212, -27.885566485 ], [ -51.365862203999903, -27.895342218999897 ], [ -51.367817526, -27.903452842 ], [ -51.371219251999896, -27.905082424999893 ], [ -51.366116532, -27.910756842999888 ], [ -51.370226669, -27.914442662999889 ], [ -51.3658880999999, -27.917664183999896 ], [ -51.362506386999897, -27.916746389 ], [ -51.362379702999903, -27.926063561 ], [ -51.332573474, -27.931277884999901 ], [ -51.333768817, -27.936399031999898 ], [ -51.330262642, -27.938751642999904 ], [ -51.339447236999902, -27.943183201999901 ], [ -51.33585297, -27.94667686 ], [ -51.3386635849999, -27.948861295 ], [ -51.336515194999905, -27.955016209999901 ], [ -51.340234978999902, -27.960797543999899 ], [ -51.339837855, -27.969483461 ], [ -51.358671538, -27.975739496 ], [ -51.3603382209999, -27.978645598999904 ], [ -51.354890283, -27.98595316 ], [ -51.343779309, -27.978439821999903 ], [ -51.334031521, -27.983510813999896 ], [ -51.350172383, -27.999540545999896 ], [ -51.344221892999897, -27.99962962 ], [ -51.343159172, -28.010507436 ], [ -51.336160186, -28.016021565999896 ], [ -51.336948123999903, -28.018748629999905 ], [ -51.34336158, -28.019913634 ], [ -51.343695832, -28.037978204999899 ], [ -51.338304912, -28.040418738 ], [ -51.333382062999902, -28.038834272 ], [ -51.330741659, -28.044216932 ], [ -51.319245483, -28.049821504 ], [ -51.319815773, -28.052809961 ], [ -51.313406448, -28.058619459999896 ], [ -51.309460204999901, -28.058121389 ], [ -51.308474928, -28.064109909 ], [ -51.30475783, -28.066736551 ], [ -51.302246867999898, -28.066389053 ], [ -51.301553428, -28.060460952 ], [ -51.295644196, -28.058765374 ], [ -51.289071089999901, -28.063952433999901 ], [ -51.285682818999902, -28.061010527 ], [ -51.278961142999897, -28.062478735 ], [ -51.271423308, -28.077198852 ], [ -51.269001078, -28.078469094 ], [ -51.266211618999897, -28.074827947 ], [ -51.258171765, -28.080126671999892 ], [ -51.258701636, -28.083554862 ], [ -51.255065883, -28.085044246999903 ], [ -51.257426156, -28.089808086999895 ], [ -51.254081663, -28.092508612 ], [ -51.259949088, -28.099930892 ], [ -51.256307832999902, -28.102866236999901 ], [ -51.259727548999898, -28.104921912 ], [ -51.258459146999897, -28.110839445999904 ], [ -51.2635320649999, -28.113222272 ], [ -51.256196452, -28.119497544999906 ], [ -51.262432755, -28.122400919 ], [ -51.259655802999902, -28.12731903 ], [ -51.261334585, -28.133210698 ], [ -51.255965918, -28.138501385 ], [ -51.251864551, -28.138412977 ], [ -51.246128023, -28.145564117999989 ], [ -51.244364247, -28.153772853 ], [ -51.249115625999899, -28.155170127 ], [ -51.25551079199991, -28.176538653 ], [ -51.263286096999899, -28.180942393 ], [ -51.273302067, -28.179152969 ], [ -51.282740496, -28.187496705999905 ], [ -51.295416116, -28.190584105 ], [ -51.300825308, -28.201689326999897 ], [ -51.327344889, -28.220092334999901 ], [ -51.327412132999903, -28.231511127 ], [ -51.330198912999904, -28.233385930999901 ], [ -51.341380334999897, -28.236177136 ], [ -51.355231494999899, -28.232234916 ], [ -51.387715882, -28.241994216999988 ], [ -51.389495117, -28.263919277999896 ], [ -51.397591006, -28.2729789169999 ], [ -51.387661593, -28.289017951999892 ], [ -51.388741935, -28.295944994 ], [ -51.38540819, -28.300570456999907 ], [ -51.369581438999901, -28.305560267 ], [ -51.356567691999906, -28.317482427 ], [ -51.340753142, -28.321534689 ], [ -51.334158414999898, -28.330145319999897 ], [ -51.326782932, -28.333308862 ], [ -51.329047847, -28.337981130999903 ], [ -51.343186277, -28.337865629 ], [ -51.340213471, -28.340453583999896 ], [ -51.343617654, -28.344058479 ], [ -51.334608177999897, -28.347342997999895 ], [ -51.33512609600001, -28.342047018 ], [ -51.332206192999905, -28.340955642 ], [ -51.323138946, -28.346538708 ], [ -51.325244604, -28.351543375999899 ], [ -51.33712114, -28.35689594 ], [ -51.337265177999903, -28.363589074999897 ], [ -51.34224847, -28.361382175999893 ], [ -51.342985059999904, -28.365520381 ], [ -51.334804259999899, -28.370968994999895 ], [ -51.340856276, -28.373834828999989 ], [ -51.34863424, -28.371286280999989 ], [ -51.337835020999897, -28.386279088 ], [ -51.3411449829999, -28.391950036 ], [ -51.34838716, -28.391299296999897 ], [ -51.348492404999902, -28.397974540999908 ], [ -51.341884917999899, -28.404335987 ], [ -51.346675637, -28.405589011 ], [ -51.356865206999899, -28.400350105 ], [ -51.3590654, -28.402177380999895 ], [ -51.357213789999903, -28.405960561 ], [ -51.342923737, -28.410561387 ], [ -51.333369187, -28.408153715 ], [ -51.334414528000011, -28.418540074 ], [ -51.350753992, -28.418032675999896 ], [ -51.360767293, -28.421215491999902 ], [ -51.356845157999899, -28.431436033 ], [ -51.346760074, -28.438090800999902 ], [ -51.3563382849999, -28.440895812 ], [ -51.346311541, -28.4464839249999 ], [ -51.356265446, -28.449937460999898 ], [ -51.354393628, -28.454037571 ], [ -51.361076102, -28.4582018199999 ], [ -51.367139288, -28.455770764 ], [ -51.36593576, -28.46056752 ], [ -51.371622418999898, -28.464065435999903 ], [ -51.3609496139999, -28.469206509999907 ], [ -51.360268892, -28.476001747999891 ], [ -51.380699383, -28.470786475 ], [ -51.379599334, -28.476165205 ], [ -51.374230732999898, -28.475298817999899 ], [ -51.368309427, -28.48222376 ], [ -51.376070478, -28.485781485 ], [ -51.376588461, -28.491890242999904 ], [ -51.367777296, -28.49646161 ], [ -51.369313577, -28.503016615 ], [ -51.353891239999903, -28.507887314999902 ], [ -51.354658478, -28.514643 ], [ -51.356841110999902, -28.516769445 ], [ -51.361867285, -28.513410549999904 ], [ -51.372913427, -28.512930039 ], [ -51.3726541509999, -28.516751284 ], [ -51.377450067, -28.518462572 ], [ -51.370694619999902, -28.530485370999905 ], [ -51.375386389, -28.532587014999891 ], [ -51.378528232999905, -28.530180376 ], [ -51.382026212, -28.534648490999896 ], [ -51.385907378999903, -28.530026705 ], [ -51.392916074, -28.53022444 ], [ -51.394063068, -28.532866125999895 ], [ -51.389483083, -28.538358482 ], [ -51.396790658, -28.539944587 ], [ -51.415949242, -28.532049720999989 ], [ -51.4122896659999, -28.52332016 ], [ -51.398126352, -28.5192632709999 ], [ -51.398340374, -28.514276359 ], [ -51.419922679, -28.517805426999903 ], [ -51.416193791, -28.509996919999899 ], [ -51.419775698, -28.501818699 ], [ -51.4367702609999, -28.499669062999903 ], [ -51.445800419, -28.486554802999894 ], [ -51.454188791, -28.485163359999902 ], [ -51.45824881, -28.496229023 ], [ -51.468515837, -28.500667047 ], [ -51.471659614, -28.505685722 ], [ -51.470702466, -28.512189089999897 ], [ -51.473905288, -28.516808591 ], [ -51.468234106999901, -28.520775276999899 ], [ -51.471941933, -28.525501382999892 ], [ -51.476912561999903, -28.527064804 ], [ -51.478768692, -28.524435937 ], [ -51.487571488999897, -28.523369773999903 ], [ -51.490481981999899, -28.528076405 ], [ -51.496391198, -28.528580061999904 ], [ -51.527253023, -28.546914181 ], [ -51.530282803, -28.546054581 ], [ -51.5307601, -28.534706845 ], [ -51.537008074, -28.52655186 ], [ -51.558266075999903, -28.523594219 ], [ -51.559872170999903, -28.520552403 ], [ -51.567430143, -28.523546471 ], [ -51.572846522, -28.51957065399991 ], [ -51.582045076, -28.522975661 ], [ -51.586907808, -28.520368550999901 ], [ -51.58911535, -28.525480948999892 ], [ -51.593319333, -28.525370064999887 ], [ -51.592897754, -28.529339583 ], [ -51.599861946, -28.529732212999903 ], [ -51.597784809, -28.534664177 ], [ -51.601018021, -28.537939166999891 ], [ -51.611425112999903, -28.535133656 ], [ -51.614943782999902, -28.531084174999901 ], [ -51.60946048200001, -28.524947618999892 ], [ -51.614917712, -28.523954260999986 ], [ -51.6242867879999, -28.515852793 ], [ -51.618183412, -28.513106832999902 ], [ -51.613482925, -28.503201401999895 ], [ -51.614901908, -28.4975380079999 ], [ -51.618805296999902, -28.495403874 ], [ -51.616853427, -28.488989594 ], [ -51.620269177, -28.478226072 ], [ -51.633169683999903, -28.4712653029999 ], [ -51.634508873999899, -28.466379122 ], [ -51.641682002, -28.465613297999901 ], [ -51.651455862, -28.470538012 ], [ -51.65680413, -28.464889706999905 ], [ -51.678036306, -28.463915207 ], [ -51.687121857, -28.466701341 ], [ -51.713158219, -28.454668904999902 ], [ -51.719973738, -28.455236068 ], [ -51.738153408999899, -28.449708839 ], [ -51.747217086, -28.451648975999898 ], [ -51.751699288999909, -28.448690867 ], [ -51.762158374, -28.449098686999893 ], [ -51.764234584, -28.451613285999898 ], [ -51.761829677, -28.458075682999901 ], [ -51.769417625, -28.457773733999904 ], [ -51.77643711, -28.461688448 ], [ -51.770675296, -28.467306511999904 ], [ -51.763338569, -28.46892853 ], [ -51.761254951, -28.473460197 ], [ -51.771328577, -28.475054457999892 ], [ -51.771418582, -28.469255641 ], [ -51.774828098999897, -28.467470304 ], [ -51.784744984, -28.474510984999899 ], [ -51.781195556999897, -28.478507984 ], [ -51.775856462, -28.475434672999892 ], [ -51.780947136, -28.485495226 ], [ -51.774009131999897, -28.48584075 ], [ -51.773850437, -28.493368603 ], [ -51.777381068, -28.493664749999894 ], [ -51.783225340999905, -28.487371098 ], [ -51.790343027999903, -28.487964400999893 ], [ -51.78816045, -28.500612574999892 ], [ -51.77837026600001, -28.504509841999894 ], [ -51.782351424, -28.513179556999905 ], [ -51.787392532999903, -28.515685158999894 ], [ -51.785989569, -28.522005919 ], [ -51.791683105999901, -28.519660773999892 ], [ -51.7955560199999, -28.523275978 ], [ -51.786373427999898, -28.531273013 ], [ -51.799588537, -28.532103957999897 ], [ -51.805948650999909, -28.540325929999899 ], [ -51.802933862, -28.543960737 ], [ -51.808656782999897, -28.544835167 ], [ -51.8141541809999, -28.551672552 ], [ -51.808591437, -28.558317374 ], [ -51.819927608999897, -28.567939426999896 ], [ -51.823731295, -28.563001517 ], [ -51.828468762999897, -28.565181068 ], [ -51.826772280999897, -28.578678128 ], [ -51.832916826, -28.573576054999904 ], [ -51.840528746, -28.577684819 ], [ -51.837116249, -28.580970328 ], [ -51.837572195999897, -28.585677389999898 ], [ -51.842816103, -28.584881408999902 ], [ -51.844366037, -28.589190324999898 ], [ -51.853980596, -28.590586727999895 ], [ -51.857602968, -28.597304252999898 ], [ -51.865191192999902, -28.593040874999897 ], [ -51.871559874999903, -28.594200703 ], [ -51.865312106, -28.599660911999898 ], [ -51.866700838, -28.613757881 ], [ -51.856261202, -28.605883986 ], [ -51.848376962, -28.608680482 ], [ -51.85496288199991, -28.615260588 ], [ -51.8565806249999, -28.629332223999899 ], [ -51.863132478999901, -28.6354598039999 ], [ -51.852542276999905, -28.63787174 ], [ -51.852820111, -28.6436107809999 ], [ -51.838807861, -28.650451201999893 ], [ -51.842304563, -28.652673278999899 ], [ -51.849316356, -28.648923544999899 ], [ -51.860070155, -28.657138158999889 ], [ -51.856809525, -28.661967014 ], [ -51.848153709, -28.663472247999902 ], [ -51.9943679, -28.672501210999901 ], [ -51.992488433999902, -28.657678206 ], [ -51.997248489, -28.652959123 ], [ -51.994108763, -28.648662548999894 ], [ -51.99646985, -28.610489414 ], [ -52.092983876999902, -28.615920808999899 ], [ -52.091649023999899, -28.62882321 ], [ -52.088246603999899, -28.630263609999901 ], [ -52.092565061999899, -28.633290585999905 ], [ -52.100162945, -28.629935525999905 ], [ -52.104942079, -28.647609974 ], [ -52.111097132999902, -28.654179483 ], [ -52.101533046, -28.656649831 ], [ -52.097160016, -28.6746901889999 ], [ -52.092936143, -28.676425369999901 ], [ -52.088676822, -28.672456143000012 ], [ -52.084913993, -28.674112178 ], [ -52.086969805, -28.684866343999904 ], [ -52.090560921, -28.685771143999904 ], [ -52.089810837, -28.69164518 ], [ -52.077167787, -28.687154376 ], [ -52.078876486, -28.699724406 ], [ -52.087358193999904, -28.699186158 ], [ -52.098104502, -28.703306023 ], [ -52.091200360999899, -28.711244205 ], [ -52.080999876, -28.7101572239999 ], [ -52.085437188, -28.71786114 ], [ -52.076672903, -28.7291453079999 ], [ -52.085074753, -28.730837584 ], [ -52.079637186999904, -28.733820976999908 ], [ -52.079757961, -28.740652606 ], [ -52.068521357, -28.747363978 ], [ -52.071187129, -28.754135398 ], [ -52.079620071, -28.761113295 ], [ -52.06869217900001, -28.770957074 ], [ -52.074751155999898, -28.78523272 ], [ -52.066660984, -28.796566109 ], [ -52.059794511, -28.795282452 ], [ -52.06333763, -28.809590049 ], [ -52.069257942, -28.805286668 ], [ -52.079076398, -28.80620148399991 ], [ -52.080171522999898, -28.80849638 ], [ -52.083192477999901, -28.806223888 ], [ -52.093116935999902, -28.809316602 ], [ -52.103346068999898, -28.807613374 ], [ -52.108178457, -28.811200743000011 ], [ -52.121340777999897, -28.806356761 ], [ -52.124993329999903, -28.810522448 ], [ -52.136809104, -28.803575499999987 ], [ -52.135781318999904, -28.807213530999903 ], [ -52.1406447479999, -28.808306159 ], [ -52.142890135, -28.813409030999903 ], [ -52.146081379, -28.809723993 ], [ -52.148559115999902, -28.812365687999893 ], [ -52.162034053999903, -28.81231345 ], [ -52.171221677999903, -28.823606907999896 ], [ -52.177798241999902, -28.820828341 ], [ -52.182264395999901, -28.823910297999898 ], [ -52.197686567999909, -28.819873986999902 ], [ -52.201981976999903, -28.822011320999895 ], [ -52.210387163, -28.810568096999909 ], [ -52.220818893999905, -28.809127402999902 ], [ -52.236260863, -28.816400991 ], [ -52.2441070799999, -28.828801548999895 ], [ -52.254896115, -28.823404793 ], [ -52.258567829, -28.816425357999897 ], [ -52.270375277, -28.807676721999901 ], [ -52.27861774, -28.813200605 ], [ -52.2835031, -28.813245660999897 ], [ -52.298474251, -28.806099717999892 ], [ -52.309965102, -28.811224228999901 ], [ -52.321170815999899, -28.8097286 ], [ -52.327316063, -28.813626864 ], [ -52.324133461, -28.817999334 ], [ -52.329403094, -28.820943095 ], [ -52.322009513, -28.822469675 ], [ -52.317124952, -28.829037125999896 ], [ -52.309581936, -28.82917379 ], [ -52.312139841, -28.838683606 ], [ -52.3050368, -28.842738566 ], [ -52.312682566, -28.848869076 ], [ -52.304490834, -28.85137779 ], [ -52.296419594, -28.847098758 ], [ -52.296615347999897, -28.852003822 ], [ -52.3060490129999, -28.853762521 ], [ -52.303289908999901, -28.857546189999894 ], [ -52.309301703, -28.863420908999988 ], [ -52.302470846999903, -28.862346468999899 ], [ -52.29493110100001, -28.867031266 ], [ -52.29958672, -28.868875183999908 ], [ -52.301278049, -28.873354377999902 ], [ -52.289693648, -28.878879040999898 ], [ -52.293176053, -28.888294421999902 ], [ -52.278244190999899, -28.887706731 ], [ -52.281017173, -28.893955316999893 ], [ -52.289230516, -28.895811567999907 ], [ -52.27819053, -28.899966449 ], [ -52.280336658999907, -28.91246712 ], [ -52.26558821, -28.922284223999984 ], [ -52.27318508, -28.931191913 ], [ -52.260750574, -28.932590592999905 ], [ -52.262357709999897, -28.938503345 ], [ -52.267213978, -28.939601449 ], [ -52.267651551, -28.945423317999897 ], [ -52.2574286, -28.951997897 ], [ -52.261214091999904, -28.96023447399989 ], [ -52.255220516999898, -28.959908852 ], [ -52.248769812, -28.96486012 ], [ -52.243942580999899, -28.962773999 ], [ -52.244546524, -28.969849152999895 ], [ -52.240957, -28.971803840999904 ], [ -52.234368236, -28.968724673999901 ], [ -52.239120727999897, -28.975532189 ], [ -52.22713686908061, -28.970940699041609 ], [ -52.230792454635605, -28.987366221467909 ], [ -52.224309035915603, -28.990694831078798 ], [ -52.232509284592801, -28.997248375001391 ], [ -52.221966854152903, -29.002361189763999 ], [ -52.214640695499398, -29.011305453089108 ], [ -52.220736225599602, -29.010967889614498 ], [ -52.229765739170901, -29.017099169817708 ], [ -52.214739833285904, -29.027436862166592 ], [ -52.228149284503701, -29.041081439063209 ], [ -52.215589448238809, -29.039472134416595 ], [ -52.215382235140702, -29.046579117437311 ], [ -52.2226774562047, -29.050239928007407 ], [ -52.219180821108601, -29.053628212790507 ], [ -52.212795027670502, -29.049333525390296 ], [ -52.208640590675103, -29.051580006876609 ], [ -52.210005419615896, -29.062502763414692 ], [ -52.213775405501202, -29.0641134430652 ], [ -52.217366640870402, -29.061671161013503 ], [ -52.223778971884997, -29.068147017211395 ], [ -52.204974417589398, -29.072378729429911 ], [ -52.207603012679307, -29.080468015286893 ], [ -52.221595053079398, -29.076648804259491 ], [ -52.206560209668297, -29.085752430544908 ], [ -52.212262626133302, -29.094574456017305 ], [ -52.224714137, -29.099831435999903 ], [ -52.246892870999901, -29.101982957 ], [ -52.2515971569999, -29.109834898 ], [ -52.252217491, -29.118724046999905 ], [ -52.268282297, -29.117574010999899 ], [ -52.281055847999902, -29.124928192 ], [ -52.283850397, -29.130409378 ], [ -52.290455420999898, -29.129658493 ], [ -52.294127389, -29.13768169 ], [ -52.287961766, -29.138742329 ], [ -52.284381304, -29.150725652999895 ], [ -52.289590688, -29.15202526900001 ], [ -52.286692759999909, -29.155509667999986 ], [ -52.292198004999896, -29.15460036 ], [ -52.292362559, -29.16391292 ], [ -52.299251888, -29.164064584 ], [ -52.300338603999897, -29.152699593 ], [ -52.310487826, -29.158495225 ], [ -52.313209879999903, -29.157173799 ], [ -52.3170972039999, -29.145911479999899 ], [ -52.322672046, -29.146932073999903 ], [ -52.324552652, -29.156199398999899 ], [ -52.327317246999897, -29.156297074 ], [ -52.342463635999898, -29.140628736999901 ], [ -52.351419452, -29.150171570999902 ], [ -52.373066561, -29.143576197999892 ], [ -52.369436441999902, -29.150729324999897 ], [ -52.376979029, -29.151904203999894 ], [ -52.386311959999901, -29.147582541 ], [ -52.392912566999897, -29.15109496 ], [ -52.402017482, -29.148838704 ], [ -52.408009062, -29.156955212999904 ], [ -52.425106166, -29.146883058999897 ], [ -52.425415142, -29.156478021999895 ], [ -52.431074855, -29.164121495 ], [ -52.427407602999899, -29.170417089 ], [ -52.438597758999897, -29.189856915999908 ], [ -52.435031267999904, -29.200112874 ], [ -52.438244805, -29.206291426 ], [ -52.433824759999901, -29.207906737 ], [ -52.439490596, -29.218821622 ], [ -52.439439641, -29.22937296 ], [ -52.456434774999899, -29.240291643 ], [ -52.464117696, -29.236699782999899 ], [ -52.473473234, -29.238895977 ], [ -52.480954219999902, -29.237087761999895 ], [ -52.481142303, -29.245458986 ], [ -52.495838632, -29.243925625 ], [ -52.504828416, -29.249713781 ], [ -52.511177085, -29.245120148999895 ], [ -52.51769474, -29.246248831999903 ], [ -52.528176082, -29.259916899 ], [ -52.523740318, -29.267363068 ], [ -52.526264937, -29.280458796999913 ], [ -52.5231169159999, -29.284740308 ], [ -52.526390194, -29.287076643 ], [ -52.523620423999901, -29.296745692999899 ], [ -52.533573293, -29.3170239909999 ], [ -52.531213768, -29.321541620999898 ], [ -52.536315043999899, -29.324369595 ], [ -52.53369427, -29.333180795 ], [ -52.53742011, -29.333365990999898 ], [ -52.533953139999902, -29.336173884999894 ], [ -52.536581477, -29.339886636999896 ], [ -52.531819712, -29.342774076999902 ], [ -52.531638332999897, -29.3477395809999 ], [ -52.538089574, -29.348794521999896 ], [ -52.534288996, -29.360264582 ], [ -52.543212274, -29.3672285879999 ], [ -52.538065351999897, -29.369383164999896 ], [ -52.542844067, -29.3763747849999 ], [ -52.552458235, -29.375422288 ], [ -52.565250771, -29.368763655 ], [ -52.572788623, -29.375996777999895 ], [ -52.581670938999899, -29.366212376 ], [ -52.596527441, -29.365637939 ], [ -52.602385902, -29.360976329 ], [ -52.600707929, -29.358126317 ], [ -52.603228811999898, -29.356418093999896 ], [ -52.621570552, -29.35992928 ], [ -52.625593196999901, -29.338776157 ], [ -52.634299396, -29.33036815 ], [ -52.648569418, -29.329885528 ], [ -52.660878694, -29.320352984999897 ], [ -52.672050017999901, -29.319416347 ], [ -52.676771390999903, -29.314713835999989 ], [ -52.683470412, -29.3171055729999 ], [ -52.686504414999902, -29.308662318 ], [ -52.699879849999903, -29.304506535999984 ], [ -52.708039501, -29.304012128 ], [ -52.71144940300001, -29.307518624999901 ], [ -52.719054352999898, -29.305963302999892 ], [ -52.724288720999901, -29.316445829 ], [ -52.718978561, -29.320800383999895 ], [ -52.72659149, -29.320229019999893 ], [ -52.727628400999897, -29.327695336 ], [ -52.732688326, -29.32871755 ], [ -52.729207668999898, -29.342379548999901 ], [ -52.740222208, -29.334778094999894 ], [ -52.741186924, -29.3447420759999 ], [ -52.734195005999901, -29.349203723999899 ], [ -52.741388617, -29.348810181 ], [ -52.745175087999897, -29.367705306999898 ], [ -52.750303714787002, -29.363406370037005 ], [ -52.759296432582701, -29.364493499142394 ], [ -52.764739262, -29.357504710999905 ], [ -52.781049638103404, -29.351777275631804 ], [ -52.7780556066419, -29.349796894680008 ], [ -52.777931666841603, -29.343786699649801 ], [ -52.796053227, -29.330312762999899 ], [ -52.795943370588397, -29.3273639244157 ], [ -52.7998249045826, -29.330991526279508 ], [ -52.803287509071303, -29.329604846212209 ], [ -52.802516351126798, -29.325326031304197 ], [ -52.808155516733699, -29.323838714540095 ], [ -52.814451161258603, -29.316347131594291 ], [ -52.820474150546602, -29.316264340358199 ], [ -52.8245081008873, -29.327471239083994 ], [ -52.832829374213503, -29.328450994760708 ], [ -52.837284824236399, -29.325795457881402 ], [ -52.840380222, -29.328619739 ], [ -52.852586006, -29.319386331 ], [ -52.857137394999903, -29.321631146999888 ], [ -52.857967105999897, -29.317271441999903 ], [ -52.871959854999901, -29.321822380999897 ], [ -52.87443624, -29.319670280000011 ], [ -52.879198946, -29.321316534999909 ], [ -52.887915942999904, -29.315433208999895 ], [ -52.890165553, -29.319690894 ], [ -52.899445630999899, -29.316239426 ], [ -52.891227843, -29.312668502 ], [ -52.891144633, -29.308309053 ], [ -52.882578946, -29.300934471999899 ], [ -52.8884507, -29.295609279 ], [ -52.886000575, -29.294591484 ], [ -52.885960247999897, -29.285074113999901 ], [ -52.895605847999903, -29.273932374 ], [ -52.893083351, -29.272177325 ], [ -52.896257657, -29.266030891 ], [ -52.885964521999902, -29.262881259 ], [ -52.884498101, -29.255395431999894 ], [ -52.885474493999901, -29.249978534 ], [ -52.892546997, -29.245414530999884 ], [ -52.889786095, -29.236905475999901 ], [ -52.892958265999908, -29.232061764 ], [ -52.896130008999897, -29.234826046 ], [ -52.899687163, -29.233281209000015 ], [ -52.897461511, -29.215626019 ], [ -52.885027021, -29.209096541999905 ], [ -52.883304285999905, -29.197816139999894 ], [ -52.879185784, -29.192949527999897 ], [ -52.868971648999903, -29.188841135 ], [ -52.869141237, -29.184789835999901 ], [ -52.840665093, -29.140206848999984 ], [ -52.836587428, -29.141108879999901 ], [ -52.830263809, -29.137705023000013 ], [ -52.821694229999899, -29.122340903999902 ], [ -52.817262856999903, -29.122068062 ], [ -52.816524693, -29.118349807 ], [ -52.803582580999901, -29.120222968999901 ], [ -52.797178994, -29.114664897 ], [ -52.79097245, -29.117125996 ], [ -52.797560651, -29.111550751 ], [ -52.8020771179999, -29.101275465 ], [ -52.806104362, -29.102426382 ], [ -52.808537478999902, -29.091868867999903 ], [ -52.816866188999903, -29.083707999999895 ], [ -52.808395041, -29.073722352999901 ], [ -52.803374694, -29.04313272 ], [ -52.80835719399991, -29.044327224 ], [ -52.810372421999901, -29.041402352 ], [ -52.814601261999897, -29.041610238 ], [ -52.8108459319999, -29.033774552999908 ], [ -52.817135473999897, -29.031508898 ], [ -52.829433679, -29.03114389 ], [ -52.828123016999903, -29.035201974 ], [ -52.8319718549999, -29.036769112999902 ], [ -52.835646757999903, -29.031706677999988 ], [ -52.837144441, -29.038043591 ], [ -52.840291111999903, -29.0393464059999 ], [ -52.84717324, -29.03352554 ], [ -52.847330674, -29.038113336 ], [ -52.8560429569999, -29.043545582 ], [ -52.86208271000001, -29.0397718309999 ], [ -52.865476209, -29.043791582 ], [ -52.868822162, -29.040992506999899 ], [ -52.870220665, -29.043811724 ], [ -52.877326598, -29.044977324999909 ], [ -52.875186282999898, -29.051082216999905 ], [ -52.889172744999897, -29.045049654 ], [ -52.891673893, -29.052644674 ], [ -52.895993470999905, -29.054801181999903 ], [ -52.901053562, -29.049020274999986 ], [ -52.908649665, -29.060552936 ], [ -52.916346731, -29.053850116 ], [ -52.922298584, -29.0563022229999 ], [ -52.929379212999898, -29.075953399999896 ], [ -52.9351172739999, -29.066983932 ], [ -52.949486152, -29.067562644 ], [ -52.958319093999897, -29.06043414 ], [ -52.960426251999898, -29.06259217 ], [ -52.956890434999906, -29.074734704 ], [ -52.951400786, -29.081124221 ], [ -52.948430225, -29.095795981 ], [ -52.952142974, -29.098618061 ], [ -52.962262338, -29.095089946000012 ], [ -52.974203982999903, -29.096156997 ], [ -52.971927756999904, -29.10833386 ], [ -52.980139171, -29.101721574 ], [ -52.984378713999902, -29.102897659 ], [ -52.989597445999898, -29.113552537 ], [ -52.987967688, -29.123438958999895 ], [ -52.998255786, -29.11663634 ], [ -53.002387618999897, -29.125176613999894 ], [ -52.998252444999899, -29.126707758999899 ], [ -52.993434152, -29.136927359 ], [ -53.011370804, -29.138532211 ], [ -53.011130368, -29.145727343 ], [ -53.005072715, -29.148324621 ], [ -53.009189733, -29.154757891 ], [ -53.016751913999897, -29.155679731 ], [ -53.040886666999903, -29.140262214 ], [ -53.041868673, -29.13407519 ], [ -53.047404818, -29.1299550919999 ], [ -53.059554209999902, -29.127755697999905 ], [ -53.064260384, -29.129487801 ], [ -53.075974341999903, -29.124712701 ], [ -53.078075817999903, -29.112902257 ], [ -53.074061171, -29.112254490999895 ], [ -53.076795349, -29.101031556 ], [ -53.069775365999902, -29.09910332 ], [ -53.077156892999902, -29.086976525 ], [ -53.073993382, -29.079451886999898 ], [ -53.083732477999909, -29.073516535999893 ], [ -53.087860658, -29.074798974999979 ], [ -53.094857495, -29.067694167999917 ], [ -53.106522694, -29.066011056 ], [ -53.108626302999902, -29.050324981999903 ], [ -53.117860744, -29.044269116999896 ], [ -53.130936188, -29.04404025 ], [ -53.1364092869999, -29.03423372 ], [ -53.143110222, -29.030256526999892 ], [ -53.138674326999904, -29.030369804 ], [ -53.139698202, -29.026985078999896 ], [ -53.151547932, -29.024731002 ], [ -53.146339521999906, -28.996972206 ], [ -53.129043167, -28.987228691999988 ] ] ] } }
]
}
