DATA_BASE;TIPO_DESENROLA;UNIDADE_FEDERACAO;COD_CONGLOMERADO_FINANCEIRO;NOME_CONGLOMERADO_FINANCEIRO;NUMERO_OPERACOES;VOLUME_OPERACOES
202309;2;AC;49906;BB;140;1418395,99
202309;2;AC;10045;BRADESCO;15;83829,79
202309;2;AC;49944;BTG PACTUAL;7;37788,79
202309;2;AC;51626;CAIXA ECONÔMICA FEDERAL;81;246145,92
202309;2;AC;51884;INTER;4;12306,86
202309;2;AC;10069;ITAU;144;316331,72
202309;2;AC;30379;SANTANDER;232;1024530,13
202309;2;AC;51011;VOTORANTIM;16;63205,99
202309;2;AL;49906;BB;363;1913928,14
202309;2;AL;13009717;BCO DO EST. DE SE S.A.;1;3362,67
202309;2;AL;10045;BRADESCO;108;511735,61
202309;2;AL;49944;BTG PACTUAL;21;132834,28
202309;2;AL;51626;CAIXA ECONÔMICA FEDERAL;312;693197,85
202309;2;AL;51884;INTER;35;134651,20
202309;2;AL;10069;ITAU;1357;2958332,86
202309;2;AL;30379;SANTANDER;1256;4855449,83
202309;2;AL;51011;VOTORANTIM;48;148710,10
202309;2;AM;49906;BB;307;2449508,28
202309;2;AM;10045;BRADESCO;369;2492521,54
202309;2;AM;49944;BTG PACTUAL;21;153686,00
202309;2;AM;51626;CAIXA ECONÔMICA FEDERAL;218;438181,32
202309;2;AM;51884;INTER;22;74837,60
202309;2;AM;10069;ITAU;1307;3177249,70
202309;2;AM;30379;SANTANDER;2019;8371789,23
202309;2;AM;51011;VOTORANTIM;63;613296,71
202309;2;AP;49906;BB;223;2058233,10
202309;2;AP;10045;BRADESCO;18;187564,28
202309;2;AP;49944;BTG PACTUAL;7;36848,42
202309;2;AP;51626;CAIXA ECONÔMICA FEDERAL;66;150355,33
202309;2;AP;51884;INTER;14;48998,53
202309;2;AP;10069;ITAU;204;470889,49
202309;2;AP;30379;SANTANDER;407;1472417,07
202309;2;AP;51011;VOTORANTIM;11;59548,56
202309;2;BA;49906;BB;1535;11128627,49
202309;2;BA;10045;BRADESCO;680;3678942,34
202309;2;BA;49944;BTG PACTUAL;76;355683,91
202309;2;BA;51626;CAIXA ECONÔMICA FEDERAL;1195;2069185,00
202309;2;BA;51884;INTER;129;557565,26
202309;2;BA;10069;ITAU;6907;15390910,55
202309;2;BA;30379;SANTANDER;8120;29227847,64
202309;2;BA;51011;VOTORANTIM;192;1307913,99
202309;2;CE;49906;BB;973;6978990,71
202309;2;CE;10045;BRADESCO;433;2999572,06
202309;2;CE;49944;BTG PACTUAL;42;177031,25
202309;2;CE;51626;CAIXA ECONÔMICA FEDERAL;710;1299168,26
202309;2;CE;51884;INTER;77;376253,75
202309;2;CE;10069;ITAU;4056;8991571,51
202309;2;CE;30379;SANTANDER;4300;17235541,52
202309;2;CE;51011;VOTORANTIM;160;798643,76
202309;2;DF;49906;BB;399;4219099,63
202309;2;DF;10045;BRADESCO;169;911548,15
202309;2;DF;49944;BTG PACTUAL;35;217515,46
202309;2;DF;51626;CAIXA ECONÔMICA FEDERAL;447;1052877,31
202309;2;DF;51884;INTER;59;365436,86
202309;2;DF;10069;ITAU;2256;6198897,81
202309;2;DF;30379;SANTANDER;2498;14424055,15
202309;2;DF;51011;VOTORANTIM;76;438952,88
202309;2;ES;49906;BB;292;1968526,87
202309;2;ES;10045;BRADESCO;152;1048216,27
202309;2;ES;49944;BTG PACTUAL;15;42593,50
202309;2;ES;51626;CAIXA ECONÔMICA FEDERAL;361;705873,54
202309;2;ES;51884;INTER;53;234107,98
202309;2;ES;10069;ITAU;1514;3544027,97
202309;2;ES;30379;SANTANDER;2091;8678068,91
202309;2;ES;51011;VOTORANTIM;93;530402,84
202309;2;GO;49906;BB;664;4597277,86
202309;2;GO;10045;BRADESCO;323;2082691,70
202309;2;GO;49944;BTG PACTUAL;42;238775,52
202309;2;GO;51626;CAIXA ECONÔMICA FEDERAL;1072;2124375,80
202309;2;GO;51884;INTER;73;334468,97
202309;2;GO;10069;ITAU;4001;9626923,83
202309;2;GO;30379;SANTANDER;3757;15870653,00
202309;2;GO;51011;VOTORANTIM;171;1150371,15
202309;2;MA;49906;BB;1084;7583238,46
202309;2;MA;10045;BRADESCO;247;1231867,91
202309;2;MA;49944;BTG PACTUAL;25;215612,95
202309;2;MA;51626;CAIXA ECONÔMICA FEDERAL;320;541462,39
202309;2;MA;51884;INTER;28;122086,39
202309;2;MA;10069;ITAU;1403;3073625,30
202309;2;MA;30379;SANTANDER;1938;7340860,98
202309;2;MA;51011;VOTORANTIM;81;694436,73
202309;2;MG;49906;BB;1785;15719098,04
202309;2;MG;10045;BRADESCO;793;4457830,11
202309;2;MG;49944;BTG PACTUAL;109;681181,77
202309;2;MG;51626;CAIXA ECONÔMICA FEDERAL;1917;3218261,79
202309;2;MG;51884;INTER;328;1370597,18
202309;2;MG;10069;ITAU;11100;25799847,60
202309;2;MG;30379;SANTANDER;11124;47484864,58
202309;2;MG;51011;VOTORANTIM;554;2972363,93
202309;2;MS;49906;BB;478;3651703,07
202309;2;MS;10045;BRADESCO;255;1920002,83
202309;2;MS;49944;BTG PACTUAL;15;104457,44
202309;2;MS;51626;CAIXA ECONÔMICA FEDERAL;303;532865,20
202309;2;MS;51884;INTER;21;145094,22
202309;2;MS;10069;ITAU;1004;2467747,15
202309;2;MS;30379;SANTANDER;1805;8448529,49
202309;2;MS;51011;VOTORANTIM;150;1061853,40
202309;2;MT;49906;BB;539;4235340,95
202309;2;MT;10045;BRADESCO;201;1444357,42
202309;2;MT;49944;BTG PACTUAL;16;150234,67
202309;2;MT;51626;CAIXA ECONÔMICA FEDERAL;320;596696,67
202309;2;MT;51884;INTER;38;215852,55
202309;2;MT;10069;ITAU;1063;2628066,38
202309;2;MT;30379;SANTANDER;1526;8065149,00
202309;2;MT;51011;VOTORANTIM;117;854615,33
202309;2;PA;49906;BB;856;5938963,52
202309;2;PA;10045;BRADESCO;349;2230711,90
202309;2;PA;49944;BTG PACTUAL;37;328941,60
202309;2;PA;51626;CAIXA ECONÔMICA FEDERAL;528;866904,74
202309;2;PA;51884;INTER;53;166117,43
202309;2;PA;10069;ITAU;2215;4898194,86
202309;2;PA;30379;SANTANDER;2862;10629347,83
202309;2;PA;51011;VOTORANTIM;103;935395,94
202309;2;PB;49906;BB;505;3238684,09
202309;2;PB;10045;BRADESCO;192;954527,27
202309;2;PB;49944;BTG PACTUAL;29;66923,05
202309;2;PB;51626;CAIXA ECONÔMICA FEDERAL;309;577176,39
202309;2;PB;51884;INTER;32;103839,54
202309;2;PB;10069;ITAU;2121;5280749,44
202309;2;PB;30379;SANTANDER;1973;7766905,97
202309;2;PB;51011;VOTORANTIM;96;537513,08
202309;2;PE;49906;BB;774;4779539,68
202309;2;PE;10045;BRADESCO;482;3319105,38
202309;2;PE;49944;BTG PACTUAL;65;260209,44
202309;2;PE;51626;CAIXA ECONÔMICA FEDERAL;620;953956,07
202309;2;PE;51884;INTER;77;342226,45
202309;2;PE;10069;ITAU;5336;12142440,09
202309;2;PE;30379;SANTANDER;5601;23340178,07
202309;2;PE;51011;VOTORANTIM;134;752789,86
202309;2;PI;49906;BB;633;4203352,98
202309;2;PI;10045;BRADESCO;97;450542,18
202309;2;PI;49944;BTG PACTUAL;24;56535,62
202309;2;PI;51626;CAIXA ECONÔMICA FEDERAL;364;687492,63
202309;2;PI;51884;INTER;27;99953,35
202309;2;PI;10069;ITAU;1033;2059791,57
202309;2;PI;30379;SANTANDER;1070;4217813,79
202309;2;PI;51011;VOTORANTIM;56;331480,73
202309;2;PR;49906;BB;751;5272066,79
202309;2;PR;10045;BRADESCO;606;3707587,46
202309;2;PR;49944;BTG PACTUAL;80;688144,01
202309;2;PR;51626;CAIXA ECONÔMICA FEDERAL;1808;3986495,91
202309;2;PR;51884;INTER;106;490970,26
202309;2;PR;10069;ITAU;6900;18373799,54
202309;2;PR;30379;SANTANDER;6824;30223982,37
202309;2;PR;51011;VOTORANTIM;471;3112429,44
202309;2;RJ;49906;BB;1017;8237143,55
202309;2;RJ;13009717;BCO DO EST. DE SE S.A.;1;6162,61
202309;2;RJ;10045;BRADESCO;1402;9539150,12
202309;2;RJ;49944;BTG PACTUAL;147;903068,26
202309;2;RJ;51626;CAIXA ECONÔMICA FEDERAL;1448;2604351,13
202309;2;RJ;51884;INTER;156;819773,96
202309;2;RJ;10069;ITAU;18186;42732363,54
202309;2;RJ;30379;SANTANDER;19826;89742923,28
202309;2;RJ;51011;VOTORANTIM;520;3482053,14
202309;2;RN;49906;BB;603;4659351,82
202309;2;RN;10045;BRADESCO;113;627074,49
202309;2;RN;49944;BTG PACTUAL;14;60528,93
202309;2;RN;51626;CAIXA ECONÔMICA FEDERAL;286;628503,55
202309;2;RN;51884;INTER;45;172322,86
202309;2;RN;10069;ITAU;1742;3845637,28
202309;2;RN;30379;SANTANDER;1755;7320896,02
202309;2;RN;51011;VOTORANTIM;91;442117,64
202309;2;RO;49906;BB;251;2971267,06
202309;2;RO;10045;BRADESCO;55;306068,65
202309;2;RO;49944;BTG PACTUAL;8;22097,62
202309;2;RO;51626;CAIXA ECONÔMICA FEDERAL;189;360081,86
202309;2;RO;51884;INTER;17;89880,38
202309;2;RO;10069;ITAU;343;885648,63
202309;2;RO;30379;SANTANDER;544;2833389,50
202309;2;RO;51011;VOTORANTIM;44;397045,38
202309;2;RR;49906;BB;139;1230805,17
202309;2;RR;10045;BRADESCO;15;128990,25
202309;2;RR;49944;BTG PACTUAL;4;13661,74
202309;2;RR;51626;CAIXA ECONÔMICA FEDERAL;56;147379,20
202309;2;RR;51884;INTER;5;44723,51
202309;2;RR;10069;ITAU;216;433073,86
202309;2;RR;30379;SANTANDER;306;813443,59
202309;2;RR;51011;VOTORANTIM;13;115647,06
202309;2;RS;49906;BB;690;4555144,25
202309;2;RS;10045;BRADESCO;286;1702925,03
202309;2;RS;49944;BTG PACTUAL;77;491758,08
202309;2;RS;51626;CAIXA ECONÔMICA FEDERAL;1742;3838467,05
202309;2;RS;51884;INTER;70;336269,06
202309;2;RS;10069;ITAU;4496;10106841,10
202309;2;RS;30379;SANTANDER;6257;25087196,18
202309;2;RS;51011;VOTORANTIM;314;1923797,55
202309;2;SC;49906;BB;700;5224154,60
202309;2;SC;10045;BRADESCO;294;2265196,53
202309;2;SC;49944;BTG PACTUAL;53;532260,69
202309;2;SC;51626;CAIXA ECONÔMICA FEDERAL;1119;2612825,58
202309;2;SC;51884;INTER;57;217159,84
202309;2;SC;10069;ITAU;3238;8092387,62
202309;2;SC;30379;SANTANDER;3540;15670806,31
202309;2;SC;51011;VOTORANTIM;354;2616491,07
202309;2;SE;49906;BB;233;1396925,16
202309;2;SE;13009717;BCO DO EST. DE SE S.A.;104;578089,76
202309;2;SE;10045;BRADESCO;58;219746,57
202309;2;SE;49944;BTG PACTUAL;9;34133,79
202309;2;SE;51626;CAIXA ECONÔMICA FEDERAL;215;312094,64
202309;2;SE;51884;INTER;11;80264,52
202309;2;SE;10069;ITAU;884;1917474,94
202309;2;SE;30379;SANTANDER;890;3365612,92
202309;2;SE;51011;VOTORANTIM;41;137712,82
202309;2;SP;49906;BB;3439;25220893,88
202309;2;SP;13009717;BCO DO EST. DE SE S.A.;2;10144,96
202309;2;SP;10045;BRADESCO;4184;25474642,89
202309;2;SP;49944;BTG PACTUAL;481;3240632,08
202309;2;SP;51626;CAIXA ECONÔMICA FEDERAL;4440;8266564,32
202309;2;SP;51884;INTER;587;2950358,72
202309;2;SP;10069;ITAU;41365;106935755,57
202309;2;SP;30379;SANTANDER;46391;214436397,20
202309;2;SP;51011;VOTORANTIM;2133;12332160,03
202309;2;TO;49906;BB;264;2177883,53
202309;2;TO;10045;BRADESCO;80;665578,73
202309;2;TO;49944;BTG PACTUAL;6;36191,19
202309;2;TO;51626;CAIXA ECONÔMICA FEDERAL;139;280314,04
202309;2;TO;51884;INTER;14;74673,71
202309;2;TO;10069;ITAU;273;501316,82
202309;2;TO;30379;SANTANDER;397;1486758,35
202309;2;TO;51011;VOTORANTIM;32;177195,75
202310;1;AC;51750;BANCO SICOOB;1;434,02
202310;1;AC;49906;BB;58;34550,72
202310;1;AC;30290;BMG;37;28745,90
202310;1;AC;10045;BRADESCO;24;12782,17
202310;1;AC;49944;BTG PACTUAL;66;52694,82
202310;1;AC;52072;C6 BANK;7;3372,69
202310;1;AC;51626;CAIXA ECONÔMICA FEDERAL;56;40733,02
202310;1;AC;51884;INTER;168;123332,14
202310;1;AC;10069;ITAU;23;18147,59
202310;1;AC;52058;NUBANK;373;233735,36
202310;1;AC;30379;SANTANDER;40;25853,03
202310;1;AC;3632872;SICOOB CREDISUL;2;3118,90
202310;1;AC;51011;VOTORANTIM;3;2978,62
202310;1;AL;51750;BANCO SICOOB;2;2103,80
202310;1;AL;49906;BB;118;66544,29
202310;1;AL;30290;BMG;169;140621,72
202310;1;AL;10045;BRADESCO;122;88031,11
202310;1;AL;49944;BTG PACTUAL;304;224381,49
202310;1;AL;52072;C6 BANK;37;20096,41
202310;1;AL;51626;CAIXA ECONÔMICA FEDERAL;187;106527,00
202310;1;AL;51884;INTER;736;545328,88
202310;1;AL;10069;ITAU;157;109350,47
202310;1;AL;52058;NUBANK;964;603613,46
202310;1;AL;30379;SANTANDER;110;78461,19
202310;1;AL;51011;VOTORANTIM;13;12748,86
202310;1;AM;51750;BANCO SICOOB;1;410,28
202310;1;AM;49906;BB;75;38216,78
202310;1;AM;30290;BMG;194;196336,71
202310;1;AM;10045;BRADESCO;416;301094,80
202310;1;AM;49944;BTG PACTUAL;435;341490,47
202310;1;AM;52072;C6 BANK;48;38976,37
202310;1;AM;51626;CAIXA ECONÔMICA FEDERAL;215;161028,29
202310;1;AM;2015588;CCLA DO CENTRO SUL RONDONIENSE;1;1229,59
202310;1;AM;51884;INTER;944;762160,69
202310;1;AM;10069;ITAU;277;210187,72
202310;1;AM;52058;NUBANK;1663;1134071,42
202310;1;AM;30379;SANTANDER;255;173403,63
202310;1;AM;5203605;SICOOB AMAZÔNIA;1;242,13
202310;1;AM;51011;VOTORANTIM;12;6225,29
202310;1;AP;49906;BB;41;20219,79
202310;1;AP;30290;BMG;31;27033,28
202310;1;AP;10045;BRADESCO;27;20147,09
202310;1;AP;49944;BTG PACTUAL;60;48818,75
202310;1;AP;52072;C6 BANK;15;7823,60
202310;1;AP;51626;CAIXA ECONÔMICA FEDERAL;23;12487,90
202310;1;AP;51884;INTER;121;84460,81
202310;1;AP;10069;ITAU;30;18269,23
202310;1;AP;52058;NUBANK;253;141012,52
202310;1;AP;30379;SANTANDER;27;12747,58
202310;1;AP;51011;VOTORANTIM;1;1058,74
202310;1;BA;51750;BANCO SICOOB;5;2924,84
202310;1;BA;49906;BB;524;294976,90
202310;1;BA;30290;BMG;701;564513,25
202310;1;BA;10045;BRADESCO;947;617703,07
202310;1;BA;49944;BTG PACTUAL;1427;1092123,22
202310;1;BA;52072;C6 BANK;204;120589,71
202310;1;BA;51626;CAIXA ECONÔMICA FEDERAL;667;452871,86
202310;1;BA;4174720;CC SICOOB COOPEMAR;2;465,87
202310;1;BA;4321309;CC SICOOB CRED EXECUTIVO;1;496,42
202310;1;BA;2282165;CC SICOOB CREDICONQUISTA;1;973,13
202310;1;BA;2876918;CC SICOOB NORTE SUL;2;1241,14
202310;1;BA;51884;INTER;2884;2102841,95
202310;1;BA;10069;ITAU;728;551073,81
202310;1;BA;52058;NUBANK;4284;2658920,53
202310;1;BA;30379;SANTANDER;693;491244,75
202310;1;BA;73398646;SOC CC SICOOB COOPERE;4;3408,89
202310;1;BA;51011;VOTORANTIM;50;44741,01
202310;1;CE;51750;BANCO SICOOB;1;346,99
202310;1;CE;49906;BB;440;272241,86
202310;1;CE;30290;BMG;653;557523,42
202310;1;CE;10045;BRADESCO;940;672823,96
202310;1;CE;49944;BTG PACTUAL;1271;1013701,18
202310;1;CE;52072;C6 BANK;157;94982,17
202310;1;CE;51626;CAIXA ECONÔMICA FEDERAL;650;443127,80
202310;1;CE;51884;INTER;2901;2175019,37
202310;1;CE;10069;ITAU;556;423083,90
202310;1;CE;52058;NUBANK;4358;2868175,24
202310;1;CE;30379;SANTANDER;654;494368,51
202310;1;CE;51011;VOTORANTIM;50;42538,11
202310;1;DF;51750;BANCO SICOOB;8;3853,67
202310;1;DF;49906;BB;176;99406,44
202310;1;DF;30290;BMG;283;233126,84
202310;1;DF;10045;BRADESCO;152;101866,50
202310;1;DF;49944;BTG PACTUAL;488;370576,34
202310;1;DF;52072;C6 BANK;94;60462,42
202310;1;DF;51626;CAIXA ECONÔMICA FEDERAL;182;120859,27
202310;1;DF;694877;COOP SICOOB EXECUTIVO LTDA.;1;193,48
202310;1;DF;51884;INTER;1231;919481,94
202310;1;DF;10069;ITAU;262;202024,59
202310;1;DF;52058;NUBANK;1700;1099109,38
202310;1;DF;30379;SANTANDER;253;183782,30
202310;1;DF;51011;VOTORANTIM;8;8369,14
202310;1;ES;51750;BANCO SICOOB;25;24421,71
202310;1;ES;49906;BB;91;59510,26
202310;1;ES;30290;BMG;207;178410,31
202310;1;ES;10045;BRADESCO;133;92062,57
202310;1;ES;49944;BTG PACTUAL;358;279489,86
202310;1;ES;52072;C6 BANK;38;21979,84
202310;1;ES;51626;CAIXA ECONÔMICA FEDERAL;212;135907,08
202310;1;ES;51884;INTER;910;656947,54
202310;1;ES;10069;ITAU;220;158037,79
202310;1;ES;52058;NUBANK;1203;753007,43
202310;1;ES;30379;SANTANDER;240;188661,40
202310;1;ES;51011;VOTORANTIM;11;9591,39
202310;1;GO;51750;BANCO SICOOB;10;8290,70
202310;1;GO;49906;BB;148;83794,66
202310;1;GO;30290;BMG;340;279669,53
202310;1;GO;10045;BRADESCO;248;160870,67
202310;1;GO;49944;BTG PACTUAL;720;578710,69
202310;1;GO;52072;C6 BANK;94;64570,90
202310;1;GO;51626;CAIXA ECONÔMICA FEDERAL;316;182366,82
202310;1;GO;33579731;CCLA CENTRO-SUL GOIANO;2;1542,89
202310;1;GO;2282709;COOP CENTRO NORTE BRASILEIRO;1;610,26
202310;1;GO;51884;INTER;1417;1077774,46
202310;1;GO;10069;ITAU;437;307460,16
202310;1;GO;52058;NUBANK;2097;1295238,47
202310;1;GO;30379;SANTANDER;287;187280,64
202310;1;GO;51011;VOTORANTIM;17;14446,79
202310;1;MA;51750;BANCO SICOOB;2;967,11
202310;1;MA;49906;BB;278;138553,18
202310;1;MA;30290;BMG;217;178680,26
202310;1;MA;10045;BRADESCO;247;154734,49
202310;1;MA;49944;BTG PACTUAL;357;259380,94
202310;1;MA;52072;C6 BANK;54;33289,04
202310;1;MA;51626;CAIXA ECONÔMICA FEDERAL;213;142489,42
202310;1;MA;51884;INTER;868;616661,28
202310;1;MA;10069;ITAU;155;101596,14
202310;1;MA;52058;NUBANK;1615;961953,97
202310;1;MA;30379;SANTANDER;179;123560,77
202310;1;MA;51011;VOTORANTIM;10;8702,13
202310;1;MG;51750;BANCO SICOOB;55;48582,41
202310;1;MG;49906;BB;473;266785,01
202310;1;MG;30290;BMG;1499;1255161,01
202310;1;MG;10045;BRADESCO;861;594144,67
202310;1;MG;49944;BTG PACTUAL;1766;1403277,70
202310;1;MG;52072;C6 BANK;291;208631,54
202310;1;MG;51626;CAIXA ECONÔMICA FEDERAL;1046;679692,85
202310;1;MG;66398496;CC CREDIARA LTDA.;1;655,76
202310;1;MG;14046512;CCLA MARGEM ESQUERDA DO URUCUI;1;235,04
202310;1;MG;1736516;CCLA REG. CTR. E OESTE MINEIRO;3;3120,36
202310;1;MG;1703620;CCLA UNIÃO CENTRO OESTE MINAS;2;3108,08
202310;1;MG;51884;INTER;5947;4382392,64
202310;1;MG;10069;ITAU;1402;987505,30
202310;1;MG;52058;NUBANK;5411;3580211,40
202310;1;MG;30379;SANTANDER;962;658926,41
202310;1;MG;51011;VOTORANTIM;55;38897,94
202310;1;MS;51750;BANCO SICOOB;10;6140,77
202310;1;MS;49906;BB;160;100053,13
202310;1;MS;30290;BMG;255;222528,96
202310;1;MS;10045;BRADESCO;349;261701,52
202310;1;MS;49944;BTG PACTUAL;497;414140,65
202310;1;MS;52072;C6 BANK;74;53386,06
202310;1;MS;51626;CAIXA ECONÔMICA FEDERAL;279;202190,10
202310;1;MS;23623636;CCLA NORTE DE MATO GROSSO - SICOOB NORTE MT;1;920,68
202310;1;MS;51884;INTER;857;650580,14
202310;1;MS;10069;ITAU;170;121829,23
202310;1;MS;52058;NUBANK;1655;1136106,69
202310;1;MS;30379;SANTANDER;250;182907,20
202310;1;MS;51011;VOTORANTIM;21;18831,57
202310;1;MT;51750;BANCO SICOOB;8;10952,23
202310;1;MT;49906;BB;140;95409,29
202310;1;MT;30290;BMG;181;144150,55
202310;1;MT;10045;BRADESCO;171;142507,54
202310;1;MT;49944;BTG PACTUAL;372;327697,24
202310;1;MT;52072;C6 BANK;60;47164,18
202310;1;MT;51626;CAIXA ECONÔMICA FEDERAL;110;95574,30
202310;1;MT;2015588;CCLA DO CENTRO SUL RONDONIENSE;2;3146,23
202310;1;MT;23623636;CCLA NORTE DE MATO GROSSO - SICOOB NORTE MT;1;2042,25
202310;1;MT;51884;INTER;637;535753,86
202310;1;MT;10069;ITAU;141;109349,09
202310;1;MT;52058;NUBANK;1119;812021,08
202310;1;MT;30379;SANTANDER;127;97888,97
202310;1;MT;3632872;SICOOB CREDISUL;3;2930,27
202310;1;MT;51011;VOTORANTIM;28;25947,39
202310;1;PA;51750;BANCO SICOOB;2;4210,09
202310;1;PA;49906;BB;220;112027,54
202310;1;PA;30290;BMG;288;218356,71
202310;1;PA;10045;BRADESCO;311;203849,67
202310;1;PA;49944;BTG PACTUAL;584;422152,23
202310;1;PA;52072;C6 BANK;77;48962,69
202310;1;PA;51626;CAIXA ECONÔMICA FEDERAL;268;148409,29
202310;1;PA;51884;INTER;1419;990695,68
202310;1;PA;10069;ITAU;304;218638,50
202310;1;PA;52058;NUBANK;2347;1380739,00
202310;1;PA;30379;SANTANDER;313;195321,98
202310;1;PA;51011;VOTORANTIM;28;19796,07
202310;1;PB;49906;BB;176;100653,27
202310;1;PB;30290;BMG;275;234480,52
202310;1;PB;10045;BRADESCO;326;226253,13
202310;1;PB;49944;BTG PACTUAL;473;370992,09
202310;1;PB;52072;C6 BANK;41;31662,77
202310;1;PB;51626;CAIXA ECONÔMICA FEDERAL;254;163477,30
202310;1;PB;51884;INTER;969;763444,29
202310;1;PB;10069;ITAU;169;120784,42
202310;1;PB;52058;NUBANK;1449;934532,53
202310;1;PB;30379;SANTANDER;183;135593,90
202310;1;PB;51011;VOTORANTIM;14;8726,31
202310;1;PE;51750;BANCO SICOOB;4;4430,54
202310;1;PE;49906;BB;329;202590,86
202310;1;PE;30290;BMG;556;449393,40
202310;1;PE;10045;BRADESCO;642;443175,98
202310;1;PE;49944;BTG PACTUAL;924;690390,19
202310;1;PE;52072;C6 BANK;124;82795,71
202310;1;PE;51626;CAIXA ECONÔMICA FEDERAL;568;379061,04
202310;1;PE;4174720;CC SICOOB COOPEMAR;1;2256,10
202310;1;PE;51884;INTER;2108;1502692,80
202310;1;PE;10069;ITAU;606;435767,77
202310;1;PE;52058;NUBANK;3078;2013849,45
202310;1;PE;30379;SANTANDER;574;382190,33
202310;1;PE;51011;VOTORANTIM;27;23210,51
202310;1;PI;51750;BANCO SICOOB;2;685,98
202310;1;PI;49906;BB;252;158765,14
202310;1;PI;30290;BMG;182;151407,04
202310;1;PI;10045;BRADESCO;168;135797,26
202310;1;PI;49944;BTG PACTUAL;341;271335,62
202310;1;PI;52072;C6 BANK;50;37367,48
202310;1;PI;51626;CAIXA ECONÔMICA FEDERAL;205;175853,37
202310;1;PI;23623636;CCLA NORTE DE MATO GROSSO - SICOOB NORTE MT;1;1039,09
202310;1;PI;51884;INTER;752;631788,24
202310;1;PI;10069;ITAU;115;76534,93
202310;1;PI;52058;NUBANK;1366;1029254,84
202310;1;PI;30379;SANTANDER;125;101150,92
202310;1;PI;51011;VOTORANTIM;12;7359,87
202310;1;PR;51750;BANCO SICOOB;25;15174,91
202310;1;PR;49906;BB;204;124352,97
202310;1;PR;30290;BMG;519;422843,88
202310;1;PR;10045;BRADESCO;492;313558,60
202310;1;PR;49944;BTG PACTUAL;1069;836014,00
202310;1;PR;52072;C6 BANK;228;144277,00
202310;1;PR;51626;CAIXA ECONÔMICA FEDERAL;461;303306,53
202310;1;PR;2466552;CC SICOOB VALE SUL;5;5849,06
202310;1;PR;2015588;CCLA DO CENTRO SUL RONDONIENSE;1;678,62
202310;1;PR;23623636;CCLA NORTE DE MATO GROSSO - SICOOB NORTE MT;1;514,63
202310;1;PR;7026923;CCLA SICOOB ARENITO PARANÁ / SÃO PAULO;1;880,99
202310;1;PR;78862083;COOP NOVOS CAMPOS;1;1011,52
202310;1;PR;51884;INTER;1912;1442084,39
202310;1;PR;10069;ITAU;757;524318,48
202310;1;PR;52058;NUBANK;3157;2046425,94
202310;1;PR;30379;SANTANDER;475;310024,43
202310;1;PR;3632872;SICOOB CREDISUL;1;384,35
202310;1;PR;51011;VOTORANTIM;23;20431,05
202310;1;RJ;51750;BANCO SICOOB;16;12502,81
202310;1;RJ;49906;BB;474;253832,70
202310;1;RJ;30290;BMG;1301;1004922,11
202310;1;RJ;10045;BRADESCO;1732;1133206,68
202310;1;RJ;49944;BTG PACTUAL;2599;1943221,28
202310;1;RJ;52072;C6 BANK;589;383008,60
202310;1;RJ;51626;CAIXA ECONÔMICA FEDERAL;1233;782033,77
202310;1;RJ;51884;INTER;5458;3926225,74
202310;1;RJ;10069;ITAU;3246;2116330,50
202310;1;RJ;52058;NUBANK;9343;5631137,34
202310;1;RJ;30379;SANTANDER;2206;1436667,85
202310;1;RJ;51011;VOTORANTIM;79;60321,99
202310;1;RN;51750;BANCO SICOOB;1;532,19
202310;1;RN;49906;BB;204;118482,00
202310;1;RN;30290;BMG;211;177527,55
202310;1;RN;10045;BRADESCO;196;134249,98
202310;1;RN;49944;BTG PACTUAL;397;283737,29
202310;1;RN;52072;C6 BANK;57;36966,00
202310;1;RN;51626;CAIXA ECONÔMICA FEDERAL;176;123505,79
202310;1;RN;51884;INTER;841;629322,85
202310;1;RN;10069;ITAU;147;105843,43
202310;1;RN;52058;NUBANK;1209;795864,92
202310;1;RN;30379;SANTANDER;149;105816,79
202310;1;RN;51011;VOTORANTIM;16;13220,52
202310;1;RO;51750;BANCO SICOOB;5;5749,39
202310;1;RO;49906;BB;99;62189,23
202310;1;RO;30290;BMG;100;87100,79
202310;1;RO;10045;BRADESCO;112;87657,84
202310;1;RO;49944;BTG PACTUAL;217;200915,51
202310;1;RO;8044854;C.C. DO CENTRO DO ESTADO DE RONDÔNIA;9;8377,64
202310;1;RO;52072;C6 BANK;27;13996,08
202310;1;RO;51626;CAIXA ECONÔMICA FEDERAL;98;69812,95
202310;1;RO;4751713;CC INV DE RONDÔNIA - SICOOB CREDJURD;1;278,39
202310;1;RO;2015588;CCLA DO CENTRO SUL RONDONIENSE;37;49410,47
202310;1;RO;51884;INTER;401;349917,25
202310;1;RO;10069;ITAU;78;59499,17
202310;1;RO;52058;NUBANK;965;689892,16
202310;1;RO;30379;SANTANDER;104;83663,71
202310;1;RO;5203605;SICOOB AMAZÔNIA;1;603,07
202310;1;RO;3632872;SICOOB CREDISUL;10;9202,29
202310;1;RO;51011;VOTORANTIM;11;9937,55
202310;1;RR;49906;BB;27;12894,17
202310;1;RR;30290;BMG;24;17319,21
202310;1;RR;10045;BRADESCO;9;5619,19
202310;1;RR;49944;BTG PACTUAL;37;26060,59
202310;1;RR;52072;C6 BANK;7;6225,41
202310;1;RR;51626;CAIXA ECONÔMICA FEDERAL;23;15275,65
202310;1;RR;51884;INTER;99;72965,43
202310;1;RR;10069;ITAU;24;17827,33
202310;1;RR;52058;NUBANK;168;113285,91
202310;1;RR;30379;SANTANDER;26;15874,33
202310;1;RS;51750;BANCO SICOOB;8;7197,22
202310;1;RS;49906;BB;249;137802,05
202310;1;RS;30290;BMG;542;458217,36
202310;1;RS;10045;BRADESCO;414;309388,99
202310;1;RS;49944;BTG PACTUAL;1057;816320,70
202310;1;RS;52072;C6 BANK;186;126178,07
202310;1;RS;51626;CAIXA ECONÔMICA FEDERAL;661;418805,39
202310;1;RS;2466552;CC SICOOB VALE SUL;1;783,28
202310;1;RS;78825270;CCLA MAXI ALFA;3;2962,98
202310;1;RS;2090126;CCLA SICOOB VALCREDI SUL;1;2691,12
202310;1;RS;81014060;CCLAA ITAIPU SICOOB CREDITAIPU;1;1289,26
202310;1;RS;78862083;COOP NOVOS CAMPOS;1;4203,69
202310;1;RS;51884;INTER;2099;1569099,68
202310;1;RS;10069;ITAU;570;403817,21
202310;1;RS;52058;NUBANK;3115;2075321,83
202310;1;RS;30379;SANTANDER;610;394551,01
202310;1;RS;51011;VOTORANTIM;42;40901,02
202310;1;SC;51750;BANCO SICOOB;15;9112,48
202310;1;SC;49906;BB;152;91920,83
202310;1;SC;30290;BMG;273;220133,09
202310;1;SC;10045;BRADESCO;301;212973,63
202310;1;SC;49944;BTG PACTUAL;585;469824,95
202310;1;SC;52072;C6 BANK;98;73976,08
202310;1;SC;51626;CAIXA ECONÔMICA FEDERAL;244;173443,28
202310;1;SC;85291086;CC LITORÂNEA;4;3197,99
202310;1;SC;2015588;CCLA DO CENTRO SUL RONDONIENSE;1;1256,70
202310;1;SC;86829827;CCLA DO VALE;2;2365,84
202310;1;SC;78825270;CCLA MAXI ALFA;18;26357,90
202310;1;SC;2090126;CCLA SICOOB VALCREDI SUL;1;1082,82
202310;1;SC;51884;INTER;1056;884312,60
202310;1;SC;10069;ITAU;255;202034,51
202310;1;SC;52058;NUBANK;1594;1100124,37
202310;1;SC;30379;SANTANDER;239;164394,51
202310;1;SC;51011;VOTORANTIM;26;26205,80
202310;1;SE;51750;BANCO SICOOB;1;1039,97
202310;1;SE;49906;BB;79;41298,50
202310;1;SE;30290;BMG;133;94428,15
202310;1;SE;10045;BRADESCO;89;60118,70
202310;1;SE;49944;BTG PACTUAL;257;195250,13
202310;1;SE;52072;C6 BANK;29;21859,03
202310;1;SE;51626;CAIXA ECONÔMICA FEDERAL;165;116071,99
202310;1;SE;51884;INTER;603;406019,86
202310;1;SE;10069;ITAU;71;53324,37
202310;1;SE;52058;NUBANK;836;505850,52
202310;1;SE;30379;SANTANDER;102;69834,19
202310;1;SE;51011;VOTORANTIM;4;2080,28
202310;1;SP;51750;BANCO SICOOB;25;19541,09
202310;1;SP;49906;BB;1261;743360,78
202310;1;SP;30290;BMG;3214;2562069,14
202310;1;SP;10045;BRADESCO;4233;2808616,28
202310;1;SP;49944;BTG PACTUAL;6596;5076265,97
202310;1;SP;52072;C6 BANK;1209;776211,95
202310;1;SP;51626;CAIXA ECONÔMICA FEDERAL;2545;1667210,79
202310;1;SP;51884;INTER;11568;8668082,30
202310;1;SP;10069;ITAU;5969;4191169,04
202310;1;SP;52058;NUBANK;20127;12932862,17
202310;1;SP;30379;SANTANDER;4928;3387810,25
202310;1;SP;3632872;SICOOB CREDISUL;1;608,17
202310;1;SP;51011;VOTORANTIM;237;206020,79
202310;1;TO;51750;BANCO SICOOB;1;387,71
202310;1;TO;49906;BB;70;31801,81
202310;1;TO;30290;BMG;60;35203,60
202310;1;TO;10045;BRADESCO;52;34810,90
202310;1;TO;49944;BTG PACTUAL;102;69205,73
202310;1;TO;52072;C6 BANK;21;12742,20
202310;1;TO;51626;CAIXA ECONÔMICA FEDERAL;52;34128,32
202310;1;TO;51884;INTER;266;185020,04
202310;1;TO;10069;ITAU;51;41345,50
202310;1;TO;52058;NUBANK;457;269135,19
202310;1;TO;30379;SANTANDER;28;16260,53
202310;1;TO;51011;VOTORANTIM;1;585,91
202310;2;AC;49906;BB;42;525384,24
202310;2;AC;17351180;BCO TRIANGULO S.A.;37;52228,83
202310;2;AC;10045;BRADESCO;9;31475,33
202310;2;AC;51626;CAIXA ECONÔMICA FEDERAL;23;48550,07
202310;2;AC;10069;ITAU;20;81267,41
202310;2;AC;30379;SANTANDER;34;169757,21
202310;2;AC;51011;VOTORANTIM;7;63198,53
202310;2;AL;49906;BB;94;384098,63
202310;2;AL;17351180;BCO TRIANGULO S.A.;39;46406,45
202310;2;AL;10045;BRADESCO;42;351544,51
202310;2;AL;49944;BTG PACTUAL;5;17558,75
202310;2;AL;51626;CAIXA ECONÔMICA FEDERAL;93;131206,83
202310;2;AL;51884;INTER;9;56692,95
202310;2;AL;10069;ITAU;211;705155,66
202310;2;AL;30379;SANTANDER;193;862430,64
202310;2;AL;51011;VOTORANTIM;21;112666,03
202310;2;AM;49906;BB;77;588493,67
202310;2;AM;17351180;BCO TRIANGULO S.A.;76;90587,51
202310;2;AM;10045;BRADESCO;227;2653747,45
202310;2;AM;49944;BTG PACTUAL;10;40860,82
202310;2;AM;51626;CAIXA ECONÔMICA FEDERAL;50;68107,42
202310;2;AM;51884;INTER;11;69763,31
202310;2;AM;10069;ITAU;205;551237,29
202310;2;AM;30379;SANTANDER;276;1375677,55
202310;2;AM;51011;VOTORANTIM;21;168309,67
202310;2;AP;49906;BB;64;434455,46
202310;2;AP;17351180;BCO TRIANGULO S.A.;9;12697,26
202310;2;AP;10045;BRADESCO;16;146252,41
202310;2;AP;49944;BTG PACTUAL;3;7392,52
202310;2;AP;51626;CAIXA ECONÔMICA FEDERAL;11;10306,04
202310;2;AP;51884;INTER;1;2109,36
202310;2;AP;10069;ITAU;27;76714,91
202310;2;AP;30379;SANTANDER;47;320496,96
202310;2;AP;51011;VOTORANTIM;2;4822,36
202310;2;BA;49906;BB;477;3227208,09
202310;2;BA;13009717;BCO DO EST. DE SE S.A.;2;3290,59
202310;2;BA;17351180;BCO TRIANGULO S.A.;124;164667,90
202310;2;BA;10045;BRADESCO;372;4284542,32
202310;2;BA;49944;BTG PACTUAL;12;37084,49
202310;2;BA;51626;CAIXA ECONÔMICA FEDERAL;333;432576,53
202310;2;BA;51884;INTER;23;85281,48
202310;2;BA;10069;ITAU;1002;3111318,09
202310;2;BA;30379;SANTANDER;1120;6494111,97
202310;2;BA;51011;VOTORANTIM;65;343561,59
202310;2;CE;49906;BB;296;2698942,88
202310;2;CE;17351180;BCO TRIANGULO S.A.;61;71152,78
202310;2;CE;10045;BRADESCO;245;3146114,92
202310;2;CE;49944;BTG PACTUAL;7;54218,98
202310;2;CE;51626;CAIXA ECONÔMICA FEDERAL;193;266818,22
202310;2;CE;51884;INTER;25;110177,99
202310;2;CE;10069;ITAU;491;1541738,10
202310;2;CE;30379;SANTANDER;614;3211453,06
202310;2;CE;51011;VOTORANTIM;54;244926,21
202310;2;DF;49906;BB;100;678693,96
202310;2;DF;17351180;BCO TRIANGULO S.A.;31;41230,86
202310;2;DF;10045;BRADESCO;84;1333579,86
202310;2;DF;49944;BTG PACTUAL;6;45192,47
202310;2;DF;51626;CAIXA ECONÔMICA FEDERAL;133;267852,63
202310;2;DF;51884;INTER;13;66151,82
202310;2;DF;10069;ITAU;292;941864,74
202310;2;DF;30379;SANTANDER;324;2433659,22
202310;2;DF;51011;VOTORANTIM;37;161714,65
202310;2;ES;49906;BB;87;510330,98
202310;2;ES;17351180;BCO TRIANGULO S.A.;36;62940,63
202310;2;ES;10045;BRADESCO;63;585177,78
202310;2;ES;49944;BTG PACTUAL;8;36266,87
202310;2;ES;51626;CAIXA ECONÔMICA FEDERAL;92;163705,04
202310;2;ES;51884;INTER;12;60292,22
202310;2;ES;10069;ITAU;203;642832,02
202310;2;ES;30379;SANTANDER;297;1555864,27
202310;2;ES;51011;VOTORANTIM;33;216100,69
202310;2;GO;49906;BB;205;1441630,67
202310;2;GO;17351180;BCO TRIANGULO S.A.;42;45331,18
202310;2;GO;10045;BRADESCO;193;2551603,26
202310;2;GO;49944;BTG PACTUAL;8;18647,95
202310;2;GO;51626;CAIXA ECONÔMICA FEDERAL;284;509874,40
202310;2;GO;51884;INTER;12;38195,35
202310;2;GO;10069;ITAU;540;1586382,11
202310;2;GO;30379;SANTANDER;431;2880955,81
202310;2;GO;51011;VOTORANTIM;71;574881,94
202310;2;MA;49906;BB;326;2109802,24
202310;2;MA;17351180;BCO TRIANGULO S.A.;41;63949,75
202310;2;MA;10045;BRADESCO;147;1405276,17
202310;2;MA;49944;BTG PACTUAL;9;25607,75
202310;2;MA;51626;CAIXA ECONÔMICA FEDERAL;87;123235,28
202310;2;MA;51884;INTER;6;29286,94
202310;2;MA;10069;ITAU;153;381359,70
202310;2;MA;30379;SANTANDER;289;1468673,25
202310;2;MA;51011;VOTORANTIM;35;258979,78
202310;2;MG;49906;BB;528;4057616,63
202310;2;MG;17351180;BCO TRIANGULO S.A.;153;161830,23
202310;2;MG;10045;BRADESCO;418;4884609,58
202310;2;MG;49944;BTG PACTUAL;28;207128,95
202310;2;MG;51626;CAIXA ECONÔMICA FEDERAL;520;747373,39
202310;2;MG;51884;INTER;74;444170,17
202310;2;MG;10069;ITAU;1414;4237232,43
202310;2;MG;30379;SANTANDER;1610;10739229,91
202310;2;MG;51011;VOTORANTIM;211;966084,32
202310;2;MS;49906;BB;130;1296579,44
202310;2;MS;17351180;BCO TRIANGULO S.A.;37;47673,70
202310;2;MS;10045;BRADESCO;134;1775072,65
202310;2;MS;49944;BTG PACTUAL;3;15058,68
202310;2;MS;51626;CAIXA ECONÔMICA FEDERAL;71;150317,69
202310;2;MS;51884;INTER;6;18472,85
202310;2;MS;10069;ITAU;188;582583,00
202310;2;MS;30379;SANTANDER;261;1531986,49
202310;2;MS;51011;VOTORANTIM;67;444689,42
202310;2;MT;49906;BB;194;1612182,25
202310;2;MT;17351180;BCO TRIANGULO S.A.;27;33704,61
202310;2;MT;10045;BRADESCO;116;1464862,78
202310;2;MT;49944;BTG PACTUAL;5;14758,98
202310;2;MT;51626;CAIXA ECONÔMICA FEDERAL;86;156411,35
202310;2;MT;51884;INTER;9;51720,70
202310;2;MT;10069;ITAU;151;487948,84
202310;2;MT;30379;SANTANDER;220;1300073,27
202310;2;MT;51011;VOTORANTIM;54;354072,36
202310;2;PA;49906;BB;264;1526459,86
202310;2;PA;17351180;BCO TRIANGULO S.A.;109;124782,67
202310;2;PA;10045;BRADESCO;165;1924537,76
202310;2;PA;49944;BTG PACTUAL;3;11186,63
202310;2;PA;51626;CAIXA ECONÔMICA FEDERAL;135;173989,79
202310;2;PA;51884;INTER;19;79435,24
202310;2;PA;10069;ITAU;247;794949,61
202310;2;PA;30379;SANTANDER;436;2306695,61
202310;2;PA;51011;VOTORANTIM;43;331344,53
202310;2;PB;49906;BB;160;1127183,84
202310;2;PB;17351180;BCO TRIANGULO S.A.;53;54885,23
202310;2;PB;10045;BRADESCO;107;1347129,99
202310;2;PB;49944;BTG PACTUAL;5;7174,84
202310;2;PB;51626;CAIXA ECONÔMICA FEDERAL;102;193656,42
202310;2;PB;51884;INTER;9;22566,28
202310;2;PB;10069;ITAU;285;945230,59
202310;2;PB;30379;SANTANDER;257;1144729,39
202310;2;PB;51011;VOTORANTIM;39;268550,78
202310;2;PE;49906;BB;251;1568432,81
202310;2;PE;17351180;BCO TRIANGULO S.A.;84;69312,48
202310;2;PE;10045;BRADESCO;251;3855132,54
202310;2;PE;49944;BTG PACTUAL;9;21269,61
202310;2;PE;51626;CAIXA ECONÔMICA FEDERAL;155;192227,65
202310;2;PE;51884;INTER;16;81031,92
202310;2;PE;10069;ITAU;737;2167476,37
202310;2;PE;30379;SANTANDER;747;4442322,29
202310;2;PE;51011;VOTORANTIM;61;474788,16
202310;2;PI;49906;BB;196;1174231,81
202310;2;PI;17351180;BCO TRIANGULO S.A.;17;20310,94
202310;2;PI;10045;BRADESCO;48;375615,34
202310;2;PI;49944;BTG PACTUAL;1;774,29
202310;2;PI;51626;CAIXA ECONÔMICA FEDERAL;100;161485,74
202310;2;PI;51884;INTER;2;4893,33
202310;2;PI;10069;ITAU;109;287732,50
202310;2;PI;30379;SANTANDER;149;589911,99
202310;2;PI;51011;VOTORANTIM;29;234469,37
202310;2;PR;49906;BB;255;2239808,95
202310;2;PR;17351180;BCO TRIANGULO S.A.;100;194373,40
202310;2;PR;10045;BRADESCO;320;5389260,25
202310;2;PR;49944;BTG PACTUAL;18;223681,21
202310;2;PR;51626;CAIXA ECONÔMICA FEDERAL;376;727923,02
202310;2;PR;51884;INTER;28;153241,27
202310;2;PR;10069;ITAU;995;2980318,57
202310;2;PR;30379;SANTANDER;947;6886328,80
202310;2;PR;51011;VOTORANTIM;199;1226265,59
202310;2;RJ;49906;BB;288;2037557,19
202310;2;RJ;17351180;BCO TRIANGULO S.A.;140;264929,16
202310;2;RJ;10045;BRADESCO;669;9777626,96
202310;2;RJ;49944;BTG PACTUAL;36;186138,52
202310;2;RJ;51626;CAIXA ECONÔMICA FEDERAL;389;612898,03
202310;2;RJ;51884;INTER;50;340243,15
202310;2;RJ;10069;ITAU;2922;7445682,03
202310;2;RJ;30379;SANTANDER;2580;17964553,07
202310;2;RJ;51011;VOTORANTIM;212;1282236,62
202310;2;RN;49906;BB;162;1044681,50
202310;2;RN;17351180;BCO TRIANGULO S.A.;60;54583,24
202310;2;RN;10045;BRADESCO;61;664058,99
202310;2;RN;49944;BTG PACTUAL;7;11044,76
202310;2;RN;51626;CAIXA ECONÔMICA FEDERAL;82;141254,37
202310;2;RN;51884;INTER;10;23249,02
202310;2;RN;10069;ITAU;223;570133,91
202310;2;RN;30379;SANTANDER;254;1383497,50
202310;2;RN;51011;VOTORANTIM;34;157569,26
202310;2;RO;49906;BB;74;495745,98
202310;2;RO;17351180;BCO TRIANGULO S.A.;19;18813,17
202310;2;RO;10045;BRADESCO;38;802270,18
202310;2;RO;49944;BTG PACTUAL;3;39757,34
202310;2;RO;51626;CAIXA ECONÔMICA FEDERAL;49;102571,51
202310;2;RO;51884;INTER;5;29711,72
202310;2;RO;10069;ITAU;45;150634,21
202310;2;RO;30379;SANTANDER;97;560374,20
202310;2;RO;51011;VOTORANTIM;16;55866,87
202310;2;RR;49906;BB;48;706866,20
202310;2;RR;17351180;BCO TRIANGULO S.A.;2;3529,72
202310;2;RR;10045;BRADESCO;12;227162,03
202310;2;RR;49944;BTG PACTUAL;1;2005,43
202310;2;RR;51626;CAIXA ECONÔMICA FEDERAL;9;5232,87
202310;2;RR;51884;INTER;2;6932,49
202310;2;RR;10069;ITAU;16;52125,86
202310;2;RR;30379;SANTANDER;36;154835,57
202310;2;RR;51011;VOTORANTIM;6;42383,43
202310;2;RS;49906;BB;232;1497969,72
202310;2;RS;17351180;BCO TRIANGULO S.A.;90;121179,77
202310;2;RS;10045;BRADESCO;154;1781286,63
202310;2;RS;49944;BTG PACTUAL;13;78167,30
202310;2;RS;51626;CAIXA ECONÔMICA FEDERAL;394;731600,48
202310;2;RS;51884;INTER;23;92255,79
202310;2;RS;10069;ITAU;839;2170295,68
202310;2;RS;30379;SANTANDER;869;4682517,92
202310;2;RS;51011;VOTORANTIM;133;920357,96
202310;2;SC;49906;BB;242;1834729,07
202310;2;SC;17351180;BCO TRIANGULO S.A.;78;82853,28
202310;2;SC;10045;BRADESCO;220;3300576,31
202310;2;SC;49944;BTG PACTUAL;10;84615,52
202310;2;SC;51626;CAIXA ECONÔMICA FEDERAL;252;446507,04
202310;2;SC;51884;INTER;22;129297,66
202310;2;SC;10069;ITAU;556;1825976,09
202310;2;SC;30379;SANTANDER;521;3074965,63
202310;2;SC;51011;VOTORANTIM;133;932520,00
202310;2;SE;49906;BB;75;344818,46
202310;2;SE;13009717;BCO DO EST. DE SE S.A.;32;251060,52
202310;2;SE;17351180;BCO TRIANGULO S.A.;8;4874,09
202310;2;SE;10045;BRADESCO;20;82061,20
202310;2;SE;49944;BTG PACTUAL;1;1637,42
202310;2;SE;51626;CAIXA ECONÔMICA FEDERAL;62;72037,33
202310;2;SE;51884;INTER;6;21407,35
202310;2;SE;10069;ITAU;159;423838,40
202310;2;SE;30379;SANTANDER;136;762691,64
202310;2;SE;51011;VOTORANTIM;13;119291,08
202310;2;SP;49906;BB;1004;7964916,51
202310;2;SP;17351180;BCO TRIANGULO S.A.;306;416716,48
202310;2;SP;10045;BRADESCO;2242;28581546,27
202310;2;SP;49944;BTG PACTUAL;109;608292,05
202310;2;SP;51626;CAIXA ECONÔMICA FEDERAL;1179;1842239,13
202310;2;SP;51884;INTER;156;722570,62
202310;2;SP;10069;ITAU;6568;18755804,96
202310;2;SP;30379;SANTANDER;6616;43772755,05
202310;2;SP;51011;VOTORANTIM;894;5200727,76
202310;2;TO;49906;BB;91;580960,11
202310;2;TO;17351180;BCO TRIANGULO S.A.;6;4714,53
202310;2;TO;10045;BRADESCO;35;421121,39
202310;2;TO;49944;BTG PACTUAL;1;1792,18
202310;2;TO;51626;CAIXA ECONÔMICA FEDERAL;32;43121,34
202310;2;TO;51884;INTER;1;5120,23
202310;2;TO;10069;ITAU;26;98165,29
202310;2;TO;30379;SANTANDER;53;274018,18
202310;2;TO;51011;VOTORANTIM;15;114396,92
202311;1;AC;49906;BB;149;138811,97
202311;1;AC;30290;BMG;107;119325,66
202311;1;AC;10045;BRADESCO;32;39489,66
202311;1;AC;31976;BRB;1;753,30
202311;1;AC;49944;BTG PACTUAL;105;128933,36
202311;1;AC;51626;CAIXA ECONÔMICA FEDERAL;135;147874,52
202311;1;AC;51884;INTER;163;177936,48
202311;1;AC;10069;ITAU;46;47594,07
202311;1;AC;52058;NUBANK;456;453167,15
202311;1;AC;30379;SANTANDER;59;53947,02
202311;1;AC;3632872;SICOOB CREDISUL;6;12133,17
202311;1;AC;51011;VOTORANTIM;3;3146,77
202311;1;AL;51750;BANCO SICOOB;5;8320,07
202311;1;AL;30173;BANRISUL;3;3089,65
202311;1;AL;49906;BB;252;201758,38
202311;1;AL;30290;BMG;540;556981,78
202311;1;AL;10045;BRADESCO;132;113168,91
202311;1;AL;31976;BRB;8;7170,91
202311;1;AL;49944;BTG PACTUAL;366;360356,64
202311;1;AL;52072;C6 BANK;4;2884,71
202311;1;AL;51626;CAIXA ECONÔMICA FEDERAL;440;379711,91
202311;1;AL;51884;INTER;900;925873,90
202311;1;AL;10069;ITAU;134;131869,92
202311;1;AL;52058;NUBANK;1097;919124,23
202311;1;AL;30379;SANTANDER;179;158333,49
202311;1;AL;51011;VOTORANTIM;20;23485,68
202311;1;AM;51750;BANCO SICOOB;6;6218,79
202311;1;AM;30173;BANRISUL;1;989,83
202311;1;AM;49906;BB;348;348035,97
202311;1;AM;30290;BMG;671;876869,95
202311;1;AM;10045;BRADESCO;679;713076,89
202311;1;AM;31976;BRB;12;11742,04
202311;1;AM;49944;BTG PACTUAL;900;1174251,43
202311;1;AM;52072;C6 BANK;2;2701,61
202311;1;AM;51626;CAIXA ECONÔMICA FEDERAL;845;938319,43
202311;1;AM;2282709;COOP CENTRO NORTE BRASILEIRO;5;11179,06
202311;1;AM;51884;INTER;1594;2048385,54
202311;1;AM;10069;ITAU;623;746518,95
202311;1;AM;52058;NUBANK;3012;3150486,48
202311;1;AM;30379;SANTANDER;483;541395,92
202311;1;AM;5203605;SICOOB AMAZÔNIA;6;7592,07
202311;1;AM;3632872;SICOOB CREDISUL;1;709,33
202311;1;AM;51011;VOTORANTIM;30;43554,64
202311;1;AP;49906;BB;119;91883,30
202311;1;AP;30290;BMG;70;80201,40
202311;1;AP;10045;BRADESCO;15;16728,22
202311;1;AP;31976;BRB;1;542,56
202311;1;AP;49944;BTG PACTUAL;92;104673,20
202311;1;AP;52072;C6 BANK;1;241,47
202311;1;AP;51626;CAIXA ECONÔMICA FEDERAL;60;79056,44
202311;1;AP;51884;INTER;213;212307,35
202311;1;AP;10069;ITAU;43;38713,35
202311;1;AP;52058;NUBANK;275;229889,28
202311;1;AP;30379;SANTANDER;61;60677,68
202311;1;AP;51011;VOTORANTIM;4;5245,41
202311;1;BA;51750;BANCO SICOOB;22;26317,80
202311;1;BA;30173;BANRISUL;11;8713,69
202311;1;BA;49906;BB;1244;1118022,08
202311;1;BA;30290;BMG;1934;2288853,02
202311;1;BA;10045;BRADESCO;1024;1012676,37
202311;1;BA;31976;BRB;31;33371,82
202311;1;BA;49944;BTG PACTUAL;1846;2042597,09
202311;1;BA;52072;C6 BANK;13;11937,91
202311;1;BA;51626;CAIXA ECONÔMICA FEDERAL;1996;1879762,98
202311;1;BA;4174720;CC SICOOB COOPEMAR;2;1209,79
202311;1;BA;4321309;CC SICOOB CRED EXECUTIVO;2;3437,08
202311;1;BA;2528151;CC SICOOB CREDCOOP;1;556,90
202311;1;BA;2282165;CC SICOOB CREDICONQUISTA;4;7957,87
202311;1;BA;2876918;CC SICOOB NORTE SUL;3;1681,92
202311;1;BA;51884;INTER;3342;3680130,02
202311;1;BA;10069;ITAU;961;994565,80
202311;1;BA;52058;NUBANK;5414;4959805,76
202311;1;BA;30379;SANTANDER;1044;990604,81
202311;1;BA;73398646;SOC CC SICOOB COOPERE;7;10428,64
202311;1;BA;51011;VOTORANTIM;82;90340,85
202311;1;CE;51750;BANCO SICOOB;6;3802,75
202311;1;CE;30173;BANRISUL;5;3325,92
202311;1;CE;49906;BB;1099;924325,68
202311;1;CE;30290;BMG;1487;1640680,35
202311;1;CE;10045;BRADESCO;871;841544,16
202311;1;CE;31976;BRB;14;11781,61
202311;1;CE;49944;BTG PACTUAL;1407;1518690,98
202311;1;CE;52072;C6 BANK;3;1814,44
202311;1;CE;51626;CAIXA ECONÔMICA FEDERAL;1489;1413000,12
202311;1;CE;51884;INTER;3386;3539869,63
202311;1;CE;10069;ITAU;749;710770,82
202311;1;CE;52058;NUBANK;4869;4375736,10
202311;1;CE;30379;SANTANDER;856;828914,94
202311;1;CE;51011;VOTORANTIM;77;84684,60
202311;1;DF;51750;BANCO SICOOB;15;15001,58
202311;1;DF;30173;BANRISUL;7;11167,84
202311;1;DF;49906;BB;528;496056,16
202311;1;DF;30290;BMG;868;1166459,38
202311;1;DF;10045;BRADESCO;146;146258,00
202311;1;DF;31976;BRB;257;294500,16
202311;1;DF;49944;BTG PACTUAL;790;1020078,94
202311;1;DF;52072;C6 BANK;3;2442,40
202311;1;DF;51626;CAIXA ECONÔMICA FEDERAL;677;736191,24
202311;1;DF;1187961;CC DISTRITO FEDERAL E ENTORNO;6;7692,83
202311;1;DF;37079720;CCLA SICOOB CREDIJUSTRA;1;4755,08
202311;1;DF;694877;COOP SICOOB EXECUTIVO LTDA.;3;3258,29
202311;1;DF;51884;INTER;1879;2313183,32
202311;1;DF;10069;ITAU;441;543993,49
202311;1;DF;52058;NUBANK;2342;2291153,77
202311;1;DF;30379;SANTANDER;388;425833,63
202311;1;DF;3632872;SICOOB CREDISUL;1;556,76
202311;1;DF;51011;VOTORANTIM;24;31572,19
202311;1;ES;51750;BANCO SICOOB;87;81579,66
202311;1;ES;30173;BANRISUL;3;5303,68
202311;1;ES;49906;BB;196;187332,34
202311;1;ES;30290;BMG;614;781067,75
202311;1;ES;10045;BRADESCO;106;114855,09
202311;1;ES;31976;BRB;5;2345,62
202311;1;ES;49944;BTG PACTUAL;483;658122,82
202311;1;ES;51626;CAIXA ECONÔMICA FEDERAL;527;565024,08
202311;1;ES;51884;INTER;1071;1444011,22
202311;1;ES;10069;ITAU;299;335429,78
202311;1;ES;52058;NUBANK;1471;1444975,96
202311;1;ES;30379;SANTANDER;285;328725,89
202311;1;ES;3632872;SICOOB CREDISUL;1;2319,67
202311;1;ES;51011;VOTORANTIM;19;30454,59
202311;1;GO;51750;BANCO SICOOB;27;40291,20
202311;1;GO;30173;BANRISUL;1;695,71
202311;1;GO;49906;BB;395;400636,13
202311;1;GO;30290;BMG;954;1203735,90
202311;1;GO;10045;BRADESCO;281;296218,88
202311;1;GO;31976;BRB;71;119435,60
202311;1;GO;49944;BTG PACTUAL;950;1144084,26
202311;1;GO;52072;C6 BANK;4;6181,94
202311;1;GO;51626;CAIXA ECONÔMICA FEDERAL;781;730188,47
202311;1;GO;1187961;CC DISTRITO FEDERAL E ENTORNO;1;1195,65
202311;1;GO;33579731;CCLA CENTRO-SUL GOIANO;3;5742,99
202311;1;GO;2282709;COOP CENTRO NORTE BRASILEIRO;1;882,34
202311;1;GO;694877;COOP SICOOB EXECUTIVO LTDA.;4;2589,73
202311;1;GO;51884;INTER;1818;2241409,96
202311;1;GO;10069;ITAU;678;772361,03
202311;1;GO;52058;NUBANK;2537;2356197,15
202311;1;GO;30379;SANTANDER;469;508611,28
202311;1;GO;73398646;SOC CC SICOOB COOPERE;1;2601,63
202311;1;GO;51011;VOTORANTIM;42;57938,03
202311;1;MA;51750;BANCO SICOOB;6;6616,30
202311;1;MA;30173;BANRISUL;3;1169,94
202311;1;MA;49906;BB;737;566162,21
202311;1;MA;30290;BMG;525;662676,52
202311;1;MA;10045;BRADESCO;280;242425,11
202311;1;MA;31976;BRB;4;2083,73
202311;1;MA;49944;BTG PACTUAL;500;556218,60
202311;1;MA;52072;C6 BANK;3;3343,00
202311;1;MA;51626;CAIXA ECONÔMICA FEDERAL;494;441071,00
202311;1;MA;51884;INTER;1091;1148177,21
202311;1;MA;10069;ITAU;227;212677,58
202311;1;MA;52058;NUBANK;1990;1695119,61
202311;1;MA;30379;SANTANDER;274;275671,24
202311;1;MA;51011;VOTORANTIM;18;23762,50
202311;1;MG;51750;BANCO SICOOB;217;269362,55
202311;1;MG;30173;BANRISUL;10;16843,63
202311;1;MG;49906;BB;1225;1151506,81
202311;1;MG;30290;BMG;3889;4884747,62
202311;1;MG;10045;BRADESCO;926;978730,94
202311;1;MG;31976;BRB;23;23889,91
202311;1;MG;49944;BTG PACTUAL;2361;2987196,95
202311;1;MG;52072;C6 BANK;8;8879,24
202311;1;MG;51626;CAIXA ECONÔMICA FEDERAL;2960;3115707,35
202311;1;MG;2466552;CC SICOOB VALE SUL;2;1619,95
202311;1;MG;65239402;CC UNIÃO DO CENTRO OESTE DE MINAS;3;6038,11
202311;1;MG;2015588;CCLA DO CENTRO SUL RONDONIENSE;1;1954,62
202311;1;MG;14046512;CCLA MARGEM ESQUERDA DO URUCUI;11;13417,51
202311;1;MG;64480833;CCLA MARTINHO CAMPOS;1;1454,12
202311;1;MG;1736516;CCLA REG. CTR. E OESTE MINEIRO;2;2073,63
202311;1;MG;1703620;CCLA UNIÃO CENTRO OESTE MINAS;9;13422,96
202311;1;MG;19402130;CECM EMPR EST HOSP BH RM ZM;1;762,14
202311;1;MG;51884;INTER;7534;8501999,91
202311;1;MG;10069;ITAU;2097;2195862,19
202311;1;MG;52058;NUBANK;7240;7181225,56
202311;1;MG;30379;SANTANDER;1460;1461529,99
202311;1;MG;51011;VOTORANTIM;87;111452,39
202311;1;MS;51750;BANCO SICOOB;16;13790,73
202311;1;MS;30173;BANRISUL;3;1629,38
202311;1;MS;49906;BB;388;398951,97
202311;1;MS;30290;BMG;655;807314,23
202311;1;MS;10045;BRADESCO;346;376120,45
202311;1;MS;31976;BRB;5;5140,73
202311;1;MS;49944;BTG PACTUAL;566;688967,13
202311;1;MS;52072;C6 BANK;6;6450,20
202311;1;MS;51626;CAIXA ECONÔMICA FEDERAL;643;692159,63
202311;1;MS;51884;INTER;839;957287,70
202311;1;MS;10069;ITAU;224;277465,33
202311;1;MS;52058;NUBANK;1902;1777189,87
202311;1;MS;30379;SANTANDER;360;405429,01
202311;1;MS;51011;VOTORANTIM;30;29856,62
202311;1;MT;51750;BANCO SICOOB;30;34472,94
202311;1;MT;30173;BANRISUL;1;965,85
202311;1;MT;49906;BB;433;493919,61
202311;1;MT;30290;BMG;575;790991,66
202311;1;MT;10045;BRADESCO;221;278404,16
202311;1;MT;31976;BRB;7;9788,09
202311;1;MT;49944;BTG PACTUAL;616;877769,02
202311;1;MT;52072;C6 BANK;1;768,38
202311;1;MT;51626;CAIXA ECONÔMICA FEDERAL;420;535712,09
202311;1;MT;2015588;CCLA DO CENTRO SUL RONDONIENSE;9;17722,09
202311;1;MT;23623636;CCLA NORTE DE MATO GROSSO - SICOOB NORTE MT;4;11815,59
202311;1;MT;51884;INTER;929;1281779,64
202311;1;MT;10069;ITAU;191;246863,07
202311;1;MT;52058;NUBANK;1685;1972325,45
202311;1;MT;30379;SANTANDER;261;324920,04
202311;1;MT;3632872;SICOOB CREDISUL;13;19359,45
202311;1;MT;51011;VOTORANTIM;42;64656,46
202311;1;PA;51750;BANCO SICOOB;5;7246,88
202311;1;PA;30173;BANRISUL;6;7141,12
202311;1;PA;49906;BB;612;511963,56
202311;1;PA;4913711;BCO DO EST. DO PA S.A.;1;2108,07
202311;1;PA;30290;BMG;686;825106,75
202311;1;PA;10045;BRADESCO;300;262709,01
202311;1;PA;31976;BRB;10;18618,45
202311;1;PA;49944;BTG PACTUAL;819;898251,56
202311;1;PA;52072;C6 BANK;3;3235,70
202311;1;PA;51626;CAIXA ECONÔMICA FEDERAL;659;555529,41
202311;1;PA;37079720;CCLA SICOOB CREDIJUSTRA;1;477,55
202311;1;PA;51884;INTER;1760;1850145,30
202311;1;PA;10069;ITAU;455;458421,65
202311;1;PA;52058;NUBANK;2820;2415728,53
202311;1;PA;30379;SANTANDER;478;447613,88
202311;1;PA;51011;VOTORANTIM;47;50429,22
202311;1;PB;51750;BANCO SICOOB;5;6815,09
202311;1;PB;49906;BB;407;353120,18
202311;1;PB;30290;BMG;663;752978,73
202311;1;PB;10045;BRADESCO;300;288373,22
202311;1;PB;31976;BRB;26;20787,13
202311;1;PB;49944;BTG PACTUAL;555;634534,02
202311;1;PB;52072;C6 BANK;1;3634,85
202311;1;PB;51626;CAIXA ECONÔMICA FEDERAL;636;600412,88
202311;1;PB;51884;INTER;1094;1195989,81
202311;1;PB;10069;ITAU;220;218888,34
202311;1;PB;52058;NUBANK;1753;1617058,46
202311;1;PB;30379;SANTANDER;223;222578,14
202311;1;PB;51011;VOTORANTIM;22;25688,51
202311;1;PE;51750;BANCO SICOOB;7;5947,00
202311;1;PE;30173;BANRISUL;4;4904,99
202311;1;PE;49906;BB;732;626879,49
202311;1;PE;30290;BMG;1362;1610085,66
202311;1;PE;10045;BRADESCO;591;555206,72
202311;1;PE;31976;BRB;10;11655,78
202311;1;PE;49944;BTG PACTUAL;1254;1436594,07
202311;1;PE;52072;C6 BANK;5;4645,13
202311;1;PE;51626;CAIXA ECONÔMICA FEDERAL;1342;1350908,68
202311;1;PE;4174720;CC SICOOB COOPEMAR;1;1550,27
202311;1;PE;51884;INTER;2489;2804239,06
202311;1;PE;10069;ITAU;714;729855,19
202311;1;PE;52058;NUBANK;3641;3324054,67
202311;1;PE;30379;SANTANDER;774;759428,12
202311;1;PE;51011;VOTORANTIM;32;38622,13
202311;1;PI;51750;BANCO SICOOB;3;3168,63
202311;1;PI;30173;BANRISUL;4;3389,00
202311;1;PI;49906;BB;633;558173,70
202311;1;PI;30290;BMG;471;556835,49
202311;1;PI;10045;BRADESCO;129;160569,24
202311;1;PI;31976;BRB;6;12790,40
202311;1;PI;49944;BTG PACTUAL;456;492013,64
202311;1;PI;52072;C6 BANK;1;2878,94
202311;1;PI;51626;CAIXA ECONÔMICA FEDERAL;569;575639,89
202311;1;PI;2282709;COOP CENTRO NORTE BRASILEIRO;1;4083,63
202311;1;PI;51884;INTER;830;891052,57
202311;1;PI;10069;ITAU;131;123678,56
202311;1;PI;52058;NUBANK;1537;1492353,34
202311;1;PI;30379;SANTANDER;135;123867,37
202311;1;PI;51011;VOTORANTIM;15;18500,91
202311;1;PR;51750;BANCO SICOOB;54;68226,79
202311;1;PR;30173;BANRISUL;4;3866,01
202311;1;PR;49906;BB;572;559887,19
202311;1;PR;30290;BMG;1536;2030128,11
202311;1;PR;10045;BRADESCO;495;482769,81
202311;1;PR;31976;BRB;6;9020,47
202311;1;PR;49944;BTG PACTUAL;1555;1899168,98
202311;1;PR;52072;C6 BANK;4;4067,40
202311;1;PR;51626;CAIXA ECONÔMICA FEDERAL;1257;1323740,95
202311;1;PR;2466552;CC SICOOB VALE SUL;8;9423,80
202311;1;PR;7026923;CCLA SICOOB ARENITO PARANÁ / SÃO PAULO;2;966,89
202311;1;PR;51884;INTER;2201;2749392,29
202311;1;PR;10069;ITAU;943;993266,37
202311;1;PR;52058;NUBANK;3632;3564223,19
202311;1;PR;30379;SANTANDER;653;674800,16
202311;1;PR;51011;VOTORANTIM;56;82466,33
202311;1;RJ;51750;BANCO SICOOB;50;45338,12
202311;1;RJ;30173;BANRISUL;11;13999,84
202311;1;RJ;49906;BB;1031;913483,14
202311;1;RJ;30290;BMG;3241;3732269,13
202311;1;RJ;10045;BRADESCO;1548;1462519,28
202311;1;RJ;31976;BRB;83;63116,04
202311;1;RJ;49944;BTG PACTUAL;3089;3435992,73
202311;1;RJ;52072;C6 BANK;17;10200,47
202311;1;RJ;51626;CAIXA ECONÔMICA FEDERAL;2855;2761936,99
202311;1;RJ;51884;INTER;5678;6289091,66
202311;1;RJ;10069;ITAU;3918;3958171,48
202311;1;RJ;52058;NUBANK;9443;8392205,14
202311;1;RJ;30379;SANTANDER;2667;2520764,24
202311;1;RJ;3632872;SICOOB CREDISUL;2;1102,14
202311;1;RJ;51011;VOTORANTIM;100;100793,87
202311;1;RN;51750;BANCO SICOOB;7;6991,41
202311;1;RN;30173;BANRISUL;5;7172,74
202311;1;RN;49906;BB;453;413616,84
202311;1;RN;30290;BMG;492;582416,66
202311;1;RN;10045;BRADESCO;171;165885,00
202311;1;RN;31976;BRB;1;1984,17
202311;1;RN;49944;BTG PACTUAL;456;512130,00
202311;1;RN;52072;C6 BANK;3;1669,05
202311;1;RN;51626;CAIXA ECONÔMICA FEDERAL;488;479599,92
202311;1;RN;51884;INTER;1062;1111138,73
202311;1;RN;10069;ITAU;199;190191,31
202311;1;RN;52058;NUBANK;1475;1303865,16
202311;1;RN;30379;SANTANDER;205;204752,00
202311;1;RN;51011;VOTORANTIM;37;38618,55
202311;1;RO;51750;BANCO SICOOB;15;27120,35
202311;1;RO;49906;BB;302;301999,97
202311;1;RO;30290;BMG;311;399530,31
202311;1;RO;10045;BRADESCO;133;159334,58
202311;1;RO;31976;BRB;1;322,15
202311;1;RO;49944;BTG PACTUAL;345;468264,61
202311;1;RO;8044854;C.C. DO CENTRO DO ESTADO DE RONDÔNIA;12;8923,85
202311;1;RO;52072;C6 BANK;2;3227,52
202311;1;RO;51626;CAIXA ECONÔMICA FEDERAL;342;353883,54
202311;1;RO;4751713;CC INV DE RONDÔNIA - SICOOB CREDJURD;3;3797,76
202311;1;RO;2015588;CCLA DO CENTRO SUL RONDONIENSE;38;74114,57
202311;1;RO;51884;INTER;567;666926,93
202311;1;RO;10069;ITAU;142;167004,58
202311;1;RO;52058;NUBANK;1251;1261322,53
202311;1;RO;30379;SANTANDER;149;156660,24
202311;1;RO;5203605;SICOOB AMAZÔNIA;10;16192,39
202311;1;RO;3632872;SICOOB CREDISUL;16;16153,90
202311;1;RO;51011;VOTORANTIM;14;18286,46
202311;1;RR;49906;BB;94;94419,72
202311;1;RR;30290;BMG;57;66268,58
202311;1;RR;10045;BRADESCO;15;15361,15
202311;1;RR;31976;BRB;1;869,65
202311;1;RR;49944;BTG PACTUAL;63;90398,13
202311;1;RR;52072;C6 BANK;1;1057,08
202311;1;RR;51626;CAIXA ECONÔMICA FEDERAL;77;74164,22
202311;1;RR;51884;INTER;160;211797,55
202311;1;RR;10069;ITAU;36;38024,18
202311;1;RR;52058;NUBANK;296;279091,65
202311;1;RR;30379;SANTANDER;50;56646,29
202311;1;RR;51011;VOTORANTIM;1;1219,01
202311;1;RS;51750;BANCO SICOOB;24;24893,46
202311;1;RS;30173;BANRISUL;827;914324,34
202311;1;RS;49906;BB;593;539001,36
202311;1;RS;30290;BMG;1653;2025637,72
202311;1;RS;10045;BRADESCO;401;397674,23
202311;1;RS;31976;BRB;7;12908,21
202311;1;RS;49944;BTG PACTUAL;1556;1807752,51
202311;1;RS;52072;C6 BANK;10;5268,22
202311;1;RS;51626;CAIXA ECONÔMICA FEDERAL;1661;1716023,82
202311;1;RS;85291086;CC LITORÂNEA;1;679,01
202311;1;RS;78825270;CCLA MAXI ALFA;5;10714,37
202311;1;RS;2090126;CCLA SICOOB VALCREDI SUL;3;2290,50
202311;1;RS;81014060;CCLAA ITAIPU SICOOB CREDITAIPU;2;1689,02
202311;1;RS;51884;INTER;2476;2939281,60
202311;1;RS;10069;ITAU;690;662679,33
202311;1;RS;52058;NUBANK;4283;4139284,92
202311;1;RS;30379;SANTANDER;907;908940,99
202311;1;RS;51011;VOTORANTIM;64;68549,63
202311;1;SC;51750;BANCO SICOOB;43;53612,84
202311;1;SC;30173;BANRISUL;25;21444,24
202311;1;SC;49906;BB;376;358481,12
202311;1;SC;30290;BMG;954;1220020,96
202311;1;SC;10045;BRADESCO;263;268663,96
202311;1;SC;31976;BRB;4;2607,13
202311;1;SC;49944;BTG PACTUAL;873;1186504,69
202311;1;SC;52072;C6 BANK;4;7280,49
202311;1;SC;51626;CAIXA ECONÔMICA FEDERAL;656;744668,92
202311;1;SC;85291086;CC LITORÂNEA;5;7484,72
202311;1;SC;86829827;CCLA DO VALE;1;135,29
202311;1;SC;78825270;CCLA MAXI ALFA;31;56502,67
202311;1;SC;2090126;CCLA SICOOB VALCREDI SUL;6;3774,49
202311;1;SC;81014060;CCLAA ITAIPU SICOOB CREDITAIPU;2;2333,39
202311;1;SC;78862083;COOP NOVOS CAMPOS;2;723,76
202311;1;SC;51884;INTER;1303;1681027,53
202311;1;SC;10069;ITAU;384;409939,88
202311;1;SC;52058;NUBANK;2161;2257692,86
202311;1;SC;30379;SANTANDER;362;415866,97
202311;1;SC;86791837;SICOOB VALE DOS PINHAIS;2;1680,59
202311;1;SC;51011;VOTORANTIM;30;39789,65
202311;1;SE;51750;BANCO SICOOB;1;682,06
202311;1;SE;30173;BANRISUL;4;3583,58
202311;1;SE;49906;BB;189;146820,46
202311;1;SE;30290;BMG;329;421808,29
202311;1;SE;10045;BRADESCO;73;74957,55
202311;1;SE;31976;BRB;4;3105,47
202311;1;SE;49944;BTG PACTUAL;323;352505,09
202311;1;SE;52072;C6 BANK;3;1269,90
202311;1;SE;51626;CAIXA ECONÔMICA FEDERAL;363;359321,40
202311;1;SE;51884;INTER;685;720393,09
202311;1;SE;10069;ITAU;76;87801,32
202311;1;SE;52058;NUBANK;926;864801,64
202311;1;SE;30379;SANTANDER;126;114319,22
202311;1;SE;51011;VOTORANTIM;12;12982,29
202311;1;SP;51750;BANCO SICOOB;90;101697,48
202311;1;SP;30173;BANRISUL;30;41314,49
202311;1;SP;49906;BB;2904;2700253,90
202311;1;SP;4913711;BCO DO EST. DO PA S.A.;1;1751,79
202311;1;SP;30290;BMG;8593;10544015,65
202311;1;SP;10045;BRADESCO;3868;3801075,32
202311;1;SP;31976;BRB;51;66788,00
202311;1;SP;49944;BTG PACTUAL;8787;10370247,73
202311;1;SP;52072;C6 BANK;51;60037,10
202311;1;SP;51626;CAIXA ECONÔMICA FEDERAL;5583;5651256,24
202311;1;SP;2282165;CC SICOOB CREDICONQUISTA;1;2460,55
202311;1;SP;7026923;CCLA SICOOB ARENITO PARANÁ / SÃO PAULO;1;1743,82
202311;1;SP;69346856;CECM DOS PROFISSIONAIS DA SAUDE DA REG ALTA MOGIANA;1;3348,52
202311;1;SP;51884;INTER;13139;15374911,55
202311;1;SP;10069;ITAU;7711;7801906,53
202311;1;SP;52058;NUBANK;23812;22386187,13
202311;1;SP;30379;SANTANDER;6506;6514433,94
202311;1;SP;51011;VOTORANTIM;358;411534,73
202311;1;TO;51750;BANCO SICOOB;1;2091,80
202311;1;TO;49906;BB;172;135930,25
202311;1;TO;30290;BMG;149;174436,26
202311;1;TO;10045;BRADESCO;64;64668,80
202311;1;TO;31976;BRB;2;1960,21
202311;1;TO;49944;BTG PACTUAL;120;130425,86
202311;1;TO;52072;C6 BANK;2;3889,20
202311;1;TO;51626;CAIXA ECONÔMICA FEDERAL;128;111853,56
202311;1;TO;37079720;CCLA SICOOB CREDIJUSTRA;1;220,97
202311;1;TO;51884;INTER;322;355067,47
202311;1;TO;10069;ITAU;49;61571,66
202311;1;TO;52058;NUBANK;550;487102,22
202311;1;TO;30379;SANTANDER;59;49773,68
202311;1;TO;51011;VOTORANTIM;10;19232,78
202311;2;AC;49906;BB;21;209588,73
202311;2;AC;17351180;BCO TRIANGULO S.A.;12;13644,22
202311;2;AC;10045;BRADESCO;15;76612,61
202311;2;AC;49944;BTG PACTUAL;4;38273,78
202311;2;AC;52072;C6 BANK;9;10222,01
202311;2;AC;51626;CAIXA ECONÔMICA FEDERAL;39;197864,08
202311;2;AC;51884;INTER;5;16991,23
202311;2;AC;10069;ITAU;17;160760,39
202311;2;AC;30379;SANTANDER;40;122042,22
202311;2;AC;51011;VOTORANTIM;3;48702,61
202311;2;AL;49906;BB;48;338086,66
202311;2;AL;17351180;BCO TRIANGULO S.A.;14;15405,90
202311;2;AL;10045;BRADESCO;30;156940,56
202311;2;AL;49944;BTG PACTUAL;3;36058,82
202311;2;AL;52072;C6 BANK;123;215825,00
202311;2;AL;51626;CAIXA ECONÔMICA FEDERAL;145;375057,98
202311;2;AL;51884;INTER;41;139448,12
202311;2;AL;10069;ITAU;208;645838,02
202311;2;AL;30379;SANTANDER;134;623293,93
202311;2;AL;51011;VOTORANTIM;11;59776,94
202311;2;AM;49906;BB;39;338585,74
202311;2;AM;17351180;BCO TRIANGULO S.A.;45;59819,61
202311;2;AM;10045;BRADESCO;220;2086026,66
202311;2;AM;49944;BTG PACTUAL;5;10765,69
202311;2;AM;52072;C6 BANK;127;385117,17
202311;2;AM;51626;CAIXA ECONÔMICA FEDERAL;97;266627,19
202311;2;AM;51884;INTER;26;94325,45
202311;2;AM;10069;ITAU;193;635777,81
202311;2;AM;30379;SANTANDER;227;1303102,39
202311;2;AM;51011;VOTORANTIM;21;151743,64
202311;2;AP;49906;BB;36;403844,96
202311;2;AP;17351180;BCO TRIANGULO S.A.;1;1432,61
202311;2;AP;10045;BRADESCO;12;121280,42
202311;2;AP;49944;BTG PACTUAL;1;5957,15
202311;2;AP;52072;C6 BANK;21;34045,83
202311;2;AP;51626;CAIXA ECONÔMICA FEDERAL;44;145956,09
202311;2;AP;51884;INTER;14;45107,21
202311;2;AP;10069;ITAU;16;23567,86
202311;2;AP;30379;SANTANDER;33;294477,88
202311;2;AP;51011;VOTORANTIM;2;9300,25
202311;2;BA;49906;BB;196;1402017,26
202311;2;BA;17351180;BCO TRIANGULO S.A.;76;103407,38
202311;2;BA;10045;BRADESCO;447;2715035,83
202311;2;BA;49944;BTG PACTUAL;21;63199,03
202311;2;BA;52072;C6 BANK;550;1182942,95
202311;2;BA;51626;CAIXA ECONÔMICA FEDERAL;645;1293367,90
202311;2;BA;51884;INTER;145;568426,39
202311;2;BA;10069;ITAU;1038;2730496,94
202311;2;BA;30379;SANTANDER;1023;4499136,39
202311;2;BA;51011;VOTORANTIM;42;212995,24
202311;2;CE;49906;BB;139;1310103,95
202311;2;CE;17351180;BCO TRIANGULO S.A.;34;27362,62
202311;2;CE;10045;BRADESCO;285;2520834,16
202311;2;CE;49944;BTG PACTUAL;9;12371,67
202311;2;CE;52072;C6 BANK;349;698780,99
202311;2;CE;51626;CAIXA ECONÔMICA FEDERAL;367;878568,25
202311;2;CE;51884;INTER;90;411583,08
202311;2;CE;10069;ITAU;473;1440003,99
202311;2;CE;30379;SANTANDER;536;2581739,09
202311;2;CE;51011;VOTORANTIM;41;256833,90
202311;2;DF;49906;BB;67;1088303,50
202311;2;DF;17351180;BCO TRIANGULO S.A.;10;17945,30
202311;2;DF;10045;BRADESCO;114;715393,95
202311;2;DF;49944;BTG PACTUAL;5;20722,71
202311;2;DF;52072;C6 BANK;236;864325,79
202311;2;DF;51626;CAIXA ECONÔMICA FEDERAL;259;976586,91
202311;2;DF;51884;INTER;73;385043,86
202311;2;DF;10069;ITAU;352;1046566,57
202311;2;DF;30379;SANTANDER;273;1632972,00
202311;2;DF;51011;VOTORANTIM;20;172275,20
202311;2;ES;49906;BB;30;250093,33
202311;2;ES;17351180;BCO TRIANGULO S.A.;10;6454,28
202311;2;ES;10045;BRADESCO;77;428274,09
202311;2;ES;49944;BTG PACTUAL;1;1189,20
202311;2;ES;52072;C6 BANK;124;239289,20
202311;2;ES;51626;CAIXA ECONÔMICA FEDERAL;155;199219,39
202311;2;ES;51884;INTER;60;256955,48
202311;2;ES;10069;ITAU;212;453436,86
202311;2;ES;30379;SANTANDER;187;962185,13
202311;2;ES;51011;VOTORANTIM;20;96918,20
202311;2;GO;49906;BB;120;1135248,28
202311;2;GO;17351180;BCO TRIANGULO S.A.;15;18658,60
202311;2;GO;10045;BRADESCO;238;2264164,78
202311;2;GO;49944;BTG PACTUAL;10;35993,32
202311;2;GO;52072;C6 BANK;345;908948,52
202311;2;GO;51626;CAIXA ECONÔMICA FEDERAL;514;1255853,52
202311;2;GO;51884;INTER;94;475573,39
202311;2;GO;10069;ITAU;485;1422082,58
202311;2;GO;30379;SANTANDER;399;2399761,02
202311;2;GO;51011;VOTORANTIM;40;377815,48
202311;2;MA;49906;BB;187;1717220,14
202311;2;MA;17351180;BCO TRIANGULO S.A.;18;44460,07
202311;2;MA;10045;BRADESCO;130;767873,35
202311;2;MA;49944;BTG PACTUAL;2;10260,60
202311;2;MA;52072;C6 BANK;115;200030,69
202311;2;MA;51626;CAIXA ECONÔMICA FEDERAL;168;405851,65
202311;2;MA;51884;INTER;34;132838,68
202311;2;MA;10069;ITAU;183;497309,58
202311;2;MA;30379;SANTANDER;172;897878,86
202311;2;MA;51011;VOTORANTIM;21;167014,68
202311;2;MG;49906;BB;211;1985013,19
202311;2;MG;13009717;BCO DO EST. DE SE S.A.;1;2721,29
202311;2;MG;17351180;BCO TRIANGULO S.A.;58;63010,05
202311;2;MG;10045;BRADESCO;456;2931970,93
202311;2;MG;49944;BTG PACTUAL;22;120090,75
202311;2;MG;52072;C6 BANK;821;2020800,69
202311;2;MG;51626;CAIXA ECONÔMICA FEDERAL;868;1747161,78
202311;2;MG;51884;INTER;364;1452171,67
202311;2;MG;10069;ITAU;1334;3639664,18
202311;2;MG;30379;SANTANDER;1278;7286900,25
202311;2;MG;51011;VOTORANTIM;148;1127588,50
202311;2;MS;49906;BB;74;1019972,40
202311;2;MS;17351180;BCO TRIANGULO S.A.;22;22194,55
202311;2;MS;10045;BRADESCO;135;1320979,08
202311;2;MS;49944;BTG PACTUAL;1;924,35
202311;2;MS;52072;C6 BANK;111;196322,61
202311;2;MS;51626;CAIXA ECONÔMICA FEDERAL;140;269097,68
202311;2;MS;51884;INTER;27;154824,38
202311;2;MS;10069;ITAU;149;332028,99
202311;2;MS;30379;SANTANDER;238;1582210,61
202311;2;MS;51011;VOTORANTIM;46;412604,03
202311;2;MT;49906;BB;86;749274,89
202311;2;MT;17351180;BCO TRIANGULO S.A.;14;18341,79
202311;2;MT;10045;BRADESCO;126;995267,36
202311;2;MT;49944;BTG PACTUAL;3;20915,15
202311;2;MT;52072;C6 BANK;107;379196,63
202311;2;MT;51626;CAIXA ECONÔMICA FEDERAL;144;335533,29
202311;2;MT;51884;INTER;50;240770,59
202311;2;MT;10069;ITAU;131;364363,80
202311;2;MT;30379;SANTANDER;192;1089052,61
202311;2;MT;51011;VOTORANTIM;35;305939,71
202311;2;PA;49906;BB;127;1148576,76
202311;2;PA;17351180;BCO TRIANGULO S.A.;63;65450,56
202311;2;PA;10045;BRADESCO;217;1768771,78
202311;2;PA;49944;BTG PACTUAL;6;15195,67
202311;2;PA;52072;C6 BANK;262;469610,46
202311;2;PA;51626;CAIXA ECONÔMICA FEDERAL;242;429412,74
202311;2;PA;51884;INTER;61;192860,00
202311;2;PA;10069;ITAU;284;860947,97
202311;2;PA;30379;SANTANDER;288;1357601,31
202311;2;PA;51011;VOTORANTIM;37;423858,20
202311;2;PB;49906;BB;56;355853,20
202311;2;PB;17351180;BCO TRIANGULO S.A.;26;20124,69
202311;2;PB;10045;BRADESCO;151;1227952,84
202311;2;PB;49944;BTG PACTUAL;4;4789,13
202311;2;PB;52072;C6 BANK;128;422396,27
202311;2;PB;51626;CAIXA ECONÔMICA FEDERAL;168;233883,34
202311;2;PB;51884;INTER;42;134954,84
202311;2;PB;10069;ITAU;232;705518,54
202311;2;PB;30379;SANTANDER;164;770614,09
202311;2;PB;51011;VOTORANTIM;24;123931,56
202311;2;PE;49906;BB;102;804862,39
202311;2;PE;17351180;BCO TRIANGULO S.A.;59;53042,57
202311;2;PE;10045;BRADESCO;304;2207667,85
202311;2;PE;49944;BTG PACTUAL;13;27768,01
202311;2;PE;52072;C6 BANK;388;707461,16
202311;2;PE;51626;CAIXA ECONÔMICA FEDERAL;261;462087,45
202311;2;PE;51884;INTER;90;396465,46
202311;2;PE;10069;ITAU;628;1915097,10
202311;2;PE;30379;SANTANDER;534;2460128,05
202311;2;PE;51011;VOTORANTIM;40;245139,50
202311;2;PI;49906;BB;85;544574,12
202311;2;PI;17351180;BCO TRIANGULO S.A.;5;7146,10
202311;2;PI;10045;BRADESCO;47;394102,56
202311;2;PI;49944;BTG PACTUAL;2;6094,10
202311;2;PI;52072;C6 BANK;82;95422,16
202311;2;PI;51626;CAIXA ECONÔMICA FEDERAL;179;503611,04
202311;2;PI;51884;INTER;28;96882,17
202311;2;PI;10069;ITAU;79;236483,48
202311;2;PI;30379;SANTANDER;120;515887,46
202311;2;PI;51011;VOTORANTIM;17;154954,12
202311;2;PR;49906;BB;141;1148108,66
202311;2;PR;17351180;BCO TRIANGULO S.A.;38;71615,82
202311;2;PR;10045;BRADESCO;371;3319273,47
202311;2;PR;49944;BTG PACTUAL;7;36603,63
202311;2;PR;52072;C6 BANK;786;1967270,34
202311;2;PR;51626;CAIXA ECONÔMICA FEDERAL;668;2010071,60
202311;2;PR;51884;INTER;123;506777,86
202311;2;PR;10069;ITAU;869;2205767,72
202311;2;PR;30379;SANTANDER;678;4015670,59
202311;2;PR;51011;VOTORANTIM;109;784183,82
202311;2;RJ;49906;BB;146;1617043,91
202311;2;RJ;17351180;BCO TRIANGULO S.A.;75;131202,50
202311;2;RJ;10045;BRADESCO;904;7038209,93
202311;2;RJ;49944;BTG PACTUAL;34;190950,94
202311;2;RJ;52072;C6 BANK;1170;2374434,76
202311;2;RJ;51626;CAIXA ECONÔMICA FEDERAL;737;1480011,98
202311;2;RJ;51884;INTER;187;927688,91
202311;2;RJ;10069;ITAU;2422;5822578,13
202311;2;RJ;30379;SANTANDER;1701;10275577,54
202311;2;RJ;51011;VOTORANTIM;128;1135232,87
202311;2;RN;49906;BB;73;863112,64
202311;2;RN;17351180;BCO TRIANGULO S.A.;33;27333,35
202311;2;RN;10045;BRADESCO;64;311202,43
202311;2;RN;49944;BTG PACTUAL;10;22151,32
202311;2;RN;52072;C6 BANK;133;168495,32
202311;2;RN;51626;CAIXA ECONÔMICA FEDERAL;107;249661,43
202311;2;RN;51884;INTER;46;167919,94
202311;2;RN;10069;ITAU;185;510345,40
202311;2;RN;30379;SANTANDER;143;649064,18
202311;2;RN;51011;VOTORANTIM;24;125885,25
202311;2;RO;49906;BB;39;365055,02
202311;2;RO;17351180;BCO TRIANGULO S.A.;5;9815,12
202311;2;RO;10045;BRADESCO;38;225686,19
202311;2;RO;49944;BTG PACTUAL;1;2725,76
202311;2;RO;52072;C6 BANK;37;107995,34
202311;2;RO;51626;CAIXA ECONÔMICA FEDERAL;75;82760,18
202311;2;RO;51884;INTER;18;82033,93
202311;2;RO;10069;ITAU;33;88124,92
202311;2;RO;30379;SANTANDER;89;455191,48
202311;2;RO;51011;VOTORANTIM;12;90917,96
202311;2;RR;49906;BB;19;251418,23
202311;2;RR;17351180;BCO TRIANGULO S.A.;3;2028,29
202311;2;RR;10045;BRADESCO;10;71023,12
202311;2;RR;49944;BTG PACTUAL;5;11826,78
202311;2;RR;52072;C6 BANK;16;40739,39
202311;2;RR;51626;CAIXA ECONÔMICA FEDERAL;21;75337,84
202311;2;RR;51884;INTER;5;44260,87
202311;2;RR;10069;ITAU;14;16407,42
202311;2;RR;30379;SANTANDER;18;98914,50
202311;2;RR;51011;VOTORANTIM;1;3745,09
202311;2;RS;49906;BB;101;1756130,84
202311;2;RS;17351180;BCO TRIANGULO S.A.;53;58233,17
202311;2;RS;10045;BRADESCO;187;1525965,47
202311;2;RS;49944;BTG PACTUAL;14;68734,53
202311;2;RS;52072;C6 BANK;353;890613,53
202311;2;RS;51626;CAIXA ECONÔMICA FEDERAL;594;1138581,28
202311;2;RS;51884;INTER;82;385344,65
202311;2;RS;10069;ITAU;742;1805794,33
202311;2;RS;30379;SANTANDER;656;3696321,84
202311;2;RS;51011;VOTORANTIM;76;476897,98
202311;2;SC;49906;BB;109;892315,07
202311;2;SC;17351180;BCO TRIANGULO S.A.;40;58541,84
202311;2;SC;10045;BRADESCO;213;1589638,79
202311;2;SC;49944;BTG PACTUAL;13;47625,13
202311;2;SC;52072;C6 BANK;404;787870,20
202311;2;SC;51626;CAIXA ECONÔMICA FEDERAL;411;1065538,91
202311;2;SC;51884;INTER;65;217476,04
202311;2;SC;10069;ITAU;511;1326491,61
202311;2;SC;30379;SANTANDER;303;2209580,40
202311;2;SC;51011;VOTORANTIM;99;628997,31
202311;2;SE;49906;BB;26;140396,66
202311;2;SE;13009717;BCO DO EST. DE SE S.A.;28;162722,50
202311;2;SE;17351180;BCO TRIANGULO S.A.;5;2039,52
202311;2;SE;10045;BRADESCO;16;56038,31
202311;2;SE;49944;BTG PACTUAL;1;2003,07
202311;2;SE;52072;C6 BANK;72;200781,12
202311;2;SE;51626;CAIXA ECONÔMICA FEDERAL;96;190128,34
202311;2;SE;51884;INTER;15;81706,59
202311;2;SE;10069;ITAU;102;271117,52
202311;2;SE;30379;SANTANDER;69;300512,25
202311;2;SE;51011;VOTORANTIM;14;97828,86
202311;2;SP;49906;BB;463;4913044,59
202311;2;SP;17351180;BCO TRIANGULO S.A.;134;169478,55
202311;2;SP;10045;BRADESCO;2363;19174266,70
202311;2;SP;49944;BTG PACTUAL;84;338411,31
202311;2;SP;52072;C6 BANK;3107;7027389,14
202311;2;SP;51626;CAIXA ECONÔMICA FEDERAL;1872;3503524,07
202311;2;SP;51884;INTER;637;3015870,68
202311;2;SP;10069;ITAU;5383;14186700,86
202311;2;SP;30379;SANTANDER;4632;27489705,06
202311;2;SP;51011;VOTORANTIM;480;2829924,88
202311;2;TO;49906;BB;43;311460,71
202311;2;TO;17351180;BCO TRIANGULO S.A.;6;8814,47
202311;2;TO;10045;BRADESCO;30;185611,32
202311;2;TO;49944;BTG PACTUAL;1;14408,27
202311;2;TO;52072;C6 BANK;29;55214,43
202311;2;TO;51626;CAIXA ECONÔMICA FEDERAL;51;105628,40
202311;2;TO;51884;INTER;18;90385,01
202311;2;TO;10069;ITAU;25;64862,44
202311;2;TO;30379;SANTANDER;50;304549,60
202311;2;TO;51011;VOTORANTIM;11;135896,25
202312;1;AC;49906;BB;165;215279,61
202312;1;AC;30290;BMG;25;59319,01
202312;1;AC;10045;BRADESCO;13;11729,93
202312;1;AC;31976;BRB;1;309,11
202312;1;AC;49944;BTG PACTUAL;168;272048,74
202312;1;AC;52072;C6 BANK;8;10973,13
202312;1;AC;51626;CAIXA ECONÔMICA FEDERAL;162;172567,57
202312;1;AC;51884;INTER;123;169463,32
202312;1;AC;10069;ITAU;24;30649,94
202312;1;AC;52058;NUBANK;283;343892,93
202312;1;AC;30379;SANTANDER;61;60229,86
202312;1;AC;3632872;SICOOB CREDISUL;1;747,02
202312;1;AC;51011;VOTORANTIM;2;1824,17
202312;1;AL;51750;BANCO SICOOB;4;4302,43
202312;1;AL;49906;BB;216;262586,29
202312;1;AL;30290;BMG;139;177619,27
202312;1;AL;10045;BRADESCO;74;74789,58
202312;1;AL;31976;BRB;9;15396,36
202312;1;AL;49944;BTG PACTUAL;510;616484,93
202312;1;AL;52072;C6 BANK;50;49132,51
202312;1;AL;51626;CAIXA ECONÔMICA FEDERAL;405;420314,93
202312;1;AL;51884;INTER;485;586454,20
202312;1;AL;10069;ITAU;120;120140,70
202312;1;AL;52058;NUBANK;624;577366,07
202312;1;AL;30379;SANTANDER;128;147956,58
202312;1;AL;73398646;SOC CC SICOOB COOPERE;1;708,80
202312;1;AL;51011;VOTORANTIM;8;12815,00
202312;1;AM;51750;BANCO SICOOB;7;8294,28
202312;1;AM;30173;BANRISUL;5;15191,49
202312;1;AM;49906;BB;293;391886,09
202312;1;AM;30290;BMG;187;275647,37
202312;1;AM;10045;BRADESCO;450;576666,55
202312;1;AM;31976;BRB;7;4270,64
202312;1;AM;49944;BTG PACTUAL;1077;1669191,21
202312;1;AM;52072;C6 BANK;108;129901,15
202312;1;AM;51626;CAIXA ECONÔMICA FEDERAL;635;744283,06
202312;1;AM;2015588;CCLA DO CENTRO SUL RONDONIENSE;1;1011,10
202312;1;AM;51884;INTER;903;1211447,31
202312;1;AM;10069;ITAU;424;540846,01
202312;1;AM;52058;NUBANK;1579;1944807,36
202312;1;AM;30379;SANTANDER;407;517350,29
202312;1;AM;5203605;SICOOB AMAZÔNIA;4;12502,72
202312;1;AM;51011;VOTORANTIM;24;36563,81
202312;1;AP;51750;BANCO SICOOB;4;4268,95
202312;1;AP;30173;BANRISUL;2;5299,00
202312;1;AP;49906;BB;96;99202,78
202312;1;AP;30290;BMG;29;36189,91
202312;1;AP;10045;BRADESCO;24;23990,84
202312;1;AP;31976;BRB;1;1276,12
202312;1;AP;49944;BTG PACTUAL;121;186795,72
202312;1;AP;52072;C6 BANK;24;32160,42
202312;1;AP;51626;CAIXA ECONÔMICA FEDERAL;55;52343,63
202312;1;AP;51884;INTER;111;142093,84
202312;1;AP;10069;ITAU;42;38559,05
202312;1;AP;52058;NUBANK;185;185995,15
202312;1;AP;30379;SANTANDER;45;42201,16
202312;1;AP;51011;VOTORANTIM;1;393,56
202312;1;BA;51750;BANCO SICOOB;19;28357,62
202312;1;BA;30173;BANRISUL;4;4520,27
202312;1;BA;49906;BB;1046;1171661,07
202312;1;BA;30290;BMG;537;699131,25
202312;1;BA;10045;BRADESCO;632;734488,53
202312;1;BA;31976;BRB;23;31814,78
202312;1;BA;49944;BTG PACTUAL;2483;3280899,24
202312;1;BA;52072;C6 BANK;260;279649,72
202312;1;BA;51626;CAIXA ECONÔMICA FEDERAL;1514;1546946,59
202312;1;BA;32615247;CC SICOOB COOPEC LTDA.;3;6858,32
202312;1;BA;4174720;CC SICOOB COOPEMAR;4;2974,25
202312;1;BA;2528151;CC SICOOB CREDCOOP;1;552,06
202312;1;BA;2282165;CC SICOOB CREDICONQUISTA;2;3118,29
202312;1;BA;78825270;CCLA MAXI ALFA;1;300,39
202312;1;BA;51884;INTER;1793;2114830,46
202312;1;BA;10069;ITAU;646;745391,27
202312;1;BA;52058;NUBANK;2882;2947338,16
202312;1;BA;30379;SANTANDER;734;750979,75
202312;1;BA;73398646;SOC CC SICOOB COOPERE;13;10706,50
202312;1;BA;51011;VOTORANTIM;47;67021,58
202312;1;CE;51750;BANCO SICOOB;4;3401,60
202312;1;CE;30173;BANRISUL;7;11419,13
202312;1;CE;49906;BB;850;1016279,29
202312;1;CE;30290;BMG;392;480903,02
202312;1;CE;10045;BRADESCO;528;538924,25
202312;1;CE;31976;BRB;5;5781,73
202312;1;CE;49944;BTG PACTUAL;2219;2843300,63
202312;1;CE;52072;C6 BANK;208;241979,19
202312;1;CE;51626;CAIXA ECONÔMICA FEDERAL;1224;1218447,00
202312;1;CE;86829827;CCLA DO VALE;1;1081,89
202312;1;CE;51884;INTER;1980;2299851,56
202312;1;CE;10069;ITAU;493;564070,40
202312;1;CE;52058;NUBANK;2770;2945408,34
202312;1;CE;30379;SANTANDER;632;662597,25
202312;1;CE;51011;VOTORANTIM;32;42004,20
202312;1;DF;51750;BANCO SICOOB;13;18094,23
202312;1;DF;30173;BANRISUL;3;6104,16
202312;1;DF;49906;BB;460;591978,20
202312;1;DF;30290;BMG;238;326431,13
202312;1;DF;10045;BRADESCO;88;86172,56
202312;1;DF;31976;BRB;239;320363,27
202312;1;DF;49944;BTG PACTUAL;1067;1558415,85
202312;1;DF;52072;C6 BANK;103;112618,77
202312;1;DF;51626;CAIXA ECONÔMICA FEDERAL;495;539880,27
202312;1;DF;1187961;CC DISTRITO FEDERAL E ENTORNO;3;4934,19
202312;1;DF;37079720;CCLA SICOOB CREDIJUSTRA;1;1503,14
202312;1;DF;694877;COOP SICOOB EXECUTIVO LTDA.;1;1063,17
202312;1;DF;51884;INTER;953;1292971,51
202312;1;DF;10069;ITAU;311;356304,27
202312;1;DF;52058;NUBANK;1247;1349688,08
202312;1;DF;30379;SANTANDER;306;368168,31
202312;1;DF;5203605;SICOOB AMAZÔNIA;2;4932,65
202312;1;DF;5856736;SICOOB EMPRESARIAL;2;4546,68
202312;1;DF;51011;VOTORANTIM;17;22883,98
202312;1;ES;51750;BANCO SICOOB;52;75221,46
202312;1;ES;30173;BANRISUL;1;4768,99
202312;1;ES;49906;BB;185;229377,35
202312;1;ES;30290;BMG;155;226694,39
202312;1;ES;10045;BRADESCO;109;119207,01
202312;1;ES;31976;BRB;4;11801,01
202312;1;ES;49944;BTG PACTUAL;762;1102208,69
202312;1;ES;52072;C6 BANK;51;62281,73
202312;1;ES;51626;CAIXA ECONÔMICA FEDERAL;423;459339,23
202312;1;ES;4751713;CC INV DE RONDÔNIA - SICOOB CREDJURD;1;1426,85
202312;1;ES;51884;INTER;535;720825,07
202312;1;ES;10069;ITAU;210;289119,07
202312;1;ES;52058;NUBANK;903;991798,89
202312;1;ES;30379;SANTANDER;200;257173,17
202312;1;ES;51011;VOTORANTIM;13;19020,63
202312;1;GO;51750;BANCO SICOOB;17;22560,28
202312;1;GO;30173;BANRISUL;6;10724,12
202312;1;GO;49906;BB;406;549152,00
202312;1;GO;30290;BMG;287;384221,14
202312;1;GO;10045;BRADESCO;189;195491,67
202312;1;GO;31976;BRB;57;74140,49
202312;1;GO;49944;BTG PACTUAL;1387;1854295,77
202312;1;GO;52072;C6 BANK;168;200328,53
202312;1;GO;51626;CAIXA ECONÔMICA FEDERAL;678;698726,37
202312;1;GO;1187961;CC DISTRITO FEDERAL E ENTORNO;2;1750,68
202312;1;GO;33579731;CCLA CENTRO-SUL GOIANO;1;1115,70
202312;1;GO;2282709;COOP CENTRO NORTE BRASILEIRO;3;2921,87
202312;1;GO;51884;INTER;1070;1421294,12
202312;1;GO;10069;ITAU;531;641397,31
202312;1;GO;52058;NUBANK;1470;1567989,86
202312;1;GO;30379;SANTANDER;400;451944,04
202312;1;GO;3632872;SICOOB CREDISUL;1;364,68
202312;1;GO;51011;VOTORANTIM;25;38197,68
202312;1;MA;51750;BANCO SICOOB;7;12830,17
202312;1;MA;30173;BANRISUL;5;7965,38
202312;1;MA;49906;BB;730;814666,29
202312;1;MA;4913711;BCO DO EST. DO PA S.A.;1;3707,29
202312;1;MA;30290;BMG;127;158746,99
202312;1;MA;10045;BRADESCO;203;228980,78
202312;1;MA;31976;BRB;5;3102,48
202312;1;MA;49944;BTG PACTUAL;780;1013678,36
202312;1;MA;52072;C6 BANK;73;74344,00
202312;1;MA;51626;CAIXA ECONÔMICA FEDERAL;417;493411,36
202312;1;MA;51884;INTER;618;687399,90
202312;1;MA;10069;ITAU;174;197695,80
202312;1;MA;52058;NUBANK;1160;1163893,28
202312;1;MA;30379;SANTANDER;253;252452,90
202312;1;MA;51011;VOTORANTIM;13;17415,37
202312;1;MG;51750;BANCO SICOOB;152;209794,28
202312;1;MG;30173;BANRISUL;9;16257,47
202312;1;MG;49906;BB;1100;1451912,28
202312;1;MG;30290;BMG;1074;1534741,11
202312;1;MG;10045;BRADESCO;602;714494,71
202312;1;MG;31976;BRB;16;23946,92
202312;1;MG;49944;BTG PACTUAL;3545;5122802,89
202312;1;MG;52072;C6 BANK;416;500514,76
202312;1;MG;51626;CAIXA ECONÔMICA FEDERAL;2514;2911384,56
202312;1;MG;66398496;CC CREDIARA LTDA.;2;1789,09
202312;1;MG;68512748;CC CREDIESMERALDAS LTDA.;1;389,70
202312;1;MG;65239402;CC UNIÃO DO CENTRO OESTE DE MINAS;3;4418,24
202312;1;MG;14046512;CCLA MARGEM ESQUERDA DO URUCUI;4;4417,57
202312;1;MG;1736516;CCLA REG. CTR. E OESTE MINEIRO;2;3494,47
202312;1;MG;1703620;CCLA UNIÃO CENTRO OESTE MINAS;6;10653,74
202312;1;MG;19402130;CECM EMPR EST HOSP BH RM ZM;1;218,31
202312;1;MG;51884;INTER;4257;5401508,18
202312;1;MG;10069;ITAU;1487;1884975,58
202312;1;MG;52058;NUBANK;4048;4765579,62
202312;1;MG;30379;SANTANDER;1153;1365056,76
202312;1;MG;51011;VOTORANTIM;57;99669,00
202312;1;MS;51750;BANCO SICOOB;15;18155,68
202312;1;MS;30173;BANRISUL;2;5689,72
202312;1;MS;49906;BB;376;489708,52
202312;1;MS;30290;BMG;157;236648,07
202312;1;MS;10045;BRADESCO;241;294242,51
202312;1;MS;31976;BRB;2;1991,15
202312;1;MS;49944;BTG PACTUAL;857;1196731,85
202312;1;MS;52072;C6 BANK;94;122089,18
202312;1;MS;51626;CAIXA ECONÔMICA FEDERAL;594;682845,92
202312;1;MS;51884;INTER;492;636730,76
202312;1;MS;10069;ITAU;169;220585,89
202312;1;MS;52058;NUBANK;1070;1199268,09
202312;1;MS;30379;SANTANDER;253;282612,36
202312;1;MS;51011;VOTORANTIM;15;23582,21
202312;1;MT;51750;BANCO SICOOB;22;38803,26
202312;1;MT;30173;BANRISUL;6;13306,29
202312;1;MT;49906;BB;438;631197,84
202312;1;MT;30290;BMG;214;348717,13
202312;1;MT;10045;BRADESCO;183;259903,96
202312;1;MT;31976;BRB;7;6220,97
202312;1;MT;49944;BTG PACTUAL;916;1476554,90
202312;1;MT;52072;C6 BANK;104;145378,80
202312;1;MT;51626;CAIXA ECONÔMICA FEDERAL;406;588081,61
202312;1;MT;2015588;CCLA DO CENTRO SUL RONDONIENSE;2;4918,32
202312;1;MT;23623636;CCLA NORTE DE MATO GROSSO - SICOOB NORTE MT;4;5862,45
202312;1;MT;51884;INTER;571;827368,95
202312;1;MT;10069;ITAU;178;247104,06
202312;1;MT;52058;NUBANK;994;1397309,65
202312;1;MT;30379;SANTANDER;255;341503,76
202312;1;MT;3632872;SICOOB CREDISUL;6;8661,14
202312;1;MT;51011;VOTORANTIM;24;27578,32
202312;1;PA;51750;BANCO SICOOB;4;7292,23
202312;1;PA;30173;BANRISUL;2;1998,13
202312;1;PA;49906;BB;624;683908,64
202312;1;PA;4913711;BCO DO EST. DO PA S.A.;20;56875,66
202312;1;PA;30290;BMG;220;288101,97
202312;1;PA;10045;BRADESCO;272;278799,36
202312;1;PA;31976;BRB;6;9087,14
202312;1;PA;49944;BTG PACTUAL;1218;1520458,04
202312;1;PA;52072;C6 BANK;165;201756,91
202312;1;PA;51626;CAIXA ECONÔMICA FEDERAL;586;528687,23
202312;1;PA;37079720;CCLA SICOOB CREDIJUSTRA;1;860,71
202312;1;PA;51884;INTER;1107;1277014,55
202312;1;PA;10069;ITAU;354;413239,93
202312;1;PA;52058;NUBANK;1710;1655892,18
202312;1;PA;30379;SANTANDER;405;385282,60
202312;1;PA;51011;VOTORANTIM;28;34560,59
202312;1;PB;51750;BANCO SICOOB;7;9078,39
202312;1;PB;30173;BANRISUL;3;1519,61
202312;1;PB;49906;BB;365;450851,02
202312;1;PB;30290;BMG;170;225834,58
202312;1;PB;10045;BRADESCO;184;200767,12
202312;1;PB;31976;BRB;38;47755,80
202312;1;PB;49944;BTG PACTUAL;892;1188805,19
202312;1;PB;52072;C6 BANK;66;66542,86
202312;1;PB;51626;CAIXA ECONÔMICA FEDERAL;547;571728,16
202312;1;PB;51884;INTER;677;835107,44
202312;1;PB;10069;ITAU;160;200486,13
202312;1;PB;52058;NUBANK;1071;1223064,72
202312;1;PB;30379;SANTANDER;206;215696,90
202312;1;PB;51011;VOTORANTIM;22;22089,71
202312;1;PE;51750;BANCO SICOOB;6;8999,47
202312;1;PE;30173;BANRISUL;2;2018,86
202312;1;PE;49906;BB;591;721790,66
202312;1;PE;30290;BMG;394;548645,34
202312;1;PE;10045;BRADESCO;407;474879,85
202312;1;PE;31976;BRB;7;9450,88
202312;1;PE;49944;BTG PACTUAL;1875;2549729,11
202312;1;PE;52072;C6 BANK;169;187766,48
202312;1;PE;51626;CAIXA ECONÔMICA FEDERAL;1109;1164535,02
202312;1;PE;51884;INTER;1480;1826264,96
202312;1;PE;10069;ITAU;561;658591,91
202312;1;PE;52058;NUBANK;2210;2276326,53
202312;1;PE;30379;SANTANDER;620;699636,84
202312;1;PE;51011;VOTORANTIM;31;35261,15
202312;1;PI;30173;BANRISUL;1;1558,48
202312;1;PI;49906;BB;439;547702,11
202312;1;PI;30290;BMG;121;192200,10
202312;1;PI;10045;BRADESCO;98;124125,31
202312;1;PI;31976;BRB;9;12594,93
202312;1;PI;49944;BTG PACTUAL;660;983923,94
202312;1;PI;52072;C6 BANK;51;56950,90
202312;1;PI;51626;CAIXA ECONÔMICA FEDERAL;439;481406,02
202312;1;PI;51884;INTER;472;593069,21
202312;1;PI;10069;ITAU;101;118777,97
202312;1;PI;52058;NUBANK;923;1062156,70
202312;1;PI;30379;SANTANDER;136;145294,57
202312;1;PI;51011;VOTORANTIM;11;13832,88
202312;1;PR;51750;BANCO SICOOB;49;63042,42
202312;1;PR;30173;BANRISUL;11;21645,08
202312;1;PR;49906;BB;576;759026,06
202312;1;PR;30290;BMG;419;632195,50
202312;1;PR;10045;BRADESCO;344;443279,56
202312;1;PR;31976;BRB;12;14113,01
202312;1;PR;49944;BTG PACTUAL;2251;3175344,73
202312;1;PR;52072;C6 BANK;296;336148,93
202312;1;PR;51626;CAIXA ECONÔMICA FEDERAL;1098;1222245,10
202312;1;PR;2015588;CCLA DO CENTRO SUL RONDONIENSE;1;1195,73
202312;1;PR;7026923;CCLA SICOOB ARENITO PARANÁ / SÃO PAULO;3;3437,91
202312;1;PR;2090126;CCLA SICOOB VALCREDI SUL;2;6862,82
202312;1;PR;51884;INTER;1337;1856976,27
202312;1;PR;10069;ITAU;766;920742,92
202312;1;PR;52058;NUBANK;2405;2767040,86
202312;1;PR;30379;SANTANDER;553;676682,51
202312;1;PR;3632872;SICOOB CREDISUL;2;6489,83
202312;1;PR;51011;VOTORANTIM;29;38300,22
202312;1;RJ;51750;BANCO SICOOB;30;39720,65
202312;1;RJ;30173;BANRISUL;16;22987,94
202312;1;RJ;49906;BB;887;1089530,19
202312;1;RJ;30290;BMG;858;1175930,67
202312;1;RJ;10045;BRADESCO;963;1011891,89
202312;1;RJ;31976;BRB;43;56612,43
202312;1;RJ;49944;BTG PACTUAL;4256;5467162,80
202312;1;RJ;52072;C6 BANK;640;703296,51
202312;1;RJ;51626;CAIXA ECONÔMICA FEDERAL;2309;2332865,70
202312;1;RJ;51884;INTER;3234;3932436,96
202312;1;RJ;10069;ITAU;2783;3007708,92
202312;1;RJ;52058;NUBANK;5376;5423780,32
202312;1;RJ;30379;SANTANDER;2106;2244810,40
202312;1;RJ;51011;VOTORANTIM;64;90681,49
202312;1;RN;51750;BANCO SICOOB;10;17306,52
202312;1;RN;30173;BANRISUL;2;4730,15
202312;1;RN;49906;BB;430;517264,56
202312;1;RN;30290;BMG;153;238423,03
202312;1;RN;10045;BRADESCO;96;103145,57
202312;1;RN;31976;BRB;6;7884,32
202312;1;RN;49944;BTG PACTUAL;710;940747,55
202312;1;RN;52072;C6 BANK;61;70230,15
202312;1;RN;51626;CAIXA ECONÔMICA FEDERAL;402;385231,28
202312;1;RN;51884;INTER;537;669073,44
202312;1;RN;10069;ITAU;161;177530,15
202312;1;RN;52058;NUBANK;850;903379,99
202312;1;RN;30379;SANTANDER;170;182426,34
202312;1;RN;51011;VOTORANTIM;22;24931,57
202312;1;RO;51750;BANCO SICOOB;10;14595,12
202312;1;RO;49906;BB;297;407231,33
202312;1;RO;30290;BMG;85;133192,99
202312;1;RO;10045;BRADESCO;86;87920,43
202312;1;RO;31976;BRB;2;3791,37
202312;1;RO;49944;BTG PACTUAL;485;761919,13
202312;1;RO;8044854;C.C. DO CENTRO DO ESTADO DE RONDÔNIA;10;10737,61
202312;1;RO;52072;C6 BANK;46;56259,53
202312;1;RO;51626;CAIXA ECONÔMICA FEDERAL;316;403864,92
202312;1;RO;4751713;CC INV DE RONDÔNIA - SICOOB CREDJURD;4;10071,65
202312;1;RO;2015588;CCLA DO CENTRO SUL RONDONIENSE;26;35871,08
202312;1;RO;51884;INTER;331;500682,72
202312;1;RO;10069;ITAU;86;127321,40
202312;1;RO;52058;NUBANK;758;954756,55
202312;1;RO;30379;SANTANDER;169;232458,29
202312;1;RO;5203605;SICOOB AMAZÔNIA;11;18890,43
202312;1;RO;3632872;SICOOB CREDISUL;14;30871,92
202312;1;RO;51011;VOTORANTIM;16;22120,33
202312;1;RR;30173;BANRISUL;1;626,01
202312;1;RR;49906;BB;94;111944,08
202312;1;RR;30290;BMG;17;28867,33
202312;1;RR;10045;BRADESCO;9;12494,04
202312;1;RR;49944;BTG PACTUAL;114;153491,96
202312;1;RR;52072;C6 BANK;19;16659,50
202312;1;RR;51626;CAIXA ECONÔMICA FEDERAL;51;53061,58
202312;1;RR;2137018;CCLA DE RORAIMA LTDA.;1;1996,19
202312;1;RR;51884;INTER;100;133918,52
202312;1;RR;10069;ITAU;31;37912,80
202312;1;RR;52058;NUBANK;184;204133,40
202312;1;RR;30379;SANTANDER;40;64579,79
202312;1;RR;3632872;SICOOB CREDISUL;1;4374,90
202312;1;RR;51011;VOTORANTIM;2;1378,52
202312;1;RS;51750;BANCO SICOOB;18;23947,37
202312;1;RS;30173;BANRISUL;705;835289,80
202312;1;RS;49906;BB;551;676553,46
202312;1;RS;30290;BMG;412;565563,54
202312;1;RS;10045;BRADESCO;260;303333,91
202312;1;RS;31976;BRB;4;4993,15
202312;1;RS;49944;BTG PACTUAL;2091;2858543,50
202312;1;RS;52072;C6 BANK;225;259260,94
202312;1;RS;51626;CAIXA ECONÔMICA FEDERAL;1365;1430095,13
202312;1;RS;78825270;CCLA MAXI ALFA;2;1923,63
202312;1;RS;81014060;CCLAA ITAIPU SICOOB CREDITAIPU;1;1399,50
202312;1;RS;51884;INTER;1370;1867151,51
202312;1;RS;10069;ITAU;474;562935,77
202312;1;RS;52058;NUBANK;2413;2531462,19
202312;1;RS;30379;SANTANDER;758;817026,62
202312;1;RS;51011;VOTORANTIM;38;49111,57
202312;1;SC;51750;BANCO SICOOB;31;32869,35
202312;1;SC;30173;BANRISUL;16;20557,80
202312;1;SC;49906;BB;430;540684,21
202312;1;SC;30290;BMG;257;369042,04
202312;1;SC;10045;BRADESCO;182;228919,28
202312;1;SC;31976;BRB;6;7781,78
202312;1;SC;49944;BTG PACTUAL;1372;2110113,98
202312;1;SC;52072;C6 BANK;197;251398,15
202312;1;SC;51626;CAIXA ECONÔMICA FEDERAL;632;796066,54
202312;1;SC;85291086;CC LITORÂNEA;7;11929,11
202312;1;SC;86829827;CCLA DO VALE;2;2826,94
202312;1;SC;78825270;CCLA MAXI ALFA;23;46825,54
202312;1;SC;81014060;CCLAA ITAIPU SICOOB CREDITAIPU;2;4793,20
202312;1;SC;78862083;COOP NOVOS CAMPOS;1;1903,99
202312;1;SC;51884;INTER;843;1211962,60
202312;1;SC;10069;ITAU;293;389434,03
202312;1;SC;52058;NUBANK;1423;1805298,59
202312;1;SC;30379;SANTANDER;345;443879,93
202312;1;SC;3632872;SICOOB CREDISUL;1;3305,35
202312;1;SC;51011;VOTORANTIM;18;23975,42
202312;1;SE;51750;BANCO SICOOB;1;2502,58
202312;1;SE;30173;BANRISUL;2;4195,04
202312;1;SE;49906;BB;158;177641,98
202312;1;SE;30290;BMG;144;204767,34
202312;1;SE;10045;BRADESCO;49;48745,49
202312;1;SE;31976;BRB;2;2251,26
202312;1;SE;49944;BTG PACTUAL;468;560463,78
202312;1;SE;52072;C6 BANK;37;35340,38
202312;1;SE;51626;CAIXA ECONÔMICA FEDERAL;304;356751,01
202312;1;SE;51884;INTER;359;427424,22
202312;1;SE;10069;ITAU;53;61824,04
202312;1;SE;52058;NUBANK;553;592398,17
202312;1;SE;30379;SANTANDER;80;93131,66
202312;1;SE;51011;VOTORANTIM;8;6529,44
202312;1;SP;51750;BANCO SICOOB;65;78568,70
202312;1;SP;30173;BANRISUL;36;69752,18
202312;1;SP;49906;BB;2599;3315068,26
202312;1;SP;30290;BMG;2261;3077841,67
202312;1;SP;10045;BRADESCO;2569;2818769,45
202312;1;SP;31976;BRB;30;33604,06
202312;1;SP;49944;BTG PACTUAL;12044;16251631,59
202312;1;SP;52072;C6 BANK;1535;1755887,37
202312;1;SP;51626;CAIXA ECONÔMICA FEDERAL;4421;4811202,68
202312;1;SP;7026923;CCLA SICOOB ARENITO PARANÁ / SÃO PAULO;2;1195,02
202312;1;SP;69346856;CECM DOS PROFISSIONAIS DA SAUDE DA REG ALTA MOGIANA;1;1063,25
202312;1;SP;51884;INTER;7370;9621285,57
202312;1;SP;10069;ITAU;5448;6271591,65
202312;1;SP;52058;NUBANK;12841;14051875,86
202312;1;SP;30379;SANTANDER;5003;5633324,86
202312;1;SP;51011;VOTORANTIM;208;289608,46
202312;1;TO;51750;BANCO SICOOB;5;5357,44
202312;1;TO;49906;BB;172;183351,18
202312;1;TO;30290;BMG;38;47480,59
202312;1;TO;10045;BRADESCO;47;44360,54
202312;1;TO;31976;BRB;4;4763,75
202312;1;TO;49944;BTG PACTUAL;193;285177,64
202312;1;TO;52072;C6 BANK;24;29492,82
202312;1;TO;51626;CAIXA ECONÔMICA FEDERAL;110;111509,53
202312;1;TO;51884;INTER;166;207918,59
202312;1;TO;10069;ITAU;38;51608,20
202312;1;TO;52058;NUBANK;325;326929,64
202312;1;TO;30379;SANTANDER;57;68222,16
202312;1;TO;51011;VOTORANTIM;8;8535,71
202312;2;AC;49906;BB;14;654156,27
202312;2;AC;17351180;BCO TRIANGULO S.A.;39;46198,92
202312;2;AC;10045;BRADESCO;10;49368,24
202312;2;AC;49944;BTG PACTUAL;1;2181,54
202312;2;AC;52072;C6 BANK;2;983,40
202312;2;AC;51626;CAIXA ECONÔMICA FEDERAL;19;33782,59
202312;2;AC;10069;ITAU;28;143372,27
202312;2;AC;30379;SANTANDER;36;160847,24
202312;2;AC;51011;VOTORANTIM;10;28356,97
202312;2;AL;49906;BB;38;392802,59
202312;2;AL;17351180;BCO TRIANGULO S.A.;63;47956,07
202312;2;AL;10045;BRADESCO;36;161741,18
202312;2;AL;49944;BTG PACTUAL;1;690,67
202312;2;AL;52072;C6 BANK;10;155304,86
202312;2;AL;51626;CAIXA ECONÔMICA FEDERAL;137;291528,24
202312;2;AL;10069;ITAU;255;731256,92
202312;2;AL;30379;SANTANDER;48;182278,05
202312;2;AL;51011;VOTORANTIM;43;144857,70
202312;2;AM;49906;BB;31;244429,62
202312;2;AM;17351180;BCO TRIANGULO S.A.;123;112710,47
202312;2;AM;10045;BRADESCO;133;1376532,19
202312;2;AM;49944;BTG PACTUAL;4;5859,57
202312;2;AM;52072;C6 BANK;20;82669,65
202312;2;AM;51626;CAIXA ECONÔMICA FEDERAL;86;170715,72
202312;2;AM;51884;INTER;1;11203,85
202312;2;AM;10069;ITAU;224;444043,79
202312;2;AM;30379;SANTANDER;113;363613,48
202312;2;AM;51011;VOTORANTIM;40;194084,98
202312;2;AP;49906;BB;25;117655,76
202312;2;AP;4913711;BCO DO EST. DO PA S.A.;1;21530,16
202312;2;AP;17351180;BCO TRIANGULO S.A.;9;11072,83
202312;2;AP;10045;BRADESCO;5;64333,09
202312;2;AP;49944;BTG PACTUAL;1;7177,47
202312;2;AP;52072;C6 BANK;4;7069,93
202312;2;AP;51626;CAIXA ECONÔMICA FEDERAL;27;69982,82
202312;2;AP;10069;ITAU;24;57642,35
202312;2;AP;30379;SANTANDER;20;41365,57
202312;2;AP;51011;VOTORANTIM;7;22990,26
202312;2;BA;49906;BB;172;1481438,69
202312;2;BA;13009717;BCO DO EST. DE SE S.A.;2;9853,24
202312;2;BA;17351180;BCO TRIANGULO S.A.;178;207286,01
202312;2;BA;10045;BRADESCO;224;1775520,04
202312;2;BA;49944;BTG PACTUAL;13;32048,86
202312;2;BA;52072;C6 BANK;64;418871,95
202312;2;BA;51626;CAIXA ECONÔMICA FEDERAL;484;786628,03
202312;2;BA;51884;INTER;2;4988,11
202312;2;BA;10069;ITAU;989;2824992,65
202312;2;BA;30379;SANTANDER;407;2060225,52
202312;2;BA;51011;VOTORANTIM;124;496309,91
202312;2;CE;49906;BB;115;1152775,49
202312;2;CE;17351180;BCO TRIANGULO S.A.;71;58684,50
202312;2;CE;10045;BRADESCO;132;1139984,84
202312;2;CE;49944;BTG PACTUAL;14;47100,54
202312;2;CE;52072;C6 BANK;45;220756,32
202312;2;CE;51626;CAIXA ECONÔMICA FEDERAL;263;306009,35
202312;2;CE;51884;INTER;2;8145,64
202312;2;CE;10069;ITAU;632;1502245,95
202312;2;CE;30379;SANTANDER;214;875097,36
202312;2;CE;51011;VOTORANTIM;115;541574,01
202312;2;DF;49906;BB;72;1018603,18
202312;2;DF;17351180;BCO TRIANGULO S.A.;16;19013,88
202312;2;DF;10045;BRADESCO;61;177998,33
202312;2;DF;49944;BTG PACTUAL;7;12558,69
202312;2;DF;52072;C6 BANK;27;245108,14
202312;2;DF;51626;CAIXA ECONÔMICA FEDERAL;186;390338,83
202312;2;DF;51884;INTER;2;22605,75
202312;2;DF;10069;ITAU;405;1246218,89
202312;2;DF;30379;SANTANDER;124;922033,86
202312;2;DF;51011;VOTORANTIM;57;301085,69
202312;2;ES;49906;BB;42;453567,21
202312;2;ES;17351180;BCO TRIANGULO S.A.;45;55969,43
202312;2;ES;10045;BRADESCO;31;253309,53
202312;2;ES;49944;BTG PACTUAL;4;8360,44
202312;2;ES;52072;C6 BANK;24;116171,25
202312;2;ES;51626;CAIXA ECONÔMICA FEDERAL;112;217566,55
202312;2;ES;51884;INTER;1;2881,34
202312;2;ES;10069;ITAU;247;587426,67
202312;2;ES;30379;SANTANDER;136;534792,30
202312;2;ES;51011;VOTORANTIM;55;317076,17
202312;2;GO;49906;BB;106;792831,71
202312;2;GO;17351180;BCO TRIANGULO S.A.;42;58141,59
202312;2;GO;10045;BRADESCO;102;539527,34
202312;2;GO;49944;BTG PACTUAL;7;17057,53
202312;2;GO;52072;C6 BANK;42;199773,98
202312;2;GO;51626;CAIXA ECONÔMICA FEDERAL;356;634692,54
202312;2;GO;51884;INTER;3;21408,33
202312;2;GO;10069;ITAU;609;1532664,80
202312;2;GO;30379;SANTANDER;208;1291451,00
202312;2;GO;51011;VOTORANTIM;105;619836,77
202312;2;MA;49906;BB;140;1287875,90
202312;2;MA;7237373;BCO DO NORDESTE DO BRASIL S.A.;1;6214,71
202312;2;MA;17351180;BCO TRIANGULO S.A.;64;134081,85
202312;2;MA;10045;BRADESCO;86;904670,41
202312;2;MA;52072;C6 BANK;15;32021,68
202312;2;MA;51626;CAIXA ECONÔMICA FEDERAL;135;263869,00
202312;2;MA;10069;ITAU;183;564699,30
202312;2;MA;30379;SANTANDER;123;796370,74
202312;2;MA;51011;VOTORANTIM;54;225509,19
202312;2;MG;49906;BB;235;2640664,76
202312;2;MG;17351180;BCO TRIANGULO S.A.;189;189515,41
202312;2;MG;10045;BRADESCO;245;1735507,15
202312;2;MG;49944;BTG PACTUAL;23;45674,95
202312;2;MG;52072;C6 BANK;101;728325,47
202312;2;MG;51626;CAIXA ECONÔMICA FEDERAL;651;911580,67
202312;2;MG;51884;INTER;9;31758,25
202312;2;MG;10069;ITAU;1590;3960434,71
202312;2;MG;30379;SANTANDER;660;3494505,45
202312;2;MG;51011;VOTORANTIM;374;1461174,84
202312;2;MS;49906;BB;78;892985,51
202312;2;MS;17351180;BCO TRIANGULO S.A.;43;39700,43
202312;2;MS;10045;BRADESCO;71;697523,57
202312;2;MS;49944;BTG PACTUAL;1;4845,71
202312;2;MS;52072;C6 BANK;18;73931,43
202312;2;MS;51626;CAIXA ECONÔMICA FEDERAL;97;194850,04
202312;2;MS;51884;INTER;1;1685,53
202312;2;MS;10069;ITAU;184;464104,64
202312;2;MS;30379;SANTANDER;149;647542,82
202312;2;MS;51011;VOTORANTIM;115;609727,36
202312;2;MT;49906;BB;93;797406,39
202312;2;MT;4913711;BCO DO EST. DO PA S.A.;1;5475,22
202312;2;MT;17351180;BCO TRIANGULO S.A.;39;42802,10
202312;2;MT;10045;BRADESCO;65;658191,30
202312;2;MT;49944;BTG PACTUAL;3;25382,62
202312;2;MT;52072;C6 BANK;22;47529,93
202312;2;MT;51626;CAIXA ECONÔMICA FEDERAL;141;315445,04
202312;2;MT;10069;ITAU;161;339297,95
202312;2;MT;30379;SANTANDER;126;690794,20
202312;2;MT;51011;VOTORANTIM;94;645021,10
202312;2;PA;49906;BB;94;761209,52
202312;2;PA;4913711;BCO DO EST. DO PA S.A.;32;470867,03
202312;2;PA;17351180;BCO TRIANGULO S.A.;168;180885,42
202312;2;PA;10045;BRADESCO;120;815846,58
202312;2;PA;49944;BTG PACTUAL;5;64497,08
202312;2;PA;52072;C6 BANK;25;88437,46
202312;2;PA;51626;CAIXA ECONÔMICA FEDERAL;206;270128,35
202312;2;PA;10069;ITAU;346;827079,13
202312;2;PA;30379;SANTANDER;192;1143847,46
202312;2;PA;51011;VOTORANTIM;59;294018,18
202312;2;PB;49906;BB;53;505584,65
202312;2;PB;17351180;BCO TRIANGULO S.A.;78;77816,93
202312;2;PB;10045;BRADESCO;80;865643,94
202312;2;PB;49944;BTG PACTUAL;4;18389,30
202312;2;PB;52072;C6 BANK;16;181353,17
202312;2;PB;51626;CAIXA ECONÔMICA FEDERAL;109;161304,49
202312;2;PB;10069;ITAU;296;781108,72
202312;2;PB;30379;SANTANDER;106;841663,83
202312;2;PB;51011;VOTORANTIM;75;384288,50
202312;2;PE;49906;BB;80;491433,53
202312;2;PE;17351180;BCO TRIANGULO S.A.;132;106410,69
202312;2;PE;10045;BRADESCO;182;2169925,68
202312;2;PE;49944;BTG PACTUAL;11;31746,75
202312;2;PE;52072;C6 BANK;48;291548,55
202312;2;PE;51626;CAIXA ECONÔMICA FEDERAL;208;381798,91
202312;2;PE;10069;ITAU;819;2300588,93
202312;2;PE;30379;SANTANDER;296;1289985,74
202312;2;PE;51011;VOTORANTIM;83;258008,13
202312;2;PI;49906;BB;87;599736,84
202312;2;PI;17351180;BCO TRIANGULO S.A.;18;16418,21
202312;2;PI;10045;BRADESCO;28;302428,09
202312;2;PI;49944;BTG PACTUAL;5;10639,09
202312;2;PI;52072;C6 BANK;8;116485,23
202312;2;PI;51626;CAIXA ECONÔMICA FEDERAL;144;313315,12
202312;2;PI;10069;ITAU;137;349700,74
202312;2;PI;30379;SANTANDER;71;272841,40
202312;2;PI;51011;VOTORANTIM;37;188973,29
202312;2;PR;49906;BB;131;1197079,65
202312;2;PR;17351180;BCO TRIANGULO S.A.;112;200141,14
202312;2;PR;10045;BRADESCO;197;1451544,63
202312;2;PR;49944;BTG PACTUAL;6;15532,91
202312;2;PR;52072;C6 BANK;88;534484,93
202312;2;PR;51626;CAIXA ECONÔMICA FEDERAL;461;1002095,24
202312;2;PR;10069;ITAU;1019;2491456,84
202312;2;PR;30379;SANTANDER;399;2692260,34
202312;2;PR;51011;VOTORANTIM;326;1811221,86
202312;2;RJ;49906;BB;159;1810632,35
202312;2;RJ;17351180;BCO TRIANGULO S.A.;168;280777,24
202312;2;RJ;10045;BRADESCO;490;4673589,37
202312;2;RJ;49944;BTG PACTUAL;27;63835,23
202312;2;RJ;52072;C6 BANK;181;1034797,70
202312;2;RJ;51626;CAIXA ECONÔMICA FEDERAL;512;959450,43
202312;2;RJ;51884;INTER;4;16897,10
202312;2;RJ;10069;ITAU;3072;6903231,62
202312;2;RJ;30379;SANTANDER;999;5556113,11
202312;2;RJ;51011;VOTORANTIM;328;1448653,64
202312;2;RN;49906;BB;75;849677,10
202312;2;RN;17351180;BCO TRIANGULO S.A.;89;80240,53
202312;2;RN;10045;BRADESCO;38;143083,59
202312;2;RN;49944;BTG PACTUAL;3;4684,14
202312;2;RN;52072;C6 BANK;14;52723,06
202312;2;RN;51626;CAIXA ECONÔMICA FEDERAL;96;248404,43
202312;2;RN;10069;ITAU;267;655413,36
202312;2;RN;30379;SANTANDER;116;629062,40
202312;2;RN;51011;VOTORANTIM;73;376857,08
202312;2;RO;49906;BB;43;438424,98
202312;2;RO;17351180;BCO TRIANGULO S.A.;28;19594,11
202312;2;RO;10045;BRADESCO;17;130565,94
202312;2;RO;52072;C6 BANK;4;5215,34
202312;2;RO;51626;CAIXA ECONÔMICA FEDERAL;73;110188,21
202312;2;RO;10069;ITAU;64;139998,72
202312;2;RO;30379;SANTANDER;33;87063,51
202312;2;RO;51011;VOTORANTIM;23;92986,19
202312;2;RR;49906;BB;25;333935,46
202312;2;RR;17351180;BCO TRIANGULO S.A.;10;24027,09
202312;2;RR;10045;BRADESCO;6;32916,97
202312;2;RR;49944;BTG PACTUAL;1;3063,82
202312;2;RR;52072;C6 BANK;1;5889,64
202312;2;RR;51626;CAIXA ECONÔMICA FEDERAL;29;72888,39
202312;2;RR;10069;ITAU;23;56124,62
202312;2;RR;30379;SANTANDER;11;263370,18
202312;2;RR;51011;VOTORANTIM;9;144445,72
202312;2;RS;49906;BB;123;1103959,07
202312;2;RS;17351180;BCO TRIANGULO S.A.;126;154985,50
202312;2;RS;10045;BRADESCO;110;1040783,59
202312;2;RS;49944;BTG PACTUAL;14;48255,70
202312;2;RS;52072;C6 BANK;44;210842,95
202312;2;RS;51626;CAIXA ECONÔMICA FEDERAL;472;866951,05
202312;2;RS;51884;INTER;2;6371,26
202312;2;RS;10069;ITAU;793;1839061,71
202312;2;RS;30379;SANTANDER;392;1744156,86
202312;2;RS;51011;VOTORANTIM;222;1235373,42
202312;2;SC;49906;BB;108;798419,67
202312;2;SC;13009717;BCO DO EST. DE SE S.A.;1;3052,94
202312;2;SC;17351180;BCO TRIANGULO S.A.;83;110108,86
202312;2;SC;10045;BRADESCO;96;739009,45
202312;2;SC;49944;BTG PACTUAL;5;16456,59
202312;2;SC;52072;C6 BANK;46;314513,87
202312;2;SC;51626;CAIXA ECONÔMICA FEDERAL;290;573836,50
202312;2;SC;51884;INTER;1;3706,30
202312;2;SC;10069;ITAU;586;1549576,68
202312;2;SC;30379;SANTANDER;223;1016668,09
202312;2;SC;51011;VOTORANTIM;235;1253309,16
202312;2;SE;49906;BB;27;151390,05
202312;2;SE;13009717;BCO DO EST. DE SE S.A.;53;354225,14
202312;2;SE;17351180;BCO TRIANGULO S.A.;20;19359,52
202312;2;SE;10045;BRADESCO;13;66724,07
202312;2;SE;49944;BTG PACTUAL;3;3789,71
202312;2;SE;52072;C6 BANK;7;13122,00
202312;2;SE;51626;CAIXA ECONÔMICA FEDERAL;63;64897,62
202312;2;SE;10069;ITAU;144;366364,49
202312;2;SE;30379;SANTANDER;41;234727,53
202312;2;SE;51011;VOTORANTIM;25;110736,11
202312;2;SP;49906;BB;570;5975574,72
202312;2;SP;17351180;BCO TRIANGULO S.A.;362;410501,73
202312;2;SP;10045;BRADESCO;1325;10166202,03
202312;2;SP;49944;BTG PACTUAL;74;249101,60
202312;2;SP;52072;C6 BANK;413;2400025,59
202312;2;SP;51626;CAIXA ECONÔMICA FEDERAL;1535;2655356,80
202312;2;SP;51884;INTER;12;84614,47
202312;2;SP;10069;ITAU;7051;17207591,01
202312;2;SP;30379;SANTANDER;2892;17101624,83
202312;2;SP;51011;VOTORANTIM;1521;7023442,75
202312;2;TO;49906;BB;41;472971,13
202312;2;TO;17351180;BCO TRIANGULO S.A.;11;7638,87
202312;2;TO;10045;BRADESCO;20;179708,85
202312;2;TO;52072;C6 BANK;4;13598,86
202312;2;TO;51626;CAIXA ECONÔMICA FEDERAL;57;99455,42
202312;2;TO;10069;ITAU;30;69924,18
202312;2;TO;30379;SANTANDER;30;109555,94
202312;2;TO;51011;VOTORANTIM;18;98361,43
202401;1;AC;49906;BB;70;90013,40
202401;1;AC;30290;BMG;1;1199,79
202401;1;AC;10045;BRADESCO;9;10371,34
202401;1;AC;49944;BTG PACTUAL;135;243567,59
202401;1;AC;52072;C6 BANK;2;1475,37
202401;1;AC;51626;CAIXA ECONÔMICA FEDERAL;54;55486,50
202401;1;AC;51884;INTER;28;42678,36
202401;1;AC;10069;ITAU;14;17988,08
202401;1;AC;52058;NUBANK;130;134980,03
202401;1;AC;30379;SANTANDER;22;34519,69
202401;1;AC;51011;VOTORANTIM;3;5382,22
202401;1;AL;49906;BB;94;140387,72
202401;1;AL;30290;BMG;9;17467,61
202401;1;AL;10045;BRADESCO;26;22793,77
202401;1;AL;49944;BTG PACTUAL;382;487384,78
202401;1;AL;52072;C6 BANK;19;19348,24
202401;1;AL;51626;CAIXA ECONÔMICA FEDERAL;185;214140,61
202401;1;AL;51884;INTER;110;125470,57
202401;1;AL;10069;ITAU;50;71755,00
202401;1;AL;52058;NUBANK;296;300345,75
202401;1;AL;30379;SANTANDER;68;80566,01
202401;1;AL;51011;VOTORANTIM;7;6005,38
202401;1;AM;51750;BANCO SICOOB;1;1005,98
202401;1;AM;30173;BANRISUL;1;2070,14
202401;1;AM;49906;BB;120;177674,17
202401;1;AM;30290;BMG;14;36211,89
202401;1;AM;10045;BRADESCO;112;154099,87
202401;1;AM;49944;BTG PACTUAL;837;1382712,26
202401;1;AM;52072;C6 BANK;53;67678,11
202401;1;AM;51626;CAIXA ECONÔMICA FEDERAL;334;406294,50
202401;1;AM;51884;INTER;245;327346,56
202401;1;AM;10069;ITAU;196;291507,89
202401;1;AM;52058;NUBANK;770;966127,16
202401;1;AM;30379;SANTANDER;178;251752,80
202401;1;AM;5203605;SICOOB AMAZÔNIA;3;9676,05
202401;1;AM;3632872;SICOOB CREDISUL;2;2895,50
202401;1;AM;51011;VOTORANTIM;8;12936,63
202401;1;AP;49906;BB;40;56907,58
202401;1;AP;30290;BMG;7;6438,91
202401;1;AP;10045;BRADESCO;5;6769,52
202401;1;AP;49944;BTG PACTUAL;85;112075,13
202401;1;AP;52072;C6 BANK;12;14454,73
202401;1;AP;51626;CAIXA ECONÔMICA FEDERAL;39;37250,14
202401;1;AP;51884;INTER;19;18659,33
202401;1;AP;10069;ITAU;8;10749,53
202401;1;AP;52058;NUBANK;95;101415,96
202401;1;AP;30379;SANTANDER;21;27229,37
202401;1;AP;51011;VOTORANTIM;2;2010,54
202401;1;BA;51750;BANCO SICOOB;3;5442,60
202401;1;BA;30173;BANRISUL;12;24418,13
202401;1;BA;49906;BB;365;487950,03
202401;1;BA;30290;BMG;67;71745,00
202401;1;BA;10045;BRADESCO;191;235565,23
202401;1;BA;49944;BTG PACTUAL;1723;2426124,20
202401;1;BA;52072;C6 BANK;144;166222,99
202401;1;BA;51626;CAIXA ECONÔMICA FEDERAL;724;742471,00
202401;1;BA;32615247;CC SICOOB COOPEC LTDA.;1;327,86
202401;1;BA;4174720;CC SICOOB COOPEMAR;1;180,01
202401;1;BA;4321309;CC SICOOB CRED EXECUTIVO;2;5114,94
202401;1;BA;2282165;CC SICOOB CREDICONQUISTA;1;457,78
202401;1;BA;78825270;CCLA MAXI ALFA;1;4507,19
202401;1;BA;51884;INTER;442;518182,50
202401;1;BA;10069;ITAU;330;391087,29
202401;1;BA;52058;NUBANK;1580;1694508,82
202401;1;BA;30379;SANTANDER;364;437829,22
202401;1;BA;73398646;SOC CC SICOOB COOPERE;3;6660,51
202401;1;BA;51011;VOTORANTIM;16;25274,11
202401;1;CE;51750;BANCO SICOOB;2;1945,04
202401;1;CE;30173;BANRISUL;3;2466,40
202401;1;CE;49906;BB;360;520116,56
202401;1;CE;30290;BMG;48;61260,95
202401;1;CE;10045;BRADESCO;155;178645,87
202401;1;CE;49944;BTG PACTUAL;1544;1980875,40
202401;1;CE;52072;C6 BANK;97;122279,98
202401;1;CE;51626;CAIXA ECONÔMICA FEDERAL;539;587127,39
202401;1;CE;51884;INTER;417;496264,44
202401;1;CE;10069;ITAU;224;238754,48
202401;1;CE;52058;NUBANK;1342;1473384,74
202401;1;CE;30379;SANTANDER;311;328074,58
202401;1;CE;51011;VOTORANTIM;11;21459,68
202401;1;DF;51750;BANCO SICOOB;4;6929,55
202401;1;DF;30173;BANRISUL;1;706,50
202401;1;DF;49906;BB;161;239881,91
202401;1;DF;8357240;BCO CSF S.A.;1;2212,31
202401;1;DF;30290;BMG;13;14543,02
202401;1;DF;10045;BRADESCO;25;29378,01
202401;1;DF;49944;BTG PACTUAL;752;1134922,27
202401;1;DF;52072;C6 BANK;56;62608,06
202401;1;DF;51626;CAIXA ECONÔMICA FEDERAL;235;315159,26
202401;1;DF;1187961;CC DISTRITO FEDERAL E ENTORNO;2;2430,83
202401;1;DF;37079720;CCLA SICOOB CREDIJUSTRA;1;417,78
202401;1;DF;51884;INTER;213;277941,54
202401;1;DF;10069;ITAU;132;187797,30
202401;1;DF;52058;NUBANK;652;725309,46
202401;1;DF;30379;SANTANDER;143;170364,39
202401;1;DF;51011;VOTORANTIM;9;7988,13
202401;1;ES;51750;BANCO SICOOB;21;27877,13
202401;1;ES;30173;BANRISUL;3;5826,61
202401;1;ES;49906;BB;58;75384,98
202401;1;ES;30290;BMG;15;11782,42
202401;1;ES;10045;BRADESCO;22;31576,56
202401;1;ES;49944;BTG PACTUAL;563;842688,48
202401;1;ES;52072;C6 BANK;31;30051,04
202401;1;ES;51626;CAIXA ECONÔMICA FEDERAL;240;262326,98
202401;1;ES;51884;INTER;113;139812,45
202401;1;ES;10069;ITAU;101;147271,40
202401;1;ES;52058;NUBANK;462;528829,75
202401;1;ES;30379;SANTANDER;104;132331,54
202401;1;ES;51011;VOTORANTIM;11;19210,80
202401;1;GO;51750;BANCO SICOOB;8;14939,22
202401;1;GO;30173;BANRISUL;4;8623,43
202401;1;GO;49906;BB;139;187159,31
202401;1;GO;30290;BMG;41;64855,33
202401;1;GO;10045;BRADESCO;56;58024,33
202401;1;GO;49944;BTG PACTUAL;1044;1515475,82
202401;1;GO;52072;C6 BANK;70;88007,60
202401;1;GO;51626;CAIXA ECONÔMICA FEDERAL;355;406382,60
202401;1;GO;51884;INTER;256;325170,50
202401;1;GO;10069;ITAU;212;280141,00
202401;1;GO;52058;NUBANK;831;925092,08
202401;1;GO;30379;SANTANDER;174;227562,34
202401;1;GO;51011;VOTORANTIM;9;16302,72
202401;1;MA;51750;BANCO SICOOB;3;2550,81
202401;1;MA;49906;BB;257;326172,16
202401;1;MA;30290;BMG;23;27135,00
202401;1;MA;10045;BRADESCO;65;78289,54
202401;1;MA;49944;BTG PACTUAL;524;737330,98
202401;1;MA;52072;C6 BANK;36;47415,95
202401;1;MA;51626;CAIXA ECONÔMICA FEDERAL;240;253026,17
202401;1;MA;51884;INTER;153;183088,38
202401;1;MA;10069;ITAU;79;112261,91
202401;1;MA;52058;NUBANK;600;674670,32
202401;1;MA;30379;SANTANDER;102;131802,41
202401;1;MA;51011;VOTORANTIM;2;2196,73
202401;1;MG;51750;BANCO SICOOB;81;117914,47
202401;1;MG;30173;BANRISUL;9;17278,38
202401;1;MG;49906;BB;490;672558,40
202401;1;MG;30290;BMG;136;172953,36
202401;1;MG;10045;BRADESCO;220;286909,59
202401;1;MG;49944;BTG PACTUAL;3034;4790545,52
202401;1;MG;52072;C6 BANK;262;336380,96
202401;1;MG;51626;CAIXA ECONÔMICA FEDERAL;1372;1613846,41
202401;1;MG;25420696;CC CREDINACIONAL LTDA - SICOOB CREDINACIONAL;3;1719,07
202401;1;MG;65239402;CC UNIÃO DO CENTRO OESTE DE MINAS;1;702,66
202401;1;MG;14046512;CCLA MARGEM ESQUERDA DO URUCUI;1;659,13
202401;1;MG;1703620;CCLA UNIÃO CENTRO OESTE MINAS;2;2148,13
202401;1;MG;51884;INTER;1122;1408720,33
202401;1;MG;10069;ITAU;789;1017979,86
202401;1;MG;52058;NUBANK;2506;3089212,75
202401;1;MG;30379;SANTANDER;602;788480,54
202401;1;MG;73398646;SOC CC SICOOB COOPERE;1;975,01
202401;1;MG;51011;VOTORANTIM;25;44490,26
202401;1;MS;51750;BANCO SICOOB;4;5675,08
202401;1;MS;30173;BANRISUL;1;220,16
202401;1;MS;49906;BB;152;200685,62
202401;1;MS;30290;BMG;24;29999,39
202401;1;MS;10045;BRADESCO;89;94837,96
202401;1;MS;49944;BTG PACTUAL;617;992535,78
202401;1;MS;52072;C6 BANK;49;54231,70
202401;1;MS;51626;CAIXA ECONÔMICA FEDERAL;310;368527,12
202401;1;MS;51884;INTER;115;135226,27
202401;1;MS;10069;ITAU;82;112304,28
202401;1;MS;52058;NUBANK;588;766364,41
202401;1;MS;30379;SANTANDER;127;161277,97
202401;1;MS;51011;VOTORANTIM;5;6303,22
202401;1;MT;51750;BANCO SICOOB;7;16235,81
202401;1;MT;30173;BANRISUL;2;4364,79
202401;1;MT;49906;BB;206;348065,39
202401;1;MT;8357240;BCO CSF S.A.;1;3421,02
202401;1;MT;30290;BMG;24;54795,15
202401;1;MT;10045;BRADESCO;49;63506,52
202401;1;MT;49944;BTG PACTUAL;634;1121276,28
202401;1;MT;52072;C6 BANK;53;82644,42
202401;1;MT;51626;CAIXA ECONÔMICA FEDERAL;205;307509,61
202401;1;MT;2015588;CCLA DO CENTRO SUL RONDONIENSE;1;956,03
202401;1;MT;23623636;CCLA NORTE DE MATO GROSSO - SICOOB NORTE MT;3;5930,25
202401;1;MT;51884;INTER;126;198232,37
202401;1;MT;10069;ITAU;69;99314,55
202401;1;MT;52058;NUBANK;551;805728,10
202401;1;MT;30379;SANTANDER;128;205467,06
202401;1;MT;3632872;SICOOB CREDISUL;5;8438,66
202401;1;MT;51011;VOTORANTIM;12;19971,12
202401;1;PA;51750;BANCO SICOOB;1;1367,00
202401;1;PA;30173;BANRISUL;2;3098,29
202401;1;PA;49906;BB;241;328969,91
202401;1;PA;4913711;BCO DO EST. DO PA S.A.;11;31452,39
202401;1;PA;30290;BMG;29;34159,45
202401;1;PA;10045;BRADESCO;66;66673,33
202401;1;PA;49944;BTG PACTUAL;923;1185060,72
202401;1;PA;52072;C6 BANK;85;100104,41
202401;1;PA;51626;CAIXA ECONÔMICA FEDERAL;331;284011,14
202401;1;PA;23623636;CCLA NORTE DE MATO GROSSO - SICOOB NORTE MT;1;3897,36
202401;1;PA;37079720;CCLA SICOOB CREDIJUSTRA;1;2043,45
202401;1;PA;51884;INTER;296;319557,50
202401;1;PA;10069;ITAU;181;196333,51
202401;1;PA;52058;NUBANK;938;973344,55
202401;1;PA;30379;SANTANDER;183;220018,59
202401;1;PA;51011;VOTORANTIM;8;16925,26
202401;1;PB;51750;BANCO SICOOB;1;547,81
202401;1;PB;30173;BANRISUL;5;3282,17
202401;1;PB;49906;BB;147;192640,35
202401;1;PB;30290;BMG;20;25248,54
202401;1;PB;10045;BRADESCO;70;78108,43
202401;1;PB;49944;BTG PACTUAL;658;916105,13
202401;1;PB;52072;C6 BANK;26;31399,90
202401;1;PB;51626;CAIXA ECONÔMICA FEDERAL;257;272474,57
202401;1;PB;51884;INTER;154;202154,98
202401;1;PB;10069;ITAU;73;97196,25
202401;1;PB;52058;NUBANK;559;691901,83
202401;1;PB;30379;SANTANDER;96;131804,70
202401;1;PB;51011;VOTORANTIM;1;1161,02
202401;1;PE;51750;BANCO SICOOB;3;4018,27
202401;1;PE;30173;BANRISUL;8;12952,25
202401;1;PE;49906;BB;259;332885,07
202401;1;PE;30290;BMG;47;59564,86
202401;1;PE;10045;BRADESCO;126;127821,10
202401;1;PE;49944;BTG PACTUAL;1284;1697093,12
202401;1;PE;52072;C6 BANK;74;80342,73
202401;1;PE;51626;CAIXA ECONÔMICA FEDERAL;513;507371,30
202401;1;PE;51884;INTER;337;359030,79
202401;1;PE;10069;ITAU;269;329842,03
202401;1;PE;52058;NUBANK;1096;1114834,47
202401;1;PE;30379;SANTANDER;331;354562,65
202401;1;PE;51011;VOTORANTIM;15;28778,53
202401;1;PI;51750;BANCO SICOOB;2;4337,77
202401;1;PI;30173;BANRISUL;2;5222,17
202401;1;PI;49906;BB;169;236256,97
202401;1;PI;30290;BMG;18;26619,48
202401;1;PI;10045;BRADESCO;24;28313,71
202401;1;PI;49944;BTG PACTUAL;522;802247,54
202401;1;PI;52072;C6 BANK;29;32313,37
202401;1;PI;51626;CAIXA ECONÔMICA FEDERAL;187;205818,16
202401;1;PI;51884;INTER;114;110626,70
202401;1;PI;10069;ITAU;45;45165,81
202401;1;PI;52058;NUBANK;465;592376,89
202401;1;PI;30379;SANTANDER;78;90907,90
202401;1;PI;51011;VOTORANTIM;5;4098,94
202401;1;PR;51750;BANCO SICOOB;25;45410,81
202401;1;PR;30173;BANRISUL;1;498,60
202401;1;PR;49906;BB;269;375105,35
202401;1;PR;30290;BMG;37;43054,51
202401;1;PR;10045;BRADESCO;130;150206,90
202401;1;PR;49944;BTG PACTUAL;1910;3004474,80
202401;1;PR;52072;C6 BANK;199;284121,94
202401;1;PR;51626;CAIXA ECONÔMICA FEDERAL;652;771867,26
202401;1;PR;2466552;CC SICOOB VALE SUL;2;4018,47
202401;1;PR;78825270;CCLA MAXI ALFA;1;1377,87
202401;1;PR;7026923;CCLA SICOOB ARENITO PARANÁ / SÃO PAULO;3;1803,07
202401;1;PR;51884;INTER;305;416538,94
202401;1;PR;10069;ITAU;440;554209,53
202401;1;PR;52058;NUBANK;1507;1861397,05
202401;1;PR;30379;SANTANDER;309;407254,93
202401;1;PR;51011;VOTORANTIM;19;31397,22
202401;1;RJ;51750;BANCO SICOOB;19;23939,09
202401;1;RJ;30173;BANRISUL;9;10483,20
202401;1;RJ;49906;BB;392;508219,02
202401;1;RJ;8357240;BCO CSF S.A.;1;845,40
202401;1;RJ;30290;BMG;95;117019,87
202401;1;RJ;10045;BRADESCO;344;330926,73
202401;1;RJ;49944;BTG PACTUAL;3335;4462320,34
202401;1;RJ;52072;C6 BANK;341;374440,61
202401;1;RJ;51626;CAIXA ECONÔMICA FEDERAL;1272;1313822,49
202401;1;RJ;51884;INTER;831;922866,08
202401;1;RJ;10069;ITAU;1374;1609749,26
202401;1;RJ;52058;NUBANK;3275;3373272,58
202401;1;RJ;30379;SANTANDER;1146;1270459,17
202401;1;RJ;51011;VOTORANTIM;24;29913,83
202401;1;RN;51750;BANCO SICOOB;2;1332,35
202401;1;RN;49906;BB;162;202205,76
202401;1;RN;30290;BMG;27;51761,62
202401;1;RN;10045;BRADESCO;35;45115,84
202401;1;RN;49944;BTG PACTUAL;503;688842,15
202401;1;RN;52072;C6 BANK;28;36691,21
202401;1;RN;51626;CAIXA ECONÔMICA FEDERAL;205;207173,37
202401;1;RN;51884;INTER;146;174978,31
202401;1;RN;10069;ITAU;70;73944,56
202401;1;RN;52058;NUBANK;448;498420,28
202401;1;RN;30379;SANTANDER;103;123151,69
202401;1;RN;51011;VOTORANTIM;6;8409,18
202401;1;RO;51750;BANCO SICOOB;2;2780,39
202401;1;RO;30173;BANRISUL;2;5550,00
202401;1;RO;49906;BB;129;193484,56
202401;1;RO;30290;BMG;11;16182,45
202401;1;RO;10045;BRADESCO;27;34804,79
202401;1;RO;49944;BTG PACTUAL;372;621023,64
202401;1;RO;8044854;C.C. DO CENTRO DO ESTADO DE RONDÔNIA;4;3006,32
202401;1;RO;52072;C6 BANK;23;34303,69
202401;1;RO;51626;CAIXA ECONÔMICA FEDERAL;173;218155,01
202401;1;RO;4751713;CC INV DE RONDÔNIA - SICOOB CREDJURD;6;10177,36
202401;1;RO;2015588;CCLA DO CENTRO SUL RONDONIENSE;11;22907,14
202401;1;RO;51884;INTER;96;140711,04
202401;1;RO;10069;ITAU;51;75680,14
202401;1;RO;52058;NUBANK;363;487772,84
202401;1;RO;30379;SANTANDER;63;77173,95
202401;1;RO;5203605;SICOOB AMAZÔNIA;6;6827,24
202401;1;RO;3632872;SICOOB CREDISUL;3;5099,58
202401;1;RO;51011;VOTORANTIM;2;3071,86
202401;1;RR;49906;BB;40;68881,30
202401;1;RR;10045;BRADESCO;4;4286,63
202401;1;RR;49944;BTG PACTUAL;88;137988,21
202401;1;RR;52072;C6 BANK;5;10525,88
202401;1;RR;51626;CAIXA ECONÔMICA FEDERAL;32;41840,62
202401;1;RR;51884;INTER;21;21142,60
202401;1;RR;10069;ITAU;15;25531,57
202401;1;RR;52058;NUBANK;92;99177,10
202401;1;RR;30379;SANTANDER;18;23987,50
202401;1;RR;51011;VOTORANTIM;3;4032,19
202401;1;RS;51750;BANCO SICOOB;7;12344,96
202401;1;RS;30173;BANRISUL;317;398446,82
202401;1;RS;49906;BB;210;293225,95
202401;1;RS;30290;BMG;39;70488,82
202401;1;RS;10045;BRADESCO;86;111454,23
202401;1;RS;49944;BTG PACTUAL;1568;2272018,19
202401;1;RS;52072;C6 BANK;110;139745,26
202401;1;RS;51626;CAIXA ECONÔMICA FEDERAL;715;840079,47
202401;1;RS;78825270;CCLA MAXI ALFA;2;1727,30
202401;1;RS;2090126;CCLA SICOOB VALCREDI SUL;2;1878,46
202401;1;RS;51884;INTER;301;375982,79
202401;1;RS;10069;ITAU;271;341045,35
202401;1;RS;52058;NUBANK;1379;1592384,12
202401;1;RS;30379;SANTANDER;374;444130,47
202401;1;RS;51011;VOTORANTIM;16;18102,50
202401;1;SC;51750;BANCO SICOOB;16;25612,85
202401;1;SC;30173;BANRISUL;9;14701,49
202401;1;SC;49906;BB;202;330590,50
202401;1;SC;30290;BMG;20;34985,08
202401;1;SC;10045;BRADESCO;70;125473,23
202401;1;SC;49944;BTG PACTUAL;1147;1955013,28
202401;1;SC;52072;C6 BANK;117;179081,57
202401;1;SC;51626;CAIXA ECONÔMICA FEDERAL;414;534738,63
202401;1;SC;85291086;CC LITORÂNEA;3;3404,58
202401;1;SC;78825270;CCLA MAXI ALFA;13;21843,11
202401;1;SC;2090126;CCLA SICOOB VALCREDI SUL;1;2940,64
202401;1;SC;78862083;COOP NOVOS CAMPOS;1;1478,37
202401;1;SC;51884;INTER;192;288014,33
202401;1;SC;10069;ITAU;150;212537,23
202401;1;SC;52058;NUBANK;817;1087939,53
202401;1;SC;30379;SANTANDER;168;268561,15
202401;1;SC;51011;VOTORANTIM;6;10879,58
202401;1;SE;51750;BANCO SICOOB;1;546,18
202401;1;SE;49906;BB;68;100774,79
202401;1;SE;30290;BMG;13;15861,73
202401;1;SE;10045;BRADESCO;15;15320,74
202401;1;SE;49944;BTG PACTUAL;355;527454,42
202401;1;SE;52072;C6 BANK;17;12800,28
202401;1;SE;51626;CAIXA ECONÔMICA FEDERAL;140;163815,31
202401;1;SE;51884;INTER;74;92032,71
202401;1;SE;10069;ITAU;24;25544,64
202401;1;SE;52058;NUBANK;248;259309,62
202401;1;SE;30379;SANTANDER;43;52514,66
202401;1;SE;51011;VOTORANTIM;1;343,25
202401;1;SP;51750;BANCO SICOOB;31;36427,09
202401;1;SP;30173;BANRISUL;16;27052,66
202401;1;SP;49906;BB;1132;1531357,69
202401;1;SP;8357240;BCO CSF S.A.;3;6796,78
202401;1;SP;30290;BMG;251;331577,85
202401;1;SP;10045;BRADESCO;879;1028495,35
202401;1;SP;49944;BTG PACTUAL;9381;13525045,00
202401;1;SP;52072;C6 BANK;861;1040787,42
202401;1;SP;51626;CAIXA ECONÔMICA FEDERAL;2626;2892664,10
202401;1;SP;7026923;CCLA SICOOB ARENITO PARANÁ / SÃO PAULO;1;414,81
202401;1;SP;69346856;CECM DOS PROFISSIONAIS DA SAUDE DA REG ALTA MOGIANA;1;310,88
202401;1;SP;51884;INTER;1790;2291910,17
202401;1;SP;10069;ITAU;2863;3554469,11
202401;1;SP;52058;NUBANK;7833;8754772,67
202401;1;SP;30379;SANTANDER;2463;2958600,30
202401;1;SP;51011;VOTORANTIM;85;130710,73
202401;1;TO;51750;BANCO SICOOB;2;2084,33
202401;1;TO;49906;BB;76;97629,22
202401;1;TO;30290;BMG;6;6222,44
202401;1;TO;10045;BRADESCO;16;17091,98
202401;1;TO;49944;BTG PACTUAL;153;210484,24
202401;1;TO;52072;C6 BANK;13;15601,79
202401;1;TO;51626;CAIXA ECONÔMICA FEDERAL;55;73165,34
202401;1;TO;51884;INTER;48;58529,53
202401;1;TO;10069;ITAU;18;30678,96
202401;1;TO;52058;NUBANK;168;161912,63
202401;1;TO;30379;SANTANDER;22;20159,80
202401;1;TO;51011;VOTORANTIM;4;5585,64
202401;2;AC;49906;BB;7;92005,69
202401;2;AC;17351180;BCO TRIANGULO S.A.;46;48761,68
202401;2;AC;10045;BRADESCO;1;35970,31
202401;2;AC;49944;BTG PACTUAL;1;4955,63
202401;2;AC;51626;CAIXA ECONÔMICA FEDERAL;12;10640,81
202401;2;AC;51884;INTER;2;8295,04
202401;2;AC;10069;ITAU;1;154,29
202401;2;AC;51011;VOTORANTIM;13;95385,79
202401;2;AL;49906;BB;11;50867,54
202401;2;AL;17351180;BCO TRIANGULO S.A.;33;40308,43
202401;2;AL;10045;BRADESCO;4;11505,61
202401;2;AL;49944;BTG PACTUAL;3;6900,84
202401;2;AL;52072;C6 BANK;2;415,17
202401;2;AL;51626;CAIXA ECONÔMICA FEDERAL;43;46072,60
202401;2;AL;51884;INTER;5;27398,32
202401;2;AL;30379;SANTANDER;5;10316,27
202401;2;AL;51011;VOTORANTIM;28;126463,99
202401;2;AM;49906;BB;7;21162,47
202401;2;AM;4913711;BCO DO EST. DO PA S.A.;1;7417,03
202401;2;AM;17351180;BCO TRIANGULO S.A.;81;79788,70
202401;2;AM;10045;BRADESCO;31;571589,45
202401;2;AM;49944;BTG PACTUAL;4;15239,81
202401;2;AM;52072;C6 BANK;2;410,68
202401;2;AM;51626;CAIXA ECONÔMICA FEDERAL;36;46503,47
202401;2;AM;51884;INTER;5;24573,89
202401;2;AM;30379;SANTANDER;8;28714,06
202401;2;AM;51011;VOTORANTIM;23;135255,45
202401;2;AP;49906;BB;2;8418,04
202401;2;AP;17351180;BCO TRIANGULO S.A.;10;6984,33
202401;2;AP;10045;BRADESCO;1;20263,53
202401;2;AP;49944;BTG PACTUAL;1;11182,80
202401;2;AP;51626;CAIXA ECONÔMICA FEDERAL;7;10680,89
202401;2;AP;51884;INTER;1;968,77
202401;2;AP;30379;SANTANDER;1;2367,30
202401;2;AP;51011;VOTORANTIM;5;7405,76
202401;2;BA;49906;BB;45;458001,68
202401;2;BA;17351180;BCO TRIANGULO S.A.;136;146872,88
202401;2;BA;10045;BRADESCO;49;806282,10
202401;2;BA;49944;BTG PACTUAL;14;57550,39
202401;2;BA;52072;C6 BANK;6;1493,69
202401;2;BA;51626;CAIXA ECONÔMICA FEDERAL;177;176591,57
202401;2;BA;51884;INTER;10;50023,15
202401;2;BA;30379;SANTANDER;37;273143,98
202401;2;BA;51011;VOTORANTIM;85;319669,76
202401;2;CE;49906;BB;26;374949,39
202401;2;CE;17351180;BCO TRIANGULO S.A.;62;63205,52
202401;2;CE;10045;BRADESCO;25;273098,00
202401;2;CE;49944;BTG PACTUAL;1;4005,89
202401;2;CE;52072;C6 BANK;10;2775,17
202401;2;CE;51626;CAIXA ECONÔMICA FEDERAL;115;149325,05
202401;2;CE;51884;INTER;9;30948,04
202401;2;CE;30379;SANTANDER;36;262483,62
202401;2;CE;51011;VOTORANTIM;91;432298,12
202401;2;DF;49906;BB;14;157339,40
202401;2;DF;17351180;BCO TRIANGULO S.A.;26;51817,68
202401;2;DF;10045;BRADESCO;10;500390,79
202401;2;DF;49944;BTG PACTUAL;10;49220,74
202401;2;DF;52072;C6 BANK;4;1332,35
202401;2;DF;51626;CAIXA ECONÔMICA FEDERAL;67;130597,08
202401;2;DF;51884;INTER;8;49931,44
202401;2;DF;30379;SANTANDER;16;99851,87
202401;2;DF;51011;VOTORANTIM;54;299942,89
202401;2;ES;49906;BB;9;39941,48
202401;2;ES;17351180;BCO TRIANGULO S.A.;38;52790,31
202401;2;ES;10045;BRADESCO;5;38432,89
202401;2;ES;49944;BTG PACTUAL;5;11884,74
202401;2;ES;52072;C6 BANK;4;854,96
202401;2;ES;51626;CAIXA ECONÔMICA FEDERAL;49;42145,51
202401;2;ES;51884;INTER;2;12304,07
202401;2;ES;30379;SANTANDER;20;221132,74
202401;2;ES;51011;VOTORANTIM;27;144648,85
202401;2;GO;49906;BB;21;183000,01
202401;2;GO;17351180;BCO TRIANGULO S.A.;42;38387,24
202401;2;GO;10045;BRADESCO;14;339398,84
202401;2;GO;49944;BTG PACTUAL;6;27927,61
202401;2;GO;52072;C6 BANK;4;757,11
202401;2;GO;51626;CAIXA ECONÔMICA FEDERAL;168;168121,87
202401;2;GO;51884;INTER;8;59657,16
202401;2;GO;30379;SANTANDER;19;122712,30
202401;2;GO;51011;VOTORANTIM;79;485035,62
202401;2;MA;49906;BB;48;470177,05
202401;2;MA;17351180;BCO TRIANGULO S.A.;54;83573,56
202401;2;MA;10045;BRADESCO;10;133107,28
202401;2;MA;49944;BTG PACTUAL;2;2196,96
202401;2;MA;52072;C6 BANK;4;1054,91
202401;2;MA;51626;CAIXA ECONÔMICA FEDERAL;55;64160,77
202401;2;MA;51884;INTER;4;12443,69
202401;2;MA;30379;SANTANDER;7;21597,95
202401;2;MA;51011;VOTORANTIM;36;166216,75
202401;2;MG;49906;BB;52;606400,35
202401;2;MG;17351180;BCO TRIANGULO S.A.;185;193731,45
202401;2;MG;10045;BRADESCO;61;980701,43
202401;2;MG;49944;BTG PACTUAL;21;48369,47
202401;2;MG;52072;C6 BANK;8;1807,17
202401;2;MG;51626;CAIXA ECONÔMICA FEDERAL;272;247765,82
202401;2;MG;51884;INTER;39;219380,29
202401;2;MG;10069;ITAU;1;16,65
202401;2;MG;30379;SANTANDER;59;750584,53
202401;2;MG;51011;VOTORANTIM;298;1281806,82
202401;2;MS;49906;BB;23;200188,14
202401;2;MS;17351180;BCO TRIANGULO S.A.;50;50709,26
202401;2;MS;10045;BRADESCO;13;197246,24
202401;2;MS;49944;BTG PACTUAL;3;9341,64
202401;2;MS;52072;C6 BANK;4;4086,09
202401;2;MS;51626;CAIXA ECONÔMICA FEDERAL;41;40172,28
202401;2;MS;51884;INTER;5;27089,87
202401;2;MS;10069;ITAU;1;147,30
202401;2;MS;30379;SANTANDER;20;69408,18
202401;2;MS;51011;VOTORANTIM;72;493281,21
202401;2;MT;49906;BB;29;244380,99
202401;2;MT;17351180;BCO TRIANGULO S.A.;32;29297,48
202401;2;MT;10045;BRADESCO;12;185686,25
202401;2;MT;49944;BTG PACTUAL;2;4639,72
202401;2;MT;52072;C6 BANK;2;504,12
202401;2;MT;51626;CAIXA ECONÔMICA FEDERAL;54;37230,26
202401;2;MT;51884;INTER;7;58237,79
202401;2;MT;30379;SANTANDER;8;61516,94
202401;2;MT;51011;VOTORANTIM;60;297146,20
202401;2;PA;49906;BB;31;337505,96
202401;2;PA;4913711;BCO DO EST. DO PA S.A.;12;132825,29
202401;2;PA;17351180;BCO TRIANGULO S.A.;194;156525,33
202401;2;PA;10045;BRADESCO;19;201421,80
202401;2;PA;49944;BTG PACTUAL;3;17533,19
202401;2;PA;52072;C6 BANK;2;772,95
202401;2;PA;51626;CAIXA ECONÔMICA FEDERAL;71;71352,83
202401;2;PA;51884;INTER;6;25904,98
202401;2;PA;30379;SANTANDER;18;102608,86
202401;2;PA;51011;VOTORANTIM;44;285784,20
202401;2;PB;49906;BB;11;93603,19
202401;2;PB;17351180;BCO TRIANGULO S.A.;52;54091,03
202401;2;PB;10045;BRADESCO;13;184868,55
202401;2;PB;49944;BTG PACTUAL;8;23712,55
202401;2;PB;52072;C6 BANK;2;423,24
202401;2;PB;51626;CAIXA ECONÔMICA FEDERAL;59;74254,21
202401;2;PB;51884;INTER;3;23605,16
202401;2;PB;30379;SANTANDER;9;23597,88
202401;2;PB;51011;VOTORANTIM;42;206335,29
202401;2;PE;49906;BB;19;193593,81
202401;2;PE;17351180;BCO TRIANGULO S.A.;101;81067,97
202401;2;PE;10045;BRADESCO;33;579222,26
202401;2;PE;49944;BTG PACTUAL;11;35220,00
202401;2;PE;52072;C6 BANK;5;1109,88
202401;2;PE;51626;CAIXA ECONÔMICA FEDERAL;84;62298,20
202401;2;PE;51884;INTER;13;90153,89
202401;2;PE;10069;ITAU;2;274,20
202401;2;PE;30379;SANTANDER;23;114612,34
202401;2;PE;51011;VOTORANTIM;57;366840,89
202401;2;PI;49906;BB;18;87630,00
202401;2;PI;17351180;BCO TRIANGULO S.A.;13;12361,30
202401;2;PI;10045;BRADESCO;4;69884,59
202401;2;PI;49944;BTG PACTUAL;5;7303,95
202401;2;PI;51626;CAIXA ECONÔMICA FEDERAL;59;35938,90
202401;2;PI;51884;INTER;2;32286,88
202401;2;PI;10069;ITAU;1;157,55
202401;2;PI;30379;SANTANDER;1;8898,82
202401;2;PI;51011;VOTORANTIM;34;153932,98
202401;2;PR;49906;BB;39;473813,43
202401;2;PR;17351180;BCO TRIANGULO S.A.;134;206659,63
202401;2;PR;10045;BRADESCO;43;456109,97
202401;2;PR;49944;BTG PACTUAL;6;28253,25
202401;2;PR;52072;C6 BANK;7;1544,60
202401;2;PR;51626;CAIXA ECONÔMICA FEDERAL;244;329303,49
202401;2;PR;51884;INTER;11;84607,57
202401;2;PR;10069;ITAU;1;195,84
202401;2;PR;30379;SANTANDER;48;463034,15
202401;2;PR;51011;VOTORANTIM;226;1176692,51
202401;2;RJ;49906;BB;38;211549,00
202401;2;RJ;17351180;BCO TRIANGULO S.A.;181;287068,07
202401;2;RJ;10045;BRADESCO;80;1579528,47
202401;2;RJ;49944;BTG PACTUAL;35;119717,80
202401;2;RJ;52072;C6 BANK;12;2837,19
202401;2;RJ;51626;CAIXA ECONÔMICA FEDERAL;194;182949,54
202401;2;RJ;51884;INTER;34;229526,93
202401;2;RJ;10069;ITAU;2;124,06
202401;2;RJ;30379;SANTANDER;105;932699,40
202401;2;RJ;51011;VOTORANTIM;215;982983,68
202401;2;RN;49906;BB;9;63618,10
202401;2;RN;17351180;BCO TRIANGULO S.A.;94;73052,58
202401;2;RN;10045;BRADESCO;10;251580,51
202401;2;RN;49944;BTG PACTUAL;4;7655,45
202401;2;RN;52072;C6 BANK;1;229,05
202401;2;RN;51626;CAIXA ECONÔMICA FEDERAL;46;55388,71
202401;2;RN;51884;INTER;4;16321,21
202401;2;RN;30379;SANTANDER;5;12656,20
202401;2;RN;51011;VOTORANTIM;50;261403,32
202401;2;RO;49906;BB;7;139518,83
202401;2;RO;17351180;BCO TRIANGULO S.A.;24;20297,08
202401;2;RO;10045;BRADESCO;4;49315,64
202401;2;RO;49944;BTG PACTUAL;3;2120,79
202401;2;RO;51626;CAIXA ECONÔMICA FEDERAL;35;18679,03
202401;2;RO;51884;INTER;3;16033,55
202401;2;RO;30379;SANTANDER;5;12723,49
202401;2;RO;51011;VOTORANTIM;22;105980,96
202401;2;RR;49906;BB;4;12646,57
202401;2;RR;17351180;BCO TRIANGULO S.A.;3;2294,69
202401;2;RR;49944;BTG PACTUAL;2;3876,10
202401;2;RR;52072;C6 BANK;1;243,95
202401;2;RR;51626;CAIXA ECONÔMICA FEDERAL;8;3208,75
202401;2;RR;30379;SANTANDER;3;21209,79
202401;2;RR;51011;VOTORANTIM;5;25477,42
202401;2;RS;49906;BB;23;126093,55
202401;2;RS;17351180;BCO TRIANGULO S.A.;111;127237,71
202401;2;RS;10045;BRADESCO;19;290068,21
202401;2;RS;49944;BTG PACTUAL;5;7912,60
202401;2;RS;52072;C6 BANK;2;410,09
202401;2;RS;51626;CAIXA ECONÔMICA FEDERAL;240;295903,13
202401;2;RS;51884;INTER;8;37934,39
202401;2;RS;30379;SANTANDER;40;124932,85
202401;2;RS;51011;VOTORANTIM;164;833880,36
202401;2;SC;49906;BB;33;397045,03
202401;2;SC;17351180;BCO TRIANGULO S.A.;109;84788,07
202401;2;SC;10045;BRADESCO;32;382758,44
202401;2;SC;49944;BTG PACTUAL;6;14289,38
202401;2;SC;52072;C6 BANK;2;388,91
202401;2;SC;51626;CAIXA ECONÔMICA FEDERAL;146;194047,58
202401;2;SC;51884;INTER;9;59372,25
202401;2;SC;30379;SANTANDER;27;250963,70
202401;2;SC;51011;VOTORANTIM;166;897101,74
202401;2;SE;49906;BB;2;44632,69
202401;2;SE;13009717;BCO DO EST. DE SE S.A.;3;19543,24
202401;2;SE;17351180;BCO TRIANGULO S.A.;5;3413,38
202401;2;SE;10045;BRADESCO;3;45748,17
202401;2;SE;49944;BTG PACTUAL;1;3314,68
202401;2;SE;52072;C6 BANK;2;404,10
202401;2;SE;51626;CAIXA ECONÔMICA FEDERAL;31;31485,26
202401;2;SE;51884;INTER;4;20112,93
202401;2;SE;30379;SANTANDER;12;52626,71
202401;2;SE;51011;VOTORANTIM;20;114384,38
202401;2;SP;49906;BB;132;963448,33
202401;2;SP;17351180;BCO TRIANGULO S.A.;380;429610,56
202401;2;SP;10045;BRADESCO;292;6609391,68
202401;2;SP;49944;BTG PACTUAL;67;212844,72
202401;2;SP;52072;C6 BANK;43;9879,58
202401;2;SP;51626;CAIXA ECONÔMICA FEDERAL;638;658036,55
202401;2;SP;51884;INTER;71;466015,75
202401;2;SP;10069;ITAU;1;152,63
202401;2;SP;30379;SANTANDER;284;2326456,65
202401;2;SP;51011;VOTORANTIM;1022;4675458,12
202401;2;TO;49906;BB;9;121010,05
202401;2;TO;17351180;BCO TRIANGULO S.A.;2;2655,02
202401;2;TO;10045;BRADESCO;4;45312,36
202401;2;TO;51626;CAIXA ECONÔMICA FEDERAL;22;21207,70
202401;2;TO;51884;INTER;1;1193,50
202401;2;TO;51011;VOTORANTIM;17;216985,85
202402;1;AC;51750;BANCO SICOOB;2;3121,55
202402;1;AC;49906;BB;62;91887,11
202402;1;AC;30290;BMG;3;3964,81
202402;1;AC;10045;BRADESCO;18;22012,96
202402;1;AC;31976;BRB;1;754,91
202402;1;AC;49944;BTG PACTUAL;174;234558,71
202402;1;AC;52072;C6 BANK;3;3810,47
202402;1;AC;51884;INTER;42;45189,08
202402;1;AC;10069;ITAU;23;29087,53
202402;1;AC;52058;NUBANK;257;296679,06
202402;1;AC;30379;SANTANDER;19;23023,90
202402;1;AC;3632872;SICOOB CREDISUL;2;1900,07
202402;1;AC;51011;VOTORANTIM;1;1247,80
202402;1;AL;49906;BB;121;159224,62
202402;1;AL;30290;BMG;11;4790,46
202402;1;AL;10045;BRADESCO;76;76029,78
202402;1;AL;31976;BRB;18;28056,80
202402;1;AL;49944;BTG PACTUAL;721;856830,75
202402;1;AL;52072;C6 BANK;18;24351,39
202402;1;AL;51626;CAIXA ECONÔMICA FEDERAL;3;662,16
202402;1;AL;51884;INTER;274;265467,08
202402;1;AL;10069;ITAU;118;123894,82
202402;1;AL;52058;NUBANK;711;663396,78
202402;1;AL;30379;SANTANDER;46;44613,11
202402;1;AL;51011;VOTORANTIM;3;996,32
202402;1;AM;51750;BANCO SICOOB;1;2276,61
202402;1;AM;49906;BB;146;232532,70
202402;1;AM;30290;BMG;21;20698,88
202402;1;AM;10045;BRADESCO;315;405200,01
202402;1;AM;31976;BRB;23;25358,42
202402;1;AM;49944;BTG PACTUAL;1409;2041593,70
202402;1;AM;52072;C6 BANK;37;40057,77
202402;1;AM;51626;CAIXA ECONÔMICA FEDERAL;1;157,69
202402;1;AM;2015588;CCLA DO CENTRO SUL RONDONIENSE;1;1954,74
202402;1;AM;2282709;COOP CENTRO NORTE BRASILEIRO;2;446,46
202402;1;AM;51884;INTER;562;728823,31
202402;1;AM;10069;ITAU;416;561478,06
202402;1;AM;52058;NUBANK;1677;2015722,74
202402;1;AM;30379;SANTANDER;137;184159,93
202402;1;AM;5203605;SICOOB AMAZÔNIA;3;4732,33
202402;1;AM;51011;VOTORANTIM;6;6557,02
202402;1;AP;49906;BB;66;71070,34
202402;1;AP;30290;BMG;2;5083,70
202402;1;AP;10045;BRADESCO;11;14289,63
202402;1;AP;31976;BRB;3;5611,99
202402;1;AP;49944;BTG PACTUAL;149;182512,35
202402;1;AP;52072;C6 BANK;5;7411,93
202402;1;AP;51626;CAIXA ECONÔMICA FEDERAL;1;289,43
202402;1;AP;51884;INTER;64;77305,50
202402;1;AP;10069;ITAU;39;46407,04
202402;1;AP;52058;NUBANK;191;196114,46
202402;1;AP;30379;SANTANDER;14;17464,36
202402;1;BA;51750;BANCO SICOOB;6;4742,53
202402;1;BA;30173;BANRISUL;3;4183,18
202402;1;BA;49906;BB;534;608374,01
202402;1;BA;30290;BMG;48;60267,51
202402;1;BA;10045;BRADESCO;496;519285,65
202402;1;BA;31976;BRB;66;76872,93
202402;1;BA;49944;BTG PACTUAL;3100;3888363,16
202402;1;BA;52072;C6 BANK;76;95390,44
202402;1;BA;51626;CAIXA ECONÔMICA FEDERAL;21;9905,38
202402;1;BA;32615247;CC SICOOB COOPEC LTDA.;1;1120,20
202402;1;BA;4174720;CC SICOOB COOPEMAR;2;899,91
202402;1;BA;4321309;CC SICOOB CRED EXECUTIVO;1;592,50
202402;1;BA;51884;INTER;1059;1092521,70
202402;1;BA;10069;ITAU;746;779012,01
202402;1;BA;52058;NUBANK;3155;3070019,88
202402;1;BA;30379;SANTANDER;251;276360,82
202402;1;BA;73398646;SOC CC SICOOB COOPERE;9;7835,54
202402;1;BA;51011;VOTORANTIM;15;20772,34
202402;1;CE;30173;BANRISUL;2;1076,13
202402;1;CE;49906;BB;430;495421,04
202402;1;CE;30290;BMG;20;16509,93
202402;1;CE;10045;BRADESCO;349;365757,47
202402;1;CE;31976;BRB;31;35964,08
202402;1;CE;49944;BTG PACTUAL;2687;3302432,48
202402;1;CE;52072;C6 BANK;77;89454,56
202402;1;CE;51626;CAIXA ECONÔMICA FEDERAL;11;2995,13
202402;1;CE;51884;INTER;1073;1066430,78
202402;1;CE;10069;ITAU;462;478197,16
202402;1;CE;52058;NUBANK;2869;2711019,71
202402;1;CE;30379;SANTANDER;187;222284,63
202402;1;CE;51011;VOTORANTIM;12;19064,83
202402;1;DF;51750;BANCO SICOOB;7;9535,11
202402;1;DF;30173;BANRISUL;1;347,46
202402;1;DF;49906;BB;215;312004,03
202402;1;DF;30290;BMG;24;21882,10
202402;1;DF;10045;BRADESCO;50;52042,41
202402;1;DF;31976;BRB;593;716378,40
202402;1;DF;49944;BTG PACTUAL;1006;1413351,19
202402;1;DF;52072;C6 BANK;40;41187,47
202402;1;DF;51626;CAIXA ECONÔMICA FEDERAL;5;3573,72
202402;1;DF;51884;INTER;390;454108,49
202402;1;DF;10069;ITAU;253;341036,26
202402;1;DF;52058;NUBANK;1069;1098212,50
202402;1;DF;30379;SANTANDER;85;116148,20
202402;1;DF;51011;VOTORANTIM;4;7151,80
202402;1;ES;51750;BANCO SICOOB;28;34596,71
202402;1;ES;30173;BANRISUL;1;4490,03
202402;1;ES;49906;BB;103;148443,15
202402;1;ES;30290;BMG;15;13017,68
202402;1;ES;10045;BRADESCO;57;69682,15
202402;1;ES;31976;BRB;9;18332,94
202402;1;ES;49944;BTG PACTUAL;911;1255681,72
202402;1;ES;52072;C6 BANK;27;32658,85
202402;1;ES;51626;CAIXA ECONÔMICA FEDERAL;4;1180,71
202402;1;ES;51884;INTER;308;366695,42
202402;1;ES;10069;ITAU;220;275467,83
202402;1;ES;52058;NUBANK;849;1024016,20
202402;1;ES;30379;SANTANDER;56;62735,62
202402;1;ES;51011;VOTORANTIM;2;2548,64
202402;1;GO;51750;BANCO SICOOB;1;582,03
202402;1;GO;30173;BANRISUL;2;5378,79
202402;1;GO;49906;BB;208;259130,43
202402;1;GO;30290;BMG;30;38532,75
202402;1;GO;10045;BRADESCO;146;162953,15
202402;1;GO;31976;BRB;162;236386,77
202402;1;GO;49944;BTG PACTUAL;1632;2217634,34
202402;1;GO;52072;C6 BANK;55;67144,10
202402;1;GO;51626;CAIXA ECONÔMICA FEDERAL;7;5170,66
202402;1;GO;51884;INTER;574;628841,39
202402;1;GO;10069;ITAU;481;601409,21
202402;1;GO;52058;NUBANK;1594;1617992,15
202402;1;GO;30379;SANTANDER;137;163938,63
202402;1;GO;51011;VOTORANTIM;10;16722,87
202402;1;MA;51750;BANCO SICOOB;3;2345,80
202402;1;MA;49906;BB;377;419049,66
202402;1;MA;30290;BMG;16;28380,05
202402;1;MA;10045;BRADESCO;150;131369,42
202402;1;MA;31976;BRB;14;10284,94
202402;1;MA;49944;BTG PACTUAL;959;1125868,75
202402;1;MA;52072;C6 BANK;23;20902,72
202402;1;MA;51626;CAIXA ECONÔMICA FEDERAL;3;3052,87
202402;1;MA;51884;INTER;412;453520,79
202402;1;MA;10069;ITAU;193;176525,94
202402;1;MA;52058;NUBANK;1374;1312427,40
202402;1;MA;30379;SANTANDER;114;114663,31
202402;1;MA;51011;VOTORANTIM;7;10613,39
202402;1;MG;51750;BANCO SICOOB;62;91597,78
202402;1;MG;30173;BANRISUL;4;7245,75
202402;1;MG;49906;BB;661;953120,24
202402;1;MG;30290;BMG;89;124590,14
202402;1;MG;10045;BRADESCO;486;524903,20
202402;1;MG;31976;BRB;55;67289,48
202402;1;MG;49944;BTG PACTUAL;4651;6622945,25
202402;1;MG;52072;C6 BANK;159;217524,54
202402;1;MG;51626;CAIXA ECONÔMICA FEDERAL;21;13879,37
202402;1;MG;25420696;CC CREDINACIONAL LTDA - SICOOB CREDINACIONAL;2;1540,90
202402;1;MG;14046512;CCLA MARGEM ESQUERDA DO URUCUI;2;1407,37
202402;1;MG;1703620;CCLA UNIÃO CENTRO OESTE MINAS;1;4280,90
202402;1;MG;51884;INTER;2438;2745951,08
202402;1;MG;10069;ITAU;1408;1659357,92
202402;1;MG;52058;NUBANK;4627;5271730,10
202402;1;MG;30379;SANTANDER;407;527770,86
202402;1;MG;51011;VOTORANTIM;19;22247,19
202402;1;MS;51750;BANCO SICOOB;3;5261,22
202402;1;MS;49906;BB;200;248398,80
202402;1;MS;30290;BMG;17;11877,25
202402;1;MS;10045;BRADESCO;141;170880,10
202402;1;MS;31976;BRB;8;12534,57
202402;1;MS;49944;BTG PACTUAL;904;1302207,74
202402;1;MS;52072;C6 BANK;36;45853,49
202402;1;MS;51626;CAIXA ECONÔMICA FEDERAL;2;488,50
202402;1;MS;51884;INTER;263;295731,25
202402;1;MS;10069;ITAU;137;188921,78
202402;1;MS;52058;NUBANK;1027;1188060,60
202402;1;MS;30379;SANTANDER;90;88988,52
202402;1;MS;51011;VOTORANTIM;4;4272,25
202402;1;MT;51750;BANCO SICOOB;13;21128,60
202402;1;MT;30173;BANRISUL;1;2015,22
202402;1;MT;49906;BB;213;360066,32
202402;1;MT;30290;BMG;25;39417,30
202402;1;MT;10045;BRADESCO;97;117087,57
202402;1;MT;31976;BRB;21;30307,75
202402;1;MT;49944;BTG PACTUAL;991;1572693,85
202402;1;MT;52072;C6 BANK;29;42088,72
202402;1;MT;51626;CAIXA ECONÔMICA FEDERAL;2;689,25
202402;1;MT;2015588;CCLA DO CENTRO SUL RONDONIENSE;2;4688,45
202402;1;MT;23623636;CCLA NORTE DE MATO GROSSO - SICOOB NORTE MT;4;5681,93
202402;1;MT;51884;INTER;271;374296,32
202402;1;MT;10069;ITAU;125;173559,18
202402;1;MT;52058;NUBANK;933;1206027,32
202402;1;MT;30379;SANTANDER;75;111316,20
202402;1;MT;3632872;SICOOB CREDISUL;4;9167,39
202402;1;MT;51011;VOTORANTIM;9;20706,39
202402;1;PA;51750;BANCO SICOOB;6;12968,65
202402;1;PA;30173;BANRISUL;1;2577,34
202402;1;PA;49906;BB;305;321484,36
202402;1;PA;4913711;BCO DO EST. DO PA S.A.;13;43625,39
202402;1;PA;30290;BMG;28;32693,17
202402;1;PA;10045;BRADESCO;182;169604,15
202402;1;PA;31976;BRB;16;27458,12
202402;1;PA;49944;BTG PACTUAL;1599;1940054,34
202402;1;PA;52072;C6 BANK;64;92513,38
202402;1;PA;51626;CAIXA ECONÔMICA FEDERAL;7;1727,52
202402;1;PA;37079720;CCLA SICOOB CREDIJUSTRA;1;2318,81
202402;1;PA;51884;INTER;710;709115,72
202402;1;PA;10069;ITAU;417;409647,78
202402;1;PA;52058;NUBANK;1876;1666777,48
202402;1;PA;30379;SANTANDER;141;151450,47
202402;1;PA;51011;VOTORANTIM;9;14471,68
202402;1;PB;49906;BB;190;237580,87
202402;1;PB;30290;BMG;32;54825,27
202402;1;PB;10045;BRADESCO;167;168413,41
202402;1;PB;31976;BRB;85;93221,36
202402;1;PB;49944;BTG PACTUAL;1161;1514907,68
202402;1;PB;52072;C6 BANK;31;42948,16
202402;1;PB;51626;CAIXA ECONÔMICA FEDERAL;12;4167,53
202402;1;PB;51884;INTER;371;381873,93
202402;1;PB;10069;ITAU;192;210215,46
202402;1;PB;52058;NUBANK;1161;1190089,28
202402;1;PB;30379;SANTANDER;68;74968,45
202402;1;PB;51011;VOTORANTIM;3;3523,82
202402;1;PE;51750;BANCO SICOOB;3;4427,80
202402;1;PE;30173;BANRISUL;1;2425,60
202402;1;PE;49906;BB;319;360748,79
202402;1;PE;30290;BMG;43;56746,15
202402;1;PE;10045;BRADESCO;314;327362,21
202402;1;PE;31976;BRB;22;24528,57
202402;1;PE;49944;BTG PACTUAL;2137;2576898,06
202402;1;PE;52072;C6 BANK;64;70967,53
202402;1;PE;51626;CAIXA ECONÔMICA FEDERAL;8;1901,99
202402;1;PE;51884;INTER;773;784134,35
202402;1;PE;10069;ITAU;503;522751,31
202402;1;PE;52058;NUBANK;2228;2103899,86
202402;1;PE;30379;SANTANDER;232;257362,57
202402;1;PE;51011;VOTORANTIM;5;6106,66
202402;1;PI;49906;BB;217;298958,91
202402;1;PI;30290;BMG;17;22209,95
202402;1;PI;10045;BRADESCO;66;63448,99
202402;1;PI;31976;BRB;17;28858,97
202402;1;PI;49944;BTG PACTUAL;761;965532,21
202402;1;PI;52072;C6 BANK;15;9003,79
202402;1;PI;51626;CAIXA ECONÔMICA FEDERAL;3;1819,82
202402;1;PI;51884;INTER;264;264544,73
202402;1;PI;10069;ITAU;124;129323,98
202402;1;PI;52058;NUBANK;889;981113,80
202402;1;PI;30379;SANTANDER;48;54789,98
202402;1;PI;51011;VOTORANTIM;4;3208,16
202402;1;PR;51750;BANCO SICOOB;16;23578,76
202402;1;PR;49906;BB;300;373474,02
202402;1;PR;30290;BMG;24;32650,05
202402;1;PR;10045;BRADESCO;258;302830,17
202402;1;PR;31976;BRB;22;31964,85
202402;1;PR;49944;BTG PACTUAL;2969;4223129,86
202402;1;PR;52072;C6 BANK;144;183683,29
202402;1;PR;51626;CAIXA ECONÔMICA FEDERAL;17;15187,12
202402;1;PR;2466552;CC SICOOB VALE SUL;2;2205,53
202402;1;PR;7026923;CCLA SICOOB ARENITO PARANÁ / SÃO PAULO;2;6083,41
202402;1;PR;51884;INTER;648;838258,64
202402;1;PR;10069;ITAU;922;1136031,76
202402;1;PR;52058;NUBANK;2812;3287071,31
202402;1;PR;30379;SANTANDER;237;298258,34
202402;1;PR;5203605;SICOOB AMAZÔNIA;1;3254,80
202402;1;PR;51011;VOTORANTIM;13;16202,18
202402;1;RJ;51750;BANCO SICOOB;9;9277,54
202402;1;RJ;30173;BANRISUL;5;7787,20
202402;1;RJ;49906;BB;505;580037,09
202402;1;RJ;30290;BMG;66;61239,87
202402;1;RJ;10045;BRADESCO;667;643926,24
202402;1;RJ;31976;BRB;168;163392,37
202402;1;RJ;49944;BTG PACTUAL;5009;6118554,35
202402;1;RJ;52072;C6 BANK;238;249667,67
202402;1;RJ;51626;CAIXA ECONÔMICA FEDERAL;12;7953,30
202402;1;RJ;51884;INTER;1572;1620515,43
202402;1;RJ;10069;ITAU;2452;2554842,04
202402;1;RJ;52058;NUBANK;5814;5449502,82
202402;1;RJ;30379;SANTANDER;716;817461,51
202402;1;RJ;3632872;SICOOB CREDISUL;1;1839,17
202402;1;RJ;51011;VOTORANTIM;8;10746,03
202402;1;RN;51750;BANCO SICOOB;2;819,40
202402;1;RN;30173;BANRISUL;1;433,39
202402;1;RN;49906;BB;210;263969,21
202402;1;RN;30290;BMG;36;90905,75
202402;1;RN;10045;BRADESCO;91;83917,01
202402;1;RN;31976;BRB;14;14692,42
202402;1;RN;49944;BTG PACTUAL;973;1209482,40
202402;1;RN;52072;C6 BANK;25;18960,37
202402;1;RN;51626;CAIXA ECONÔMICA FEDERAL;1;1156,71
202402;1;RN;51884;INTER;343;370741,18
202402;1;RN;10069;ITAU;149;180333,75
202402;1;RN;52058;NUBANK;1049;1068313,94
202402;1;RN;30379;SANTANDER;64;78673,74
202402;1;RN;51011;VOTORANTIM;5;6368,59
202402;1;RO;51750;BANCO SICOOB;3;3086,64
202402;1;RO;49906;BB;132;191236,28
202402;1;RO;30290;BMG;12;13073,86
202402;1;RO;10045;BRADESCO;56;87403,50
202402;1;RO;31976;BRB;4;8813,59
202402;1;RO;49944;BTG PACTUAL;531;848268,50
202402;1;RO;8044854;C.C. DO CENTRO DO ESTADO DE RONDÔNIA;3;4718,88
202402;1;RO;52072;C6 BANK;31;44510,76
202402;1;RO;51626;CAIXA ECONÔMICA FEDERAL;4;684,66
202402;1;RO;2015588;CCLA DO CENTRO SUL RONDONIENSE;10;16623,69
202402;1;RO;51884;INTER;170;224272,57
202402;1;RO;10069;ITAU;110;177793,01
202402;1;RO;52058;NUBANK;691;822178,89
202402;1;RO;30379;SANTANDER;39;52579,05
202402;1;RO;5203605;SICOOB AMAZÔNIA;3;3198,11
202402;1;RO;3632872;SICOOB CREDISUL;7;6621,89
202402;1;RO;51011;VOTORANTIM;7;9000,27
202402;1;RR;30173;BANRISUL;1;357,45
202402;1;RR;49906;BB;60;77098,28
202402;1;RR;30290;BMG;3;6752,03
202402;1;RR;10045;BRADESCO;18;19560,50
202402;1;RR;49944;BTG PACTUAL;174;247052,28
202402;1;RR;52072;C6 BANK;5;2881,98
202402;1;RR;51884;INTER;47;60352,70
202402;1;RR;10069;ITAU;52;55472,70
202402;1;RR;52058;NUBANK;225;250873,47
202402;1;RR;30379;SANTANDER;16;15479,71
202402;1;RR;5203605;SICOOB AMAZÔNIA;1;312,66
202402;1;RR;51011;VOTORANTIM;1;2420,52
202402;1;RS;51750;BANCO SICOOB;7;4457,80
202402;1;RS;30173;BANRISUL;193;240595,33
202402;1;RS;49906;BB;341;456866,91
202402;1;RS;30290;BMG;30;36707,76
202402;1;RS;10045;BRADESCO;195;196264,05
202402;1;RS;31976;BRB;16;25081,36
202402;1;RS;49944;BTG PACTUAL;2629;3698669,34
202402;1;RS;52072;C6 BANK;86;113090,54
202402;1;RS;51626;CAIXA ECONÔMICA FEDERAL;12;7792,01
202402;1;RS;78825270;CCLA MAXI ALFA;4;10719,04
202402;1;RS;81014060;CCLAA ITAIPU SICOOB CREDITAIPU;1;1050,03
202402;1;RS;51884;INTER;664;772230,47
202402;1;RS;10069;ITAU;531;620160,69
202402;1;RS;52058;NUBANK;2609;2805377,39
202402;1;RS;30379;SANTANDER;284;357691,51
202402;1;RS;51011;VOTORANTIM;11;12875,02
202402;1;SC;51750;BANCO SICOOB;13;16379,73
202402;1;SC;30173;BANRISUL;6;9261,28
202402;1;SC;49906;BB;213;308245,90
202402;1;SC;30290;BMG;25;40774,83
202402;1;SC;10045;BRADESCO;159;209416,40
202402;1;SC;31976;BRB;10;9916,23
202402;1;SC;49944;BTG PACTUAL;1938;2982352,56
202402;1;SC;52072;C6 BANK;78;105371,06
202402;1;SC;51626;CAIXA ECONÔMICA FEDERAL;6;5777,37
202402;1;SC;85291086;CC LITORÂNEA;1;1004,24
202402;1;SC;86829827;CCLA DO VALE;1;1519,12
202402;1;SC;78825270;CCLA MAXI ALFA;7;12040,21
202402;1;SC;51884;INTER;429;584328,40
202402;1;SC;10069;ITAU;328;450519,37
202402;1;SC;52058;NUBANK;1610;2129081,99
202402;1;SC;30379;SANTANDER;127;173589,03
202402;1;SC;86791837;SICOOB VALE DOS PINHAIS;1;802,77
202402;1;SC;51011;VOTORANTIM;8;16014,74
202402;1;SE;51750;BANCO SICOOB;2;3707,15
202402;1;SE;49906;BB;70;91789,07
202402;1;SE;30290;BMG;19;18380,67
202402;1;SE;10045;BRADESCO;38;37488,21
202402;1;SE;31976;BRB;6;5046,85
202402;1;SE;49944;BTG PACTUAL;610;769126,66
202402;1;SE;52072;C6 BANK;10;9620,58
202402;1;SE;51626;CAIXA ECONÔMICA FEDERAL;4;1609,62
202402;1;SE;51884;INTER;195;197276,06
202402;1;SE;10069;ITAU;59;48153,84
202402;1;SE;52058;NUBANK;560;505138,98
202402;1;SE;30379;SANTANDER;32;34917,76
202402;1;SE;51011;VOTORANTIM;4;2401,83
202402;1;SP;51750;BANCO SICOOB;23;33664,61
202402;1;SP;30173;BANRISUL;11;22933,13
202402;1;SP;49906;BB;1466;1803287,87
202402;1;SP;30290;BMG;207;236807,49
202402;1;SP;10045;BRADESCO;1901;2102557,76
202402;1;SP;31976;BRB;118;150735,93
202402;1;SP;49944;BTG PACTUAL;15695;20222310,26
202402;1;SP;52072;C6 BANK;615;739041,90
202402;1;SP;51626;CAIXA ECONÔMICA FEDERAL;42;22890,91
202402;1;SP;4751713;CC INV DE RONDÔNIA - SICOOB CREDJURD;2;3571,00
202402;1;SP;51884;INTER;4089;4465893,07
202402;1;SP;10069;ITAU;5912;6577188,32
202402;1;SP;52058;NUBANK;15271;15842127,18
202402;1;SP;30379;SANTANDER;1834;2188627,45
202402;1;SP;51011;VOTORANTIM;58;63738,56
202402;1;TO;49906;BB;91;118473,35
202402;1;TO;30290;BMG;4;1741,46
202402;1;TO;10045;BRADESCO;23;29463,98
202402;1;TO;31976;BRB;7;7645,33
202402;1;TO;49944;BTG PACTUAL;213;268990,54
202402;1;TO;52072;C6 BANK;9;9516,59
202402;1;TO;51626;CAIXA ECONÔMICA FEDERAL;2;403,11
202402;1;TO;51884;INTER;99;108258,44
202402;1;TO;10069;ITAU;34;35469,40
202402;1;TO;52058;NUBANK;311;294864,17
202402;1;TO;30379;SANTANDER;22;27408,97
202402;1;TO;51011;VOTORANTIM;2;2196,89
202402;2;AC;10045;BRADESCO;2;20378,57
202402;2;AC;49944;BTG PACTUAL;1;6360,15
202402;2;AC;51011;VOTORANTIM;7;58611,88
202402;2;AL;49944;BTG PACTUAL;1;5104,21
202402;2;AL;52072;C6 BANK;3;22482,53
202402;2;AL;51626;CAIXA ECONÔMICA FEDERAL;2;6443,64
202402;2;AL;10069;ITAU;8;17667,36
202402;2;AL;51011;VOTORANTIM;17;91181,78
202402;2;AM;10045;BRADESCO;10;33290,02
202402;2;AM;49944;BTG PACTUAL;2;9352,77
202402;2;AM;52072;C6 BANK;2;13514,36
202402;2;AM;51626;CAIXA ECONÔMICA FEDERAL;2;1236,84
202402;2;AM;10069;ITAU;17;16782,67
202402;2;AM;51011;VOTORANTIM;23;178467,50
202402;2;AP;10045;BRADESCO;1;6387,55
202402;2;AP;49944;BTG PACTUAL;2;16871,07
202402;2;AP;51011;VOTORANTIM;4;22846,57
202402;2;BA;10045;BRADESCO;13;63905,65
202402;2;BA;49944;BTG PACTUAL;6;20179,75
202402;2;BA;52072;C6 BANK;14;206355,03
202402;2;BA;51626;CAIXA ECONÔMICA FEDERAL;11;64148,62
202402;2;BA;10069;ITAU;31;128600,44
202402;2;BA;30379;SANTANDER;1;43,19
202402;2;BA;51011;VOTORANTIM;79;495717,77
202402;2;CE;10045;BRADESCO;16;120338,49
202402;2;CE;49944;BTG PACTUAL;4;6158,89
202402;2;CE;52072;C6 BANK;11;16541,14
202402;2;CE;51626;CAIXA ECONÔMICA FEDERAL;10;24389,12
202402;2;CE;10069;ITAU;18;57898,95
202402;2;CE;51011;VOTORANTIM;75;434644,93
202402;2;DF;10045;BRADESCO;2;4271,03
202402;2;DF;49944;BTG PACTUAL;7;61022,17
202402;2;DF;52072;C6 BANK;3;8521,52
202402;2;DF;51626;CAIXA ECONÔMICA FEDERAL;1;743,10
202402;2;DF;10069;ITAU;12;21432,19
202402;2;DF;51011;VOTORANTIM;36;217460,08
202402;2;ES;10045;BRADESCO;2;13031,00
202402;2;ES;52072;C6 BANK;4;6363,22
202402;2;ES;51626;CAIXA ECONÔMICA FEDERAL;8;20184,69
202402;2;ES;10069;ITAU;3;20462,59
202402;2;ES;51011;VOTORANTIM;36;189030,80
202402;2;GO;10045;BRADESCO;14;89417,93
202402;2;GO;52072;C6 BANK;6;14954,93
202402;2;GO;51626;CAIXA ECONÔMICA FEDERAL;6;8046,25
202402;2;GO;10069;ITAU;8;12254,04
202402;2;GO;51011;VOTORANTIM;75;505455,52
202402;2;MA;4913711;BCO DO EST. DO PA S.A.;1;12809,76
202402;2;MA;10045;BRADESCO;5;12469,58
202402;2;MA;49944;BTG PACTUAL;1;21824,26
202402;2;MA;52072;C6 BANK;2;5709,46
202402;2;MA;51626;CAIXA ECONÔMICA FEDERAL;2;1138,37
202402;2;MA;10069;ITAU;3;11676,43
202402;2;MA;51011;VOTORANTIM;34;181139,45
202402;2;MG;10045;BRADESCO;23;95914,95
202402;2;MG;49944;BTG PACTUAL;14;50695,04
202402;2;MG;52072;C6 BANK;10;74919,22
202402;2;MG;51626;CAIXA ECONÔMICA FEDERAL;16;33738,70
202402;2;MG;10069;ITAU;61;147429,47
202402;2;MG;51011;VOTORANTIM;236;970151,76
202402;2;MS;10045;BRADESCO;10;53330,43
202402;2;MS;52072;C6 BANK;2;416,17
202402;2;MS;51626;CAIXA ECONÔMICA FEDERAL;3;21795,07
202402;2;MS;10069;ITAU;13;31909,99
202402;2;MS;51011;VOTORANTIM;59;430081,98
202402;2;MT;10045;BRADESCO;4;18161,32
202402;2;MT;49944;BTG PACTUAL;6;25448,61
202402;2;MT;52072;C6 BANK;1;28575,55
202402;2;MT;51626;CAIXA ECONÔMICA FEDERAL;2;2570,51
202402;2;MT;10069;ITAU;12;11928,81
202402;2;MT;51011;VOTORANTIM;68;504279,54
202402;2;PA;4913711;BCO DO EST. DO PA S.A.;6;70346,86
202402;2;PA;10045;BRADESCO;6;13048,20
202402;2;PA;49944;BTG PACTUAL;2;4380,56
202402;2;PA;52072;C6 BANK;4;7350,00
202402;2;PA;51626;CAIXA ECONÔMICA FEDERAL;5;12992,64
202402;2;PA;10069;ITAU;11;28317,16
202402;2;PA;51011;VOTORANTIM;56;453363,78
202402;2;PB;10045;BRADESCO;6;6453,33
202402;2;PB;49944;BTG PACTUAL;3;14844,79
202402;2;PB;51626;CAIXA ECONÔMICA FEDERAL;5;5843,66
202402;2;PB;10069;ITAU;13;32702,70
202402;2;PB;51011;VOTORANTIM;46;211339,18
202402;2;PE;10045;BRADESCO;7;21980,52
202402;2;PE;49944;BTG PACTUAL;10;15185,53
202402;2;PE;52072;C6 BANK;9;55911,45
202402;2;PE;51626;CAIXA ECONÔMICA FEDERAL;6;4640,09
202402;2;PE;10069;ITAU;27;99848,88
202402;2;PE;51011;VOTORANTIM;52;255879,82
202402;2;PI;10045;BRADESCO;1;326,51
202402;2;PI;49944;BTG PACTUAL;5;23726,04
202402;2;PI;52072;C6 BANK;3;6229,00
202402;2;PI;51626;CAIXA ECONÔMICA FEDERAL;3;10934,25
202402;2;PI;10069;ITAU;3;10300,24
202402;2;PI;51011;VOTORANTIM;30;222795,68
202402;2;PR;10045;BRADESCO;12;78808,00
202402;2;PR;49944;BTG PACTUAL;6;15459,27
202402;2;PR;52072;C6 BANK;14;109438,18
202402;2;PR;51626;CAIXA ECONÔMICA FEDERAL;18;56510,00
202402;2;PR;10069;ITAU;32;120120,47
202402;2;PR;51011;VOTORANTIM;221;1260780,24
202402;2;RJ;10045;BRADESCO;26;130702,97
202402;2;RJ;49944;BTG PACTUAL;17;37854,04
202402;2;RJ;52072;C6 BANK;23;53293,68
202402;2;RJ;51626;CAIXA ECONÔMICA FEDERAL;15;29512,96
202402;2;RJ;10069;ITAU;103;288127,49
202402;2;RJ;30379;SANTANDER;3;130,92
202402;2;RJ;51011;VOTORANTIM;206;1712844,90
202402;2;RN;10045;BRADESCO;3;57108,61
202402;2;RN;49944;BTG PACTUAL;4;11513,67
202402;2;RN;52072;C6 BANK;3;4231,97
202402;2;RN;51626;CAIXA ECONÔMICA FEDERAL;2;10896,05
202402;2;RN;10069;ITAU;16;35837,77
202402;2;RN;51011;VOTORANTIM;39;223704,77
202402;2;RO;10045;BRADESCO;1;68,85
202402;2;RO;52072;C6 BANK;1;1463,07
202402;2;RO;51626;CAIXA ECONÔMICA FEDERAL;2;1139,78
202402;2;RO;10069;ITAU;5;18135,62
202402;2;RO;30379;SANTANDER;1;66,83
202402;2;RO;51011;VOTORANTIM;19;188326,31
202402;2;RR;49944;BTG PACTUAL;2;2021,57
202402;2;RR;52072;C6 BANK;1;1114,20
202402;2;RR;10069;ITAU;2;4358,87
202402;2;RR;51011;VOTORANTIM;6;56090,80
202402;2;RS;10045;BRADESCO;4;25178,49
202402;2;RS;49944;BTG PACTUAL;6;10799,23
202402;2;RS;52072;C6 BANK;4;7287,78
202402;2;RS;51626;CAIXA ECONÔMICA FEDERAL;7;6543,72
202402;2;RS;10069;ITAU;25;42808,43
202402;2;RS;51011;VOTORANTIM;148;796033,99
202402;2;SC;10045;BRADESCO;9;89917,62
202402;2;SC;49944;BTG PACTUAL;3;6092,98
202402;2;SC;52072;C6 BANK;6;23451,32
202402;2;SC;51626;CAIXA ECONÔMICA FEDERAL;8;12321,37
202402;2;SC;10069;ITAU;12;27492,40
202402;2;SC;51011;VOTORANTIM;157;990888,66
202402;2;SE;10045;BRADESCO;2;35844,33
202402;2;SE;49944;BTG PACTUAL;1;5773,53
202402;2;SE;52072;C6 BANK;1;314,56
202402;2;SE;51626;CAIXA ECONÔMICA FEDERAL;2;1486,51
202402;2;SE;10069;ITAU;2;909,05
202402;2;SE;51011;VOTORANTIM;18;97873,88
202402;2;SP;10045;BRADESCO;63;291815,50
202402;2;SP;49944;BTG PACTUAL;51;162072,46
202402;2;SP;52072;C6 BANK;50;462865,33
202402;2;SP;51626;CAIXA ECONÔMICA FEDERAL;41;65227,05
202402;2;SP;10069;ITAU;273;638821,41
202402;2;SP;30379;SANTANDER;5;410,47
202402;2;SP;51011;VOTORANTIM;949;4718936,87
202402;2;TO;10045;BRADESCO;1;3133,46
202402;2;TO;52072;C6 BANK;1;0,04
202402;2;TO;51626;CAIXA ECONÔMICA FEDERAL;2;12549,82
202402;2;TO;10069;ITAU;3;8127,58
202402;2;TO;51011;VOTORANTIM;11;66482,49
202403;1;AC;51750;BANCO SICOOB;2;1931,22
202403;1;AC;49906;BB;83;88042,73
202403;1;AC;30290;BMG;5;1635,43
202403;1;AC;10045;BRADESCO;23;37492,86
202403;1;AC;49944;BTG PACTUAL;220;363218,28
202403;1;AC;52072;C6 BANK;6;3763,53
202403;1;AC;51626;CAIXA ECONÔMICA FEDERAL;430;485939,25
202403;1;AC;51884;INTER;49;71077,82
202403;1;AC;10069;ITAU;28;38213,07
202403;1;AC;52058;NUBANK;353;403813,86
202403;1;AC;30379;SANTANDER;25;35472,06
202403;1;AC;3632872;SICOOB CREDISUL;1;2437,05
202403;1;AL;30173;BANRISUL;1;3747,92
202403;1;AL;49906;BB;184;211206,25
202403;1;AL;30290;BMG;8;10144,50
202403;1;AL;10045;BRADESCO;91;89788,97
202403;1;AL;49944;BTG PACTUAL;797;967750,19
202403;1;AL;52072;C6 BANK;23;21529,12
202403;1;AL;51626;CAIXA ECONÔMICA FEDERAL;1325;1391031,93
202403;1;AL;51884;INTER;279;307996,34
202403;1;AL;10069;ITAU;132;161495,69
202403;1;AL;52058;NUBANK;945;873795,30
202403;1;AL;30379;SANTANDER;43;55132,16
202403;1;AL;51011;VOTORANTIM;1;307,63
202403;1;AM;51750;BANCO SICOOB;1;2757,14
202403;1;AM;49906;BB;209;284131,39
202403;1;AM;30290;BMG;22;23719,99
202403;1;AM;10045;BRADESCO;470;634153,74
202403;1;AM;49944;BTG PACTUAL;1592;2374491,53
202403;1;AM;52072;C6 BANK;53;60614,41
202403;1;AM;51626;CAIXA ECONÔMICA FEDERAL;2246;2735360,73
202403;1;AM;2015588;CCLA DO CENTRO SUL RONDONIENSE;2;1810,41
202403;1;AM;2282709;COOP CENTRO NORTE BRASILEIRO;1;558,95
202403;1;AM;51884;INTER;600;748021,40
202403;1;AM;10069;ITAU;423;520767,03
202403;1;AM;52058;NUBANK;2411;2866176,58
202403;1;AM;30379;SANTANDER;114;156709,22
202403;1;AM;51011;VOTORANTIM;5;8009,74
202403;1;AP;49906;BB;82;82194,92
202403;1;AP;30290;BMG;3;2981,12
202403;1;AP;10045;BRADESCO;26;33820,86
202403;1;AP;49944;BTG PACTUAL;176;258416,26
202403;1;AP;52072;C6 BANK;9;10890,21
202403;1;AP;51626;CAIXA ECONÔMICA FEDERAL;195;220891,40
202403;1;AP;51884;INTER;72;77274,13
202403;1;AP;10069;ITAU;42;60249,02
202403;1;AP;52058;NUBANK;224;204608,02
202403;1;AP;30379;SANTANDER;21;17828,80
202403;1;BA;51750;BANCO SICOOB;9;17457,20
202403;1;BA;30173;BANRISUL;3;5343,91
202403;1;BA;49906;BB;672;788716,94
202403;1;BA;30290;BMG;44;53309,34
202403;1;BA;10045;BRADESCO;646;660269,66
202403;1;BA;49944;BTG PACTUAL;3056;4027937,45
202403;1;BA;52072;C6 BANK;102;105795,60
202403;1;BA;51626;CAIXA ECONÔMICA FEDERAL;4746;5179682,72
202403;1;BA;2282165;CC SICOOB CREDICONQUISTA;2;3220,29
202403;1;BA;2876918;CC SICOOB NORTE SUL;1;201,99
202403;1;BA;51884;INTER;945;990228,37
202403;1;BA;10069;ITAU;664;730804,09
202403;1;BA;52058;NUBANK;3797;3877853,24
202403;1;BA;30379;SANTANDER;246;270493,80
202403;1;BA;73398646;SOC CC SICOOB COOPERE;3;4173,90
202403;1;BA;51011;VOTORANTIM;11;24821,98
202403;1;CE;51750;BANCO SICOOB;1;526,78
202403;1;CE;30173;BANRISUL;1;382,88
202403;1;CE;49906;BB;584;647286,32
202403;1;CE;30290;BMG;24;27477,48
202403;1;CE;10045;BRADESCO;458;480580,25
202403;1;CE;49944;BTG PACTUAL;2713;3391796,25
202403;1;CE;52072;C6 BANK;68;89412,50
202403;1;CE;51626;CAIXA ECONÔMICA FEDERAL;3780;3918962,85
202403;1;CE;51884;INTER;963;966825,67
202403;1;CE;10069;ITAU;409;416618,14
202403;1;CE;52058;NUBANK;3351;3213700,60
202403;1;CE;30379;SANTANDER;206;200041,49
202403;1;CE;51011;VOTORANTIM;6;3470,76
202403;1;DF;51750;BANCO SICOOB;7;9465,46
202403;1;DF;30173;BANRISUL;1;385,08
202403;1;DF;49906;BB;263;312191,81
202403;1;DF;30290;BMG;14;19600,05
202403;1;DF;10045;BRADESCO;102;111118,59
202403;1;DF;49944;BTG PACTUAL;1119;1588667,11
202403;1;DF;52072;C6 BANK;39;49082,09
202403;1;DF;51626;CAIXA ECONÔMICA FEDERAL;1445;1756813,12
202403;1;DF;51884;INTER;394;516711,32
202403;1;DF;10069;ITAU;256;301525,54
202403;1;DF;52058;NUBANK;1420;1596949,72
202403;1;DF;30379;SANTANDER;113;154330,91
202403;1;DF;51011;VOTORANTIM;4;11411,35
202403;1;ES;51750;BANCO SICOOB;23;35622,08
202403;1;ES;30173;BANRISUL;1;2437,28
202403;1;ES;49906;BB;149;190020,30
202403;1;ES;30290;BMG;11;14520,33
202403;1;ES;10045;BRADESCO;106;132459,73
202403;1;ES;49944;BTG PACTUAL;933;1395617,65
202403;1;ES;52072;C6 BANK;21;27831,63
202403;1;ES;51626;CAIXA ECONÔMICA FEDERAL;1397;1678457,64
202403;1;ES;51884;INTER;286;359205,01
202403;1;ES;10069;ITAU;203;257845,21
202403;1;ES;52058;NUBANK;1017;1182579,62
202403;1;ES;30379;SANTANDER;53;66466,93
202403;1;ES;51011;VOTORANTIM;5;8891,72
202403;1;GO;51750;BANCO SICOOB;6;4810,73
202403;1;GO;49906;BB;295;368896,87
202403;1;GO;30290;BMG;24;34736,35
202403;1;GO;10045;BRADESCO;236;282710,78
202403;1;GO;49944;BTG PACTUAL;1715;2367226,57
202403;1;GO;52072;C6 BANK;68;87613,75
202403;1;GO;51626;CAIXA ECONÔMICA FEDERAL;2111;2292816,01
202403;1;GO;37079720;CCLA SICOOB CREDIJUSTRA;1;4821,31
202403;1;GO;2282709;COOP CENTRO NORTE BRASILEIRO;1;948,21
202403;1;GO;51884;INTER;547;684052,99
202403;1;GO;10069;ITAU;522;670588,99
202403;1;GO;52058;NUBANK;2020;2097231,86
202403;1;GO;30379;SANTANDER;110;145483,31
202403;1;GO;51011;VOTORANTIM;10;14515,70
202403;1;MA;51750;BANCO SICOOB;4;3546,00
202403;1;MA;49906;BB;513;558493,47
202403;1;MA;30290;BMG;10;11792,33
202403;1;MA;10045;BRADESCO;259;254689,36
202403;1;MA;49944;BTG PACTUAL;993;1306989,10
202403;1;MA;52072;C6 BANK;28;22922,54
202403;1;MA;51626;CAIXA ECONÔMICA FEDERAL;1464;1520403,04
202403;1;MA;51884;INTER;366;362842,19
202403;1;MA;10069;ITAU;185;194927,28
202403;1;MA;52058;NUBANK;1631;1533533,14
202403;1;MA;30379;SANTANDER;84;96045,34
202403;1;MA;51011;VOTORANTIM;5;9339,91
202403;1;MG;51750;BANCO SICOOB;61;104337,40
202403;1;MG;30173;BANRISUL;3;2689,06
202403;1;MG;49906;BB;852;1106823,92
202403;1;MG;30290;BMG;89;114119,16
202403;1;MG;10045;BRADESCO;701;849745,24
202403;1;MG;49944;BTG PACTUAL;4614;6711246,54
202403;1;MG;52072;C6 BANK;127;161154,05
202403;1;MG;51626;CAIXA ECONÔMICA FEDERAL;8557;10495067,67
202403;1;MG;68512748;CC CREDIESMERALDAS LTDA.;1;2839,71
202403;1;MG;1736516;CCLA REG. CTR. E OESTE MINEIRO;1;285,55
202403;1;MG;51884;INTER;2260;2621236,88
202403;1;MG;10069;ITAU;1472;1766108,77
202403;1;MG;52058;NUBANK;5775;6810731,94
202403;1;MG;30379;SANTANDER;337;448083,12
202403;1;MG;51011;VOTORANTIM;14;28607,62
202403;1;MS;51750;BANCO SICOOB;4;4954,89
202403;1;MS;30173;BANRISUL;1;202,16
202403;1;MS;49906;BB;240;296445,27
202403;1;MS;30290;BMG;18;19632,15
202403;1;MS;10045;BRADESCO;234;282450,44
202403;1;MS;49944;BTG PACTUAL;936;1302825,85
202403;1;MS;52072;C6 BANK;28;38225,01
202403;1;MS;51626;CAIXA ECONÔMICA FEDERAL;1773;2169128,94
202403;1;MS;51884;INTER;210;275575,96
202403;1;MS;10069;ITAU;153;191098,13
202403;1;MS;52058;NUBANK;1247;1427177,26
202403;1;MS;30379;SANTANDER;83;94410,57
202403;1;MS;51011;VOTORANTIM;4;4343,77
202403;1;MT;51750;BANCO SICOOB;17;28758,25
202403;1;MT;49906;BB;273;425480,65
202403;1;MT;30290;BMG;15;27866,05
202403;1;MT;10045;BRADESCO;163;252956,46
202403;1;MT;49944;BTG PACTUAL;1008;1654349,14
202403;1;MT;52072;C6 BANK;44;68400,40
202403;1;MT;51626;CAIXA ECONÔMICA FEDERAL;1217;1821965,23
202403;1;MT;2015588;CCLA DO CENTRO SUL RONDONIENSE;2;3654,98
202403;1;MT;23623636;CCLA NORTE DE MATO GROSSO - SICOOB NORTE MT;1;561,85
202403;1;MT;51884;INTER;231;307178,33
202403;1;MT;10069;ITAU;136;180617,68
202403;1;MT;52058;NUBANK;1212;1571661,61
202403;1;MT;30379;SANTANDER;68;93356,96
202403;1;MT;3632872;SICOOB CREDISUL;2;4471,46
202403;1;MT;51011;VOTORANTIM;13;22751,94
202403;1;PA;51750;BANCO SICOOB;2;3318,91
202403;1;PA;49906;BB;455;486623,56
202403;1;PA;4913711;BCO DO EST. DO PA S.A.;4;12603,55
202403;1;PA;30290;BMG;13;14336,98
202403;1;PA;10045;BRADESCO;334;347120,22
202403;1;PA;49944;BTG PACTUAL;1743;2092931,45
202403;1;PA;52072;C6 BANK;60;69002,96
202403;1;PA;51626;CAIXA ECONÔMICA FEDERAL;1984;1862927,57
202403;1;PA;51884;INTER;707;704930,20
202403;1;PA;10069;ITAU;390;429250,76
202403;1;PA;52058;NUBANK;2658;2384317,38
202403;1;PA;30379;SANTANDER;124;143904,38
202403;1;PA;51011;VOTORANTIM;8;11449,48
202403;1;PB;51750;BANCO SICOOB;1;1210,45
202403;1;PB;49906;BB;269;319382,67
202403;1;PB;30290;BMG;15;19797,62
202403;1;PB;10045;BRADESCO;236;239965,47
202403;1;PB;49944;BTG PACTUAL;1083;1469200,56
202403;1;PB;52072;C6 BANK;31;38298,75
202403;1;PB;51626;CAIXA ECONÔMICA FEDERAL;1803;1931886,97
202403;1;PB;51884;INTER;295;316876,33
202403;1;PB;10069;ITAU;187;185616,53
202403;1;PB;52058;NUBANK;1342;1363424,16
202403;1;PB;30379;SANTANDER;77;95468,61
202403;1;PB;51011;VOTORANTIM;3;6466,75
202403;1;PE;51750;BANCO SICOOB;3;1778,57
202403;1;PE;49906;BB;418;470550,94
202403;1;PE;30290;BMG;33;39608,67
202403;1;PE;10045;BRADESCO;379;423748,22
202403;1;PE;49944;BTG PACTUAL;2113;2557498,55
202403;1;PE;52072;C6 BANK;51;69434,02
202403;1;PE;51626;CAIXA ECONÔMICA FEDERAL;3509;3699240,92
202403;1;PE;4174720;CC SICOOB COOPEMAR;1;1437,37
202403;1;PE;51884;INTER;710;744080,09
202403;1;PE;10069;ITAU;468;544328,60
202403;1;PE;52058;NUBANK;2700;2723461,36
202403;1;PE;30379;SANTANDER;192;211440,59
202403;1;PE;51011;VOTORANTIM;8;13635,83
202403;1;PI;51750;BANCO SICOOB;1;326,07
202403;1;PI;30173;BANRISUL;1;200,14
202403;1;PI;49906;BB;315;378586,17
202403;1;PI;30290;BMG;11;10725,26
202403;1;PI;10045;BRADESCO;102;125846,72
202403;1;PI;49944;BTG PACTUAL;812;1061660,39
202403;1;PI;52072;C6 BANK;12;10457,68
202403;1;PI;51626;CAIXA ECONÔMICA FEDERAL;1403;1611626,57
202403;1;PI;51884;INTER;221;263664,16
202403;1;PI;10069;ITAU;104;107609,92
202403;1;PI;52058;NUBANK;1038;1101713,58
202403;1;PI;30379;SANTANDER;47;53526,64
202403;1;PI;51011;VOTORANTIM;3;1125,40
202403;1;PR;51750;BANCO SICOOB;13;18400,47
202403;1;PR;30173;BANRISUL;2;3267,14
202403;1;PR;49906;BB;462;615628,75
202403;1;PR;30290;BMG;25;38417,05
202403;1;PR;10045;BRADESCO;384;469198,17
202403;1;PR;49944;BTG PACTUAL;2879;4289304,38
202403;1;PR;52072;C6 BANK;105;135800,04
202403;1;PR;51626;CAIXA ECONÔMICA FEDERAL;3816;4381351,93
202403;1;PR;2466552;CC SICOOB VALE SUL;3;7200,28
202403;1;PR;7026923;CCLA SICOOB ARENITO PARANÁ / SÃO PAULO;1;301,23
202403;1;PR;51884;INTER;601;734954,80
202403;1;PR;10069;ITAU;865;1048346,88
202403;1;PR;52058;NUBANK;3352;3925438,15
202403;1;PR;30379;SANTANDER;221;263375,67
202403;1;PR;51011;VOTORANTIM;11;13241,70
202403;1;RJ;51750;BANCO SICOOB;11;9155,31
202403;1;RJ;30173;BANRISUL;2;3618,37
202403;1;RJ;49906;BB;607;656809,22
202403;1;RJ;30290;BMG;71;74528,71
202403;1;RJ;10045;BRADESCO;1168;1180094,54
202403;1;RJ;49944;BTG PACTUAL;5403;6712774,17
202403;1;RJ;52072;C6 BANK;249;243669,55
202403;1;RJ;51626;CAIXA ECONÔMICA FEDERAL;7986;8406991,96
202403;1;RJ;51884;INTER;1676;1816839,47
202403;1;RJ;10069;ITAU;2705;2827878,55
202403;1;RJ;52058;NUBANK;7885;7529624,99
202403;1;RJ;30379;SANTANDER;741;804622,62
202403;1;RJ;51011;VOTORANTIM;15;10852,98
202403;1;RN;51750;BANCO SICOOB;2;5389,66
202403;1;RN;49906;BB;310;341013,21
202403;1;RN;30290;BMG;32;67640,31
202403;1;RN;10045;BRADESCO;88;103386,45
202403;1;RN;49944;BTG PACTUAL;991;1330143,75
202403;1;RN;52072;C6 BANK;28;26404,62
202403;1;RN;51626;CAIXA ECONÔMICA FEDERAL;1316;1408558,88
202403;1;RN;51884;INTER;303;354735,29
202403;1;RN;10069;ITAU;130;162032,87
202403;1;RN;52058;NUBANK;1214;1192183,59
202403;1;RN;30379;SANTANDER;63;82853,94
202403;1;RN;51011;VOTORANTIM;2;976,98
202403;1;RO;51750;BANCO SICOOB;2;3683,08
202403;1;RO;49906;BB;213;325927,84
202403;1;RO;30290;BMG;7;13098,08
202403;1;RO;10045;BRADESCO;76;100745,88
202403;1;RO;49944;BTG PACTUAL;553;846444,87
202403;1;RO;8044854;C.C. DO CENTRO DO ESTADO DE RONDÔNIA;3;1967,69
202403;1;RO;52072;C6 BANK;19;28706,73
202403;1;RO;51626;CAIXA ECONÔMICA FEDERAL;996;1275249,56
202403;1;RO;4751713;CC INV DE RONDÔNIA - SICOOB CREDJURD;2;6067,45
202403;1;RO;2015588;CCLA DO CENTRO SUL RONDONIENSE;16;29165,37
202403;1;RO;51884;INTER;205;226340,05
202403;1;RO;10069;ITAU;84;122965,77
202403;1;RO;52058;NUBANK;903;1135035,76
202403;1;RO;30379;SANTANDER;44;65884,26
202403;1;RO;5203605;SICOOB AMAZÔNIA;3;7322,73
202403;1;RO;3632872;SICOOB CREDISUL;3;3871,39
202403;1;RO;51011;VOTORANTIM;4;6886,69
202403;1;RR;49906;BB;85;106219,36
202403;1;RR;10045;BRADESCO;20;23341,42
202403;1;RR;49944;BTG PACTUAL;169;248772,38
202403;1;RR;52072;C6 BANK;7;4052,76
202403;1;RR;51626;CAIXA ECONÔMICA FEDERAL;225;251272,26
202403;1;RR;51884;INTER;64;81215,23
202403;1;RR;10069;ITAU;53;65167,29
202403;1;RR;52058;NUBANK;246;283476,27
202403;1;RR;30379;SANTANDER;17;20776,86
202403;1;RR;51011;VOTORANTIM;1;1544,00
202403;1;RS;51750;BANCO SICOOB;2;2409,54
202403;1;RS;30173;BANRISUL;142;159793,06
202403;1;RS;49906;BB;442;525220,37
202403;1;RS;30290;BMG;29;36683,15
202403;1;RS;10045;BRADESCO;355;399879,03
202403;1;RS;49944;BTG PACTUAL;2639;3564925,14
202403;1;RS;52072;C6 BANK;87;118501,53
202403;1;RS;51626;CAIXA ECONÔMICA FEDERAL;4823;5476324,56
202403;1;RS;2466552;CC SICOOB VALE SUL;1;588,62
202403;1;RS;81014060;CCLAA ITAIPU SICOOB CREDITAIPU;1;774,77
202403;1;RS;51884;INTER;702;848863,99
202403;1;RS;10069;ITAU;557;624604,19
202403;1;RS;52058;NUBANK;3334;3661988,43
202403;1;RS;30379;SANTANDER;222;254398,59
202403;1;RS;51011;VOTORANTIM;10;9953,32
202403;1;SC;51750;BANCO SICOOB;16;21611,66
202403;1;SC;30173;BANRISUL;4;5882,55
202403;1;SC;49906;BB;291;387282,71
202403;1;SC;30290;BMG;18;27406,51
202403;1;SC;10045;BRADESCO;264;327223,58
202403;1;SC;49944;BTG PACTUAL;1932;3047104,96
202403;1;SC;52072;C6 BANK;92;116117,60
202403;1;SC;51626;CAIXA ECONÔMICA FEDERAL;2242;2938486,66
202403;1;SC;85291086;CC LITORÂNEA;1;1161,92
202403;1;SC;86829827;CCLA DO VALE;1;376,88
202403;1;SC;78825270;CCLA MAXI ALFA;10;17006,69
202403;1;SC;81014060;CCLAA ITAIPU SICOOB CREDITAIPU;1;147,99
202403;1;SC;51884;INTER;394;535058,99
202403;1;SC;10069;ITAU;322;424149,99
202403;1;SC;52058;NUBANK;2105;2730055,53
202403;1;SC;30379;SANTANDER;101;125499,78
202403;1;SC;86791837;SICOOB VALE DOS PINHAIS;1;2220,17
202403;1;SC;51011;VOTORANTIM;5;8947,33
202403;1;SE;49906;BB;113;123301,16
202403;1;SE;30290;BMG;6;14096,45
202403;1;SE;10045;BRADESCO;52;48920,95
202403;1;SE;49944;BTG PACTUAL;566;707868,36
202403;1;SE;52072;C6 BANK;15;18702,43
202403;1;SE;51626;CAIXA ECONÔMICA FEDERAL;913;1023153,39
202403;1;SE;51884;INTER;183;185630,68
202403;1;SE;10069;ITAU;63;74089,70
202403;1;SE;52058;NUBANK;680;631370,00
202403;1;SE;30379;SANTANDER;21;16650,53
202403;1;SE;51011;VOTORANTIM;2;5169,01
202403;1;SP;51750;BANCO SICOOB;19;25141,50
202403;1;SP;30173;BANRISUL;9;14333,27
202403;1;SP;49906;BB;2105;2465912,29
202403;1;SP;30290;BMG;166;240386,47
202403;1;SP;10045;BRADESCO;3129;3422868,66
202403;1;SP;49944;BTG PACTUAL;15537;20779149,48
202403;1;SP;52072;C6 BANK;611;736506,21
202403;1;SP;51626;CAIXA ECONÔMICA FEDERAL;16125;18041589,77
202403;1;SP;25420696;CC CREDINACIONAL LTDA - SICOOB CREDINACIONAL;1;2971,80
202403;1;SP;78825270;CCLA MAXI ALFA;1;413,34
202403;1;SP;51884;INTER;3842;4386042,68
202403;1;SP;10069;ITAU;5938;6687526,28
202403;1;SP;52058;NUBANK;18499;19518534,49
202403;1;SP;30379;SANTANDER;1641;1889657,33
202403;1;SP;51011;VOTORANTIM;44;50782,99
202403;1;TO;51750;BANCO SICOOB;1;1731,36
202403;1;TO;49906;BB;100;96025,08
202403;1;TO;30290;BMG;6;13681,31
202403;1;TO;10045;BRADESCO;39;46111,98
202403;1;TO;49944;BTG PACTUAL;206;257560,09
202403;1;TO;52072;C6 BANK;6;6120,96
202403;1;TO;51626;CAIXA ECONÔMICA FEDERAL;323;379203,47
202403;1;TO;51884;INTER;76;75459,48
202403;1;TO;10069;ITAU;38;49101,01
202403;1;TO;52058;NUBANK;356;360689,04
202403;1;TO;30379;SANTANDER;21;16766,42
202403;2;AC;51011;VOTORANTIM;5;7577,83
202403;2;AL;49944;BTG PACTUAL;4;20311,14
202403;2;AL;52072;C6 BANK;2;425,61
202403;2;AL;51011;VOTORANTIM;21;138686,89
202403;2;AM;10045;BRADESCO;9;96215,94
202403;2;AM;49944;BTG PACTUAL;6;17449,00
202403;2;AM;52072;C6 BANK;6;1359,54
202403;2;AM;51011;VOTORANTIM;20;134695,67
202403;2;AP;51011;VOTORANTIM;7;22751,78
202403;2;BA;10045;BRADESCO;8;41083,24
202403;2;BA;49944;BTG PACTUAL;12;36445,50
202403;2;BA;52072;C6 BANK;15;3243,49
202403;2;BA;51626;CAIXA ECONÔMICA FEDERAL;1;108,29
202403;2;BA;51011;VOTORANTIM;62;309318,82
202403;2;CE;49906;BB;1;205,85
202403;2;CE;10045;BRADESCO;11;84928,37
202403;2;CE;49944;BTG PACTUAL;8;20470,44
202403;2;CE;52072;C6 BANK;9;1920,58
202403;2;CE;51626;CAIXA ECONÔMICA FEDERAL;1;89,94
202403;2;CE;51011;VOTORANTIM;62;254267,40
202403;2;DF;10045;BRADESCO;5;22925,75
202403;2;DF;49944;BTG PACTUAL;4;9577,94
202403;2;DF;52072;C6 BANK;5;1355,92
202403;2;DF;10069;ITAU;1;8,55
202403;2;DF;51011;VOTORANTIM;33;148871,61
202403;2;ES;10045;BRADESCO;2;7183,61
202403;2;ES;49944;BTG PACTUAL;3;11254,20
202403;2;ES;52072;C6 BANK;2;404,46
202403;2;ES;51011;VOTORANTIM;30;142184,26
202403;2;GO;10045;BRADESCO;7;46936,17
202403;2;GO;49944;BTG PACTUAL;4;7372,26
202403;2;GO;52072;C6 BANK;5;2094,88
202403;2;GO;51626;CAIXA ECONÔMICA FEDERAL;1;67,29
202403;2;GO;51011;VOTORANTIM;70;407328,31
202403;2;MA;10045;BRADESCO;4;14027,50
202403;2;MA;52072;C6 BANK;2;592,24
202403;2;MA;51011;VOTORANTIM;33;125983,44
202403;2;MG;10045;BRADESCO;22;135242,51
202403;2;MG;49944;BTG PACTUAL;14;48635,47
202403;2;MG;52072;C6 BANK;14;3168,69
202403;2;MG;51626;CAIXA ECONÔMICA FEDERAL;1;3,28
202403;2;MG;30379;SANTANDER;1;118,93
202403;2;MG;51011;VOTORANTIM;209;851204,82
202403;2;MS;10045;BRADESCO;6;13905,88
202403;2;MS;49944;BTG PACTUAL;1;9746,24
202403;2;MS;52072;C6 BANK;4;887,86
202403;2;MS;51626;CAIXA ECONÔMICA FEDERAL;1;102,84
202403;2;MS;51011;VOTORANTIM;40;136113,43
202403;2;MT;10045;BRADESCO;3;26697,77
202403;2;MT;49944;BTG PACTUAL;3;26056,60
202403;2;MT;52072;C6 BANK;2;428,27
202403;2;MT;51011;VOTORANTIM;50;301311,85
202403;2;PA;10045;BRADESCO;3;40294,81
202403;2;PA;49944;BTG PACTUAL;4;11918,12
202403;2;PA;52072;C6 BANK;3;659,69
202403;2;PA;51011;VOTORANTIM;40;325527,03
202403;2;PB;10045;BRADESCO;19;230680,59
202403;2;PB;49944;BTG PACTUAL;8;11648,78
202403;2;PB;52072;C6 BANK;1;201,48
202403;2;PB;51011;VOTORANTIM;31;93675,33
202403;2;PE;10045;BRADESCO;22;198451,81
202403;2;PE;49944;BTG PACTUAL;10;21161,66
202403;2;PE;52072;C6 BANK;3;716,44
202403;2;PE;51011;VOTORANTIM;43;127836,45
202403;2;PI;49944;BTG PACTUAL;3;9509,78
202403;2;PI;52072;C6 BANK;2;510,64
202403;2;PI;51011;VOTORANTIM;21;93744,39
202403;2;PR;10045;BRADESCO;20;249746,27
202403;2;PR;49944;BTG PACTUAL;8;33971,97
202403;2;PR;52072;C6 BANK;12;2755,80
202403;2;PR;10069;ITAU;1;3675,33
202403;2;PR;51011;VOTORANTIM;175;758972,46
202403;2;RJ;10045;BRADESCO;72;934599,94
202403;2;RJ;49944;BTG PACTUAL;21;85349,94
202403;2;RJ;52072;C6 BANK;15;3519,50
202403;2;RJ;10069;ITAU;2;342,42
202403;2;RJ;51011;VOTORANTIM;188;956719,86
202403;2;RN;10045;BRADESCO;2;9093,44
202403;2;RN;49944;BTG PACTUAL;1;1320,31
202403;2;RN;52072;C6 BANK;7;1473,29
202403;2;RN;51011;VOTORANTIM;33;212973,53
202403;2;RO;10045;BRADESCO;2;6928,71
202403;2;RO;49944;BTG PACTUAL;1;825,53
202403;2;RO;52072;C6 BANK;1;251,79
202403;2;RO;51011;VOTORANTIM;16;56644,96
202403;2;RR;10045;BRADESCO;5;124665,98
202403;2;RR;49944;BTG PACTUAL;1;2189,83
202403;2;RR;51011;VOTORANTIM;4;19153,68
202403;2;RS;49906;BB;1;200,05
202403;2;RS;10045;BRADESCO;25;222661,30
202403;2;RS;49944;BTG PACTUAL;13;26800,76
202403;2;RS;52072;C6 BANK;11;2659,04
202403;2;RS;51626;CAIXA ECONÔMICA FEDERAL;1;82,76
202403;2;RS;30379;SANTANDER;1;121,28
202403;2;RS;51011;VOTORANTIM;129;540950,50
202403;2;SC;10045;BRADESCO;15;153346,25
202403;2;SC;49944;BTG PACTUAL;5;9648,28
202403;2;SC;52072;C6 BANK;2;529,51
202403;2;SC;51011;VOTORANTIM;117;693439,85
202403;2;SE;49944;BTG PACTUAL;4;5946,15
202403;2;SE;52072;C6 BANK;2;419,59
202403;2;SE;51011;VOTORANTIM;12;25544,44
202403;2;SP;10045;BRADESCO;131;1194144,62
202403;2;SP;49944;BTG PACTUAL;59;150372,39
202403;2;SP;52072;C6 BANK;50;15833,28
202403;2;SP;51626;CAIXA ECONÔMICA FEDERAL;1;4724,82
202403;2;SP;10069;ITAU;7;11841,56
202403;2;SP;30379;SANTANDER;4;584,78
202403;2;SP;51011;VOTORANTIM;790;3380849,89
202403;2;TO;10045;BRADESCO;1;3710,26
202403;2;TO;51011;VOTORANTIM;8;42582,01
202404;1;AC;49906;BB;129;173848,45
202404;1;AC;30290;BMG;1;900,68
202404;1;AC;10045;BRADESCO;24;47063,76
202404;1;AC;49944;BTG PACTUAL;220;309143,66
202404;1;AC;52072;C6 BANK;7;10063,21
202404;1;AC;51626;CAIXA ECONÔMICA FEDERAL;190;222023,49
202404;1;AC;51884;INTER;48;47210,52
202404;1;AC;10069;ITAU;29;39510,06
202404;1;AC;52058;NUBANK;396;405672,77
202404;1;AC;30379;SANTANDER;36;21677,91
202404;1;AL;51750;BANCO SICOOB;1;167,11
202404;1;AL;49906;BB;206;242125,19
202404;1;AL;30290;BMG;2;5470,62
202404;1;AL;10045;BRADESCO;93;83946,01
202404;1;AL;49944;BTG PACTUAL;683;792838,45
202404;1;AL;52072;C6 BANK;7;11754,83
202404;1;AL;51626;CAIXA ECONÔMICA FEDERAL;590;564113,06
202404;1;AL;51884;INTER;183;172595,11
202404;1;AL;10069;ITAU;108;117668,91
202404;1;AL;52058;NUBANK;828;709713,37
202404;1;AL;30379;SANTANDER;117;31373,04
202404;1;AL;51011;VOTORANTIM;3;1479,15
202404;1;AM;30173;BANRISUL;1;2683,01
202404;1;AM;49906;BB;209;243464,91
202404;1;AM;30290;BMG;9;21947,87
202404;1;AM;10045;BRADESCO;482;645699,04
202404;1;AM;49944;BTG PACTUAL;1378;1909511,36
202404;1;AM;52072;C6 BANK;16;14986,96
202404;1;AM;51626;CAIXA ECONÔMICA FEDERAL;1086;1298740,68
202404;1;AM;51884;INTER;472;533195,57
202404;1;AM;10069;ITAU;355;452936,62
202404;1;AM;52058;NUBANK;2135;2374037,92
202404;1;AM;30379;SANTANDER;306;111215,82
202404;1;AM;5203605;SICOOB AMAZÔNIA;1;2343,96
202404;1;AM;3632872;SICOOB CREDISUL;1;308,69
202404;1;AM;51011;VOTORANTIM;1;1657,38
202404;1;AP;49906;BB;105;107124,14
202404;1;AP;4913711;BCO DO EST. DO PA S.A.;1;3833,16
202404;1;AP;10045;BRADESCO;21;15707,84
202404;1;AP;49944;BTG PACTUAL;170;222263,07
202404;1;AP;52072;C6 BANK;4;7024,63
202404;1;AP;51626;CAIXA ECONÔMICA FEDERAL;103;93569,48
202404;1;AP;51884;INTER;69;78429,18
202404;1;AP;10069;ITAU;37;40162,21
202404;1;AP;52058;NUBANK;247;189830,90
202404;1;AP;30379;SANTANDER;34;16121,12
202404;1;BA;51750;BANCO SICOOB;4;3742,10
202404;1;BA;49906;BB;915;1038353,86
202404;1;BA;30290;BMG;6;7591,02
202404;1;BA;10045;BRADESCO;672;701739,60
202404;1;BA;49944;BTG PACTUAL;2790;3445688,10
202404;1;BA;52072;C6 BANK;57;56545,44
202404;1;BA;51626;CAIXA ECONÔMICA FEDERAL;2186;2201186,44
202404;1;BA;51884;INTER;801;793279,05
202404;1;BA;10069;ITAU;579;690490,20
202404;1;BA;52058;NUBANK;3590;3471104,34
202404;1;BA;30379;SANTANDER;579;165905,01
202404;1;BA;73398646;SOC CC SICOOB COOPERE;3;10391,08
202404;1;BA;51011;VOTORANTIM;6;9161,33
202404;1;CE;51750;BANCO SICOOB;1;2039,64
202404;1;CE;30173;BANRISUL;2;3542,51
202404;1;CE;49906;BB;700;770604,29
202404;1;CE;30290;BMG;7;5455,06
202404;1;CE;10045;BRADESCO;504;537236,31
202404;1;CE;49944;BTG PACTUAL;2409;2968686,23
202404;1;CE;52072;C6 BANK;39;36936,50
202404;1;CE;51626;CAIXA ECONÔMICA FEDERAL;1580;1533205,32
202404;1;CE;51884;INTER;758;741164,30
202404;1;CE;10069;ITAU;385;424938,56
202404;1;CE;52058;NUBANK;3181;2934297,10
202404;1;CE;30379;SANTANDER;558;148782,40
202404;1;CE;51011;VOTORANTIM;7;11748,19
202404;1;DF;51750;BANCO SICOOB;1;1066,85
202404;1;DF;30173;BANRISUL;1;3690,33
202404;1;DF;49906;BB;323;428704,53
202404;1;DF;30290;BMG;6;5382,31
202404;1;DF;10045;BRADESCO;115;143188,44
202404;1;DF;49944;BTG PACTUAL;1011;1439206,71
202404;1;DF;52072;C6 BANK;32;36579,39
202404;1;DF;51626;CAIXA ECONÔMICA FEDERAL;584;638709,18
202404;1;DF;51884;INTER;313;362829,34
202404;1;DF;10069;ITAU;203;221698,43
202404;1;DF;52058;NUBANK;1204;1229305,75
202404;1;DF;30379;SANTANDER;227;75771,86
202404;1;DF;51011;VOTORANTIM;2;2807,01
202404;1;ES;51750;BANCO SICOOB;9;15627,85
202404;1;ES;49906;BB;163;204751,39
202404;1;ES;30290;BMG;1;1723,33
202404;1;ES;10045;BRADESCO;82;99177,48
202404;1;ES;49944;BTG PACTUAL;830;1172105,01
202404;1;ES;52072;C6 BANK;13;11483,54
202404;1;ES;51626;CAIXA ECONÔMICA FEDERAL;557;676007,30
202404;1;ES;51884;INTER;222;245437,54
202404;1;ES;10069;ITAU;155;203228,41
202404;1;ES;52058;NUBANK;896;937682,01
202404;1;ES;30379;SANTANDER;216;52256,22
202404;1;GO;51750;BANCO SICOOB;2;4440,91
202404;1;GO;49906;BB;342;454521,19
202404;1;GO;30290;BMG;8;16752,39
202404;1;GO;10045;BRADESCO;235;242146,59
202404;1;GO;49944;BTG PACTUAL;1509;2076626,30
202404;1;GO;52072;C6 BANK;30;39846,62
202404;1;GO;51626;CAIXA ECONÔMICA FEDERAL;924;925803,09
202404;1;GO;2282709;COOP CENTRO NORTE BRASILEIRO;1;106,22
202404;1;GO;51884;INTER;441;468191,54
202404;1;GO;10069;ITAU;382;455559,24
202404;1;GO;52058;NUBANK;1779;1742121,08
202404;1;GO;30379;SANTANDER;273;91916,63
202404;1;GO;51011;VOTORANTIM;5;4919,18
202404;1;MA;51750;BANCO SICOOB;1;211,84
202404;1;MA;30173;BANRISUL;1;317,63
202404;1;MA;49906;BB;571;596181,88
202404;1;MA;30290;BMG;4;2176,34
202404;1;MA;10045;BRADESCO;228;232624,47
202404;1;MA;49944;BTG PACTUAL;919;1081507,06
202404;1;MA;52072;C6 BANK;17;28841,69
202404;1;MA;51626;CAIXA ECONÔMICA FEDERAL;676;581261,49
202404;1;MA;51884;INTER;304;265910,41
202404;1;MA;10069;ITAU;149;163411,11
202404;1;MA;52058;NUBANK;1408;1253812,47
202404;1;MA;30379;SANTANDER;177;56332,56
202404;1;MA;51011;VOTORANTIM;4;1660,24
202404;1;MG;51750;BANCO SICOOB;35;46821,46
202404;1;MG;30173;BANRISUL;7;11006,79
202404;1;MG;49906;BB;1001;1346761,66
202404;1;MG;30290;BMG;20;27010,95
202404;1;MG;10045;BRADESCO;749;931413,67
202404;1;MG;49944;BTG PACTUAL;4274;6088753,14
202404;1;MG;52072;C6 BANK;80;84142,32
202404;1;MG;51626;CAIXA ECONÔMICA FEDERAL;3857;4652942,17
202404;1;MG;25420696;CC CREDINACIONAL LTDA - SICOOB CREDINACIONAL;1;558,21
202404;1;MG;1736516;CCLA REG. CTR. E OESTE MINEIRO;1;3329,07
202404;1;MG;1703620;CCLA UNIÃO CENTRO OESTE MINAS;1;2895,21
202404;1;MG;51884;INTER;1847;1905965,27
202404;1;MG;10069;ITAU;1225;1536286,92
202404;1;MG;52058;NUBANK;5318;6018929,59
202404;1;MG;30379;SANTANDER;876;319017,12
202404;1;MG;51011;VOTORANTIM;7;15567,41
202404;1;MS;30173;BANRISUL;1;865,05
202404;1;MS;49906;BB;285;353264,90
202404;1;MS;30290;BMG;1;3753,75
202404;1;MS;10045;BRADESCO;209;264505,24
202404;1;MS;49944;BTG PACTUAL;822;1125413,73
202404;1;MS;52072;C6 BANK;26;23105,02
202404;1;MS;51626;CAIXA ECONÔMICA FEDERAL;707;796912,21
202404;1;MS;51884;INTER;223;236353,36
202404;1;MS;10069;ITAU;125;162292,20
202404;1;MS;52058;NUBANK;1193;1315250,25
202404;1;MS;30379;SANTANDER;192;83154,71
202404;1;MT;51750;BANCO SICOOB;4;3712,75
202404;1;MT;49906;BB;295;417378,22
202404;1;MT;30290;BMG;6;2596,50
202404;1;MT;10045;BRADESCO;169;242937,97
202404;1;MT;49944;BTG PACTUAL;882;1472492,64
202404;1;MT;52072;C6 BANK;22;36613,50
202404;1;MT;51626;CAIXA ECONÔMICA FEDERAL;528;716319,91
202404;1;MT;2015588;CCLA DO CENTRO SUL RONDONIENSE;1;4998,71
202404;1;MT;23623636;CCLA NORTE DE MATO GROSSO - SICOOB NORTE MT;1;557,99
202404;1;MT;51884;INTER;184;253302,88
202404;1;MT;10069;ITAU;104;148815,66
202404;1;MT;52058;NUBANK;1099;1434628,00
202404;1;MT;30379;SANTANDER;153;78029,77
202404;1;MT;51011;VOTORANTIM;3;2492,43
202404;1;PA;51750;BANCO SICOOB;1;1137,37
202404;1;PA;49906;BB;480;536422,67
202404;1;PA;4913711;BCO DO EST. DO PA S.A.;5;9460,19
202404;1;PA;30290;BMG;5;9013,39
202404;1;PA;10045;BRADESCO;339;351160,99
202404;1;PA;49944;BTG PACTUAL;1573;1784202,17
202404;1;PA;52072;C6 BANK;37;30402,19
202404;1;PA;51626;CAIXA ECONÔMICA FEDERAL;1030;847572,70
202404;1;PA;37079720;CCLA SICOOB CREDIJUSTRA;1;449,29
202404;1;PA;51884;INTER;574;529769,48
202404;1;PA;10069;ITAU;348;388053,16
202404;1;PA;52058;NUBANK;2285;2014134,10
202404;1;PA;30379;SANTANDER;289;85096,98
202404;1;PA;51011;VOTORANTIM;4;4121,21
202404;1;PB;49906;BB;273;297293,35
202404;1;PB;30290;BMG;5;7480,87
202404;1;PB;10045;BRADESCO;210;226254,44
202404;1;PB;49944;BTG PACTUAL;1000;1193156,32
202404;1;PB;52072;C6 BANK;14;20417,69
202404;1;PB;51626;CAIXA ECONÔMICA FEDERAL;676;647262,47
202404;1;PB;4751713;CC INV DE RONDÔNIA - SICOOB CREDJURD;1;2130,10
202404;1;PB;51884;INTER;275;287634,02
202404;1;PB;10069;ITAU;147;158643,19
202404;1;PB;52058;NUBANK;1138;1090506,83
202404;1;PB;30379;SANTANDER;132;40827,62
202404;1;PB;51011;VOTORANTIM;2;2273,54
202404;1;PE;51750;BANCO SICOOB;5;3933,09
202404;1;PE;30173;BANRISUL;1;789,20
202404;1;PE;49906;BB;485;523241,05
202404;1;PE;30290;BMG;8;8306,25
202404;1;PE;10045;BRADESCO;404;417901,76
202404;1;PE;49944;BTG PACTUAL;1988;2378308,70
202404;1;PE;52072;C6 BANK;34;30348,66
202404;1;PE;51626;CAIXA ECONÔMICA FEDERAL;1580;1561928,64
202404;1;PE;4174720;CC SICOOB COOPEMAR;1;600,27
202404;1;PE;51884;INTER;581;582883,55
202404;1;PE;10069;ITAU;478;519947,54
202404;1;PE;52058;NUBANK;2614;2352633,45
202404;1;PE;30379;SANTANDER;474;170284,24
202404;1;PE;51011;VOTORANTIM;9;9166,34
202404;1;PI;49906;BB;309;354673,18
202404;1;PI;30290;BMG;7;3371,01
202404;1;PI;10045;BRADESCO;75;87705,05
202404;1;PI;49944;BTG PACTUAL;629;847490,38
202404;1;PI;52072;C6 BANK;8;12549,56
202404;1;PI;51626;CAIXA ECONÔMICA FEDERAL;487;470470,77
202404;1;PI;51884;INTER;196;199014,77
202404;1;PI;10069;ITAU;78;80350,88
202404;1;PI;52058;NUBANK;924;910199,71
202404;1;PI;30379;SANTANDER;89;22813,86
202404;1;PI;51011;VOTORANTIM;4;5336,02
202404;1;PR;51750;BANCO SICOOB;6;9385,14
202404;1;PR;49906;BB;504;692113,11
202404;1;PR;30290;BMG;7;6128,66
202404;1;PR;10045;BRADESCO;423;491459,71
202404;1;PR;49944;BTG PACTUAL;2652;3721196,53
202404;1;PR;52072;C6 BANK;69;75051,97
202404;1;PR;51626;CAIXA ECONÔMICA FEDERAL;1846;2070051,45
202404;1;PR;2466552;CC SICOOB VALE SUL;3;6344,72
202404;1;PR;51884;INTER;553;649521,67
202404;1;PR;10069;ITAU;755;921751,41
202404;1;PR;52058;NUBANK;3235;3675447,19
202404;1;PR;30379;SANTANDER;391;159201,25
202404;1;PR;51011;VOTORANTIM;11;22931,09
202404;1;RJ;51750;BANCO SICOOB;6;5868,56
202404;1;RJ;30173;BANRISUL;3;1778,91
202404;1;RJ;49906;BB;821;906732,39
202404;1;RJ;30290;BMG;16;16585,99
202404;1;RJ;10045;BRADESCO;1078;1068098,49
202404;1;RJ;49944;BTG PACTUAL;4956;5994430,20
202404;1;RJ;52072;C6 BANK;147;159151,50
202404;1;RJ;51626;CAIXA ECONÔMICA FEDERAL;4033;3909170,77
202404;1;RJ;51884;INTER;1388;1313785,31
202404;1;RJ;10069;ITAU;2314;2424520,19
202404;1;RJ;52058;NUBANK;7206;6679315,99
202404;1;RJ;30379;SANTANDER;1718;505200,22
202404;1;RJ;51011;VOTORANTIM;12;24255,00
202404;1;RN;30173;BANRISUL;1;246,35
202404;1;RN;49906;BB;298;304047,89
202404;1;RN;30290;BMG;3;4176,34
202404;1;RN;10045;BRADESCO;109;104869,83
202404;1;RN;49944;BTG PACTUAL;799;1017901,18
202404;1;RN;52072;C6 BANK;20;29605,99
202404;1;RN;51626;CAIXA ECONÔMICA FEDERAL;543;554927,29
202404;1;RN;51884;INTER;231;240551,24
202404;1;RN;10069;ITAU;107;119585,98
202404;1;RN;52058;NUBANK;1056;992601,90
202404;1;RN;30379;SANTANDER;143;43928,57
202404;1;RN;51011;VOTORANTIM;3;2011,28
202404;1;RO;51750;BANCO SICOOB;5;8455,20
202404;1;RO;49906;BB;152;212818,44
202404;1;RO;30290;BMG;3;882,47
202404;1;RO;10045;BRADESCO;94;119646,05
202404;1;RO;49944;BTG PACTUAL;531;814906,59
202404;1;RO;8044854;C.C. DO CENTRO DO ESTADO DE RONDÔNIA;4;2158,52
202404;1;RO;52072;C6 BANK;8;10258,89
202404;1;RO;51626;CAIXA ECONÔMICA FEDERAL;447;533995,18
202404;1;RO;2015588;CCLA DO CENTRO SUL RONDONIENSE;5;5858,76
202404;1;RO;51884;INTER;153;198809,11
202404;1;RO;10069;ITAU;65;79049,04
202404;1;RO;52058;NUBANK;814;960585,61
202404;1;RO;30379;SANTANDER;102;44931,81
202404;1;RO;5203605;SICOOB AMAZÔNIA;2;5632,86
202404;1;RO;3632872;SICOOB CREDISUL;1;525,08
202404;1;RO;51011;VOTORANTIM;3;4339,18
202404;1;RR;49906;BB;62;76021,65
202404;1;RR;10045;BRADESCO;24;33187,02
202404;1;RR;49944;BTG PACTUAL;121;143837,07
202404;1;RR;52072;C6 BANK;4;12340,46
202404;1;RR;51626;CAIXA ECONÔMICA FEDERAL;114;124349,06
202404;1;RR;51884;INTER;43;43219,19
202404;1;RR;10069;ITAU;43;46128,07
202404;1;RR;52058;NUBANK;243;246292,50
202404;1;RR;30379;SANTANDER;29;8946,10
202404;1;RR;51011;VOTORANTIM;1;2987,86
202404;1;RS;51750;BANCO SICOOB;5;7296,69
202404;1;RS;30173;BANRISUL;112;137881,17
202404;1;RS;49906;BB;469;580716,79
202404;1;RS;30290;BMG;4;4705,76
202404;1;RS;10045;BRADESCO;318;336996,80
202404;1;RS;49944;BTG PACTUAL;2385;3239630,22
202404;1;RS;52072;C6 BANK;42;51960,71
202404;1;RS;51626;CAIXA ECONÔMICA FEDERAL;2372;2482392,20
202404;1;RS;51884;INTER;529;566261,07
202404;1;RS;10069;ITAU;470;538525,74
202404;1;RS;52058;NUBANK;3139;3291425,45
202404;1;RS;30379;SANTANDER;509;169252,64
202404;1;RS;51011;VOTORANTIM;8;8583,51
202404;1;SC;51750;BANCO SICOOB;8;12996,68
202404;1;SC;30173;BANRISUL;5;5234,34
202404;1;SC;49906;BB;364;468241,52
202404;1;SC;30290;BMG;5;7911,82
202404;1;SC;10045;BRADESCO;284;360569,59
202404;1;SC;31976;BRB;1;982,64
202404;1;SC;49944;BTG PACTUAL;1763;2769752,56
202404;1;SC;52072;C6 BANK;34;43879,08
202404;1;SC;51626;CAIXA ECONÔMICA FEDERAL;1057;1354081,35
202404;1;SC;85291086;CC LITORÂNEA;2;5258,12
202404;1;SC;78825270;CCLA MAXI ALFA;9;8025,59
202404;1;SC;81014060;CCLAA ITAIPU SICOOB CREDITAIPU;1;1097,40
202404;1;SC;78862083;COOP NOVOS CAMPOS;1;4083,40
202404;1;SC;51884;INTER;367;464768,34
202404;1;SC;10069;ITAU;300;394922,68
202404;1;SC;52058;NUBANK;1986;2502517,55
202404;1;SC;30379;SANTANDER;239;103040,43
202404;1;SC;51011;VOTORANTIM;6;10245,64
202404;1;SE;30173;BANRISUL;1;582,11
202404;1;SE;49906;BB;117;120459,77
202404;1;SE;30290;BMG;2;504,73
202404;1;SE;10045;BRADESCO;48;50459,22
202404;1;SE;49944;BTG PACTUAL;520;637011,72
202404;1;SE;52072;C6 BANK;8;11186,29
202404;1;SE;51626;CAIXA ECONÔMICA FEDERAL;314;304370,97
202404;1;SE;51884;INTER;153;165390,59
202404;1;SE;10069;ITAU;47;60363,93
202404;1;SE;52058;NUBANK;624;605963,53
202404;1;SE;30379;SANTANDER;72;19476,75
202404;1;SP;51750;BANCO SICOOB;7;7213,39
202404;1;SP;30173;BANRISUL;3;1848,67
202404;1;SP;49906;BB;2301;2693664,02
202404;1;SP;30290;BMG;44;55514,13
202404;1;SP;10045;BRADESCO;3147;3379023,44
202404;1;SP;49944;BTG PACTUAL;13858;17666162,24
202404;1;SP;52072;C6 BANK;360;433969,35
202404;1;SP;51626;CAIXA ECONÔMICA FEDERAL;7919;8400857,46
202404;1;SP;51884;INTER;3012;3168013,32
202404;1;SP;10069;ITAU;4703;5224546,61
202404;1;SP;52058;NUBANK;16597;17067758,09
202404;1;SP;30379;SANTANDER;3852;1241142,35
202404;1;SP;51011;VOTORANTIM;41;49687,92
202404;1;TO;49906;BB;102;122950,73
202404;1;TO;10045;BRADESCO;44;43665,31
202404;1;TO;49944;BTG PACTUAL;167;241166,02
202404;1;TO;52072;C6 BANK;4;3606,18
202404;1;TO;51626;CAIXA ECONÔMICA FEDERAL;126;119492,94
202404;1;TO;51884;INTER;70;78054,58
202404;1;TO;10069;ITAU;33;39198,01
202404;1;TO;52058;NUBANK;326;332101,24
202404;1;TO;30379;SANTANDER;32;9002,50
202404;1;TO;51011;VOTORANTIM;1;1038,85
202404;2;AC;10045;BRADESCO;1;277,82
202404;2;AL;10045;BRADESCO;4;55559,43
202404;2;AL;52072;C6 BANK;1;210,80
202404;2;AM;10045;BRADESCO;8;35247,01
202404;2;AP;52072;C6 BANK;1;208,14
202404;2;BA;10045;BRADESCO;23;146426,71
202404;2;BA;52072;C6 BANK;1;162,18
202404;2;CE;10045;BRADESCO;14;151640,78
202404;2;CE;52072;C6 BANK;1;201,70
202404;2;DF;10045;BRADESCO;7;54398,42
202404;2;ES;49906;BB;1;3911,77
202404;2;ES;10045;BRADESCO;9;146360,34
202404;2;GO;10045;BRADESCO;14;318304,80
202404;2;GO;51626;CAIXA ECONÔMICA FEDERAL;1;138,05
202404;2;MA;10045;BRADESCO;4;42438,67
202404;2;MA;52072;C6 BANK;2;415,55
202404;2;MG;49906;BB;1;346,88
202404;2;MG;10045;BRADESCO;37;489797,49
202404;2;MG;52072;C6 BANK;2;418,10
202404;2;MG;51626;CAIXA ECONÔMICA FEDERAL;1;834,23
202404;2;MS;10045;BRADESCO;7;41558,38
202404;2;MT;10045;BRADESCO;6;88817,12
202404;2;MT;52072;C6 BANK;1;170,77
202404;2;PA;10045;BRADESCO;7;91565,68
202404;2;PB;10045;BRADESCO;8;50569,26
202404;2;PE;49906;BB;1;267,95
202404;2;PE;10045;BRADESCO;10;32775,51
202404;2;PE;52072;C6 BANK;1;209,79
202404;2;PI;10045;BRADESCO;3;29440,95
202404;2;PR;10045;BRADESCO;29;215827,38
202404;2;PR;52072;C6 BANK;4;855,50
202404;2;RJ;10045;BRADESCO;40;570482,43
202404;2;RJ;52072;C6 BANK;4;749,20
202404;2;RJ;10069;ITAU;1;97,52
202404;2;RJ;30379;SANTANDER;1;83,57
202404;2;RN;10045;BRADESCO;5;48300,19
202404;2;RR;10045;BRADESCO;3;16322,50
202404;2;RS;10045;BRADESCO;26;624255,98
202404;2;SC;10045;BRADESCO;21;357108,68
202404;2;SC;52072;C6 BANK;2;407,28
202404;2;SE;10045;BRADESCO;1;34744,40
202404;2;SE;10069;ITAU;1;429,10
202404;2;SP;49906;BB;2;194,20
202404;2;SP;10045;BRADESCO;232;3156615,89
202404;2;SP;52072;C6 BANK;10;5036,86
202404;2;SP;10069;ITAU;1;6575,65
202404;2;SP;30379;SANTANDER;5;204,82
202404;2;TO;10045;BRADESCO;3;13735,29
202405;1;AC;49906;BB;75;95815,29
202405;1;AC;10045;BRADESCO;15;17034,31
202405;1;AC;49944;BTG PACTUAL;131;211608,68
202405;1;AC;52072;C6 BANK;2;4346,06
202405;1;AC;51626;CAIXA ECONÔMICA FEDERAL;144;159658,32
202405;1;AC;51884;INTER;28;27947,36
202405;1;AC;10069;ITAU;23;29279,03
202405;1;AC;52058;NUBANK;213;230725,58
202405;1;AC;30379;SANTANDER;18;18791,53
202405;1;AC;3632872;SICOOB CREDISUL;2;2174,14
202405;1;AC;51011;VOTORANTIM;2;2512,66
202405;1;AL;51750;BANCO SICOOB;1;1279,78
202405;1;AL;30173;BANRISUL;1;1603,19
202405;1;AL;49906;BB;150;162346,94
202405;1;AL;10045;BRADESCO;52;48114,79
202405;1;AL;49944;BTG PACTUAL;403;472202,60
202405;1;AL;52072;C6 BANK;2;1241,38
202405;1;AL;51626;CAIXA ECONÔMICA FEDERAL;349;324977,86
202405;1;AL;51884;INTER;116;106873,29
202405;1;AL;10069;ITAU;63;56875,93
202405;1;AL;52058;NUBANK;519;481980,39
202405;1;AL;30379;SANTANDER;67;59982,33
202405;1;AL;51011;VOTORANTIM;1;1585,62
202405;1;AM;30173;BANRISUL;4;5954,55
202405;1;AM;49906;BB;146;213625,40
202405;1;AM;4913711;BCO DO EST. DO PA S.A.;1;1989,34
202405;1;AM;30290;BMG;6;8305,89
202405;1;AM;10045;BRADESCO;315;394945,99
202405;1;AM;49944;BTG PACTUAL;874;1296361,17
202405;1;AM;52072;C6 BANK;5;6240,56
202405;1;AM;51626;CAIXA ECONÔMICA FEDERAL;748;920129,66
202405;1;AM;51884;INTER;288;331646,55
202405;1;AM;10069;ITAU;247;298022,23
202405;1;AM;52058;NUBANK;1351;1585334,32
202405;1;AM;30379;SANTANDER;166;154756,67
202405;1;AM;5203605;SICOOB AMAZÔNIA;1;242,28
202405;1;AM;51011;VOTORANTIM;4;2456,65
202405;1;AP;49906;BB;65;65929,04
202405;1;AP;30290;BMG;1;1331,89
202405;1;AP;10045;BRADESCO;19;19504,39
202405;1;AP;49944;BTG PACTUAL;122;131432,79
202405;1;AP;52072;C6 BANK;2;1318,82
202405;1;AP;51626;CAIXA ECONÔMICA FEDERAL;78;82648,34
202405;1;AP;51884;INTER;40;37877,39
202405;1;AP;10069;ITAU;17;31971,05
202405;1;AP;52058;NUBANK;150;130150,80
202405;1;AP;30379;SANTANDER;30;29673,39
202405;1;BA;51750;BANCO SICOOB;1;207,65
202405;1;BA;30173;BANRISUL;1;467,09
202405;1;BA;49906;BB;477;608329,42
202405;1;BA;30290;BMG;8;6637,33
202405;1;BA;10045;BRADESCO;383;401089,19
202405;1;BA;49944;BTG PACTUAL;1740;2277809,27
202405;1;BA;52072;C6 BANK;10;11330,53
202405;1;BA;51626;CAIXA ECONÔMICA FEDERAL;1345;1380412,10
202405;1;BA;4321309;CC SICOOB CRED EXECUTIVO;1;842,88
202405;1;BA;2876918;CC SICOOB NORTE SUL;2;1842,44
202405;1;BA;51884;INTER;466;481349,01
202405;1;BA;10069;ITAU;360;426905,82
202405;1;BA;52058;NUBANK;2159;2229607,97
202405;1;BA;30379;SANTANDER;287;238372,87
202405;1;BA;51011;VOTORANTIM;9;10500,57
202405;1;CE;51750;BANCO SICOOB;1;319,75
202405;1;CE;30173;BANRISUL;2;4126,55
202405;1;CE;49906;BB;394;473088,98
202405;1;CE;30290;BMG;4;2880,75
202405;1;CE;10045;BRADESCO;271;291143,78
202405;1;CE;49944;BTG PACTUAL;1465;1883602,66
202405;1;CE;52072;C6 BANK;11;14741,66
202405;1;CE;51626;CAIXA ECONÔMICA FEDERAL;928;914164,48
202405;1;CE;51884;INTER;447;430729,09
202405;1;CE;10069;ITAU;234;269348,52
202405;1;CE;52058;NUBANK;1834;1790078,37
202405;1;CE;30379;SANTANDER;267;195761,53
202405;1;CE;51011;VOTORANTIM;5;4141,07
202405;1;DF;51750;BANCO SICOOB;5;4191,93
202405;1;DF;30173;BANRISUL;2;6944,74
202405;1;DF;49906;BB;201;238335,83
202405;1;DF;30290;BMG;4;8240,98
202405;1;DF;10045;BRADESCO;60;60716,26
202405;1;DF;49944;BTG PACTUAL;686;1029310,27
202405;1;DF;52072;C6 BANK;10;9394,64
202405;1;DF;51626;CAIXA ECONÔMICA FEDERAL;344;389026,39
202405;1;DF;51884;INTER;191;227452,25
202405;1;DF;10069;ITAU;155;198414,99
202405;1;DF;52058;NUBANK;764;832115,85
202405;1;DF;30379;SANTANDER;151;142603,05
202405;1;DF;51011;VOTORANTIM;3;2101,08
202405;1;ES;51750;BANCO SICOOB;10;9826,74
202405;1;ES;30173;BANRISUL;1;1469,12
202405;1;ES;49906;BB;87;117221,10
202405;1;ES;30290;BMG;4;7216,62
202405;1;ES;10045;BRADESCO;58;59810,01
202405;1;ES;49944;BTG PACTUAL;517;760156,82
202405;1;ES;52072;C6 BANK;4;5082,75
202405;1;ES;51626;CAIXA ECONÔMICA FEDERAL;356;409350,57
202405;1;ES;51884;INTER;134;169473,97
202405;1;ES;10069;ITAU;108;131349,11
202405;1;ES;52058;NUBANK;604;680622,69
202405;1;ES;30379;SANTANDER;88;65018,88
202405;1;ES;73398646;SOC CC SICOOB COOPERE;1;4676,20
202405;1;GO;51750;BANCO SICOOB;5;4165,50
202405;1;GO;49906;BB;199;245774,95
202405;1;GO;30290;BMG;6;8329,88
202405;1;GO;10045;BRADESCO;131;160452,24
202405;1;GO;49944;BTG PACTUAL;900;1256416,74
202405;1;GO;52072;C6 BANK;13;11775,02
202405;1;GO;51626;CAIXA ECONÔMICA FEDERAL;531;505141,77
202405;1;GO;2282709;COOP CENTRO NORTE BRASILEIRO;1;767,48
202405;1;GO;51884;INTER;278;313463,08
202405;1;GO;10069;ITAU;262;314182,70
202405;1;GO;52058;NUBANK;1036;1061977,36
202405;1;GO;30379;SANTANDER;161;153114,12
202405;1;GO;51011;VOTORANTIM;6;5154,13
202405;1;MA;51750;BANCO SICOOB;1;2412,81
202405;1;MA;49906;BB;373;387983,54
202405;1;MA;30290;BMG;2;980,25
202405;1;MA;10045;BRADESCO;167;174732,26
202405;1;MA;49944;BTG PACTUAL;555;711419,44
202405;1;MA;52072;C6 BANK;3;665,51
202405;1;MA;51626;CAIXA ECONÔMICA FEDERAL;460;455396,15
202405;1;MA;51884;INTER;200;197326,39
202405;1;MA;10069;ITAU;101;86790,36
202405;1;MA;52058;NUBANK;936;852099,25
202405;1;MA;30379;SANTANDER;79;50052,90
202405;1;MA;51011;VOTORANTIM;2;3040,59
202405;1;MG;51750;BANCO SICOOB;25;35810,65
202405;1;MG;30173;BANRISUL;1;932,32
202405;1;MG;49906;BB;632;814113,57
202405;1;MG;30290;BMG;13;19613,79
202405;1;MG;10045;BRADESCO;439;496155,48
202405;1;MG;49944;BTG PACTUAL;2730;3901229,07
202405;1;MG;52072;C6 BANK;27;29608,35
202405;1;MG;51626;CAIXA ECONÔMICA FEDERAL;2568;2982912,33
202405;1;MG;51884;INTER;1140;1244518,03
202405;1;MG;10069;ITAU;856;1023656,52
202405;1;MG;52058;NUBANK;3444;3966460,86
202405;1;MG;30379;SANTANDER;505;495261,86
202405;1;MG;51011;VOTORANTIM;10;10416,11
202405;1;MS;49906;BB;153;179602,60
202405;1;MS;30290;BMG;1;607,64
202405;1;MS;10045;BRADESCO;151;160930,81
202405;1;MS;49944;BTG PACTUAL;504;803562,94
202405;1;MS;52072;C6 BANK;2;856,76
202405;1;MS;51626;CAIXA ECONÔMICA FEDERAL;466;470701,14
202405;1;MS;51884;INTER;125;125583,84
202405;1;MS;10069;ITAU;80;93895,05
202405;1;MS;52058;NUBANK;723;769056,02
202405;1;MS;30379;SANTANDER;117;103562,89
202405;1;MS;51011;VOTORANTIM;4;2982,42
202405;1;MT;51750;BANCO SICOOB;4;11532,03
202405;1;MT;49906;BB;179;247246,78
202405;1;MT;30290;BMG;1;2808,22
202405;1;MT;10045;BRADESCO;82;99172,74
202405;1;MT;49944;BTG PACTUAL;471;750722,79
202405;1;MT;52072;C6 BANK;8;11447,35
202405;1;MT;51626;CAIXA ECONÔMICA FEDERAL;300;452304,62
202405;1;MT;2015588;CCLA DO CENTRO SUL RONDONIENSE;1;2505,50
202405;1;MT;51884;INTER;124;175744,62
202405;1;MT;10069;ITAU;81;111836,16
202405;1;MT;52058;NUBANK;649;902228,56
202405;1;MT;30379;SANTANDER;105;108465,88
202405;1;MT;51011;VOTORANTIM;3;6680,97
202405;1;PA;51750;BANCO SICOOB;1;557,30
202405;1;PA;30173;BANRISUL;1;4996,12
202405;1;PA;49906;BB;310;330590,17
202405;1;PA;4913711;BCO DO EST. DO PA S.A.;13;36347,57
202405;1;PA;30290;BMG;5;5604,43
202405;1;PA;10045;BRADESCO;213;199568,78
202405;1;PA;49944;BTG PACTUAL;915;1126554,39
202405;1;PA;52072;C6 BANK;8;6778,93
202405;1;PA;51626;CAIXA ECONÔMICA FEDERAL;649;602565,85
202405;1;PA;51884;INTER;340;321447,33
202405;1;PA;10069;ITAU;219;226571,62
202405;1;PA;52058;NUBANK;1443;1218951,44
202405;1;PA;30379;SANTANDER;169;128623,84
202405;1;PA;51011;VOTORANTIM;3;6027,60
202405;1;PB;51750;BANCO SICOOB;1;995,46
202405;1;PB;30173;BANRISUL;2;1389,30
202405;1;PB;49906;BB;205;246933,41
202405;1;PB;30290;BMG;2;3913,44
202405;1;PB;10045;BRADESCO;114;111361,05
202405;1;PB;49944;BTG PACTUAL;642;854991,85
202405;1;PB;52072;C6 BANK;6;17710,80
202405;1;PB;51626;CAIXA ECONÔMICA FEDERAL;433;410270,47
202405;1;PB;51884;INTER;147;151430,94
202405;1;PB;10069;ITAU;103;107165,05
202405;1;PB;52058;NUBANK;723;731022,90
202405;1;PB;30379;SANTANDER;104;73622,71
202405;1;PB;51011;VOTORANTIM;3;7012,37
202405;1;PE;49906;BB;315;377596,06
202405;1;PE;30290;BMG;10;14446,17
202405;1;PE;10045;BRADESCO;266;284804,30
202405;1;PE;49944;BTG PACTUAL;1296;1626613,72
202405;1;PE;52072;C6 BANK;10;9530,54
202405;1;PE;51626;CAIXA ECONÔMICA FEDERAL;1095;1081992,40
202405;1;PE;51884;INTER;355;362004,66
202405;1;PE;10069;ITAU;317;312763,46
202405;1;PE;52058;NUBANK;1694;1606355,47
202405;1;PE;30379;SANTANDER;258;195767,99
202405;1;PE;51011;VOTORANTIM;8;12415,81
202405;1;PI;30173;BANRISUL;1;698,02
202405;1;PI;49906;BB;172;214173,83
202405;1;PI;30290;BMG;2;773,00
202405;1;PI;10045;BRADESCO;57;58614,23
202405;1;PI;49944;BTG PACTUAL;362;546315,86
202405;1;PI;52072;C6 BANK;4;2990,87
202405;1;PI;51626;CAIXA ECONÔMICA FEDERAL;273;279088,88
202405;1;PI;51884;INTER;96;87548,67
202405;1;PI;10069;ITAU;46;39987,73
202405;1;PI;52058;NUBANK;560;588810,23
202405;1;PI;30379;SANTANDER;59;54597,88
202405;1;PI;51011;VOTORANTIM;4;4072,53
202405;1;PR;51750;BANCO SICOOB;7;13600,13
202405;1;PR;30173;BANRISUL;3;3048,36
202405;1;PR;49906;BB;303;380163,12
202405;1;PR;30290;BMG;9;8549,47
202405;1;PR;10045;BRADESCO;318;390474,30
202405;1;PR;49944;BTG PACTUAL;1617;2403978,33
202405;1;PR;52072;C6 BANK;19;21775,63
202405;1;PR;51626;CAIXA ECONÔMICA FEDERAL;1124;1239261,17
202405;1;PR;2466552;CC SICOOB VALE SUL;2;586,74
202405;1;PR;78825270;CCLA MAXI ALFA;1;4568,36
202405;1;PR;51884;INTER;289;336283,14
202405;1;PR;10069;ITAU;519;660164,72
202405;1;PR;52058;NUBANK;1974;2288152,91
202405;1;PR;30379;SANTANDER;256;225257,89
202405;1;PR;51011;VOTORANTIM;9;13848,73
202405;1;RJ;51750;BANCO SICOOB;5;8566,69
202405;1;RJ;30173;BANRISUL;2;2566,60
202405;1;RJ;49906;BB;506;552393,38
202405;1;RJ;30290;BMG;13;11514,09
202405;1;RJ;10045;BRADESCO;827;861528,66
202405;1;RJ;49944;BTG PACTUAL;3062;3808443,72
202405;1;RJ;52072;C6 BANK;43;52858,34
202405;1;RJ;51626;CAIXA ECONÔMICA FEDERAL;2557;2517238,02
202405;1;RJ;51884;INTER;878;834430,23
202405;1;RJ;10069;ITAU;1627;1740407,04
202405;1;RJ;52058;NUBANK;4602;4338530,69
202405;1;RJ;30379;SANTANDER;974;684196,84
202405;1;RJ;51011;VOTORANTIM;8;10714,40
202405;1;RN;51750;BANCO SICOOB;1;223,79
202405;1;RN;49906;BB;206;253999,71
202405;1;RN;30290;BMG;4;12883,18
202405;1;RN;10045;BRADESCO;67;75764,10
202405;1;RN;49944;BTG PACTUAL;544;738824,63
202405;1;RN;52072;C6 BANK;3;4483,52
202405;1;RN;51626;CAIXA ECONÔMICA FEDERAL;354;365891,85
202405;1;RN;51884;INTER;107;127680,20
202405;1;RN;10069;ITAU;83;80350,84
202405;1;RN;52058;NUBANK;656;656554,97
202405;1;RN;30379;SANTANDER;74;56444,59
202405;1;RN;51011;VOTORANTIM;2;927,85
202405;1;RO;51750;BANCO SICOOB;5;10811,24
202405;1;RO;49906;BB;122;176492,71
202405;1;RO;30290;BMG;3;8847,01
202405;1;RO;10045;BRADESCO;69;96019,25
202405;1;RO;49944;BTG PACTUAL;257;370819,49
202405;1;RO;52072;C6 BANK;2;2847,59
202405;1;RO;51626;CAIXA ECONÔMICA FEDERAL;247;314377,27
202405;1;RO;4751713;CC INV DE RONDÔNIA - SICOOB CREDJURD;2;2897,90
202405;1;RO;8044854;CC INVESTIMENTO SICOOB CENTRO;6;5570,19
202405;1;RO;2015588;CCLA DO CENTRO SUL RONDONIENSE;2;1505,85
202405;1;RO;51884;INTER;83;101627,41
202405;1;RO;10069;ITAU;40;62957,90
202405;1;RO;52058;NUBANK;462;535766,40
202405;1;RO;30379;SANTANDER;51;35070,83
202405;1;RO;5203605;SICOOB AMAZÔNIA;2;3062,01
202405;1;RO;3632872;SICOOB CREDISUL;3;4837,04
202405;1;RO;51011;VOTORANTIM;1;4590,83
202405;1;RR;49906;BB;51;60658,09
202405;1;RR;10045;BRADESCO;10;6301,59
202405;1;RR;49944;BTG PACTUAL;94;145548,88
202405;1;RR;52072;C6 BANK;1;2347,12
202405;1;RR;51626;CAIXA ECONÔMICA FEDERAL;70;82934,54
202405;1;RR;51884;INTER;34;37944,91
202405;1;RR;10069;ITAU;23;22987,81
202405;1;RR;52058;NUBANK;172;178965,86
202405;1;RR;30379;SANTANDER;19;16710,43
202405;1;RS;51750;BANCO SICOOB;2;3246,24
202405;1;RS;30173;BANRISUL;85;101688,50
202405;1;RS;49906;BB;256;313434,55
202405;1;RS;30290;BMG;1;308,33
202405;1;RS;10045;BRADESCO;197;186949,33
202405;1;RS;49944;BTG PACTUAL;1359;1890301,85
202405;1;RS;52072;C6 BANK;15;17820,49
202405;1;RS;51626;CAIXA ECONÔMICA FEDERAL;1480;1639091,18
202405;1;RS;51884;INTER;278;316453,86
202405;1;RS;10069;ITAU;284;287049,78
202405;1;RS;52058;NUBANK;1736;1802327,06
202405;1;RS;30379;SANTANDER;291;256154,98
202405;1;RS;51011;VOTORANTIM;4;7162,69
202405;1;SC;51750;BANCO SICOOB;7;7690,33
202405;1;SC;30173;BANRISUL;1;538,59
202405;1;SC;49906;BB;215;283741,66
202405;1;SC;30290;BMG;3;956,34
202405;1;SC;10045;BRADESCO;150;241454,11
202405;1;SC;49944;BTG PACTUAL;990;1590005,90
202405;1;SC;52072;C6 BANK;15;14458,13
202405;1;SC;51626;CAIXA ECONÔMICA FEDERAL;693;885576,41
202405;1;SC;78825270;CCLA MAXI ALFA;4;11085,43
202405;1;SC;2090126;CCLA SICOOB VALCREDI SUL;1;403,58
202405;1;SC;51884;INTER;209;275270,67
202405;1;SC;10069;ITAU;188;265591,35
202405;1;SC;52058;NUBANK;1127;1490570,81
202405;1;SC;30379;SANTANDER;151;147007,12
202405;1;SC;51011;VOTORANTIM;4;6761,78
202405;1;SE;49906;BB;96;108420,49
202405;1;SE;10045;BRADESCO;32;30117,17
202405;1;SE;49944;BTG PACTUAL;352;455719,06
202405;1;SE;52072;C6 BANK;4;3806,19
202405;1;SE;51626;CAIXA ECONÔMICA FEDERAL;208;174301,27
202405;1;SE;51884;INTER;66;59885,19
202405;1;SE;10069;ITAU;39;42646,83
202405;1;SE;52058;NUBANK;420;453352,43
202405;1;SE;30379;SANTANDER;29;21776,80
202405;1;SP;51750;BANCO SICOOB;12;15011,60
202405;1;SP;30173;BANRISUL;2;1394,37
202405;1;SP;49906;BB;1401;1691992,10
202405;1;SP;30290;BMG;36;43894,47
202405;1;SP;10045;BRADESCO;1973;2168309,61
202405;1;SP;49944;BTG PACTUAL;8262;11305011,26
202405;1;SP;52072;C6 BANK;103;133861,12
202405;1;SP;51626;CAIXA ECONÔMICA FEDERAL;4880;5109042,96
202405;1;SP;68969625;CECM EMP USAGRO;1;782,17
202405;1;SP;51884;INTER;1715;1806082,70
202405;1;SP;10069;ITAU;3161;3550861,68
202405;1;SP;52058;NUBANK;10166;10645874,80
202405;1;SP;30379;SANTANDER;2071;1585918,92
202405;1;SP;51011;VOTORANTIM;40;48272,92
202405;1;TO;51750;BANCO SICOOB;2;4499,53
202405;1;TO;49906;BB;56;63829,55
202405;1;TO;30290;BMG;1;1998,56
202405;1;TO;10045;BRADESCO;16;19368,76
202405;1;TO;49944;BTG PACTUAL;128;171369,95
202405;1;TO;51626;CAIXA ECONÔMICA FEDERAL;84;78909,52
202405;1;TO;51884;INTER;36;29738,62
202405;1;TO;10069;ITAU;18;12026,14
202405;1;TO;52058;NUBANK;170;161591,88
202405;1;TO;30379;SANTANDER;20;12484,17
202405;2;AL;10045;BRADESCO;1;400,74
202405;2;AL;51011;VOTORANTIM;1;9166,67
202405;2;AM;10045;BRADESCO;4;35369,51
202405;2;AM;51011;VOTORANTIM;1;549,36
202405;2;BA;10045;BRADESCO;5;33698,14
202405;2;BA;52072;C6 BANK;1;209,06
202405;2;BA;51011;VOTORANTIM;1;2265,13
202405;2;CE;10045;BRADESCO;7;13141,09
202405;2;CE;51011;VOTORANTIM;3;13896,11
202405;2;DF;10045;BRADESCO;5;61336,37
202405;2;DF;51011;VOTORANTIM;1;3091,13
202405;2;ES;10045;BRADESCO;3;17930,96
202405;2;ES;51011;VOTORANTIM;1;1551,19
202405;2;GO;10045;BRADESCO;3;8877,49
202405;2;GO;52072;C6 BANK;1;133,12
202405;2;GO;51011;VOTORANTIM;7;33110,44
202405;2;MA;10045;BRADESCO;5;98647,91
202405;2;MA;51011;VOTORANTIM;2;7061,57
202405;2;MG;10045;BRADESCO;17;114269,70
202405;2;MG;10069;ITAU;1;14275,95
202405;2;MG;30379;SANTANDER;2;125,28
202405;2;MG;51011;VOTORANTIM;12;47305,20
202405;2;MS;10045;BRADESCO;1;1,85
202405;2;MS;51011;VOTORANTIM;1;4501,40
202405;2;MT;10045;BRADESCO;4;21568,19
202405;2;MT;51011;VOTORANTIM;3;1840,98
202405;2;PA;10045;BRADESCO;20;162821,04
202405;2;PB;10045;BRADESCO;4;68331,70
202405;2;PB;51011;VOTORANTIM;2;10010,77
202405;2;PE;10045;BRADESCO;16;215584,05
202405;2;PE;52072;C6 BANK;1;199,65
202405;2;PI;10045;BRADESCO;1;29,66
202405;2;PI;52072;C6 BANK;1;208,86
202405;2;PI;51011;VOTORANTIM;1;2378,26
202405;2;PR;10045;BRADESCO;32;417772,19
202405;2;PR;51011;VOTORANTIM;11;56576,64
202405;2;RJ;10045;BRADESCO;55;1121633,58
202405;2;RJ;52072;C6 BANK;7;2333,56
202405;2;RJ;10069;ITAU;2;123,10
202405;2;RJ;30379;SANTANDER;1;13,27
202405;2;RJ;51011;VOTORANTIM;2;4841,31
202405;2;RN;51011;VOTORANTIM;2;13250,88
202405;2;RO;10045;BRADESCO;4;31470,81
202405;2;RR;10045;BRADESCO;1;1599,13
202405;2;RR;51011;VOTORANTIM;1;13688,32
202405;2;RS;10045;BRADESCO;10;95990,26
202405;2;RS;51011;VOTORANTIM;11;23981,92
202405;2;SC;10045;BRADESCO;7;71061,87
202405;2;SC;51011;VOTORANTIM;7;15723,41
202405;2;SP;10045;BRADESCO;110;1418789,86
202405;2;SP;52072;C6 BANK;5;794,28
202405;2;SP;10069;ITAU;3;274,40
202405;2;SP;30379;SANTANDER;7;230,34
202405;2;SP;51011;VOTORANTIM;30;112773,53
202405;2;TO;10045;BRADESCO;1;3886,14
202405;2;TO;51011;VOTORANTIM;1;2200,46
202405;3;AC;10045;BRADESCO;5;889867,65
202405;3;AL;49906;BB;5;104388,64
202405;3;AL;10045;BRADESCO;26;1715339,98
202405;3;AM;49906;BB;2;133399,37
202405;3;AM;10045;BRADESCO;35;2651041,16
202405;3;AP;49906;BB;2;836740,47
202405;3;AP;10045;BRADESCO;4;253163,71
202405;3;BA;49906;BB;24;1144077,29
202405;3;BA;10045;BRADESCO;97;6756029,09
202405;3;CE;49906;BB;22;1097018,94
202405;3;CE;10045;BRADESCO;35;1993328,05
202405;3;DF;49906;BB;13;1390444,74
202405;3;DF;10045;BRADESCO;8;255017,46
202405;3;ES;49906;BB;2;14188,01
202405;3;ES;10045;BRADESCO;15;1170259,52
202405;3;GO;49906;BB;20;1228326,07
202405;3;GO;10045;BRADESCO;39;4283249,28
202405;3;MA;49906;BB;16;1247180,30
202405;3;MA;10045;BRADESCO;36;2596672,90
202405;3;MG;49906;BB;33;2974623,98
202405;3;MG;10045;BRADESCO;106;6481845,00
202405;3;MS;49906;BB;9;482325,86
202405;3;MS;10045;BRADESCO;31;1591419,55
202405;3;MT;49906;BB;7;675806,26
202405;3;MT;10045;BRADESCO;23;1055728,19
202405;3;PA;49906;BB;13;1580347,86
202405;3;PA;10045;BRADESCO;44;3981665,67
202405;3;PB;49906;BB;7;291524,65
202405;3;PB;10045;BRADESCO;22;875865,60
202405;3;PE;49906;BB;13;675515,89
202405;3;PE;10045;BRADESCO;38;2044808,04
202405;3;PI;49906;BB;12;316561,57
202405;3;PI;10045;BRADESCO;15;695608,55
202405;3;PR;49906;BB;29;3406121,70
202405;3;PR;10045;BRADESCO;111;9799377,26
202405;3;RJ;49906;BB;8;301681,88
202405;3;RJ;10045;BRADESCO;124;13053165,39
202405;3;RN;49906;BB;13;733911,40
202405;3;RN;10045;BRADESCO;12;1730044,69
202405;3;RO;49906;BB;5;89434,41
202405;3;RO;10045;BRADESCO;3;100192,88
202405;3;RR;49906;BB;3;56975,53
202405;3;RR;10045;BRADESCO;2;144223,15
202405;3;RS;49906;BB;20;774719,04
202405;3;RS;10045;BRADESCO;66;4000032,69
202405;3;SC;49906;BB;13;779031,03
202405;3;SC;10045;BRADESCO;56;5475881,77
202405;3;SE;49906;BB;2;18235,00
202405;3;SE;10045;BRADESCO;4;60477,94
202405;3;SP;49906;BB;73;3112433,83
202405;3;SP;10045;BRADESCO;568;45150202,70
202405;3;TO;49906;BB;6;126683,05
202405;3;TO;10045;BRADESCO;16;910559,24
202406;1;AC;52058;NUBANK;6;986,57
202406;1;AC;30379;SANTANDER;4;367,09
202406;1;AL;49906;BB;1;201,00
202406;1;AL;10045;BRADESCO;2;805,97
202406;1;AL;49944;BTG PACTUAL;8;1478,68
202406;1;AL;52072;C6 BANK;1;200,94
202406;1;AL;51626;CAIXA ECONÔMICA FEDERAL;2;404,22
202406;1;AL;51884;INTER;7;3849,86
202406;1;AL;10069;ITAU;2;208,66
202406;1;AL;52058;NUBANK;16;2654,13
202406;1;AL;30379;SANTANDER;9;523,41
202406;1;AM;49906;BB;1;201,67
202406;1;AM;10045;BRADESCO;42;61672,15
202406;1;AM;49944;BTG PACTUAL;13;2428,61
202406;1;AM;51626;CAIXA ECONÔMICA FEDERAL;2;402,48
202406;1;AM;51884;INTER;21;11710,43
202406;1;AM;10069;ITAU;3;485,87
202406;1;AM;52058;NUBANK;22;3275,23
202406;1;AM;30379;SANTANDER;56;5395,30
202406;1;AP;49944;BTG PACTUAL;1;201,52
202406;1;AP;51884;INTER;2;1917,96
202406;1;AP;52058;NUBANK;9;1326,87
202406;1;AP;30379;SANTANDER;6;244,44
202406;1;BA;49906;BB;6;1038,65
202406;1;BA;10045;BRADESCO;23;18242,20
202406;1;BA;49944;BTG PACTUAL;27;4189,47
202406;1;BA;52072;C6 BANK;1;117,19
202406;1;BA;51626;CAIXA ECONÔMICA FEDERAL;9;1817,68
202406;1;BA;51884;INTER;29;20510,15
202406;1;BA;10069;ITAU;3;434,63
202406;1;BA;52058;NUBANK;70;10643,97
202406;1;BA;30379;SANTANDER;94;8095,28
202406;1;CE;49906;BB;4;471,19
202406;1;CE;30290;BMG;1;200,59
202406;1;CE;10045;BRADESCO;3;1892,92
202406;1;CE;49944;BTG PACTUAL;21;3326,83
202406;1;CE;52072;C6 BANK;1;201,96
202406;1;CE;51626;CAIXA ECONÔMICA FEDERAL;4;704,01
202406;1;CE;51884;INTER;31;19304,05
202406;1;CE;10069;ITAU;5;844,58
202406;1;CE;52058;NUBANK;50;6542,32
202406;1;CE;30379;SANTANDER;86;6146,63
202406;1;DF;49906;BB;1;201,90
202406;1;DF;10045;BRADESCO;7;7258,74
202406;1;DF;49944;BTG PACTUAL;11;1922,84
202406;1;DF;51884;INTER;5;6535,39
202406;1;DF;10069;ITAU;3;509,25
202406;1;DF;52058;NUBANK;18;2270,07
202406;1;DF;30379;SANTANDER;28;2517,78
202406;1;ES;10045;BRADESCO;9;6317,45
202406;1;ES;49944;BTG PACTUAL;6;947,21
202406;1;ES;51884;INTER;6;5656,06
202406;1;ES;10069;ITAU;1;50,58
202406;1;ES;52058;NUBANK;18;2564,84
202406;1;ES;30379;SANTANDER;28;2395,29
202406;1;GO;49906;BB;4;765,69
202406;1;GO;10045;BRADESCO;14;15562,64
202406;1;GO;49944;BTG PACTUAL;8;1320,11
202406;1;GO;51626;CAIXA ECONÔMICA FEDERAL;2;401,24
202406;1;GO;51884;INTER;14;14333,57
202406;1;GO;10069;ITAU;3;400,79
202406;1;GO;52058;NUBANK;26;3745,84
202406;1;GO;30379;SANTANDER;61;5303,83
202406;1;MA;49906;BB;3;510,33
202406;1;MA;10045;BRADESCO;11;2480,14
202406;1;MA;49944;BTG PACTUAL;6;912,47
202406;1;MA;51626;CAIXA ECONÔMICA FEDERAL;3;488,54
202406;1;MA;51884;INTER;7;7635,31
202406;1;MA;10069;ITAU;1;202,02
202406;1;MA;52058;NUBANK;29;4110,72
202406;1;MA;30379;SANTANDER;37;3181,74
202406;1;MG;49906;BB;1;201,81
202406;1;MG;30290;BMG;1;202,87
202406;1;MG;10045;BRADESCO;25;21722,21
202406;1;MG;49944;BTG PACTUAL;35;5737,49
202406;1;MG;52072;C6 BANK;1;203,86
202406;1;MG;51626;CAIXA ECONÔMICA FEDERAL;16;3079,99
202406;1;MG;51884;INTER;67;50017,18
202406;1;MG;10069;ITAU;12;2021,31
202406;1;MG;52058;NUBANK;83;11910,18
202406;1;MG;30379;SANTANDER;170;15839,22
202406;1;MG;51011;VOTORANTIM;1;203,84
202406;1;MS;49906;BB;3;459,94
202406;1;MS;10045;BRADESCO;29;23639,81
202406;1;MS;49944;BTG PACTUAL;6;725,70
202406;1;MS;51626;CAIXA ECONÔMICA FEDERAL;4;806,81
202406;1;MS;51884;INTER;5;4288,85
202406;1;MS;52058;NUBANK;20;2560,91
202406;1;MS;30379;SANTANDER;29;2137,24
202406;1;MT;10045;BRADESCO;14;22701,19
202406;1;MT;49944;BTG PACTUAL;7;970,32
202406;1;MT;51626;CAIXA ECONÔMICA FEDERAL;1;200,33
202406;1;MT;51884;INTER;7;8883,76
202406;1;MT;10069;ITAU;1;107,50
202406;1;MT;52058;NUBANK;13;1634,37
202406;1;MT;30379;SANTANDER;27;1795,82
202406;1;PA;49906;BB;4;532,61
202406;1;PA;30290;BMG;2;403,17
202406;1;PA;10045;BRADESCO;14;6967,01
202406;1;PA;49944;BTG PACTUAL;9;1405,36
202406;1;PA;51626;CAIXA ECONÔMICA FEDERAL;5;1005,87
202406;1;PA;51884;INTER;27;15626,59
202406;1;PA;10069;ITAU;4;669,55
202406;1;PA;52058;NUBANK;51;7398,06
202406;1;PA;30379;SANTANDER;48;4121,19
202406;1;PB;49906;BB;1;202,66
202406;1;PB;30290;BMG;1;200,25
202406;1;PB;10045;BRADESCO;3;5650,30
202406;1;PB;49944;BTG PACTUAL;12;2130,56
202406;1;PB;51626;CAIXA ECONÔMICA FEDERAL;5;940,55
202406;1;PB;51884;INTER;2;794,50
202406;1;PB;10069;ITAU;2;350,26
202406;1;PB;52058;NUBANK;23;2956,30
202406;1;PB;30379;SANTANDER;30;3111,02
202406;1;PE;49906;BB;5;904,37
202406;1;PE;30290;BMG;1;201,91
202406;1;PE;10045;BRADESCO;21;14857,16
202406;1;PE;49944;BTG PACTUAL;17;2851,38
202406;1;PE;51626;CAIXA ECONÔMICA FEDERAL;6;1124,93
202406;1;PE;51884;INTER;15;10344,42
202406;1;PE;10069;ITAU;8;1508,62
202406;1;PE;52058;NUBANK;57;8469,83
202406;1;PE;30379;SANTANDER;78;6470,80
202406;1;PI;49906;BB;2;321,64
202406;1;PI;10045;BRADESCO;1;32,76
202406;1;PI;49944;BTG PACTUAL;3;370,50
202406;1;PI;51626;CAIXA ECONÔMICA FEDERAL;2;405,83
202406;1;PI;51884;INTER;11;5519,72
202406;1;PI;10069;ITAU;2;347,18
202406;1;PI;52058;NUBANK;19;2866,57
202406;1;PI;30379;SANTANDER;22;1678,21
202406;1;PR;49906;BB;2;349,71
202406;1;PR;10045;BRADESCO;20;17766,19
202406;1;PR;49944;BTG PACTUAL;22;3296,30
202406;1;PR;52072;C6 BANK;1;114,33
202406;1;PR;51626;CAIXA ECONÔMICA FEDERAL;9;1737,92
202406;1;PR;51884;INTER;10;4146,75
202406;1;PR;10069;ITAU;10;1293,85
202406;1;PR;52058;NUBANK;49;6589,14
202406;1;PR;30379;SANTANDER;77;6503,96
202406;1;RJ;49906;BB;3;542,79
202406;1;RJ;30290;BMG;3;605,37
202406;1;RJ;10045;BRADESCO;55;32342,31
202406;1;RJ;49944;BTG PACTUAL;57;9396,73
202406;1;RJ;52072;C6 BANK;1;199,72
202406;1;RJ;51626;CAIXA ECONÔMICA FEDERAL;20;3656,94
202406;1;RJ;51884;INTER;59;50435,52
202406;1;RJ;10069;ITAU;39;6288,06
202406;1;RJ;52058;NUBANK;133;18012,31
202406;1;RJ;30379;SANTANDER;317;23839,26
202406;1;RN;49906;BB;1;202,55
202406;1;RN;10045;BRADESCO;3;1172,21
202406;1;RN;49944;BTG PACTUAL;8;1286,52
202406;1;RN;51626;CAIXA ECONÔMICA FEDERAL;1;203,82
202406;1;RN;51884;INTER;9;5807,36
202406;1;RN;10069;ITAU;1;201,71
202406;1;RN;52058;NUBANK;31;4733,70
202406;1;RN;30379;SANTANDER;19;1569,07
202406;1;RO;10045;BRADESCO;11;12152,42
202406;1;RO;49944;BTG PACTUAL;4;705,81
202406;1;RO;51626;CAIXA ECONÔMICA FEDERAL;1;200,53
202406;1;RO;51884;INTER;2;2798,52
202406;1;RO;10069;ITAU;1;110,37
202406;1;RO;52058;NUBANK;13;1660,95
202406;1;RO;30379;SANTANDER;22;1817,65
202406;1;RR;49944;BTG PACTUAL;2;310,07
202406;1;RR;51884;INTER;1;821,33
202406;1;RR;52058;NUBANK;3;412,56
202406;1;RR;30379;SANTANDER;6;538,42
202406;1;RS;51750;BANCO SICOOB;1;2,31
202406;1;RS;30173;BANRISUL;1;192,21
202406;1;RS;49906;BB;1;201,11
202406;1;RS;10045;BRADESCO;3;1517,21
202406;1;RS;49944;BTG PACTUAL;16;2347,61
202406;1;RS;52072;C6 BANK;2;358,12
202406;1;RS;51626;CAIXA ECONÔMICA FEDERAL;3;523,27
202406;1;RS;51884;INTER;19;15576,80
202406;1;RS;10069;ITAU;8;880,56
202406;1;RS;52058;NUBANK;66;9563,76
202406;1;RS;30379;SANTANDER;90;7697,89
202406;1;SC;30173;BANRISUL;1;203,97
202406;1;SC;49906;BB;1;104,52
202406;1;SC;30290;BMG;2;350,27
202406;1;SC;10045;BRADESCO;6;2385,57
202406;1;SC;49944;BTG PACTUAL;15;2445,04
202406;1;SC;52072;C6 BANK;1;200,05
202406;1;SC;51626;CAIXA ECONÔMICA FEDERAL;2;400,66
202406;1;SC;51884;INTER;12;11105,49
202406;1;SC;10069;ITAU;4;605,05
202406;1;SC;52058;NUBANK;21;2892,92
202406;1;SC;30379;SANTANDER;48;4572,38
202406;1;SE;49944;BTG PACTUAL;7;1173,70
202406;1;SE;51626;CAIXA ECONÔMICA FEDERAL;1;203,05
202406;1;SE;51884;INTER;1;93,49
202406;1;SE;10069;ITAU;1;202,97
202406;1;SE;52058;NUBANK;13;2060,04
202406;1;SE;30379;SANTANDER;10;1183,21
202406;1;SP;49906;BB;13;2201,34
202406;1;SP;30290;BMG;2;402,85
202406;1;SP;10045;BRADESCO;177;156281,39
202406;1;SP;49944;BTG PACTUAL;104;16931,03
202406;1;SP;52072;C6 BANK;6;1092,57
202406;1;SP;51626;CAIXA ECONÔMICA FEDERAL;26;4683,63
202406;1;SP;51884;INTER;112;72472,08
202406;1;SP;10069;ITAU;66;8988,17
202406;1;SP;52058;NUBANK;235;32225,27
202406;1;SP;30379;SANTANDER;722;63820,96
202406;1;SP;51011;VOTORANTIM;1;200,64
202406;1;TO;49906;BB;1;196,52
202406;1;TO;30290;BMG;1;54,31
202406;1;TO;10045;BRADESCO;3;308,44
202406;1;TO;49944;BTG PACTUAL;1;57,73
202406;1;TO;51884;INTER;2;3788,16
202406;1;TO;52058;NUBANK;6;889,17
202406;1;TO;30379;SANTANDER;5;393,76
202406;2;AC;10045;BRADESCO;1;1834,32
202406;2;AL;10045;BRADESCO;3;33892,35
202406;2;AL;51011;VOTORANTIM;3;11451,36
202406;2;AM;10045;BRADESCO;19;184812,61
202406;2;AM;30379;SANTANDER;1;36,51
202406;2;AM;51011;VOTORANTIM;2;13494,19
202406;2;AP;49906;BB;1;197,88
202406;2;AP;10045;BRADESCO;1;390,18
202406;2;BA;10045;BRADESCO;24;224073,09
202406;2;BA;30379;SANTANDER;2;60,80
202406;2;BA;51011;VOTORANTIM;3;5488,32
202406;2;CE;10045;BRADESCO;7;223325,96
202406;2;CE;51011;VOTORANTIM;4;7468,06
202406;2;DF;10045;BRADESCO;9;218930,66
202406;2;ES;10045;BRADESCO;9;51572,99
202406;2;ES;51011;VOTORANTIM;1;8159,28
202406;2;GO;49906;BB;2;5044,70
202406;2;GO;10045;BRADESCO;17;174931,70
202406;2;GO;30379;SANTANDER;3;83,83
202406;2;GO;51011;VOTORANTIM;2;5136,27
202406;2;MA;10045;BRADESCO;5;5998,17
202406;2;MA;51011;VOTORANTIM;1;665,26
202406;2;MG;49906;BB;1;4973,43
202406;2;MG;10045;BRADESCO;23;122396,67
202406;2;MG;51626;CAIXA ECONÔMICA FEDERAL;1;161,72
202406;2;MG;51011;VOTORANTIM;16;54638,58
202406;2;MS;10045;BRADESCO;17;365725,08
202406;2;MS;51011;VOTORANTIM;1;2336,69
202406;2;MT;10045;BRADESCO;8;42957,19
202406;2;MT;51011;VOTORANTIM;1;593,57
202406;2;PA;10045;BRADESCO;11;75329,38
202406;2;PA;51011;VOTORANTIM;1;3662,94
202406;2;PB;10045;BRADESCO;3;21534,65
202406;2;PB;51626;CAIXA ECONÔMICA FEDERAL;1;72,83
202406;2;PB;51011;VOTORANTIM;1;323,93
202406;2;PE;10045;BRADESCO;18;194026,92
202406;2;PE;51011;VOTORANTIM;2;5431,41
202406;2;PI;10045;BRADESCO;3;9015,19
202406;2;PI;51011;VOTORANTIM;2;7135,62
202406;2;PR;10045;BRADESCO;29;371024,14
202406;2;PR;52072;C6 BANK;1;135,12
202406;2;PR;51011;VOTORANTIM;6;18863,64
202406;2;RJ;49906;BB;1;806,94
202406;2;RJ;10045;BRADESCO;46;467316,89
202406;2;RJ;52072;C6 BANK;4;621,12
202406;2;RJ;10069;ITAU;1;108,10
202406;2;RJ;30379;SANTANDER;5;281,86
202406;2;RJ;51011;VOTORANTIM;3;7141,60
202406;2;RN;10045;BRADESCO;1;599,22
202406;2;RN;52072;C6 BANK;1;200,17
202406;2;RN;51011;VOTORANTIM;2;7925,07
202406;2;RO;10045;BRADESCO;1;22518,80
202406;2;RO;52072;C6 BANK;1;203,92
202406;2;RO;51011;VOTORANTIM;1;2554,74
202406;2;RR;49906;BB;1;2282,88
202406;2;RS;49906;BB;2;729,47
202406;2;RS;10045;BRADESCO;8;27735,61
202406;2;RS;51011;VOTORANTIM;5;15238,11
202406;2;SC;10045;BRADESCO;11;117099,53
202406;2;SC;51011;VOTORANTIM;9;54562,80
202406;2;SE;10045;BRADESCO;3;18222,21
202406;2;SP;49906;BB;2;4385,17
202406;2;SP;10045;BRADESCO;112;1070314,80
202406;2;SP;52072;C6 BANK;4;7081,57
202406;2;SP;51626;CAIXA ECONÔMICA FEDERAL;1;132,67
202406;2;SP;10069;ITAU;2;227,88
202406;2;SP;30379;SANTANDER;4;343,25
202406;2;SP;51011;VOTORANTIM;37;96800,82
202406;2;TO;51011;VOTORANTIM;1;2304,56
202406;3;AC;49906;BB;9;501016,60
202406;3;AC;10045;BRADESCO;2;263887,17
202406;3;AC;10069;ITAU;3;37424,43
202406;3;AC;30379;SANTANDER;44;738781,49
202406;3;AL;49906;BB;16;1160097,90
202406;3;AL;10045;BRADESCO;15;1280540,03
202406;3;AL;10069;ITAU;50;643124,49
202406;3;AL;30379;SANTANDER;64;687115,12
202406;3;AM;49906;BB;17;1304759,73
202406;3;AM;10045;BRADESCO;49;4694352,08
202406;3;AM;10069;ITAU;100;1187559,07
202406;3;AM;30379;SANTANDER;97;1824478,12
202406;3;AP;49906;BB;3;65684,55
202406;3;AP;10045;BRADESCO;5;516186,93
202406;3;AP;10069;ITAU;12;263221,18
202406;3;AP;30379;SANTANDER;32;456200,47
202406;3;BA;49906;BB;62;4050866,75
202406;3;BA;10045;BRADESCO;122;7623200,61
202406;3;BA;10069;ITAU;232;1944693,37
202406;3;BA;30379;SANTANDER;446;4866279,84
202406;3;CE;49906;BB;48;2045370,65
202406;3;CE;10045;BRADESCO;58;3999319,78
202406;3;CE;10069;ITAU;136;1262124,56
202406;3;CE;30379;SANTANDER;162;3047131,45
202406;3;DF;49906;BB;19;1991221,86
202406;3;DF;10045;BRADESCO;27;2686578,78
202406;3;DF;10069;ITAU;115;1336927,89
202406;3;DF;30379;SANTANDER;154;2293738,32
202406;3;ES;49906;BB;15;559770,30
202406;3;ES;10045;BRADESCO;34;2808921,67
202406;3;ES;10069;ITAU;52;527168,17
202406;3;ES;30379;SANTANDER;90;902929,04
202406;3;GO;49906;BB;40;3035146,47
202406;3;GO;10045;BRADESCO;85;7196195,18
202406;3;GO;10069;ITAU;340;3272898,18
202406;3;GO;30379;SANTANDER;232;2989712,58
202406;3;MA;49906;BB;58;5428911,40
202406;3;MA;10045;BRADESCO;50;3983178,08
202406;3;MA;10069;ITAU;54;648889,37
202406;3;MA;30379;SANTANDER;99;1886936,45
202406;3;MG;49906;BB;97;10189923,02
202406;3;MG;10045;BRADESCO;159;12343957,36
202406;3;MG;10069;ITAU;456;5748072,30
202406;3;MG;30379;SANTANDER;693;10503197,69
202406;3;MS;49906;BB;33;2586071,53
202406;3;MS;10045;BRADESCO;36;2331824,88
202406;3;MS;10069;ITAU;58;1671345,06
202406;3;MS;30379;SANTANDER;121;2114125,96
202406;3;MT;49906;BB;47;2940689,18
202406;3;MT;10045;BRADESCO;41;4075946,01
202406;3;MT;10069;ITAU;81;1258938,00
202406;3;MT;30379;SANTANDER;136;1997110,99
202406;3;PA;49906;BB;54;4871100,98
202406;3;PA;10045;BRADESCO;59;4392010,50
202406;3;PA;10069;ITAU;123;1205779,52
202406;3;PA;30379;SANTANDER;136;4089984,19
202406;3;PB;49906;BB;20;1094920,73
202406;3;PB;10045;BRADESCO;27;1129653,70
202406;3;PB;10069;ITAU;24;204185,17
202406;3;PB;30379;SANTANDER;74;1514404,68
202406;3;PE;49906;BB;27;3604687,51
202406;3;PE;10045;BRADESCO;68;4892441,15
202406;3;PE;10069;ITAU;178;1958785,69
202406;3;PE;30379;SANTANDER;326;4764202,26
202406;3;PI;49906;BB;22;1417681,21
202406;3;PI;10045;BRADESCO;20;1667054,73
202406;3;PI;10069;ITAU;38;451392,52
202406;3;PI;30379;SANTANDER;64;618840,21
202406;3;PR;49906;BB;61;6168510,27
202406;3;PR;10045;BRADESCO;156;12149633,81
202406;3;PR;10069;ITAU;468;5497689,17
202406;3;PR;30379;SANTANDER;592;12744517,98
202406;3;RJ;49906;BB;53;4182139,19
202406;3;RJ;10045;BRADESCO;179;15229345,18
202406;3;RJ;10069;ITAU;904;9131655,31
202406;3;RJ;30379;SANTANDER;871;12273144,29
202406;3;RN;49906;BB;40;2106660,78
202406;3;RN;10045;BRADESCO;13;1739140,47
202406;3;RN;10069;ITAU;62;699395,48
202406;3;RN;30379;SANTANDER;51;788787,67
202406;3;RO;49906;BB;10;625492,55
202406;3;RO;10045;BRADESCO;18;618687,08
202406;3;RO;10069;ITAU;31;595963,95
202406;3;RO;30379;SANTANDER;28;376120,92
202406;3;RR;49906;BB;5;1069028,97
202406;3;RR;10045;BRADESCO;3;512856,18
202406;3;RR;10069;ITAU;23;110614,23
202406;3;RR;30379;SANTANDER;12;169250,92
202406;3;RS;49906;BB;34;1343123,09
202406;3;RS;10045;BRADESCO;137;15872204,64
202406;3;RS;10069;ITAU;92;772935,76
202406;3;RS;30379;SANTANDER;376;7931102,23
202406;3;SC;49906;BB;53;2725062,65
202406;3;SC;10045;BRADESCO;79;9820514,25
202406;3;SC;10069;ITAU;130;2139400,00
202406;3;SC;30379;SANTANDER;252;4561010,80
202406;3;SE;49906;BB;20;1170573,96
202406;3;SE;10045;BRADESCO;9;203755,41
202406;3;SE;10069;ITAU;11;178295,31
202406;3;SE;30379;SANTANDER;37;310153,95
202406;3;SP;49906;BB;217;18084695,46
202406;3;SP;10045;BRADESCO;836;69710909,00
202406;3;SP;10069;ITAU;2494;35426831,51
202406;3;SP;30379;SANTANDER;3178;47616659,18
202406;3;TO;49906;BB;19;1065926,19
202406;3;TO;10045;BRADESCO;23;3933454,72
202406;3;TO;10069;ITAU;26;360340,44
202406;3;TO;30379;SANTANDER;31;416832,83
202407;1;AC;49906;BB;1;203,42
202407;1;AC;31976;BRB;4;2345,99
202407;1;AC;49944;BTG PACTUAL;2;264,86
202407;1;AC;52058;NUBANK;8;1037,15
202407;1;AC;30379;SANTANDER;7;585,41
202407;1;AL;49906;BB;2;319,34
202407;1;AL;10045;BRADESCO;5;2567,47
202407;1;AL;31976;BRB;17;26648,49
202407;1;AL;49944;BTG PACTUAL;4;660,98
202407;1;AL;51626;CAIXA ECONÔMICA FEDERAL;2;359,61
202407;1;AL;51884;INTER;1;91,86
202407;1;AL;10069;ITAU;1;59,62
202407;1;AL;52058;NUBANK;8;649,69
202407;1;AL;30379;SANTANDER;15;790,00
202407;1;AM;49906;BB;2;403,59
202407;1;AM;10045;BRADESCO;21;17962,53
202407;1;AM;31976;BRB;25;28335,28
202407;1;AM;49944;BTG PACTUAL;17;2484,25
202407;1;AM;51626;CAIXA ECONÔMICA FEDERAL;3;598,35
202407;1;AM;51884;INTER;2;356,05
202407;1;AM;10069;ITAU;12;736,24
202407;1;AM;52058;NUBANK;44;4397,23
202407;1;AM;30379;SANTANDER;32;3471,63
202407;1;AP;10045;BRADESCO;8;3816,19
202407;1;AP;31976;BRB;4;6410,75
202407;1;AP;49944;BTG PACTUAL;2;285,19
202407;1;AP;51884;INTER;1;200,80
202407;1;AP;10069;ITAU;1;201,54
202407;1;AP;52058;NUBANK;6;768,00
202407;1;AP;30379;SANTANDER;4;359,73
202407;1;BA;49906;BB;6;658,78
202407;1;BA;30290;BMG;1;203,20
202407;1;BA;10045;BRADESCO;25;22693,55
202407;1;BA;31976;BRB;76;100502,89
202407;1;BA;49944;BTG PACTUAL;29;4301,30
202407;1;BA;51626;CAIXA ECONÔMICA FEDERAL;6;968,55
202407;1;BA;51884;INTER;3;451,67
202407;1;BA;10069;ITAU;16;951,03
202407;1;BA;52058;NUBANK;73;7728,93
202407;1;BA;30379;SANTANDER;89;6479,52
202407;1;CE;49906;BB;5;948,15
202407;1;CE;10045;BRADESCO;8;3980,78
202407;1;CE;31976;BRB;33;39953,38
202407;1;CE;49944;BTG PACTUAL;16;2327,61
202407;1;CE;51626;CAIXA ECONÔMICA FEDERAL;8;1367,91
202407;1;CE;51884;INTER;3;458,93
202407;1;CE;10069;ITAU;5;288,80
202407;1;CE;52058;NUBANK;57;6464,25
202407;1;CE;30379;SANTANDER;72;4796,12
202407;1;DF;49906;BB;4;717,12
202407;1;DF;10045;BRADESCO;9;6871,50
202407;1;DF;31976;BRB;565;731879,55
202407;1;DF;49944;BTG PACTUAL;10;1669,83
202407;1;DF;51884;INTER;1;157,14
202407;1;DF;10069;ITAU;10;554,45
202407;1;DF;52058;NUBANK;22;1755,20
202407;1;DF;30379;SANTANDER;26;3041,55
202407;1;ES;10045;BRADESCO;13;15211,72
202407;1;ES;31976;BRB;12;22936,92
202407;1;ES;49944;BTG PACTUAL;10;1470,72
202407;1;ES;51626;CAIXA ECONÔMICA FEDERAL;5;917,32
202407;1;ES;51884;INTER;2;293,64
202407;1;ES;10069;ITAU;5;398,34
202407;1;ES;52058;NUBANK;6;819,31
202407;1;ES;30379;SANTANDER;13;1639,30
202407;1;GO;51750;BANCO SICOOB;1;333,37
202407;1;GO;49906;BB;1;417,93
202407;1;GO;30290;BMG;2;376,52
202407;1;GO;10045;BRADESCO;10;6079,45
202407;1;GO;31976;BRB;147;222607,11
202407;1;GO;49944;BTG PACTUAL;6;975,08
202407;1;GO;51626;CAIXA ECONÔMICA FEDERAL;1;200,49
202407;1;GO;51884;INTER;5;779,30
202407;1;GO;10069;ITAU;8;957,89
202407;1;GO;52058;NUBANK;34;4406,16
202407;1;GO;30379;SANTANDER;48;4523,88
202407;1;MA;49906;BB;7;1084,91
202407;1;MA;10045;BRADESCO;9;6293,85
202407;1;MA;31976;BRB;17;17765,40
202407;1;MA;49944;BTG PACTUAL;9;1207,44
202407;1;MA;51626;CAIXA ECONÔMICA FEDERAL;3;602,68
202407;1;MA;51884;INTER;3;328,06
202407;1;MA;10069;ITAU;7;614,08
202407;1;MA;52058;NUBANK;24;2578,70
202407;1;MA;30379;SANTANDER;25;2112,27
202407;1;MG;51750;BANCO SICOOB;6;1575,54
202407;1;MG;49906;BB;3;405,17
202407;1;MG;30290;BMG;1;202,83
202407;1;MG;10045;BRADESCO;22;20360,64
202407;1;MG;31976;BRB;63;80963,14
202407;1;MG;49944;BTG PACTUAL;23;3088,54
202407;1;MG;52072;C6 BANK;1;60,68
202407;1;MG;51626;CAIXA ECONÔMICA FEDERAL;10;1951,91
202407;1;MG;51884;INTER;14;1928,50
202407;1;MG;10069;ITAU;30;2524,64
202407;1;MG;52058;NUBANK;85;9000,30
202407;1;MG;30379;SANTANDER;130;11440,98
202407;1;MS;49906;BB;1;116,03
202407;1;MS;10045;BRADESCO;3;1506,40
202407;1;MS;31976;BRB;6;11841,41
202407;1;MS;49944;BTG PACTUAL;13;1765,52
202407;1;MS;51626;CAIXA ECONÔMICA FEDERAL;1;202,39
202407;1;MS;51884;INTER;1;160,94
202407;1;MS;10069;ITAU;4;515,64
202407;1;MS;52058;NUBANK;27;2785,26
202407;1;MS;30379;SANTANDER;20;796,46
202407;1;MS;51011;VOTORANTIM;1;201,80
202407;1;MT;49906;BB;1;18,75
202407;1;MT;10045;BRADESCO;11;17204,25
202407;1;MT;31976;BRB;25;33001,86
202407;1;MT;49944;BTG PACTUAL;4;576,83
202407;1;MT;51626;CAIXA ECONÔMICA FEDERAL;2;402,01
202407;1;MT;51884;INTER;1;206,68
202407;1;MT;10069;ITAU;3;327,05
202407;1;MT;52058;NUBANK;13;977,84
202407;1;MT;30379;SANTANDER;28;3002,06
202407;1;MT;3632872;SICOOB CREDISUL;1;262,89
202407;1;PA;49906;BB;5;802,85
202407;1;PA;10045;BRADESCO;6;1291,85
202407;1;PA;31976;BRB;15;26388,18
202407;1;PA;49944;BTG PACTUAL;29;4273,43
202407;1;PA;51626;CAIXA ECONÔMICA FEDERAL;2;400,70
202407;1;PA;51884;INTER;4;663,90
202407;1;PA;10069;ITAU;9;1099,52
202407;1;PA;52058;NUBANK;36;3308,08
202407;1;PA;30379;SANTANDER;33;3058,56
202407;1;PB;10045;BRADESCO;1;92,52
202407;1;PB;31976;BRB;87;98055,86
202407;1;PB;49944;BTG PACTUAL;8;1365,06
202407;1;PB;51626;CAIXA ECONÔMICA FEDERAL;4;800,45
202407;1;PB;10069;ITAU;1;98,53
202407;1;PB;52058;NUBANK;23;2532,57
202407;1;PB;30379;SANTANDER;22;1548,35
202407;1;PE;49906;BB;4;809,12
202407;1;PE;10045;BRADESCO;22;16590,03
202407;1;PE;31976;BRB;24;25520,03
202407;1;PE;49944;BTG PACTUAL;11;1929,80
202407;1;PE;52072;C6 BANK;1;157,09
202407;1;PE;51626;CAIXA ECONÔMICA FEDERAL;8;1563,60
202407;1;PE;51884;INTER;10;1413,48
202407;1;PE;10069;ITAU;17;2268,69
202407;1;PE;52058;NUBANK;47;5642,73
202407;1;PE;30379;SANTANDER;49;4042,09
202407;1;PI;51750;BANCO SICOOB;1;669,62
202407;1;PI;49906;BB;2;255,71
202407;1;PI;10045;BRADESCO;5;6430,01
202407;1;PI;31976;BRB;19;37663,74
202407;1;PI;49944;BTG PACTUAL;6;681,06
202407;1;PI;51626;CAIXA ECONÔMICA FEDERAL;1;200,94
202407;1;PI;51884;INTER;3;602,33
202407;1;PI;10069;ITAU;2;107,11
202407;1;PI;52058;NUBANK;23;2695,10
202407;1;PI;30379;SANTANDER;20;1555,56
202407;1;PR;10045;BRADESCO;12;7297,04
202407;1;PR;31976;BRB;21;29417,85
202407;1;PR;49944;BTG PACTUAL;31;4553,44
202407;1;PR;52072;C6 BANK;1;167,04
202407;1;PR;51626;CAIXA ECONÔMICA FEDERAL;12;2154,98
202407;1;PR;51884;INTER;3;369,44
202407;1;PR;10069;ITAU;28;2344,67
202407;1;PR;52058;NUBANK;37;3532,24
202407;1;PR;30379;SANTANDER;66;6507,72
202407;1;RJ;49906;BB;3;459,87
202407;1;RJ;30290;BMG;3;607,19
202407;1;RJ;10045;BRADESCO;125;93302,74
202407;1;RJ;31976;BRB;193;200790,06
202407;1;RJ;49944;BTG PACTUAL;40;6026,72
202407;1;RJ;52072;C6 BANK;1;204,45
202407;1;RJ;51626;CAIXA ECONÔMICA FEDERAL;12;2020,76
202407;1;RJ;51884;INTER;18;2687,84
202407;1;RJ;10069;ITAU;44;3632,40
202407;1;RJ;52058;NUBANK;116;12579,66
202407;1;RJ;30379;SANTANDER;258;19527,20
202407;1;RN;49906;BB;1;201,85
202407;1;RN;10045;BRADESCO;1;202,56
202407;1;RN;31976;BRB;20;22960,43
202407;1;RN;49944;BTG PACTUAL;9;1311,65
202407;1;RN;51626;CAIXA ECONÔMICA FEDERAL;1;201,41
202407;1;RN;51884;INTER;1;127,14
202407;1;RN;10069;ITAU;2;323,19
202407;1;RN;52058;NUBANK;18;2057,86
202407;1;RN;30379;SANTANDER;19;1310,86
202407;1;RO;10045;BRADESCO;3;3156,53
202407;1;RO;31976;BRB;5;10956,48
202407;1;RO;49944;BTG PACTUAL;3;495,45
202407;1;RO;52072;C6 BANK;1;201,44
202407;1;RO;51626;CAIXA ECONÔMICA FEDERAL;1;200,89
202407;1;RO;2015588;CCLA DO CENTRO SUL RONDONIENSE;1;43,56
202407;1;RO;10069;ITAU;2;271,66
202407;1;RO;52058;NUBANK;6;807,46
202407;1;RO;30379;SANTANDER;14;1495,99
202407;1;RR;49944;BTG PACTUAL;1;149,54
202407;1;RR;51884;INTER;2;397,54
202407;1;RR;10069;ITAU;2;236,53
202407;1;RR;52058;NUBANK;2;309,60
202407;1;RR;30379;SANTANDER;3;340,89
202407;1;RS;49906;BB;3;608,25
202407;1;RS;30290;BMG;1;200,45
202407;1;RS;10045;BRADESCO;4;7515,22
202407;1;RS;31976;BRB;18;32113,41
202407;1;RS;49944;BTG PACTUAL;31;4467,33
202407;1;RS;52072;C6 BANK;2;315,69
202407;1;RS;51626;CAIXA ECONÔMICA FEDERAL;4;783,99
202407;1;RS;51884;INTER;5;659,34
202407;1;RS;10069;ITAU;12;925,60
202407;1;RS;52058;NUBANK;45;4856,45
202407;1;RS;30379;SANTANDER;84;5542,52
202407;1;SC;49906;BB;2;174,22
202407;1;SC;10045;BRADESCO;3;3566,32
202407;1;SC;31976;BRB;11;11330,45
202407;1;SC;49944;BTG PACTUAL;11;1750,85
202407;1;SC;51626;CAIXA ECONÔMICA FEDERAL;2;402,33
202407;1;SC;51884;INTER;4;465,62
202407;1;SC;10069;ITAU;7;570,24
202407;1;SC;52058;NUBANK;20;2263,95
202407;1;SC;30379;SANTANDER;42;3216,01
202407;1;SE;31976;BRB;7;4719,17
202407;1;SE;49944;BTG PACTUAL;7;917,89
202407;1;SE;52072;C6 BANK;1;182,55
202407;1;SE;51626;CAIXA ECONÔMICA FEDERAL;1;201,02
202407;1;SE;51884;INTER;3;412,93
202407;1;SE;10069;ITAU;2;2,00
202407;1;SE;52058;NUBANK;12;1192,50
202407;1;SE;30379;SANTANDER;9;647,08
202407;1;SP;51750;BANCO SICOOB;1;466,54
202407;1;SP;49906;BB;15;1903,96
202407;1;SP;30290;BMG;5;911,13
202407;1;SP;10045;BRADESCO;113;83848,81
202407;1;SP;31976;BRB;130;174183,40
202407;1;SP;49944;BTG PACTUAL;128;18403,94
202407;1;SP;52072;C6 BANK;5;806,91
202407;1;SP;51626;CAIXA ECONÔMICA FEDERAL;16;3148,50
202407;1;SP;51884;INTER;24;3249,86
202407;1;SP;10069;ITAU;107;7698,00
202407;1;SP;52058;NUBANK;239;25720,70
202407;1;SP;30379;SANTANDER;523;43503,69
202407;1;TO;49906;BB;4;855,20
202407;1;TO;31976;BRB;6;6178,95
202407;1;TO;49944;BTG PACTUAL;2;161,94
202407;1;TO;51884;INTER;1;201,69
202407;1;TO;10069;ITAU;1;203,92
202407;1;TO;52058;NUBANK;4;299,74
202407;1;TO;30379;SANTANDER;6;306,41
202407;2;AC;49906;BB;13;253564,09
202407;2;AL;49906;BB;32;278521,57
202407;2;AM;49906;BB;35;477238,35
202407;2;AM;10045;BRADESCO;15;104089,43
202407;2;AM;51011;VOTORANTIM;1;2283,22
202407;2;AP;49906;BB;17;332914,20
202407;2;BA;49906;BB;123;1376549,14
202407;2;BA;10045;BRADESCO;9;42509,07
202407;2;BA;52072;C6 BANK;1;142,72
202407;2;BA;30379;SANTANDER;1;0,05
202407;2;BA;51011;VOTORANTIM;2;2609,19
202407;2;CE;49906;BB;120;1230938,69
202407;2;CE;10045;BRADESCO;5;32082,00
202407;2;CE;52072;C6 BANK;1;210,43
202407;2;CE;51011;VOTORANTIM;2;4138,98
202407;2;DF;49906;BB;33;455060,18
202407;2;DF;10045;BRADESCO;5;81461,01
202407;2;ES;49906;BB;20;257732,45
202407;2;ES;10045;BRADESCO;9;79458,91
202407;2;ES;30379;SANTANDER;1;160,99
202407;2;ES;51011;VOTORANTIM;1;1144,87
202407;2;GO;49906;BB;92;920263,39
202407;2;GO;10045;BRADESCO;8;337896,27
202407;2;GO;51011;VOTORANTIM;2;8499,80
202407;2;MA;49906;BB;84;1319173,28
202407;2;MA;10045;BRADESCO;5;44521,35
202407;2;MA;51011;VOTORANTIM;5;20508,26
202407;2;MG;49906;BB;141;2331805,38
202407;2;MG;10045;BRADESCO;18;102165,64
202407;2;MG;51626;CAIXA ECONÔMICA FEDERAL;1;202,09
202407;2;MG;51011;VOTORANTIM;13;44140,85
202407;2;MS;49906;BB;66;1091466,40
202407;2;MS;10045;BRADESCO;3;12688,75
202407;2;MS;51011;VOTORANTIM;3;4135,67
202407;2;MT;49906;BB;54;586846,94
202407;2;MT;10045;BRADESCO;4;55542,41
202407;2;MT;51011;VOTORANTIM;3;6354,95
202407;2;PA;49906;BB;78;1053330,28
202407;2;PA;10045;BRADESCO;2;62406,18
202407;2;PA;51011;VOTORANTIM;3;15309,54
202407;2;PB;49906;BB;59;671795,16
202407;2;PB;10045;BRADESCO;1;10617,66
202407;2;PE;49906;BB;54;934063,15
202407;2;PE;10045;BRADESCO;11;53602,32
202407;2;PE;51011;VOTORANTIM;2;7628,63
202407;2;PI;49906;BB;63;727271,53
202407;2;PI;10045;BRADESCO;4;27469,41
202407;2;PR;49906;BB;56;645222,52
202407;2;PR;10045;BRADESCO;14;100379,15
202407;2;PR;51011;VOTORANTIM;10;43261,62
202407;2;RJ;49906;BB;75;1191161,51
202407;2;RJ;10045;BRADESCO;52;635257,60
202407;2;RJ;30379;SANTANDER;4;280,76
202407;2;RJ;51011;VOTORANTIM;11;27787,76
202407;2;RN;49906;BB;74;814390,84
202407;2;RN;51011;VOTORANTIM;1;1182,71
202407;2;RO;49906;BB;16;225739,36
202407;2;RO;10045;BRADESCO;3;14739,48
202407;2;RO;51011;VOTORANTIM;2;9514,00
202407;2;RR;49906;BB;12;232943,20
202407;2;RS;49906;BB;70;863875,74
202407;2;RS;10045;BRADESCO;7;87160,32
202407;2;RS;10069;ITAU;3;79,62
202407;2;RS;30379;SANTANDER;2;127,23
202407;2;RS;51011;VOTORANTIM;12;27809,04
202407;2;SC;49906;BB;71;1080049,07
202407;2;SC;10045;BRADESCO;8;113269,13
202407;2;SC;52072;C6 BANK;2;318,64
202407;2;SC;51011;VOTORANTIM;8;13543,41
202407;2;SE;49906;BB;15;310797,39
202407;2;SE;10045;BRADESCO;2;58218,28
202407;2;SE;51011;VOTORANTIM;1;1945,93
202407;2;SP;49906;BB;277;4724904,25
202407;2;SP;10045;BRADESCO;78;570071,23
202407;2;SP;49944;BTG PACTUAL;1;2289,44
202407;2;SP;52072;C6 BANK;3;499,27
202407;2;SP;10069;ITAU;2;5125,03
202407;2;SP;30379;SANTANDER;2;54,89
202407;2;SP;51011;VOTORANTIM;43;144130,28
202407;2;TO;49906;BB;26;396657,87
202407;2;TO;10045;BRADESCO;1;2081,94
202407;2;TO;51011;VOTORANTIM;1;2587,90
202407;3;AC;49906;BB;9;683297,25
202407;3;AC;10069;ITAU;2;3994,69
202407;3;AC;30379;SANTANDER;12;84780,74
202407;3;AL;49906;BB;7;219816,66
202407;3;AL;10069;ITAU;18;132330,84
202407;3;AL;30379;SANTANDER;42;304262,03
202407;3;AM;49906;BB;9;766018,26
202407;3;AM;10069;ITAU;46;668610,85
202407;3;AM;30379;SANTANDER;49;692906,39
202407;3;AP;49906;BB;3;111126,00
202407;3;AP;10069;ITAU;3;17915,87
202407;3;AP;30379;SANTANDER;30;269922,12
202407;3;BA;49906;BB;27;1387379,20
202407;3;BA;10069;ITAU;173;2287843,77
202407;3;BA;30379;SANTANDER;327;3355484,26
202407;3;CE;49906;BB;26;1403395,38
202407;3;CE;7237373;BCO DO NORDESTE DO BRASIL S.A.;1;24297,94
202407;3;CE;10045;BRADESCO;1;2211,16
202407;3;CE;10069;ITAU;60;821304,63
202407;3;CE;30379;SANTANDER;115;1333718,77
202407;3;DF;49906;BB;10;236302,19
202407;3;DF;10069;ITAU;80;1104174,44
202407;3;DF;30379;SANTANDER;101;1794844,10
202407;3;ES;49906;BB;3;57517,86
202407;3;ES;10069;ITAU;40;506363,59
202407;3;ES;30379;SANTANDER;54;354892,93
202407;3;GO;49906;BB;16;2228820,39
202407;3;GO;10069;ITAU;89;731274,19
202407;3;GO;30379;SANTANDER;140;1793485,14
202407;3;MA;49906;BB;27;1123063,89
202407;3;MA;10069;ITAU;22;220466,83
202407;3;MA;30379;SANTANDER;64;1050772,18
202407;3;MG;49906;BB;34;2922353,63
202407;3;MG;10045;BRADESCO;1;3706,59
202407;3;MG;10069;ITAU;181;1909536,85
202407;3;MG;30379;SANTANDER;381;4272931,82
202407;3;MS;49906;BB;18;696485,14
202407;3;MS;10069;ITAU;26;361689,49
202407;3;MS;30379;SANTANDER;59;756639,64
202407;3;MT;49906;BB;16;835014,93
202407;3;MT;10069;ITAU;55;446074,57
202407;3;MT;30379;SANTANDER;91;1297247,11
202407;3;PA;49906;BB;21;1198140,57
202407;3;PA;10069;ITAU;42;434891,40
202407;3;PA;30379;SANTANDER;65;531719,48
202407;3;PB;49906;BB;14;865044,34
202407;3;PB;10045;BRADESCO;1;1572,79
202407;3;PB;10069;ITAU;24;177605,00
202407;3;PB;30379;SANTANDER;47;341317,97
202407;3;PE;49906;BB;19;1885012,30
202407;3;PE;10069;ITAU;71;580873,16
202407;3;PE;30379;SANTANDER;226;3544819,50
202407;3;PI;49906;BB;13;672636,69
202407;3;PI;10045;BRADESCO;1;6833,58
202407;3;PI;10069;ITAU;11;245042,02
202407;3;PI;30379;SANTANDER;33;819239,52
202407;3;PR;49906;BB;28;911706,93
202407;3;PR;10069;ITAU;242;2741773,36
202407;3;PR;30379;SANTANDER;292;4546785,86
202407;3;RJ;49906;BB;15;1955166,12
202407;3;RJ;10045;BRADESCO;1;3353,44
202407;3;RJ;10069;ITAU;358;4436029,52
202407;3;RJ;30379;SANTANDER;550;7276251,04
202407;3;RN;49906;BB;10;356877,04
202407;3;RN;10069;ITAU;18;138851,80
202407;3;RN;30379;SANTANDER;52;722709,16
202407;3;RO;49906;BB;3;228573,46
202407;3;RO;10069;ITAU;8;134279,73
202407;3;RO;30379;SANTANDER;21;288025,51
202407;3;RR;49906;BB;3;68424,01
202407;3;RR;10069;ITAU;6;25634,93
202407;3;RR;30379;SANTANDER;7;46887,70
202407;3;RS;49906;BB;13;1343388,49
202407;3;RS;10045;BRADESCO;1;25759,98
202407;3;RS;10069;ITAU;107;1313265,74
202407;3;RS;30379;SANTANDER;283;4682753,87
202407;3;SC;49906;BB;24;1438905,00
202407;3;SC;10069;ITAU;65;800588,94
202407;3;SC;30379;SANTANDER;157;2545105,19
202407;3;SE;49906;BB;4;18996,48
202407;3;SE;10069;ITAU;1;5359,23
202407;3;SE;30379;SANTANDER;23;324850,53
202407;3;SP;49906;BB;75;3302938,90
202407;3;SP;10045;BRADESCO;6;358914,42
202407;3;SP;10069;ITAU;1110;14316544,14
202407;3;SP;30379;SANTANDER;2003;27675416,23
202407;3;TO;49906;BB;4;122801,82
202407;3;TO;10069;ITAU;18;139317,87
202407;3;TO;30379;SANTANDER;20;187326,19
202408;1;AC;49906;BB;2;349,62
202408;1;AC;10045;BRADESCO;1;0,27
202408;1;AC;49944;BTG PACTUAL;1;189,52
202408;1;AC;52058;NUBANK;2;245,05
202408;1;AC;30379;SANTANDER;3;4889,49
202408;1;AL;30290;BMG;1;200,96
202408;1;AL;10045;BRADESCO;5;1735,91
202408;1;AL;49944;BTG PACTUAL;6;946,12
202408;1;AL;10069;ITAU;4;191,87
202408;1;AL;52058;NUBANK;14;1646,19
202408;1;AL;30379;SANTANDER;18;21307,84
202408;1;AM;10045;BRADESCO;33;27158,38
202408;1;AM;49944;BTG PACTUAL;6;894,93
202408;1;AM;51626;CAIXA ECONÔMICA FEDERAL;1;200,06
202408;1;AM;51884;INTER;2;400,92
202408;1;AM;10069;ITAU;17;2459,37
202408;1;AM;52058;NUBANK;40;3931,67
202408;1;AM;30379;SANTANDER;52;61142,34
202408;1;AP;49944;BTG PACTUAL;4;618,97
202408;1;AP;51884;INTER;1;68,94
202408;1;AP;10069;ITAU;1;148,54
202408;1;AP;52058;NUBANK;5;498,69
202408;1;AP;30379;SANTANDER;7;7092,88
202408;1;BA;49906;BB;6;941,31
202408;1;BA;10045;BRADESCO;4;3347,74
202408;1;BA;49944;BTG PACTUAL;18;2482,69
202408;1;BA;51626;CAIXA ECONÔMICA FEDERAL;3;550,44
202408;1;BA;4174720;CC SICOOB COOPEMAR;1;52,18
202408;1;BA;51884;INTER;8;1297,44
202408;1;BA;10069;ITAU;41;3390,60
202408;1;BA;52058;NUBANK;65;6427,85
202408;1;BA;30379;SANTANDER;105;110349,44
202408;1;BA;73398646;SOC CC SICOOB COOPERE;1;160,28
202408;1;CE;51750;BANCO SICOOB;1;213,60
202408;1;CE;49906;BB;3;603,47
202408;1;CE;10045;BRADESCO;6;1451,47
202408;1;CE;49944;BTG PACTUAL;16;2386,98
202408;1;CE;51626;CAIXA ECONÔMICA FEDERAL;1;53,79
202408;1;CE;51884;INTER;7;1137,19
202408;1;CE;10069;ITAU;16;1252,08
202408;1;CE;52058;NUBANK;51;4837,73
202408;1;CE;30379;SANTANDER;99;116903,08
202408;1;DF;51750;BANCO SICOOB;2;229,51
202408;1;DF;30290;BMG;1;200,31
202408;1;DF;10045;BRADESCO;16;14151,44
202408;1;DF;49944;BTG PACTUAL;7;1237,20
202408;1;DF;51626;CAIXA ECONÔMICA FEDERAL;2;1188,52
202408;1;DF;51884;INTER;2;211,98
202408;1;DF;10069;ITAU;12;1025,39
202408;1;DF;52058;NUBANK;31;3079,07
202408;1;DF;30379;SANTANDER;35;35344,54
202408;1;ES;49944;BTG PACTUAL;10;1563,50
202408;1;ES;10069;ITAU;9;661,64
202408;1;ES;52058;NUBANK;19;1132,01
202408;1;ES;30379;SANTANDER;34;38581,22
202408;1;GO;49906;BB;1;202,01
202408;1;GO;10045;BRADESCO;18;20856,76
202408;1;GO;49944;BTG PACTUAL;14;2313,74
202408;1;GO;52072;C6 BANK;1;205,85
202408;1;GO;51626;CAIXA ECONÔMICA FEDERAL;1;201,91
202408;1;GO;51884;INTER;5;942,91
202408;1;GO;10069;ITAU;28;2702,06
202408;1;GO;52058;NUBANK;34;3098,94
202408;1;GO;30379;SANTANDER;48;55706,01
202408;1;MA;49906;BB;4;529,40
202408;1;MA;10045;BRADESCO;4;3508,59
202408;1;MA;49944;BTG PACTUAL;5;743,51
202408;1;MA;52072;C6 BANK;1;132,92
202408;1;MA;10069;ITAU;5;143,26
202408;1;MA;52058;NUBANK;25;1733,57
202408;1;MA;30379;SANTANDER;36;37709,41
202408;1;MG;51750;BANCO SICOOB;1;25,11
202408;1;MG;49906;BB;3;398,97
202408;1;MG;30290;BMG;3;607,25
202408;1;MG;10045;BRADESCO;42;28130,01
202408;1;MG;49944;BTG PACTUAL;37;5421,80
202408;1;MG;52072;C6 BANK;1;6,79
202408;1;MG;51626;CAIXA ECONÔMICA FEDERAL;4;1125,94
202408;1;MG;65239402;CC UNIÃO DO CENTRO OESTE DE MINAS;1;2115,19
202408;1;MG;51884;INTER;7;630,21
202408;1;MG;10069;ITAU;62;10052,97
202408;1;MG;52058;NUBANK;75;6181,76
202408;1;MG;30379;SANTANDER;161;177076,19
202408;1;MS;10045;BRADESCO;18;10084,17
202408;1;MS;49944;BTG PACTUAL;5;667,03
202408;1;MS;51626;CAIXA ECONÔMICA FEDERAL;2;402,72
202408;1;MS;10069;ITAU;11;1079,27
202408;1;MS;52058;NUBANK;22;1450,98
202408;1;MS;30379;SANTANDER;36;35529,52
202408;1;MS;51011;VOTORANTIM;1;203,74
202408;1;MT;49906;BB;2;402,77
202408;1;MT;10045;BRADESCO;1;614,72
202408;1;MT;49944;BTG PACTUAL;6;891,64
202408;1;MT;51884;INTER;1;130,38
202408;1;MT;10069;ITAU;10;3917,13
202408;1;MT;52058;NUBANK;19;1270,23
202408;1;MT;30379;SANTANDER;20;20553,71
202408;1;PA;30290;BMG;1;200,91
202408;1;PA;10045;BRADESCO;6;1285,53
202408;1;PA;49944;BTG PACTUAL;8;1033,58
202408;1;PA;51884;INTER;6;708,16
202408;1;PA;10069;ITAU;10;505,55
202408;1;PA;52058;NUBANK;33;3138,01
202408;1;PA;30379;SANTANDER;40;43621,81
202408;1;PB;49906;BB;4;427,88
202408;1;PB;30290;BMG;1;202,85
202408;1;PB;10045;BRADESCO;10;3696,97
202408;1;PB;49944;BTG PACTUAL;9;1246,54
202408;1;PB;51626;CAIXA ECONÔMICA FEDERAL;1;68,95
202408;1;PB;51884;INTER;2;278,06
202408;1;PB;10069;ITAU;8;1530,81
202408;1;PB;52058;NUBANK;23;2290,71
202408;1;PB;30379;SANTANDER;19;20792,74
202408;1;PE;49906;BB;5;833,65
202408;1;PE;10045;BRADESCO;11;6748,76
202408;1;PE;49944;BTG PACTUAL;16;2482,60
202408;1;PE;51626;CAIXA ECONÔMICA FEDERAL;4;742,80
202408;1;PE;51884;INTER;5;776,42
202408;1;PE;10069;ITAU;27;6285,58
202408;1;PE;52058;NUBANK;43;3788,99
202408;1;PE;30379;SANTANDER;86;71020,84
202408;1;PI;49906;BB;1;74,14
202408;1;PI;10045;BRADESCO;2;2245,75
202408;1;PI;49944;BTG PACTUAL;6;909,45
202408;1;PI;51626;CAIXA ECONÔMICA FEDERAL;2;461,76
202408;1;PI;10069;ITAU;1;161,54
202408;1;PI;52058;NUBANK;16;1612,08
202408;1;PI;30379;SANTANDER;14;17048,09
202408;1;PR;51750;BANCO SICOOB;1;210,65
202408;1;PR;49906;BB;2;402,71
202408;1;PR;10045;BRADESCO;21;14318,09
202408;1;PR;49944;BTG PACTUAL;22;2621,60
202408;1;PR;51626;CAIXA ECONÔMICA FEDERAL;3;770,97
202408;1;PR;51884;INTER;6;971,94
202408;1;PR;10069;ITAU;39;4375,99
202408;1;PR;52058;NUBANK;72;5561,23
202408;1;PR;30379;SANTANDER;77;92146,65
202408;1;RJ;49906;BB;4;650,63
202408;1;RJ;30290;BMG;1;203,35
202408;1;RJ;10045;BRADESCO;39;30110,90
202408;1;RJ;49944;BTG PACTUAL;34;4163,36
202408;1;RJ;51626;CAIXA ECONÔMICA FEDERAL;3;595,29
202408;1;RJ;51884;INTER;6;806,25
202408;1;RJ;10069;ITAU;141;17632,33
202408;1;RJ;52058;NUBANK;125;10618,95
202408;1;RJ;30379;SANTANDER;253;247164,75
202408;1;RN;49906;BB;3;405,91
202408;1;RN;10045;BRADESCO;5;5256,76
202408;1;RN;49944;BTG PACTUAL;7;1185,85
202408;1;RN;51884;INTER;4;752,54
202408;1;RN;10069;ITAU;6;503,00
202408;1;RN;52058;NUBANK;30;2412,65
202408;1;RN;30379;SANTANDER;28;36813,08
202408;1;RO;49944;BTG PACTUAL;2;384,10
202408;1;RO;2015588;CCLA DO CENTRO SUL RONDONIENSE;1;39,25
202408;1;RO;51884;INTER;1;201,74
202408;1;RO;10069;ITAU;5;3285,07
202408;1;RO;52058;NUBANK;18;1540,01
202408;1;RO;30379;SANTANDER;18;25839,93
202408;1;RR;49944;BTG PACTUAL;1;177,96
202408;1;RR;10069;ITAU;1;673,74
202408;1;RR;52058;NUBANK;6;454,75
202408;1;RR;30379;SANTANDER;4;5053,99
202408;1;RS;30173;BANRISUL;2;155,51
202408;1;RS;49906;BB;1;0,95
202408;1;RS;10045;BRADESCO;2;251,91
202408;1;RS;49944;BTG PACTUAL;20;2896,60
202408;1;RS;52072;C6 BANK;1;173,65
202408;1;RS;51626;CAIXA ECONÔMICA FEDERAL;3;503,24
202408;1;RS;51884;INTER;1;50,52
202408;1;RS;10069;ITAU;27;1735,08
202408;1;RS;52058;NUBANK;54;3848,20
202408;1;RS;30379;SANTANDER;82;77477,93
202408;1;SC;49906;BB;3;579,43
202408;1;SC;30290;BMG;1;201,90
202408;1;SC;10045;BRADESCO;3;1388,76
202408;1;SC;49944;BTG PACTUAL;14;2221,82
202408;1;SC;51626;CAIXA ECONÔMICA FEDERAL;1;203,65
202408;1;SC;51884;INTER;2;252,68
202408;1;SC;10069;ITAU;14;1274,71
202408;1;SC;52058;NUBANK;39;2984,86
202408;1;SC;30379;SANTANDER;51;47515,23
202408;1;SE;49906;BB;2;404,40
202408;1;SE;30290;BMG;1;200,47
202408;1;SE;10045;BRADESCO;3;2255,31
202408;1;SE;49944;BTG PACTUAL;3;375,03
202408;1;SE;52072;C6 BANK;1;111,77
202408;1;SE;51884;INTER;2;317,83
202408;1;SE;10069;ITAU;6;706,87
202408;1;SE;52058;NUBANK;17;1302,46
202408;1;SE;30379;SANTANDER;10;10773,32
202408;1;SE;51011;VOTORANTIM;1;202,18
202408;1;SP;49906;BB;7;1319,63
202408;1;SP;30290;BMG;1;99,21
202408;1;SP;10045;BRADESCO;109;68340,93
202408;1;SP;49944;BTG PACTUAL;130;18452,76
202408;1;SP;52072;C6 BANK;10;1873,22
202408;1;SP;51626;CAIXA ECONÔMICA FEDERAL;9;1722,73
202408;1;SP;4751713;CC INV DE RONDÔNIA - SICOOB CREDJURD;2;248,58
202408;1;SP;51884;INTER;23;2873,65
202408;1;SP;10069;ITAU;289;34535,95
202408;1;SP;52058;NUBANK;297;25052,41
202408;1;SP;30379;SANTANDER;637;666354,59
202408;1;TO;49944;BTG PACTUAL;1;159,62
202408;1;TO;52058;NUBANK;7;730,89
202408;1;TO;30379;SANTANDER;8;8234,53
202408;2;AC;10045;BRADESCO;1;48,01
202408;2;AL;10045;BRADESCO;18;120970,02
202408;2;AL;51011;VOTORANTIM;2;10695,73
202408;2;AM;10045;BRADESCO;42;612983,41
202408;2;AP;10045;BRADESCO;2;34256,30
202408;2;BA;10045;BRADESCO;105;720007,62
202408;2;BA;10069;ITAU;1;170,01
202408;2;BA;51011;VOTORANTIM;5;9067,00
202408;2;CE;10045;BRADESCO;42;707652,24
202408;2;CE;51011;VOTORANTIM;4;4696,93
202408;2;DF;10045;BRADESCO;41;461223,70
202408;2;DF;30379;SANTANDER;1;197,41
202408;2;DF;51011;VOTORANTIM;2;5839,81
202408;2;ES;10045;BRADESCO;24;76022,08
202408;2;ES;52072;C6 BANK;1;207,86
202408;2;GO;49906;BB;1;1587,98
202408;2;GO;10045;BRADESCO;74;809172,83
202408;2;GO;30379;SANTANDER;1;102,75
202408;2;GO;51011;VOTORANTIM;9;17156,77
202408;2;MA;49906;BB;1;196,21
202408;2;MA;7237373;BCO DO NORDESTE DO BRASIL S.A.;1;5856,91
202408;2;MA;10045;BRADESCO;30;405146,44
202408;2;MA;52072;C6 BANK;1;151,44
202408;2;MA;30379;SANTANDER;1;5636,68
202408;2;MA;51011;VOTORANTIM;1;782,53
202408;2;MG;49906;BB;2;7996,21
202408;2;MG;10045;BRADESCO;181;1197774,32
202408;2;MG;30379;SANTANDER;1;42,60
202408;2;MG;51011;VOTORANTIM;8;22344,71
202408;2;MS;49906;BB;1;203,98
202408;2;MS;10045;BRADESCO;61;619730,46
202408;2;MS;51011;VOTORANTIM;4;20096,67
202408;2;MT;49906;BB;1;7411,55
202408;2;MT;10045;BRADESCO;36;449018,78
202408;2;PA;10045;BRADESCO;36;1158697,88
202408;2;PA;30379;SANTANDER;2;43,20
202408;2;PA;51011;VOTORANTIM;2;10047,65
202408;2;PB;49906;BB;1;201,12
202408;2;PB;10045;BRADESCO;22;172954,48
202408;2;PB;51011;VOTORANTIM;2;3507,70
202408;2;PE;10045;BRADESCO;70;771503,50
202408;2;PE;51011;VOTORANTIM;1;5819,33
202408;2;PI;10045;BRADESCO;9;60177,72
202408;2;PI;52072;C6 BANK;3;482,83
202408;2;PI;51011;VOTORANTIM;2;2618,20
202408;2;PR;10045;BRADESCO;100;965263,77
202408;2;PR;51011;VOTORANTIM;14;28703,65
202408;2;RJ;49906;BB;1;202,09
202408;2;RJ;10045;BRADESCO;283;2495456,24
202408;2;RJ;49944;BTG PACTUAL;1;1779,89
202408;2;RJ;52072;C6 BANK;5;1259,26
202408;2;RJ;10069;ITAU;1;173,34
202408;2;RJ;51011;VOTORANTIM;9;37476,94
202408;2;RN;10045;BRADESCO;15;214974,60
202408;2;RN;51011;VOTORANTIM;2;6541,90
202408;2;RO;10045;BRADESCO;7;99984,16
202408;2;RO;51011;VOTORANTIM;1;654,60
202408;2;RR;10045;BRADESCO;2;11241,13
202408;2;RR;51011;VOTORANTIM;1;12498,04
202408;2;RS;10045;BRADESCO;48;644186,48
202408;2;RS;52072;C6 BANK;1;203,19
202408;2;RS;51011;VOTORANTIM;6;33408,11
202408;2;SC;10045;BRADESCO;72;954154,60
202408;2;SC;52072;C6 BANK;2;2325,40
202408;2;SC;51011;VOTORANTIM;7;17176,65
202408;2;SE;10045;BRADESCO;9;86326,97
202408;2;SE;51011;VOTORANTIM;1;3987,39
202408;2;SP;49906;BB;1;4052,17
202408;2;SP;10045;BRADESCO;871;5392603,45
202408;2;SP;52072;C6 BANK;4;15138,11
202408;2;SP;10069;ITAU;2;57,56
202408;2;SP;30379;SANTANDER;12;312,68
202408;2;SP;51011;VOTORANTIM;48;123442,41
202408;2;TO;10045;BRADESCO;10;34614,90
202408;3;AC;10045;BRADESCO;8;1147273,99
202408;3;AC;10069;ITAU;3;22704,83
202408;3;AC;30379;SANTANDER;6;152885,59
202408;3;AL;49906;BB;3;62394,54
202408;3;AL;10045;BRADESCO;67;4130273,87
202408;3;AL;10069;ITAU;21;210832,78
202408;3;AL;30379;SANTANDER;20;551836,89
202408;3;AM;49906;BB;6;387853,45
202408;3;AM;10045;BRADESCO;150;13275794,76
202408;3;AM;10069;ITAU;35;744050,21
202408;3;AM;30379;SANTANDER;32;349218,93
202408;3;AP;49906;BB;6;521230,12
202408;3;AP;10045;BRADESCO;18;1151292,45
202408;3;AP;10069;ITAU;5;23001,14
202408;3;AP;30379;SANTANDER;3;29456,55
202408;3;BA;49906;BB;17;611776,09
202408;3;BA;7237373;BCO DO NORDESTE DO BRASIL S.A.;1;14548,45
202408;3;BA;10045;BRADESCO;400;26986859,95
202408;3;BA;10069;ITAU;91;873244,84
202408;3;BA;30379;SANTANDER;207;2224269,86
202408;3;CE;49906;BB;14;586997,63
202408;3;CE;10045;BRADESCO;169;10284383,71
202408;3;CE;10069;ITAU;83;1100900,53
202408;3;CE;30379;SANTANDER;65;634558,60
202408;3;DF;49906;BB;1;120541,41
202408;3;DF;10045;BRADESCO;54;4835478,55
202408;3;DF;10069;ITAU;48;377829,43
202408;3;DF;30379;SANTANDER;61;1042636,24
202408;3;ES;49906;BB;2;23100,15
202408;3;ES;10045;BRADESCO;82;5436694,36
202408;3;ES;10069;ITAU;41;426394,44
202408;3;ES;30379;SANTANDER;48;456550,62
202408;3;GO;49906;BB;5;356784,05
202408;3;GO;10045;BRADESCO;197;14280610,03
202408;3;GO;10069;ITAU;137;1339436,77
202408;3;GO;30379;SANTANDER;107;1413989,37
202408;3;MA;49906;BB;10;941411,52
202408;3;MA;10045;BRADESCO;153;13290958,59
202408;3;MA;10069;ITAU;28;266752,57
202408;3;MA;30379;SANTANDER;44;503652,47
202408;3;MG;49906;BB;18;1014695,12
202408;3;MG;10045;BRADESCO;447;30745472,50
202408;3;MG;10069;ITAU;226;2256495,90
202408;3;MG;30379;SANTANDER;252;2453184,93
202408;3;MS;49906;BB;2;12260,47
202408;3;MS;10045;BRADESCO;138;9783910,06
202408;3;MS;10069;ITAU;15;320734,27
202408;3;MS;30379;SANTANDER;42;316411,30
202408;3;MT;49906;BB;12;967665,52
202408;3;MT;10045;BRADESCO;140;9625161,30
202408;3;MT;10069;ITAU;17;78469,08
202408;3;MT;30379;SANTANDER;50;820177,29
202408;3;PA;49906;BB;8;1452357,76
202408;3;PA;10045;BRADESCO;196;16331443,78
202408;3;PA;10069;ITAU;22;199435,51
202408;3;PA;30379;SANTANDER;55;475577,15
202408;3;PB;49906;BB;1;37337,39
202408;3;PB;10045;BRADESCO;72;3537226,41
202408;3;PB;10069;ITAU;21;210305,91
202408;3;PB;30379;SANTANDER;45;750632,46
202408;3;PE;49906;BB;6;155000,25
202408;3;PE;7237373;BCO DO NORDESTE DO BRASIL S.A.;1;24115,14
202408;3;PE;10045;BRADESCO;169;12097161,11
202408;3;PE;10069;ITAU;94;1454697,70
202408;3;PE;30379;SANTANDER;127;1251999,03
202408;3;PI;49906;BB;9;478035,76
202408;3;PI;10045;BRADESCO;65;5033709,20
202408;3;PI;10069;ITAU;14;66911,91
202408;3;PI;30379;SANTANDER;19;164514,07
202408;3;PR;49906;BB;9;551958,47
202408;3;PR;10045;BRADESCO;457;36312374,85
202408;3;PR;10069;ITAU;225;2701138,17
202408;3;PR;30379;SANTANDER;167;2080719,34
202408;3;RJ;49906;BB;7;124413,61
202408;3;RJ;10045;BRADESCO;555;47970874,81
202408;3;RJ;10069;ITAU;338;3669846,84
202408;3;RJ;30379;SANTANDER;346;4447395,12
202408;3;RN;49906;BB;8;200962,18
202408;3;RN;10045;BRADESCO;47;3590079,10
202408;3;RN;10069;ITAU;14;57272,34
202408;3;RN;30379;SANTANDER;53;820569,72
202408;3;RO;10045;BRADESCO;32;2258964,35
202408;3;RO;10069;ITAU;16;55084,30
202408;3;RO;30379;SANTANDER;13;176100,33
202408;3;RR;10045;BRADESCO;8;1092161,73
202408;3;RR;10069;ITAU;11;76044,73
202408;3;RR;30379;SANTANDER;6;22815,88
202408;3;RS;49906;BB;6;544430,44
202408;3;RS;10045;BRADESCO;618;42626397,74
202408;3;RS;10069;ITAU;118;1296772,42
202408;3;RS;30379;SANTANDER;208;3261300,59
202408;3;SC;49906;BB;10;487951,16
202408;3;SC;10045;BRADESCO;252;28023877,22
202408;3;SC;10069;ITAU;71;853227,01
202408;3;SC;30379;SANTANDER;92;859784,50
202408;3;SE;49906;BB;1;29830,45
202408;3;SE;10045;BRADESCO;25;536087,66
202408;3;SE;10069;ITAU;6;196743,20
202408;3;SE;30379;SANTANDER;21;197267,88
202408;3;SP;49906;BB;27;946109,92
202408;3;SP;10045;BRADESCO;2515;215132883,21
202408;3;SP;10069;ITAU;1189;14904293,27
202408;3;SP;30379;SANTANDER;1433;19517588,83
202408;3;TO;49906;BB;1;73293,86
202408;3;TO;10045;BRADESCO;70;5913235,01
202408;3;TO;10069;ITAU;3;18329,96
202408;3;TO;30379;SANTANDER;31;1538163,96
202409;1;AC;49944;BTG PACTUAL;2;271,88
202409;1;AC;52058;NUBANK;7;6670,31
202409;1;AC;30379;SANTANDER;3;309,74
202409;1;AL;49906;BB;1;31,27
202409;1;AL;10045;BRADESCO;2;241,92
202409;1;AL;49944;BTG PACTUAL;8;1212,71
202409;1;AL;10069;ITAU;3;81,91
202409;1;AL;52058;NUBANK;20;6022,14
202409;1;AL;30379;SANTANDER;4;386,06
202409;1;AM;10045;BRADESCO;28;25581,72
202409;1;AM;49944;BTG PACTUAL;2;346,69
202409;1;AM;51626;CAIXA ECONÔMICA FEDERAL;2;447,05
202409;1;AM;51884;INTER;3;577,59
202409;1;AM;10069;ITAU;15;1172,30
202409;1;AM;52058;NUBANK;39;14901,49
202409;1;AM;30379;SANTANDER;22;13806,96
202409;1;AP;49944;BTG PACTUAL;1;156,21
202409;1;AP;52072;C6 BANK;1;58,54
202409;1;AP;52058;NUBANK;11;4773,60
202409;1;AP;30379;SANTANDER;2;103,17
202409;1;BA;49906;BB;2;267,05
202409;1;BA;10045;BRADESCO;9;3496,71
202409;1;BA;49944;BTG PACTUAL;22;2873,15
202409;1;BA;51626;CAIXA ECONÔMICA FEDERAL;1;203,75
202409;1;BA;51884;INTER;7;844,10
202409;1;BA;10069;ITAU;21;1910,60
202409;1;BA;52058;NUBANK;86;25277,26
202409;1;BA;30379;SANTANDER;30;4843,09
202409;1;BA;51011;VOTORANTIM;1;56,90
202409;1;CE;49906;BB;3;254,21
202409;1;CE;10045;BRADESCO;6;5800,84
202409;1;CE;49944;BTG PACTUAL;10;1475,25
202409;1;CE;51626;CAIXA ECONÔMICA FEDERAL;5;915,65
202409;1;CE;51884;INTER;5;906,75
202409;1;CE;10069;ITAU;9;874,67
202409;1;CE;52058;NUBANK;53;32445,04
202409;1;CE;30379;SANTANDER;24;3786,73
202409;1;DF;30290;BMG;1;203,25
202409;1;DF;31976;BRB;2;667,80
202409;1;DF;49944;BTG PACTUAL;5;689,80
202409;1;DF;10069;ITAU;7;308,41
202409;1;DF;52058;NUBANK;30;5369,48
202409;1;DF;30379;SANTANDER;21;6265,25
202409;1;ES;10045;BRADESCO;4;4567,84
202409;1;ES;49944;BTG PACTUAL;1;109,16
202409;1;ES;51884;INTER;1;48,39
202409;1;ES;10069;ITAU;12;1599,09
202409;1;ES;52058;NUBANK;20;6032,50
202409;1;ES;30379;SANTANDER;9;4174,91
202409;1;GO;49906;BB;1;200,95
202409;1;GO;10045;BRADESCO;9;8310,99
202409;1;GO;31976;BRB;1;203,44
202409;1;GO;49944;BTG PACTUAL;3;351,81
202409;1;GO;51626;CAIXA ECONÔMICA FEDERAL;1;202,83
202409;1;GO;10069;ITAU;8;687,91
202409;1;GO;52058;NUBANK;40;10844,36
202409;1;GO;30379;SANTANDER;16;9589,52
202409;1;MA;30290;BMG;1;100,95
202409;1;MA;49944;BTG PACTUAL;4;495,65
202409;1;MA;51884;INTER;2;314,76
202409;1;MA;10069;ITAU;2;234,17
202409;1;MA;52058;NUBANK;26;10726,69
202409;1;MA;30379;SANTANDER;11;1957,31
202409;1;MG;51750;BANCO SICOOB;1;210,86
202409;1;MG;49906;BB;4;354,51
202409;1;MG;10045;BRADESCO;40;28121,06
202409;1;MG;49944;BTG PACTUAL;19;2887,39
202409;1;MG;51626;CAIXA ECONÔMICA FEDERAL;1;202,75
202409;1;MG;51884;INTER;13;1734,05
202409;1;MG;10069;ITAU;44;2982,04
202409;1;MG;52058;NUBANK;141;71862,34
202409;1;MG;30379;SANTANDER;62;22069,52
202409;1;MS;10045;BRADESCO;7;7567,11
202409;1;MS;49944;BTG PACTUAL;5;738,18
202409;1;MS;52072;C6 BANK;1;8,57
202409;1;MS;51884;INTER;2;366,86
202409;1;MS;10069;ITAU;6;520,81
202409;1;MS;52058;NUBANK;32;16542,25
202409;1;MS;30379;SANTANDER;16;20454,96
202409;1;MT;30290;BMG;1;179,16
202409;1;MT;10045;BRADESCO;3;1764,94
202409;1;MT;31976;BRB;1;204,94
202409;1;MT;49944;BTG PACTUAL;6;849,48
202409;1;MT;51626;CAIXA ECONÔMICA FEDERAL;2;403,17
202409;1;MT;51884;INTER;1;109,97
202409;1;MT;10069;ITAU;2;666,84
202409;1;MT;52058;NUBANK;38;19015,47
202409;1;MT;30379;SANTANDER;8;861,80
202409;1;PA;49906;BB;3;305,31
202409;1;PA;10045;BRADESCO;7;3004,06
202409;1;PA;31976;BRB;1;201,92
202409;1;PA;49944;BTG PACTUAL;7;768,28
202409;1;PA;51626;CAIXA ECONÔMICA FEDERAL;3;573,22
202409;1;PA;51884;INTER;2;406,06
202409;1;PA;10069;ITAU;3;59,73
202409;1;PA;52058;NUBANK;48;11833,33
202409;1;PA;30379;SANTANDER;24;8182,55
202409;1;PB;30290;BMG;1;202,39
202409;1;PB;10045;BRADESCO;3;975,22
202409;1;PB;31976;BRB;3;470,98
202409;1;PB;49944;BTG PACTUAL;3;450,30
202409;1;PB;51626;CAIXA ECONÔMICA FEDERAL;1;102,50
202409;1;PB;51884;INTER;3;283,37
202409;1;PB;10069;ITAU;4;599,64
202409;1;PB;52058;NUBANK;30;9274,12
202409;1;PB;30379;SANTANDER;4;877,57
202409;1;PE;49906;BB;1;201,90
202409;1;PE;30290;BMG;2;401,45
202409;1;PE;10045;BRADESCO;7;700,16
202409;1;PE;49944;BTG PACTUAL;9;1109,92
202409;1;PE;52072;C6 BANK;1;110,66
202409;1;PE;51626;CAIXA ECONÔMICA FEDERAL;5;1253,09
202409;1;PE;51884;INTER;3;553,77
202409;1;PE;10069;ITAU;14;2414,29
202409;1;PE;52058;NUBANK;65;18979,01
202409;1;PE;30379;SANTANDER;28;16194,51
202409;1;PI;10045;BRADESCO;2;52,28
202409;1;PI;49944;BTG PACTUAL;5;455,00
202409;1;PI;51626;CAIXA ECONÔMICA FEDERAL;2;373,33
202409;1;PI;10069;ITAU;2;65,28
202409;1;PI;52058;NUBANK;20;5725,36
202409;1;PI;30379;SANTANDER;2;1677,55
202409;1;PR;49906;BB;1;90,32
202409;1;PR;30290;BMG;1;200,81
202409;1;PR;10045;BRADESCO;8;1903,01
202409;1;PR;31976;BRB;1;206,98
202409;1;PR;49944;BTG PACTUAL;17;2154,16
202409;1;PR;52072;C6 BANK;2;379,54
202409;1;PR;51626;CAIXA ECONÔMICA FEDERAL;1;201,48
202409;1;PR;51884;INTER;2;328,30
202409;1;PR;10069;ITAU;12;982,75
202409;1;PR;52058;NUBANK;69;20391,99
202409;1;PR;30379;SANTANDER;48;14453,07
202409;1;RJ;49906;BB;2;185,58
202409;1;RJ;10045;BRADESCO;86;62327,31
202409;1;RJ;49944;BTG PACTUAL;18;2962,38
202409;1;RJ;52072;C6 BANK;1;117,70
202409;1;RJ;51626;CAIXA ECONÔMICA FEDERAL;6;1259,75
202409;1;RJ;51884;INTER;12;1389,74
202409;1;RJ;10069;ITAU;57;3953,43
202409;1;RJ;52058;NUBANK;158;69894,55
202409;1;RJ;30379;SANTANDER;112;37466,51
202409;1;RN;51750;BANCO SICOOB;1;201,00
202409;1;RN;10045;BRADESCO;11;5991,85
202409;1;RN;49944;BTG PACTUAL;5;731,00
202409;1;RN;51884;INTER;1;172,52
202409;1;RN;10069;ITAU;1;145,66
202409;1;RN;52058;NUBANK;28;8201,13
202409;1;RN;30379;SANTANDER;9;2050,02
202409;1;RO;49906;BB;1;66,95
202409;1;RO;49944;BTG PACTUAL;6;811,55
202409;1;RO;51884;INTER;1;56,14
202409;1;RO;10069;ITAU;2;127,78
202409;1;RO;52058;NUBANK;23;12313,06
202409;1;RO;30379;SANTANDER;5;1868,91
202409;1;RR;52058;NUBANK;6;3585,24
202409;1;RR;30379;SANTANDER;3;72,98
202409;1;RS;10045;BRADESCO;6;460,23
202409;1;RS;49944;BTG PACTUAL;9;1255,64
202409;1;RS;52072;C6 BANK;3;720,70
202409;1;RS;51626;CAIXA ECONÔMICA FEDERAL;4;682,81
202409;1;RS;51884;INTER;1;158,45
202409;1;RS;10069;ITAU;10;602,96
202409;1;RS;52058;NUBANK;77;32120,83
202409;1;RS;30379;SANTANDER;36;6041,54
202409;1;SC;10045;BRADESCO;3;2396,71
202409;1;SC;49944;BTG PACTUAL;8;1229,25
202409;1;SC;51626;CAIXA ECONÔMICA FEDERAL;1;143,31
202409;1;SC;51884;INTER;3;463,38
202409;1;SC;10069;ITAU;13;1600,48
202409;1;SC;52058;NUBANK;56;23122,31
202409;1;SC;30379;SANTANDER;16;8301,83
202409;1;SE;49944;BTG PACTUAL;3;439,17
202409;1;SE;51626;CAIXA ECONÔMICA FEDERAL;1;608,39
202409;1;SE;10069;ITAU;2;75,39
202409;1;SE;52058;NUBANK;16;3395,68
202409;1;SE;30379;SANTANDER;5;292,68
202409;1;SP;51750;BANCO SICOOB;1;327,56
202409;1;SP;49906;BB;6;574,53
202409;1;SP;30290;BMG;3;602,71
202409;1;SP;10045;BRADESCO;31;17260,79
202409;1;SP;49944;BTG PACTUAL;64;9551,03
202409;1;SP;52072;C6 BANK;6;875,10
202409;1;SP;51626;CAIXA ECONÔMICA FEDERAL;14;4120,85
202409;1;SP;51884;INTER;24;3368,68
202409;1;SP;10069;ITAU;140;11812,80
202409;1;SP;52058;NUBANK;429;147241,19
202409;1;SP;30379;SANTANDER;223;106244,25
202409;1;TO;10069;ITAU;1;162,79
202409;1;TO;52058;NUBANK;11;3781,03
202409;1;TO;30379;SANTANDER;1;899,66
202409;2;AL;10045;BRADESCO;1;1055,46
202409;2;AM;49906;BB;1;194,33
202409;2;AM;10045;BRADESCO;13;167432,72
202409;2;AM;51011;VOTORANTIM;1;3601,23
202409;2;BA;10045;BRADESCO;6;17701,48
202409;2;BA;52072;C6 BANK;2;12962,39
202409;2;BA;51011;VOTORANTIM;2;1569,34
202409;2;CE;10045;BRADESCO;7;44759,14
202409;2;CE;52072;C6 BANK;1;3677,24
202409;2;CE;10069;ITAU;1;68,29
202409;2;CE;51011;VOTORANTIM;1;1240,51
202409;2;DF;10045;BRADESCO;3;36545,83
202409;2;DF;52072;C6 BANK;1;185,26
202409;2;DF;30379;SANTANDER;2;194,97
202409;2;DF;51011;VOTORANTIM;1;4124,36
202409;2;ES;10045;BRADESCO;1;50929,50
202409;2;GO;10045;BRADESCO;5;25875,54
202409;2;GO;52072;C6 BANK;1;160433,61
202409;2;GO;51011;VOTORANTIM;3;5110,19
202409;2;MA;10045;BRADESCO;1;33802,37
202409;2;MA;51011;VOTORANTIM;3;21665,02
202409;2;MG;49906;BB;1;206,48
202409;2;MG;10045;BRADESCO;17;113963,05
202409;2;MG;52072;C6 BANK;3;8972,11
202409;2;MG;51011;VOTORANTIM;16;27216,19
202409;2;MS;49906;BB;1;14303,08
202409;2;MS;10045;BRADESCO;3;6446,73
202409;2;MS;52072;C6 BANK;2;410,89
202409;2;MS;51011;VOTORANTIM;1;3536,06
202409;2;MT;10045;BRADESCO;6;154263,19
202409;2;MT;51011;VOTORANTIM;1;576,86
202409;2;PA;10045;BRADESCO;7;110333,98
202409;2;PA;51011;VOTORANTIM;1;742,25
202409;2;PB;10045;BRADESCO;6;58848,93
202409;2;PB;51011;VOTORANTIM;1;11263,11
202409;2;PE;49906;BB;1;6028,30
202409;2;PE;10045;BRADESCO;7;76656,84
202409;2;PE;10069;ITAU;1;41,17
202409;2;PE;51011;VOTORANTIM;1;4037,62
202409;2;PI;10045;BRADESCO;1;296,24
202409;2;PI;51011;VOTORANTIM;2;1169,07
202409;2;PR;10045;BRADESCO;6;18382,97
202409;2;PR;52072;C6 BANK;1;206,69
202409;2;PR;51011;VOTORANTIM;17;44071,73
202409;2;RJ;10045;BRADESCO;36;343264,31
202409;2;RJ;52072;C6 BANK;2;363,56
202409;2;RJ;10069;ITAU;6;126,67
202409;2;RJ;30379;SANTANDER;2;97,73
202409;2;RJ;51011;VOTORANTIM;13;34815,08
202409;2;RN;10045;BRADESCO;1;27,92
202409;2;RN;51011;VOTORANTIM;2;10255,17
202409;2;RO;51011;VOTORANTIM;1;3152,37
202409;2;RS;49906;BB;1;201,76
202409;2;RS;10045;BRADESCO;8;93813,70
202409;2;RS;52072;C6 BANK;2;7796,45
202409;2;RS;51011;VOTORANTIM;7;14847,25
202409;2;SC;49906;BB;3;10201,78
202409;2;SC;10045;BRADESCO;9;66550,53
202409;2;SC;52072;C6 BANK;2;8749,24
202409;2;SC;10069;ITAU;1;144,75
202409;2;SC;51011;VOTORANTIM;11;35583,25
202409;2;SE;10045;BRADESCO;2;4157,58
202409;2;SE;52072;C6 BANK;1;20248,43
202409;2;SE;51011;VOTORANTIM;2;13002,53
202409;2;SP;10045;BRADESCO;44;230387,03
202409;2;SP;52072;C6 BANK;9;57762,71
202409;2;SP;51626;CAIXA ECONÔMICA FEDERAL;1;2105,50
202409;2;SP;10069;ITAU;5;402,25
202409;2;SP;30379;SANTANDER;1;452,18
202409;2;SP;51011;VOTORANTIM;54;112929,05
202409;2;TO;10045;BRADESCO;1;1680,13
202409;2;TO;51011;VOTORANTIM;2;4724,85
202409;3;AC;51626;CAIXA ECONÔMICA FEDERAL;8;628040,40
202409;3;AL;51626;CAIXA ECONÔMICA FEDERAL;36;3191103,63
202409;3;AM;51626;CAIXA ECONÔMICA FEDERAL;20;1819836,63
202409;3;AP;51626;CAIXA ECONÔMICA FEDERAL;12;1192645,17
202409;3;AP;30379;SANTANDER;11;81990,16
202409;3;BA;51626;CAIXA ECONÔMICA FEDERAL;118;7294648,87
202409;3;BA;30379;SANTANDER;4;24562,22
202409;3;CE;51626;CAIXA ECONÔMICA FEDERAL;87;6627510,78
202409;3;CE;30379;SANTANDER;2;64365,13
202409;3;DF;51626;CAIXA ECONÔMICA FEDERAL;42;3538693,72
202409;3;ES;51626;CAIXA ECONÔMICA FEDERAL;34;1591004,50
202409;3;ES;30379;SANTANDER;1;606,57
202409;3;GO;51626;CAIXA ECONÔMICA FEDERAL;76;4538365,11
202409;3;GO;30379;SANTANDER;1;29800,63
202409;3;MA;51626;CAIXA ECONÔMICA FEDERAL;18;1132296,11
202409;3;MA;30379;SANTANDER;3;44701,51
202409;3;MG;7237373;BCO DO NORDESTE DO BRASIL S.A.;5;66215,90
202409;3;MG;51626;CAIXA ECONÔMICA FEDERAL;163;8544163,05
202409;3;MG;30379;SANTANDER;5;67917,86
202409;3;MS;51626;CAIXA ECONÔMICA FEDERAL;22;1932868,84
202409;3;MT;51626;CAIXA ECONÔMICA FEDERAL;38;2460120,50
202409;3;MT;30379;SANTANDER;1;55468,60
202409;3;PA;51626;CAIXA ECONÔMICA FEDERAL;29;1627758,82
202409;3;PA;30379;SANTANDER;1;77,60
202409;3;PB;51626;CAIXA ECONÔMICA FEDERAL;40;2903823,22
202409;3;PE;51626;CAIXA ECONÔMICA FEDERAL;64;6125506,05
202409;3;PE;30379;SANTANDER;1;33634,92
202409;3;PI;51626;CAIXA ECONÔMICA FEDERAL;16;906018,03
202409;3;PI;30379;SANTANDER;1;12610,10
202409;3;PR;51626;CAIXA ECONÔMICA FEDERAL;150;9133090,16
202409;3;PR;30379;SANTANDER;7;226057,68
202409;3;RJ;51626;CAIXA ECONÔMICA FEDERAL;165;14267143,02
202409;3;RJ;30379;SANTANDER;9;96758,65
202409;3;RN;51626;CAIXA ECONÔMICA FEDERAL;26;1321153,16
202409;3;RO;51626;CAIXA ECONÔMICA FEDERAL;17;944791,23
202409;3;RR;51626;CAIXA ECONÔMICA FEDERAL;6;280617,83
202409;3;RS;51626;CAIXA ECONÔMICA FEDERAL;121;7403077,17
202409;3;RS;30379;SANTANDER;4;50366,95
202409;3;SC;51626;CAIXA ECONÔMICA FEDERAL;96;5707328,53
202409;3;SE;51626;CAIXA ECONÔMICA FEDERAL;16;1591293,04
202409;3;SP;51626;CAIXA ECONÔMICA FEDERAL;400;26975878,09
202409;3;SP;30379;SANTANDER;33;529379,89
202409;3;TO;51626;CAIXA ECONÔMICA FEDERAL;10;313649,25
202410;1;AC;49906;BB;1;203,49
202410;1;AC;52058;NUBANK;5;536,53
202410;1;AC;30379;SANTANDER;2;271,50
202410;1;AL;10045;BRADESCO;4;794,53
202410;1;AL;49944;BTG PACTUAL;4;501,17
202410;1;AL;51884;INTER;1;53,89
202410;1;AL;10069;ITAU;1;0,81
202410;1;AL;52058;NUBANK;24;973,38
202410;1;AL;30379;SANTANDER;3;179,20
202410;1;AM;10045;BRADESCO;5;1126,94
202410;1;AM;49944;BTG PACTUAL;9;1165,74
202410;1;AM;51884;INTER;2;292,88
202410;1;AM;10069;ITAU;6;932,84
202410;1;AM;52058;NUBANK;43;3429,20
202410;1;AM;30379;SANTANDER;9;529,40
202410;1;AP;52058;NUBANK;4;156,82
202410;1;AP;30379;SANTANDER;1;141,61
202410;1;BA;49906;BB;5;501,78
202410;1;BA;10045;BRADESCO;12;7824,34
202410;1;BA;49944;BTG PACTUAL;15;1910,35
202410;1;BA;52072;C6 BANK;2;260,39
202410;1;BA;51884;INTER;7;665,70
202410;1;BA;10069;ITAU;22;1955,20
202410;1;BA;52058;NUBANK;65;4742,79
202410;1;BA;30379;SANTANDER;28;1209,17
202410;1;CE;49906;BB;2;70,33
202410;1;CE;10045;BRADESCO;7;1246,84
202410;1;CE;49944;BTG PACTUAL;10;1415,77
202410;1;CE;52072;C6 BANK;1;2,10
202410;1;CE;51884;INTER;2;174,19
202410;1;CE;10069;ITAU;12;639,57
202410;1;CE;52058;NUBANK;58;7644,80
202410;1;CE;30379;SANTANDER;24;1512,44
202410;1;DF;49944;BTG PACTUAL;7;1182,65
202410;1;DF;51884;INTER;1;200,09
202410;1;DF;10069;ITAU;4;158,33
202410;1;DF;52058;NUBANK;30;1622,31
202410;1;DF;30379;SANTANDER;10;667,01
202410;1;ES;10045;BRADESCO;6;5056,87
202410;1;ES;49944;BTG PACTUAL;3;499,25
202410;1;ES;10069;ITAU;8;1223,16
202410;1;ES;52058;NUBANK;20;1061,17
202410;1;ES;30379;SANTANDER;6;312,26
202410;1;GO;49906;BB;1;201,69
202410;1;GO;10045;BRADESCO;2;951,50
202410;1;GO;31976;BRB;1;201,16
202410;1;GO;49944;BTG PACTUAL;7;877,15
202410;1;GO;51884;INTER;1;148,39
202410;1;GO;10069;ITAU;6;413,85
202410;1;GO;52058;NUBANK;44;3487,35
202410;1;GO;30379;SANTANDER;14;545,12
202410;1;MA;49906;BB;3;467,81
202410;1;MA;10045;BRADESCO;2;209,42
202410;1;MA;49944;BTG PACTUAL;6;951,86
202410;1;MA;10069;ITAU;3;101,08
202410;1;MA;52058;NUBANK;25;1368,03
202410;1;MA;30379;SANTANDER;7;462,65
202410;1;MG;51750;BANCO SICOOB;2;457,09
202410;1;MG;30290;BMG;1;201,49
202410;1;MG;10045;BRADESCO;19;17760,35
202410;1;MG;49944;BTG PACTUAL;18;2850,07
202410;1;MG;52072;C6 BANK;1;180,63
202410;1;MG;51884;INTER;3;552,93
202410;1;MG;10069;ITAU;44;3461,15
202410;1;MG;52058;NUBANK;102;5737,63
202410;1;MG;30379;SANTANDER;46;4024,92
202410;1;MS;10045;BRADESCO;2;260,01
202410;1;MS;49944;BTG PACTUAL;6;673,09
202410;1;MS;51884;INTER;1;203,02
202410;1;MS;10069;ITAU;6;458,45
202410;1;MS;52058;NUBANK;34;1799,02
202410;1;MS;30379;SANTANDER;7;495,54
202410;1;MT;51750;BANCO SICOOB;1;98,03
202410;1;MT;10045;BRADESCO;14;10290,16
202410;1;MT;49944;BTG PACTUAL;4;630,31
202410;1;MT;10069;ITAU;2;274,50
202410;1;MT;52058;NUBANK;19;1483,94
202410;1;MT;30379;SANTANDER;9;1216,39
202410;1;PA;10045;BRADESCO;4;308,06
202410;1;PA;49944;BTG PACTUAL;8;1299,60
202410;1;PA;52072;C6 BANK;1;174,43
202410;1;PA;51884;INTER;5;674,96
202410;1;PA;10069;ITAU;5;293,14
202410;1;PA;52058;NUBANK;55;3815,98
202410;1;PA;30379;SANTANDER;12;674,92
202410;1;PB;49906;BB;1;25,28
202410;1;PB;30290;BMG;1;147,81
202410;1;PB;10045;BRADESCO;1;37,55
202410;1;PB;49944;BTG PACTUAL;8;982,76
202410;1;PB;51884;INTER;4;522,32
202410;1;PB;10069;ITAU;4;357,72
202410;1;PB;52058;NUBANK;19;1502,11
202410;1;PB;30379;SANTANDER;8;503,72
202410;1;PE;10045;BRADESCO;6;4616,98
202410;1;PE;49944;BTG PACTUAL;10;1560,83
202410;1;PE;51884;INTER;3;603,15
202410;1;PE;10069;ITAU;16;1690,11
202410;1;PE;52058;NUBANK;32;1792,11
202410;1;PE;30379;SANTANDER;12;285,27
202410;1;PI;30290;BMG;1;84,35
202410;1;PI;10045;BRADESCO;1;294,39
202410;1;PI;49944;BTG PACTUAL;2;357,42
202410;1;PI;10069;ITAU;1;368,73
202410;1;PI;52058;NUBANK;17;696,19
202410;1;PI;30379;SANTANDER;3;235,35
202410;1;PR;51750;BANCO SICOOB;1;230,30
202410;1;PR;49906;BB;3;333,47
202410;1;PR;10045;BRADESCO;22;12945,04
202410;1;PR;49944;BTG PACTUAL;22;3016,13
202410;1;PR;52072;C6 BANK;1;204,09
202410;1;PR;51884;INTER;6;570,77
202410;1;PR;10069;ITAU;17;1374,04
202410;1;PR;52058;NUBANK;73;6458,69
202410;1;PR;30379;SANTANDER;20;1110,44
202410;1;RJ;49906;BB;1;49,38
202410;1;RJ;10045;BRADESCO;92;40465,47
202410;1;RJ;49944;BTG PACTUAL;23;3280,35
202410;1;RJ;51884;INTER;4;614,47
202410;1;RJ;10069;ITAU;70;5014,15
202410;1;RJ;52058;NUBANK;125;7502,64
202410;1;RJ;30379;SANTANDER;66;4894,24
202410;1;RN;49906;BB;1;50,48
202410;1;RN;10045;BRADESCO;8;2745,02
202410;1;RN;49944;BTG PACTUAL;4;616,11
202410;1;RN;51884;INTER;1;200,15
202410;1;RN;52058;NUBANK;29;5566,85
202410;1;RN;30379;SANTANDER;8;818,78
202410;1;RO;49906;BB;1;201,27
202410;1;RO;10045;BRADESCO;2;374,95
202410;1;RO;2015588;CCLA DO CENTRO SUL RONDONIENSE;1;200,82
202410;1;RO;51884;INTER;1;107,14
202410;1;RO;10069;ITAU;1;23,08
202410;1;RO;52058;NUBANK;23;1401,37
202410;1;RO;30379;SANTANDER;1;20,68
202410;1;RR;49944;BTG PACTUAL;1;108,18
202410;1;RR;10069;ITAU;2;38,72
202410;1;RR;52058;NUBANK;5;329,32
202410;1;RR;30379;SANTANDER;2;77,66
202410;1;RS;51750;BANCO SICOOB;1;219,71
202410;1;RS;49906;BB;1;148,58
202410;1;RS;10045;BRADESCO;30;22227,56
202410;1;RS;49944;BTG PACTUAL;11;1603,61
202410;1;RS;51884;INTER;2;278,89
202410;1;RS;10069;ITAU;11;574,60
202410;1;RS;52058;NUBANK;75;5360,19
202410;1;RS;30379;SANTANDER;22;1295,43
202410;1;SC;51750;BANCO SICOOB;1;202,78
202410;1;SC;10045;BRADESCO;9;6049,77
202410;1;SC;49944;BTG PACTUAL;9;1274,04
202410;1;SC;51884;INTER;3;517,98
202410;1;SC;10069;ITAU;2;40,49
202410;1;SC;52058;NUBANK;44;2818,38
202410;1;SC;30379;SANTANDER;10;1043,79
202410;1;SE;10045;BRADESCO;4;2116,86
202410;1;SE;49944;BTG PACTUAL;3;602,25
202410;1;SE;51884;INTER;1;98,48
202410;1;SE;10069;ITAU;1;1,00
202410;1;SE;52058;NUBANK;10;478,96
202410;1;SE;30379;SANTANDER;5;82,95
202410;1;SP;49906;BB;5;494,55
202410;1;SP;30290;BMG;2;404,93
202410;1;SP;10045;BRADESCO;65;22961,32
202410;1;SP;49944;BTG PACTUAL;74;11498,71
202410;1;SP;52072;C6 BANK;3;494,52
202410;1;SP;51884;INTER;9;1311,10
202410;1;SP;10069;ITAU;149;8808,81
202410;1;SP;52058;NUBANK;387;27438,23
202410;1;SP;30379;SANTANDER;154;9414,43
202410;1;TO;10045;BRADESCO;1;7,03
202410;1;TO;49944;BTG PACTUAL;2;253,24
202410;1;TO;52058;NUBANK;9;255,12
202410;1;TO;30379;SANTANDER;2;92,58
202410;2;AC;51011;VOTORANTIM;1;6815,66
202410;2;AL;10045;BRADESCO;2;671,44
202410;2;AM;10045;BRADESCO;2;3277,15
202410;2;AM;49944;BTG PACTUAL;1;1912,32
202410;2;AM;51011;VOTORANTIM;1;9998,99
202410;2;AP;10045;BRADESCO;1;58022,84
202410;2;AP;51011;VOTORANTIM;1;4565,51
202410;2;BA;49906;BB;1;3049,14
202410;2;BA;10045;BRADESCO;13;29286,27
202410;2;BA;52072;C6 BANK;1;670,76
202410;2;BA;51011;VOTORANTIM;3;7506,39
202410;2;CE;10045;BRADESCO;6;34479,16
202410;2;CE;51011;VOTORANTIM;5;10668,38
202410;2;DF;10045;BRADESCO;1;3346,98
202410;2;DF;51011;VOTORANTIM;2;16836,42
202410;2;ES;10045;BRADESCO;2;1958,71
202410;2;ES;51011;VOTORANTIM;3;41207,80
202410;2;GO;10045;BRADESCO;3;12449,64
202410;2;GO;51011;VOTORANTIM;4;10913,42
202410;2;MA;10045;BRADESCO;2;700,86
202410;2;MA;51011;VOTORANTIM;3;6811,88
202410;2;MG;10045;BRADESCO;17;119411,60
202410;2;MG;49944;BTG PACTUAL;1;2328,68
202410;2;MG;52072;C6 BANK;2;363,19
202410;2;MG;30379;SANTANDER;2;155,32
202410;2;MG;51011;VOTORANTIM;15;40380,47
202410;2;MS;10045;BRADESCO;7;63263,86
202410;2;MS;51011;VOTORANTIM;5;24976,02
202410;2;MT;10045;BRADESCO;5;126221,90
202410;2;MT;52072;C6 BANK;1;124,28
202410;2;MT;51011;VOTORANTIM;4;15966,09
202410;2;PA;10045;BRADESCO;3;15818,25
202410;2;PA;51011;VOTORANTIM;3;10050,12
202410;2;PB;49906;BB;1;1476,64
202410;2;PB;10045;BRADESCO;6;31627,01
202410;2;PB;51011;VOTORANTIM;2;7810,40
202410;2;PE;10045;BRADESCO;8;17126,13
202410;2;PE;52072;C6 BANK;1;204,51
202410;2;PE;51011;VOTORANTIM;1;526,93
202410;2;PI;49906;BB;1;4885,76
202410;2;PI;10045;BRADESCO;1;729,89
202410;2;PI;51011;VOTORANTIM;1;1388,91
202410;2;PR;10045;BRADESCO;15;224994,52
202410;2;PR;51011;VOTORANTIM;10;49974,94
202410;2;RJ;10045;BRADESCO;35;319048,49
202410;2;RJ;49944;BTG PACTUAL;3;4596,86
202410;2;RJ;52072;C6 BANK;3;608,14
202410;2;RJ;10069;ITAU;2;274,56
202410;2;RJ;51011;VOTORANTIM;10;24130,66
202410;2;RN;49944;BTG PACTUAL;1;1295,32
202410;2;RN;51011;VOTORANTIM;1;1431,93
202410;2;RO;10045;BRADESCO;3;8528,60
202410;2;RO;51011;VOTORANTIM;1;572,78
202410;2;RS;10045;BRADESCO;16;229599,99
202410;2;RS;30379;SANTANDER;1;579,65
202410;2;RS;51011;VOTORANTIM;6;31934,23
202410;2;SC;10045;BRADESCO;8;434666,19
202410;2;SC;49944;BTG PACTUAL;2;6550,83
202410;2;SC;51011;VOTORANTIM;7;20130,01
202410;2;SE;10045;BRADESCO;2;57549,62
202410;2;SP;10045;BRADESCO;55;466816,04
202410;2;SP;49944;BTG PACTUAL;1;750,76
202410;2;SP;52072;C6 BANK;6;1013,13
202410;2;SP;10069;ITAU;2;262,44
202410;2;SP;30379;SANTANDER;6;114,40
202410;2;SP;51011;VOTORANTIM;44;142092,89
202410;2;TO;10045;BRADESCO;2;2600,79
202410;3;AC;49906;BB;1;122453,86
202410;3;AC;10045;BRADESCO;2;282909,69
202410;3;AC;30379;SANTANDER;4;33325,66
202410;3;AL;49906;BB;1;116672,05
202410;3;AL;10045;BRADESCO;16;1093894,45
202410;3;AL;30379;SANTANDER;4;9596,73
202410;3;AM;49906;BB;5;517694,17
202410;3;AM;10045;BRADESCO;39;2091449,95
202410;3;AM;30379;SANTANDER;11;1008845,65
202410;3;AP;49906;BB;4;419806,62
202410;3;AP;10045;BRADESCO;6;338152,15
202410;3;AP;30379;SANTANDER;1;1259,35
202410;3;BA;49906;BB;15;288982,46
202410;3;BA;10045;BRADESCO;71;3933308,69
202410;3;BA;30379;SANTANDER;62;831713,24
202410;3;CE;49906;BB;7;132725,92
202410;3;CE;7237373;BCO DO NORDESTE DO BRASIL S.A.;1;4467,44
202410;3;CE;10045;BRADESCO;26;1241473,72
202410;3;CE;30379;SANTANDER;12;254904,18
202410;3;DF;49906;BB;3;5779,30
202410;3;DF;10045;BRADESCO;12;1030236,69
202410;3;DF;30379;SANTANDER;24;257917,11
202410;3;ES;10045;BRADESCO;23;1481518,19
202410;3;ES;30379;SANTANDER;13;132716,61
202410;3;GO;49906;BB;7;485706,60
202410;3;GO;10045;BRADESCO;58;6168138,48
202410;3;GO;30379;SANTANDER;31;614534,67
202410;3;MA;49906;BB;17;865928,73
202410;3;MA;10045;BRADESCO;28;1549634,47
202410;3;MA;30379;SANTANDER;19;211569,94
202410;3;MG;49906;BB;17;494090,98
202410;3;MG;10045;BRADESCO;136;8998289,25
202410;3;MG;10069;ITAU;1;9958,20
202410;3;MG;30379;SANTANDER;76;823263,16
202410;3;MS;49906;BB;5;79955,30
202410;3;MS;10045;BRADESCO;28;1586784,39
202410;3;MS;30379;SANTANDER;10;30062,88
202410;3;MT;49906;BB;6;440092,51
202410;3;MT;10045;BRADESCO;39;1974182,16
202410;3;MT;30379;SANTANDER;30;248537,25
202410;3;PA;49906;BB;16;1126539,76
202410;3;PA;10045;BRADESCO;38;3120116,18
202410;3;PA;30379;SANTANDER;10;259471,32
202410;3;PB;49906;BB;6;101641,35
202410;3;PB;10045;BRADESCO;10;531436,44
202410;3;PB;30379;SANTANDER;18;257402,40
202410;3;PE;49906;BB;5;426258,73
202410;3;PE;10045;BRADESCO;39;2732891,36
202410;3;PE;30379;SANTANDER;41;380751,50
202410;3;PI;49906;BB;4;107893,00
202410;3;PI;10045;BRADESCO;6;152739,43
202410;3;PI;30379;SANTANDER;10;274200,96
202410;3;PR;49906;BB;8;300383,45
202410;3;PR;10045;BRADESCO;93;7351255,84
202410;3;PR;30379;SANTANDER;74;1308840,54
202410;3;RJ;49906;BB;3;28630,37
202410;3;RJ;10045;BRADESCO;158;14224183,38
202410;3;RJ;30379;SANTANDER;105;1530033,01
202410;3;RN;49906;BB;8;735680,15
202410;3;RN;7237373;BCO DO NORDESTE DO BRASIL S.A.;1;37893,36
202410;3;RN;10045;BRADESCO;19;1876257,20
202410;3;RN;30379;SANTANDER;5;30338,97
202410;3;RO;10045;BRADESCO;15;744456,85
202410;3;RO;30379;SANTANDER;6;75869,44
202410;3;RR;10045;BRADESCO;3;94216,67
202410;3;RR;30379;SANTANDER;1;2198,15
202410;3;RS;49906;BB;6;238583,24
202410;3;RS;10045;BRADESCO;83;6420328,69
202410;3;RS;30379;SANTANDER;52;778019,76
202410;3;SC;49906;BB;4;345450,88
202410;3;SC;10045;BRADESCO;73;13094816,48
202410;3;SC;30379;SANTANDER;35;219977,88
202410;3;SE;49906;BB;2;227367,61
202410;3;SE;10045;BRADESCO;8;276872,82
202410;3;SE;30379;SANTANDER;2;35508,81
202410;3;SP;49906;BB;28;1341687,57
202410;3;SP;10045;BRADESCO;580;44074947,95
202410;3;SP;30379;SANTANDER;470;5970700,32
202410;3;TO;49906;BB;2;5300,87
202410;3;TO;10045;BRADESCO;13;1314576,73
202410;3;TO;30379;SANTANDER;5;377082,28
202411;1;AC;49906;BB;3;136,69
202411;1;AC;49944;BTG PACTUAL;2;303,66
202411;1;AC;51626;CAIXA ECONÔMICA FEDERAL;772;866555,26
202411;1;AC;10069;ITAU;1;255,83
202411;1;AC;52058;NUBANK;2;260,62
202411;1;AC;30379;SANTANDER;1;27,52
202411;1;AL;49944;BTG PACTUAL;1;200,88
202411;1;AL;51626;CAIXA ECONÔMICA FEDERAL;2355;2333693,45
202411;1;AL;10069;ITAU;3;748,34
202411;1;AL;52058;NUBANK;3;241,62
202411;1;AL;30379;SANTANDER;6;923,49
202411;1;AM;10045;BRADESCO;5;212,08
202411;1;AM;49944;BTG PACTUAL;2;328,46
202411;1;AM;51626;CAIXA ECONÔMICA FEDERAL;4447;5287718,54
202411;1;AM;51884;INTER;1;83,35
202411;1;AM;10069;ITAU;17;1044,80
202411;1;AM;52058;NUBANK;7;1082,48
202411;1;AM;30379;SANTANDER;21;4066,13
202411;1;AP;51626;CAIXA ECONÔMICA FEDERAL;394;397302,27
202411;1;AP;52058;NUBANK;3;276,34
202411;1;AP;30379;SANTANDER;2;1125,63
202411;1;BA;49906;BB;2;283,80
202411;1;BA;10045;BRADESCO;47;21487,27
202411;1;BA;49944;BTG PACTUAL;10;1397,04
202411;1;BA;51626;CAIXA ECONÔMICA FEDERAL;8800;9231932,50
202411;1;BA;51884;INTER;4;353,97
202411;1;BA;10069;ITAU;21;1968,80
202411;1;BA;52058;NUBANK;19;2291,30
202411;1;BA;30379;SANTANDER;47;9726,68
202411;1;BA;73398646;SOC CC SICOOB COOPERE;1;383,17
202411;1;CE;49906;BB;2;268,55
202411;1;CE;10045;BRADESCO;27;11691,30
202411;1;CE;49944;BTG PACTUAL;6;632,41
202411;1;CE;51626;CAIXA ECONÔMICA FEDERAL;6826;6851598,92
202411;1;CE;51884;INTER;3;443,57
202411;1;CE;10069;ITAU;11;1188,14
202411;1;CE;52058;NUBANK;21;2828,68
202411;1;CE;30379;SANTANDER;40;11481,67
202411;1;DF;10045;BRADESCO;4;243,42
202411;1;DF;31976;BRB;1;174,03
202411;1;DF;49944;BTG PACTUAL;3;482,38
202411;1;DF;51626;CAIXA ECONÔMICA FEDERAL;2545;2943571,76
202411;1;DF;51884;INTER;1;201,05
202411;1;DF;10069;ITAU;7;501,17
202411;1;DF;52058;NUBANK;2;210,29
202411;1;DF;30379;SANTANDER;13;3299,23
202411;1;ES;51750;BANCO SICOOB;1;216,94
202411;1;ES;10045;BRADESCO;7;3062,34
202411;1;ES;49944;BTG PACTUAL;4;556,97
202411;1;ES;51626;CAIXA ECONÔMICA FEDERAL;2497;2926256,72
202411;1;ES;10069;ITAU;3;539,45
202411;1;ES;52058;NUBANK;4;402,91
202411;1;ES;30379;SANTANDER;8;4179,92
202411;1;GO;51750;BANCO SICOOB;1;20,10
202411;1;GO;10045;BRADESCO;4;533,42
202411;1;GO;49944;BTG PACTUAL;4;462,26
202411;1;GO;52072;C6 BANK;1;159,95
202411;1;GO;51626;CAIXA ECONÔMICA FEDERAL;3671;3787734,97
202411;1;GO;10069;ITAU;14;1907,03
202411;1;GO;52058;NUBANK;12;1369,97
202411;1;GO;30379;SANTANDER;24;7718,40
202411;1;MA;51750;BANCO SICOOB;1;252,01
202411;1;MA;49906;BB;2;104,00
202411;1;MA;10045;BRADESCO;3;1304,70
202411;1;MA;51626;CAIXA ECONÔMICA FEDERAL;2699;2654081,72
202411;1;MA;51884;INTER;2;403,46
202411;1;MA;10069;ITAU;2;8,05
202411;1;MA;52058;NUBANK;6;912,17
202411;1;MA;30379;SANTANDER;20;10714,55
202411;1;MG;51750;BANCO SICOOB;1;213,66
202411;1;MG;49906;BB;2;265,45
202411;1;MG;10045;BRADESCO;32;31950,17
202411;1;MG;49944;BTG PACTUAL;10;1501,91
202411;1;MG;52072;C6 BANK;2;275,33
202411;1;MG;51626;CAIXA ECONÔMICA FEDERAL;15407;18332076,63
202411;1;MG;51884;INTER;6;747,32
202411;1;MG;10069;ITAU;37;4056,77
202411;1;MG;52058;NUBANK;27;2847,18
202411;1;MG;30379;SANTANDER;55;11365,20
202411;1;MS;10045;BRADESCO;5;98,89
202411;1;MS;49944;BTG PACTUAL;3;500,13
202411;1;MS;51626;CAIXA ECONÔMICA FEDERAL;3217;3709671,61
202411;1;MS;10069;ITAU;3;225,68
202411;1;MS;52058;NUBANK;7;769,80
202411;1;MS;30379;SANTANDER;13;1930,89
202411;1;MT;10045;BRADESCO;16;6659,50
202411;1;MT;51626;CAIXA ECONÔMICA FEDERAL;2162;3106866,93
202411;1;MT;10069;ITAU;5;996,59
202411;1;MT;52058;NUBANK;7;862,30
202411;1;MT;30379;SANTANDER;7;2936,61
202411;1;PA;49906;BB;1;0,03
202411;1;PA;10045;BRADESCO;6;1730,56
202411;1;PA;49944;BTG PACTUAL;3;443,15
202411;1;PA;52072;C6 BANK;1;201,17
202411;1;PA;51626;CAIXA ECONÔMICA FEDERAL;3881;3555552,21
202411;1;PA;51884;INTER;1;203,24
202411;1;PA;10069;ITAU;8;598,61
202411;1;PA;52058;NUBANK;15;1831,96
202411;1;PA;30379;SANTANDER;21;5711,62
202411;1;PB;49906;BB;1;200,25
202411;1;PB;10045;BRADESCO;3;376,27
202411;1;PB;49944;BTG PACTUAL;4;443,55
202411;1;PB;51626;CAIXA ECONÔMICA FEDERAL;3055;3082814,54
202411;1;PB;51884;INTER;1;201,23
202411;1;PB;52058;NUBANK;7;893,97
202411;1;PB;30379;SANTANDER;10;6957,71
202411;1;PE;30290;BMG;1;203,56
202411;1;PE;10045;BRADESCO;18;4654,37
202411;1;PE;49944;BTG PACTUAL;4;431,96
202411;1;PE;52072;C6 BANK;1;98,96
202411;1;PE;51626;CAIXA ECONÔMICA FEDERAL;6617;6733329,76
202411;1;PE;51884;INTER;1;50,62
202411;1;PE;10069;ITAU;13;1287,79
202411;1;PE;52058;NUBANK;12;1470,01
202411;1;PE;30379;SANTANDER;38;7179,34
202411;1;PI;51626;CAIXA ECONÔMICA FEDERAL;2326;2513067,85
202411;1;PI;10069;ITAU;1;1,30
202411;1;PI;52058;NUBANK;12;1454,90
202411;1;PI;30379;SANTANDER;9;3031,35
202411;1;PR;51750;BANCO SICOOB;1;53,76
202411;1;PR;10045;BRADESCO;7;2138,23
202411;1;PR;49944;BTG PACTUAL;5;651,78
202411;1;PR;52072;C6 BANK;1;161,89
202411;1;PR;51626;CAIXA ECONÔMICA FEDERAL;6873;7729027,51
202411;1;PR;51884;INTER;2;218,22
202411;1;PR;10069;ITAU;19;2769,98
202411;1;PR;52058;NUBANK;18;2004,37
202411;1;PR;30379;SANTANDER;38;6600,81
202411;1;RJ;49906;BB;2;78,14
202411;1;RJ;30290;BMG;1;202,14
202411;1;RJ;10045;BRADESCO;23;3276,58
202411;1;RJ;49944;BTG PACTUAL;16;2067,81
202411;1;RJ;52072;C6 BANK;3;643,29
202411;1;RJ;51626;CAIXA ECONÔMICA FEDERAL;15268;15435948,06
202411;1;RJ;51884;INTER;2;161,59
202411;1;RJ;10069;ITAU;70;3843,57
202411;1;RJ;52058;NUBANK;42;4387,78
202411;1;RJ;30379;SANTANDER;131;51889,09
202411;1;RN;49906;BB;1;33,62
202411;1;RN;10045;BRADESCO;3;287,24
202411;1;RN;49944;BTG PACTUAL;3;455,31
202411;1;RN;51626;CAIXA ECONÔMICA FEDERAL;2306;2387346,14
202411;1;RN;51884;INTER;2;301,99
202411;1;RN;10069;ITAU;2;27,44
202411;1;RN;52058;NUBANK;6;607,51
202411;1;RN;30379;SANTANDER;7;1384,22
202411;1;RO;10045;BRADESCO;3;3153,04
202411;1;RO;51626;CAIXA ECONÔMICA FEDERAL;1753;2165984,76
202411;1;RO;51884;INTER;1;98,64
202411;1;RO;52058;NUBANK;5;716,31
202411;1;RO;30379;SANTANDER;8;874,33
202411;1;RR;49944;BTG PACTUAL;1;100,30
202411;1;RR;51626;CAIXA ECONÔMICA FEDERAL;428;459136,28
202411;1;RR;10069;ITAU;2;108,56
202411;1;RR;30379;SANTANDER;1;1345,02
202411;1;RS;49906;BB;1;50,92
202411;1;RS;10045;BRADESCO;50;35389,72
202411;1;RS;49944;BTG PACTUAL;2;351,05
202411;1;RS;51626;CAIXA ECONÔMICA FEDERAL;9063;9917332,37
202411;1;RS;51884;INTER;1;148,29
202411;1;RS;10069;ITAU;16;1815,44
202411;1;RS;52058;NUBANK;24;2436,61
202411;1;RS;30379;SANTANDER;45;11308,72
202411;1;SC;10045;BRADESCO;6;847,71
202411;1;SC;49944;BTG PACTUAL;3;384,21
202411;1;SC;51626;CAIXA ECONÔMICA FEDERAL;4100;5233974,67
202411;1;SC;10069;ITAU;8;264,18
202411;1;SC;52058;NUBANK;6;769,19
202411;1;SC;30379;SANTANDER;22;3894,16
202411;1;SE;49906;BB;1;110,05
202411;1;SE;10045;BRADESCO;1;14,28
202411;1;SE;49944;BTG PACTUAL;1;197,40
202411;1;SE;51626;CAIXA ECONÔMICA FEDERAL;1551;1633327,09
202411;1;SE;51884;INTER;1;50,67
202411;1;SE;10069;ITAU;2;12,82
202411;1;SE;52058;NUBANK;2;263,57
202411;1;SE;30379;SANTANDER;2;114,34
202411;1;SP;49906;BB;5;314,41
202411;1;SP;30290;BMG;2;403,55
202411;1;SP;10045;BRADESCO;53;13289,77
202411;1;SP;49944;BTG PACTUAL;46;6168,75
202411;1;SP;52072;C6 BANK;4;637,91
202411;1;SP;51626;CAIXA ECONÔMICA FEDERAL;30090;32350435,50
202411;1;SP;51884;INTER;11;1656,13
202411;1;SP;10069;ITAU;160;11981,98
202411;1;SP;52058;NUBANK;68;7543,63
202411;1;SP;30379;SANTANDER;256;59861,15
202411;1;TO;49906;BB;1;98,19
202411;1;TO;51626;CAIXA ECONÔMICA FEDERAL;578;627977,69
202411;1;TO;51884;INTER;1;51,36
202411;1;TO;10069;ITAU;1;25,05
202411;1;TO;52058;NUBANK;2;197,26
202411;1;TO;30379;SANTANDER;3;138,68
202411;2;AC;52072;C6 BANK;1;209,60
202411;2;AL;30173;BANRISUL;1;675,09
202411;2;AL;10045;BRADESCO;1;644,02
202411;2;AL;30379;SANTANDER;2;10773,15
202411;2;AM;30173;BANRISUL;1;785,05
202411;2;AM;10045;BRADESCO;1;1376,46
202411;2;AP;30173;BANRISUL;1;3679,36
202411;2;AP;51011;VOTORANTIM;1;4712,42
202411;2;BA;30173;BANRISUL;3;4278,78
202411;2;BA;49906;BB;1;180,64
202411;2;BA;10045;BRADESCO;14;148413,28
202411;2;BA;52072;C6 BANK;4;2604,45
202411;2;BA;51011;VOTORANTIM;4;18501,70
202411;2;CE;30173;BANRISUL;3;4692,33
202411;2;CE;10045;BRADESCO;11;102004,43
202411;2;CE;51011;VOTORANTIM;1;481,08
202411;2;DF;30173;BANRISUL;6;27492,46
202411;2;DF;51011;VOTORANTIM;2;10221,93
202411;2;ES;10045;BRADESCO;2;26419,25
202411;2;ES;51011;VOTORANTIM;1;979,21
202411;2;GO;30173;BANRISUL;3;29088,52
202411;2;GO;10045;BRADESCO;4;11546,95
202411;2;GO;10069;ITAU;1;88,80
202411;2;MA;10045;BRADESCO;4;95392,11
202411;2;MA;51011;VOTORANTIM;2;2389,02
202411;2;MG;30173;BANRISUL;5;7611,72
202411;2;MG;10045;BRADESCO;14;164910,17
202411;2;MG;52072;C6 BANK;2;402,60
202411;2;MG;51011;VOTORANTIM;6;16306,73
202411;2;MS;30173;BANRISUL;3;6104,64
202411;2;MS;10045;BRADESCO;4;12296,02
202411;2;MS;51011;VOTORANTIM;5;18997,49
202411;2;MT;30173;BANRISUL;3;34589,98
202411;2;MT;10045;BRADESCO;5;86481,82
202411;2;MT;51011;VOTORANTIM;1;528,79
202411;2;PA;30173;BANRISUL;5;9043,07
202411;2;PA;10045;BRADESCO;5;53178,11
202411;2;PA;51011;VOTORANTIM;1;20063,93
202411;2;PB;30173;BANRISUL;1;1139,22
202411;2;PB;10045;BRADESCO;2;17652,80
202411;2;PB;51011;VOTORANTIM;1;1961,23
202411;2;PE;30173;BANRISUL;1;977,32
202411;2;PE;10045;BRADESCO;8;60020,95
202411;2;PE;51011;VOTORANTIM;1;753,35
202411;2;PI;30173;BANRISUL;2;2998,55
202411;2;PI;10069;ITAU;1;35,89
202411;2;PR;30173;BANRISUL;12;24720,40
202411;2;PR;10045;BRADESCO;8;37700,10
202411;2;PR;52072;C6 BANK;2;404,12
202411;2;PR;51011;VOTORANTIM;9;21294,67
202411;2;RJ;30173;BANRISUL;11;51318,35
202411;2;RJ;49906;BB;1;9267,42
202411;2;RJ;10045;BRADESCO;14;90216,64
202411;2;RJ;52072;C6 BANK;1;129,72
202411;2;RJ;10069;ITAU;1;54,99
202411;2;RJ;51011;VOTORANTIM;8;21915,64
202411;2;RN;30173;BANRISUL;1;7444,94
202411;2;RN;10045;BRADESCO;2;39403,91
202411;2;RN;52072;C6 BANK;1;217,21
202411;2;RN;51011;VOTORANTIM;3;20356,28
202411;2;RO;30173;BANRISUL;1;1768,85
202411;2;RO;10045;BRADESCO;2;30226,97
202411;2;RR;30173;BANRISUL;3;1574,18
202411;2;RS;30173;BANRISUL;4415;18628806,39
202411;2;RS;10045;BRADESCO;10;77733,11
202411;2;RS;52072;C6 BANK;1;200,24
202411;2;RS;51011;VOTORANTIM;4;8621,14
202411;2;SC;30173;BANRISUL;193;762717,94
202411;2;SC;10045;BRADESCO;9;61433,33
202411;2;SC;51011;VOTORANTIM;4;3404,39
202411;2;SE;30173;BANRISUL;1;21397,96
202411;2;SE;51011;VOTORANTIM;1;2707,56
202411;2;SP;30173;BANRISUL;22;93532,36
202411;2;SP;49906;BB;1;282,31
202411;2;SP;10045;BRADESCO;42;246484,46
202411;2;SP;52072;C6 BANK;6;1969,04
202411;2;SP;51626;CAIXA ECONÔMICA FEDERAL;1;180,63
202411;2;SP;10069;ITAU;7;6018,51
202411;2;SP;30379;SANTANDER;2;128,94
202411;2;SP;51011;VOTORANTIM;39;101150,25
202411;2;TO;51011;VOTORANTIM;1;2343,99
202411;3;AC;49906;BB;3;127960,93
202411;3;AC;10069;ITAU;1;3578,79
202411;3;AC;30379;SANTANDER;7;42597,17
202411;3;AL;49906;BB;2;120893,24
202411;3;AL;10045;BRADESCO;5;175582,34
202411;3;AL;10069;ITAU;7;43107,26
202411;3;AL;30379;SANTANDER;19;138766,20
202411;3;AM;49906;BB;3;157251,81
202411;3;AM;10045;BRADESCO;14;924772,74
202411;3;AM;10069;ITAU;14;53234,10
202411;3;AM;30379;SANTANDER;18;265114,57
202411;3;AP;49906;BB;2;6800,70
202411;3;AP;10045;BRADESCO;1;35277,88
202411;3;AP;10069;ITAU;1;1812,23
202411;3;AP;30379;SANTANDER;13;207073,08
202411;3;BA;49906;BB;12;503253,87
202411;3;BA;10045;BRADESCO;12;1081734,72
202411;3;BA;10069;ITAU;45;218952,10
202411;3;BA;30379;SANTANDER;75;1062006,43
202411;3;CE;49906;BB;7;135691,82
202411;3;CE;7237373;BCO DO NORDESTE DO BRASIL S.A.;2;36370,31
202411;3;CE;10045;BRADESCO;13;888516,14
202411;3;CE;10069;ITAU;36;113871,96
202411;3;CE;30379;SANTANDER;29;254273,40
202411;3;DF;49906;BB;5;109307,86
202411;3;DF;10045;BRADESCO;2;192706,13
202411;3;DF;10069;ITAU;25;175926,69
202411;3;DF;30379;SANTANDER;29;345086,60
202411;3;ES;49906;BB;2;45289,54
202411;3;ES;10045;BRADESCO;6;449107,87
202411;3;ES;10069;ITAU;14;43733,42
202411;3;ES;30379;SANTANDER;31;169673,99
202411;3;GO;49906;BB;7;108477,50
202411;3;GO;10045;BRADESCO;13;2217200,54
202411;3;GO;10069;ITAU;61;351876,44
202411;3;GO;30379;SANTANDER;52;489203,96
202411;3;MA;49906;BB;12;413513,88
202411;3;MA;7237373;BCO DO NORDESTE DO BRASIL S.A.;2;11877,30
202411;3;MA;10045;BRADESCO;12;969977,13
202411;3;MA;10069;ITAU;15;110606,74
202411;3;MA;30379;SANTANDER;21;322006,51
202411;3;MG;49906;BB;15;525783,46
202411;3;MG;7237373;BCO DO NORDESTE DO BRASIL S.A.;6;78533,57
202411;3;MG;10045;BRADESCO;29;1367427,69
202411;3;MG;10069;ITAU;87;484222,69
202411;3;MG;30379;SANTANDER;103;1707956,07
202411;3;MS;49906;BB;9;751020,82
202411;3;MS;10045;BRADESCO;8;570986,90
202411;3;MS;10069;ITAU;2;560,65
202411;3;MS;30379;SANTANDER;35;561854,93
202411;3;MT;49906;BB;5;290974,95
202411;3;MT;10045;BRADESCO;3;54261,49
202411;3;MT;10069;ITAU;27;113677,88
202411;3;MT;30379;SANTANDER;23;612771,63
202411;3;PA;49906;BB;14;693656,02
202411;3;PA;10045;BRADESCO;8;632741,85
202411;3;PA;10069;ITAU;19;198020,75
202411;3;PA;30379;SANTANDER;25;333389,72
202411;3;PB;49906;BB;2;17500,66
202411;3;PB;7237373;BCO DO NORDESTE DO BRASIL S.A.;2;11908,38
202411;3;PB;10045;BRADESCO;5;80336,43
202411;3;PB;10069;ITAU;3;32261,58
202411;3;PB;30379;SANTANDER;16;331921,75
202411;3;PE;49906;BB;4;67443,21
202411;3;PE;10045;BRADESCO;12;528988,41
202411;3;PE;10069;ITAU;21;155627,30
202411;3;PE;30379;SANTANDER;85;1540315,86
202411;3;PI;49906;BB;10;351212,76
202411;3;PI;7237373;BCO DO NORDESTE DO BRASIL S.A.;3;27241,88
202411;3;PI;10045;BRADESCO;4;330073,43
202411;3;PI;10069;ITAU;8;18213,01
202411;3;PI;30379;SANTANDER;7;101731,34
202411;3;PR;49906;BB;18;658613,45
202411;3;PR;10045;BRADESCO;16;881250,06
202411;3;PR;10069;ITAU;79;446444,45
202411;3;PR;30379;SANTANDER;94;922093,59
202411;3;RJ;49906;BB;5;103300,54
202411;3;RJ;10045;BRADESCO;38;3958609,53
202411;3;RJ;10069;ITAU;202;1351518,75
202411;3;RJ;30379;SANTANDER;162;1745178,43
202411;3;RN;49906;BB;4;35539,23
202411;3;RN;7237373;BCO DO NORDESTE DO BRASIL S.A.;1;6167,00
202411;3;RN;10045;BRADESCO;2;100120,97
202411;3;RN;10069;ITAU;21;151570,85
202411;3;RN;30379;SANTANDER;23;207579,58
202411;3;RO;10045;BRADESCO;3;7287,23
202411;3;RO;10069;ITAU;1;265,26
202411;3;RO;30379;SANTANDER;3;57175,92
202411;3;RR;49906;BB;2;35501,20
202411;3;RR;10045;BRADESCO;1;149908,76
202411;3;RR;10069;ITAU;4;26843,10
202411;3;RR;30379;SANTANDER;3;4415,01
202411;3;RS;49906;BB;3;76514,68
202411;3;RS;10045;BRADESCO;5;431107,48
202411;3;RS;10069;ITAU;34;457793,96
202411;3;RS;30379;SANTANDER;71;1099298,16
202411;3;SC;49906;BB;13;591623,50
202411;3;SC;10045;BRADESCO;7;675982,91
202411;3;SC;10069;ITAU;18;244300,07
202411;3;SC;30379;SANTANDER;41;596398,23
202411;3;SE;49906;BB;1;998,71
202411;3;SE;10045;BRADESCO;1;4133,42
202411;3;SE;10069;ITAU;3;18580,86
202411;3;SE;30379;SANTANDER;9;114599,84
202411;3;SP;49906;BB;24;846859,00
202411;3;SP;10045;BRADESCO;157;11981271,45
202411;3;SP;10069;ITAU;551;5368528,32
202411;3;SP;30379;SANTANDER;687;8641821,51
202411;3;TO;49906;BB;4;107583,69
202411;3;TO;10045;BRADESCO;1;18159,08
202411;3;TO;10069;ITAU;10;31304,01
202411;3;TO;30379;SANTANDER;17;683210,06
202412;1;AC;30173;BANRISUL;1;919,06
202412;1;AC;49906;BB;2;34,84
202412;1;AC;51884;INTER;1;121,41
202412;1;AC;52058;NUBANK;271;11757,31
202412;1;AL;30173;BANRISUL;2;5297,36
202412;1;AL;51884;INTER;1;103,94
202412;1;AL;10069;ITAU;7;628,47
202412;1;AL;52058;NUBANK;723;25431,46
202412;1;AL;30379;SANTANDER;9;2997,14
202412;1;AM;30173;BANRISUL;7;17398,76
202412;1;AM;10045;BRADESCO;8;468,34
202412;1;AM;49944;BTG PACTUAL;2;360,92
202412;1;AM;51626;CAIXA ECONÔMICA FEDERAL;1;69,75
202412;1;AM;51884;INTER;1;200,20
202412;1;AM;10069;ITAU;12;1445,66
202412;1;AM;52058;NUBANK;1693;69132,89
202412;1;AM;30379;SANTANDER;16;3744,71
202412;1;AP;30173;BANRISUL;2;5070,72
202412;1;AP;10045;BRADESCO;2;535,57
202412;1;AP;51884;INTER;1;136,30
202412;1;AP;10069;ITAU;2;347,03
202412;1;AP;52058;NUBANK;173;4778,81
202412;1;AP;30379;SANTANDER;2;332,65
202412;1;BA;30173;BANRISUL;22;28961,35
202412;1;BA;49906;BB;1;27,07
202412;1;BA;10045;BRADESCO;9;563,57
202412;1;BA;49944;BTG PACTUAL;6;757,79
202412;1;BA;52072;C6 BANK;1;283,72
202412;1;BA;51626;CAIXA ECONÔMICA FEDERAL;3;507,09
202412;1;BA;10069;ITAU;21;1181,37
202412;1;BA;52058;NUBANK;2958;106445,37
202412;1;BA;30379;SANTANDER;26;11254,43
202412;1;CE;30173;BANRISUL;17;20578,97
202412;1;CE;10045;BRADESCO;7;3345,15
202412;1;CE;49944;BTG PACTUAL;6;663,37
202412;1;CE;51626;CAIXA ECONÔMICA FEDERAL;1;200,37
202412;1;CE;51884;INTER;4;504,71
202412;1;CE;10069;ITAU;9;512,95
202412;1;CE;52058;NUBANK;2746;98185,97
202412;1;CE;30379;SANTANDER;25;9483,21
202412;1;DF;30173;BANRISUL;9;15546,76
202412;1;DF;30290;BMG;1;202,86
202412;1;DF;10045;BRADESCO;2;79,82
202412;1;DF;49944;BTG PACTUAL;3;211,03
202412;1;DF;10069;ITAU;7;756,53
202412;1;DF;52058;NUBANK;1232;45508,18
202412;1;DF;30379;SANTANDER;10;2887,22
202412;1;ES;30173;BANRISUL;6;14723,80
202412;1;ES;51884;INTER;1;115,95
202412;1;ES;10069;ITAU;8;980,87
202412;1;ES;52058;NUBANK;895;34741,22
202412;1;ES;30379;SANTANDER;13;9609,98
202412;1;GO;30173;BANRISUL;11;20917,48
202412;1;GO;49906;BB;1;22,28
202412;1;GO;10045;BRADESCO;5;146,51
202412;1;GO;49944;BTG PACTUAL;4;638,18
202412;1;GO;51884;INTER;2;258,55
202412;1;GO;10069;ITAU;8;629,40
202412;1;GO;52058;NUBANK;1658;57536,55
202412;1;GO;30379;SANTANDER;16;3380,18
202412;1;MA;30173;BANRISUL;6;8324,66
202412;1;MA;49906;BB;2;320,65
202412;1;MA;10045;BRADESCO;2;261,43
202412;1;MA;49944;BTG PACTUAL;4;549,20
202412;1;MA;51626;CAIXA ECONÔMICA FEDERAL;3;603,54
202412;1;MA;10069;ITAU;7;309,34
202412;1;MA;52058;NUBANK;1132;38622,87
202412;1;MA;30379;SANTANDER;4;1473,14
202412;1;MG;51750;BANCO SICOOB;2;391,36
202412;1;MG;30173;BANRISUL;26;47133,57
202412;1;MG;49906;BB;2;70,05
202412;1;MG;10045;BRADESCO;10;1125,14
202412;1;MG;49944;BTG PACTUAL;15;2253,61
202412;1;MG;52072;C6 BANK;3;501,77
202412;1;MG;51626;CAIXA ECONÔMICA FEDERAL;2;303,87
202412;1;MG;51884;INTER;2;208,38
202412;1;MG;10069;ITAU;49;3619,39
202412;1;MG;52058;NUBANK;4671;180054,99
202412;1;MG;30379;SANTANDER;37;10405,75
202412;1;MS;30173;BANRISUL;2;4477,34
202412;1;MS;10045;BRADESCO;3;101,59
202412;1;MS;49944;BTG PACTUAL;3;419,95
202412;1;MS;52072;C6 BANK;2;89,42
202412;1;MS;10069;ITAU;5;1768,12
202412;1;MS;52058;NUBANK;1083;37260,90
202412;1;MS;30379;SANTANDER;7;893,83
202412;1;MT;30173;BANRISUL;5;15732,73
202412;1;MT;49906;BB;1;37,88
202412;1;MT;10045;BRADESCO;1;12,49
202412;1;MT;49944;BTG PACTUAL;2;368,26
202412;1;MT;10069;ITAU;4;605,89
202412;1;MT;52058;NUBANK;964;43504,13
202412;1;MT;30379;SANTANDER;7;2851,25
202412;1;PA;30173;BANRISUL;7;13259,19
202412;1;PA;49906;BB;1;207,56
202412;1;PA;10045;BRADESCO;2;110,47
202412;1;PA;49944;BTG PACTUAL;2;245,49
202412;1;PA;51884;INTER;1;105,29
202412;1;PA;10069;ITAU;6;523,13
202412;1;PA;52058;NUBANK;1855;60064,60
202412;1;PA;30379;SANTANDER;15;4471,14
202412;1;PB;30173;BANRISUL;3;2743,68
202412;1;PB;49906;BB;1;102,22
202412;1;PB;30290;BMG;1;202,52
202412;1;PB;10045;BRADESCO;2;311,58
202412;1;PB;49944;BTG PACTUAL;1;200,01
202412;1;PB;51884;INTER;1;135,41
202412;1;PB;10069;ITAU;3;261,95
202412;1;PB;52058;NUBANK;942;35819,94
202412;1;PB;30379;SANTANDER;8;1649,52
202412;1;PE;30173;BANRISUL;13;19884,57
202412;1;PE;49906;BB;2;240,10
202412;1;PE;10045;BRADESCO;1;25,75
202412;1;PE;49944;BTG PACTUAL;2;363,75
202412;1;PE;52072;C6 BANK;1;345,87
202412;1;PE;51626;CAIXA ECONÔMICA FEDERAL;2;402,96
202412;1;PE;10069;ITAU;11;1644,14
202412;1;PE;52058;NUBANK;2222;72749,90
202412;1;PE;30379;SANTANDER;18;8267,85
202412;1;PI;30173;BANRISUL;4;3524,50
202412;1;PI;49906;BB;1;164,37
202412;1;PI;51884;INTER;1;167,42
202412;1;PI;10069;ITAU;3;214,12
202412;1;PI;52058;NUBANK;862;37414,88
202412;1;PI;30379;SANTANDER;4;1012,73
202412;1;PR;30173;BANRISUL;10;15297,42
202412;1;PR;10045;BRADESCO;10;1435,77
202412;1;PR;49944;BTG PACTUAL;6;822,86
202412;1;PR;51626;CAIXA ECONÔMICA FEDERAL;3;605,64
202412;1;PR;51884;INTER;3;498,44
202412;1;PR;10069;ITAU;22;3378,31
202412;1;PR;52058;NUBANK;2657;97930,59
202412;1;PR;30379;SANTANDER;22;3978,46
202412;1;RJ;30173;BANRISUL;24;25546,09
202412;1;RJ;49906;BB;2;171,18
202412;1;RJ;10045;BRADESCO;16;2047,47
202412;1;RJ;49944;BTG PACTUAL;11;1516,98
202412;1;RJ;52072;C6 BANK;1;111,29
202412;1;RJ;51626;CAIXA ECONÔMICA FEDERAL;2;307,64
202412;1;RJ;51884;INTER;4;502,11
202412;1;RJ;10069;ITAU;60;4050,28
202412;1;RJ;52058;NUBANK;6051;199117,74
202412;1;RJ;30379;SANTANDER;91;30455,81
202412;1;RN;30173;BANRISUL;7;9828,54
202412;1;RN;10045;BRADESCO;1;81,57
202412;1;RN;10069;ITAU;1;7,37
202412;1;RN;52058;NUBANK;925;33222,39
202412;1;RN;30379;SANTANDER;7;5159,63
202412;1;RO;30173;BANRISUL;2;5106,25
202412;1;RO;49906;BB;1;200,67
202412;1;RO;10045;BRADESCO;1;476,29
202412;1;RO;10069;ITAU;4;1221,64
202412;1;RO;52058;NUBANK;746;30342,17
202412;1;RO;30379;SANTANDER;6;5227,91
202412;1;RR;30173;BANRISUL;1;357,23
202412;1;RR;49944;BTG PACTUAL;1;98,70
202412;1;RR;52058;NUBANK;204;6950,86
202412;1;RR;30379;SANTANDER;2;212,42
202412;1;RS;30173;BANRISUL;304;330866,17
202412;1;RS;10045;BRADESCO;5;225,66
202412;1;RS;49944;BTG PACTUAL;6;778,81
202412;1;RS;51884;INTER;1;199,55
202412;1;RS;10069;ITAU;12;2297,02
202412;1;RS;52058;NUBANK;2387;83331,02
202412;1;RS;30379;SANTANDER;26;6561,47
202412;1;SC;30173;BANRISUL;14;20025,50
202412;1;SC;49906;BB;1;107,77
202412;1;SC;10045;BRADESCO;2;316,74
202412;1;SC;49944;BTG PACTUAL;3;529,66
202412;1;SC;51626;CAIXA ECONÔMICA FEDERAL;1;204,16
202412;1;SC;51884;INTER;2;167,48
202412;1;SC;10069;ITAU;11;1916,74
202412;1;SC;52058;NUBANK;1559;61954,80
202412;1;SC;30379;SANTANDER;10;2431,88
202412;1;SE;30173;BANRISUL;4;2818,61
202412;1;SE;10045;BRADESCO;1;601,03
202412;1;SE;49944;BTG PACTUAL;1;125,94
202412;1;SE;51884;INTER;1;185,81
202412;1;SE;52058;NUBANK;507;16940,23
202412;1;SE;30379;SANTANDER;3;318,99
202412;1;SP;30173;BANRISUL;67;111309,05
202412;1;SP;49906;BB;4;420,01
202412;1;SP;30290;BMG;1;201,10
202412;1;SP;10045;BRADESCO;35;4288,31
202412;1;SP;49944;BTG PACTUAL;31;3985,87
202412;1;SP;52072;C6 BANK;7;1028,25
202412;1;SP;51626;CAIXA ECONÔMICA FEDERAL;3;535,19
202412;1;SP;51884;INTER;6;577,29
202412;1;SP;10069;ITAU;166;14184,58
202412;1;SP;52058;NUBANK;14858;518308,82
202412;1;SP;30379;SANTANDER;212;66592,99
202412;1;TO;10069;ITAU;1;207,80
202412;1;TO;52058;NUBANK;312;10528,07
202412;1;TO;30379;SANTANDER;1;16,18
202412;2;AL;51011;VOTORANTIM;2;1523,85
202412;2;AM;10045;BRADESCO;1;13025,19
202412;2;AM;51011;VOTORANTIM;2;4390,88
202412;2;BA;49906;BB;2;4434,40
202412;2;BA;10045;BRADESCO;1;2835,05
202412;2;BA;52072;C6 BANK;3;975,63
202412;2;BA;51011;VOTORANTIM;1;1080,64
202412;2;CE;10045;BRADESCO;2;4664,77
202412;2;CE;51011;VOTORANTIM;5;14486,60
202412;2;DF;10045;BRADESCO;2;5713,98
202412;2;ES;51011;VOTORANTIM;1;490,67
202412;2;GO;10045;BRADESCO;2;68993,70
202412;2;GO;52072;C6 BANK;1;288,98
202412;2;GO;10069;ITAU;1;108,18
202412;2;GO;51011;VOTORANTIM;4;9058,19
202412;2;MA;10045;BRADESCO;1;1297,75
202412;2;MG;10045;BRADESCO;7;23569,42
202412;2;MG;51011;VOTORANTIM;8;24167,59
202412;2;MS;49906;BB;1;1380,19
202412;2;MS;10045;BRADESCO;2;5013,61
202412;2;MS;51011;VOTORANTIM;3;3091,65
202412;2;MT;49906;BB;1;24822,90
202412;2;MT;51011;VOTORANTIM;2;957,74
202412;2;PA;10045;BRADESCO;3;10785,17
202412;2;PA;52072;C6 BANK;1;109,15
202412;2;PA;30379;SANTANDER;3;65,12
202412;2;PA;51011;VOTORANTIM;4;20887,70
202412;2;PB;7237373;BCO DO NORDESTE DO BRASIL S.A.;1;3292,14
202412;2;PB;10045;BRADESCO;3;7961,69
202412;2;PB;51011;VOTORANTIM;1;321,09
202412;2;PE;10045;BRADESCO;2;5589,12
202412;2;PE;51011;VOTORANTIM;3;4353,03
202412;2;PI;49906;BB;1;3719,39
202412;2;PI;10069;ITAU;1;21,79
202412;2;PI;51011;VOTORANTIM;3;3946,79
202412;2;PR;10045;BRADESCO;4;12961,38
202412;2;PR;52072;C6 BANK;3;549,55
202412;2;PR;51011;VOTORANTIM;7;13524,53
202412;2;RJ;10045;BRADESCO;9;42022,70
202412;2;RJ;52072;C6 BANK;2;437,75
202412;2;RJ;10069;ITAU;2;3455,18
202412;2;RJ;30379;SANTANDER;1;36,82
202412;2;RJ;51011;VOTORANTIM;10;21132,84
202412;2;RN;10045;BRADESCO;1;280,82
202412;2;RO;49906;BB;1;6085,41
202412;2;RO;10045;BRADESCO;1;13,29
202412;2;RO;51011;VOTORANTIM;1;4038,51
202412;2;RS;30173;BANRISUL;2;326,94
202412;2;RS;10045;BRADESCO;2;3947,40
202412;2;RS;52072;C6 BANK;1;273,31
202412;2;RS;51011;VOTORANTIM;6;13760,47
202412;2;SC;49906;BB;1;1424,13
202412;2;SC;10045;BRADESCO;3;3434,20
202412;2;SC;30379;SANTANDER;2;368,70
202412;2;SC;51011;VOTORANTIM;5;32330,21
202412;2;SP;49906;BB;1;2286,03
202412;2;SP;10045;BRADESCO;30;81558,08
202412;2;SP;52072;C6 BANK;6;5503,17
202412;2;SP;10069;ITAU;5;1451,13
202412;2;SP;51011;VOTORANTIM;36;89023,75
202412;2;TO;10045;BRADESCO;2;1573,75
202412;2;TO;51011;VOTORANTIM;3;5972,07
202412;3;AC;49906;BB;2;91754,19
202412;3;AC;10045;BRADESCO;5;1102942,97
202412;3;AC;10069;ITAU;1;16093,14
202412;3;AC;30379;SANTANDER;9;190376,40
202412;3;AL;7237373;BCO DO NORDESTE DO BRASIL S.A.;3;59906,94
202412;3;AL;10045;BRADESCO;47;3858304,75
202412;3;AL;10069;ITAU;7;15132,46
202412;3;AL;30379;SANTANDER;15;94491,30
202412;3;AM;49906;BB;4;452744,22
202412;3;AM;10045;BRADESCO;110;11716048,05
202412;3;AM;10069;ITAU;24;305235,94
202412;3;AM;30379;SANTANDER;25;158652,06
202412;3;AP;49906;BB;3;66042,97
202412;3;AP;10045;BRADESCO;13;686802,01
202412;3;AP;10069;ITAU;3;69847,54
202412;3;AP;30379;SANTANDER;6;208740,50
202412;3;BA;49906;BB;9;150325,97
202412;3;BA;7237373;BCO DO NORDESTE DO BRASIL S.A.;18;479001,94
202412;3;BA;10045;BRADESCO;175;16931745,34
202412;3;BA;10069;ITAU;117;810558,33
202412;3;BA;30379;SANTANDER;145;1374737,55
202412;3;CE;49906;BB;8;536767,50
202412;3;CE;7237373;BCO DO NORDESTE DO BRASIL S.A.;20;270644,71
202412;3;CE;10045;BRADESCO;95;7574810,74
202412;3;CE;10069;ITAU;65;331777,81
202412;3;CE;30379;SANTANDER;39;216568,18
202412;3;DF;10045;BRADESCO;31;4075958,36
202412;3;DF;10069;ITAU;35;264709,30
202412;3;DF;30379;SANTANDER;35;235505,80
202412;3;ES;49906;BB;5;80267,80
202412;3;ES;7237373;BCO DO NORDESTE DO BRASIL S.A.;1;2962,57
202412;3;ES;10045;BRADESCO;27;3646340,58
202412;3;ES;10069;ITAU;2;7713,95
202412;3;ES;30379;SANTANDER;26;158351,08
202412;3;GO;49906;BB;7;394211,19
202412;3;GO;10045;BRADESCO;115;13108696,97
202412;3;GO;10069;ITAU;97;580573,26
202412;3;GO;30379;SANTANDER;49;636409,65
202412;3;MA;49906;BB;8;397402,28
202412;3;MA;7237373;BCO DO NORDESTE DO BRASIL S.A.;7;234108,75
202412;3;MA;10045;BRADESCO;97;10448359,62
202412;3;MA;10069;ITAU;11;61545,09
202412;3;MA;30379;SANTANDER;26;176414,38
202412;3;MG;49906;BB;7;118189,05
202412;3;MG;7237373;BCO DO NORDESTE DO BRASIL S.A.;4;48735,73
202412;3;MG;10045;BRADESCO;264;24234587,01
202412;3;MG;10069;ITAU;174;1364647,61
202412;3;MG;30379;SANTANDER;135;1385911,52
202412;3;MS;49906;BB;6;473346,41
202412;3;MS;10045;BRADESCO;93;7256910,48
202412;3;MS;10069;ITAU;22;203620,26
202412;3;MS;30379;SANTANDER;33;328562,88
202412;3;MT;49906;BB;3;140242,61
202412;3;MT;10045;BRADESCO;93;6370320,85
202412;3;MT;10069;ITAU;21;171271,86
202412;3;MT;30379;SANTANDER;46;602958,82
202412;3;PA;49906;BB;9;163861,25
202412;3;PA;10045;BRADESCO;116;14955933,85
202412;3;PA;10069;ITAU;21;108612,46
202412;3;PA;30379;SANTANDER;57;633194,74
202412;3;PB;49906;BB;4;287302,57
202412;3;PB;7237373;BCO DO NORDESTE DO BRASIL S.A.;9;128357,95
202412;3;PB;10045;BRADESCO;35;2772845,22
202412;3;PB;10069;ITAU;10;48738,35
202412;3;PB;30379;SANTANDER;24;97795,33
202412;3;PE;49906;BB;7;210128,88
202412;3;PE;7237373;BCO DO NORDESTE DO BRASIL S.A.;13;684744,08
202412;3;PE;10045;BRADESCO;93;10061952,40
202412;3;PE;10069;ITAU;46;242894,94
202412;3;PE;30379;SANTANDER;92;963457,19
202412;3;PI;49906;BB;2;140441,71
202412;3;PI;7237373;BCO DO NORDESTE DO BRASIL S.A.;9;180240,80
202412;3;PI;10045;BRADESCO;53;4188297,53
202412;3;PI;10069;ITAU;16;91301,58
202412;3;PI;30379;SANTANDER;21;233024,26
202412;3;PR;49906;BB;12;694529,11
202412;3;PR;10045;BRADESCO;249;26225594,02
202412;3;PR;10069;ITAU;182;1106281,70
202412;3;PR;30379;SANTANDER;99;987229,42
202412;3;RJ;49906;BB;4;165373,83
202412;3;RJ;10045;BRADESCO;365;41707289,26
202412;3;RJ;10069;ITAU;294;1958031,19
202412;3;RJ;30379;SANTANDER;210;4219619,55
202412;3;RN;49906;BB;5;103641,60
202412;3;RN;7237373;BCO DO NORDESTE DO BRASIL S.A.;11;152287,55
202412;3;RN;10045;BRADESCO;33;4371535,41
202412;3;RN;10069;ITAU;57;275917,69
202412;3;RN;30379;SANTANDER;8;34502,44
202412;3;RO;49906;BB;3;101940,42
202412;3;RO;10045;BRADESCO;21;2311805,54
202412;3;RO;10069;ITAU;8;78954,39
202412;3;RO;30379;SANTANDER;10;183298,91
202412;3;RR;49906;BB;1;3034,78
202412;3;RR;10045;BRADESCO;4;592561,73
202412;3;RR;10069;ITAU;6;15648,44
202412;3;RR;30379;SANTANDER;3;13121,44
202412;3;RS;49906;BB;2;80671,40
202412;3;RS;10045;BRADESCO;37;1156351,86
202412;3;RS;10069;ITAU;63;535477,68
202412;3;RS;30379;SANTANDER;120;2435290,83
202412;3;SC;49906;BB;10;316259,68
202412;3;SC;10045;BRADESCO;164;30980294,33
202412;3;SC;10069;ITAU;43;316585,29
202412;3;SC;30379;SANTANDER;65;1391296,20
202412;3;SE;49906;BB;2;26872,07
202412;3;SE;7237373;BCO DO NORDESTE DO BRASIL S.A.;1;54194,53
202412;3;SE;10045;BRADESCO;12;384892,82
202412;3;SE;10069;ITAU;4;14992,65
202412;3;SE;30379;SANTANDER;7;66225,14
202412;3;SP;49906;BB;32;660200,38
202412;3;SP;10045;BRADESCO;1641;183398922,51
202412;3;SP;10069;ITAU;844;6363571,22
202412;3;SP;30379;SANTANDER;804;9414155,87
202412;3;TO;49906;BB;1;324332,51
202412;3;TO;10045;BRADESCO;28;4711116,73
202412;3;TO;10069;ITAU;4;23229,99
202412;3;TO;30379;SANTANDER;9;76631,76
202501;1;AC;80336;BTG PACTUAL - PRUDENCIAL;1;200,34
202501;1;AC;80738;CAIXA ECONÔMICA FEDERAL - PRUDENCIAL;1;200,21
202501;1;AC;84693;NU PAGAMENTOS - PRUDENCIAL;9;376,71
202501;1;AC;80185;SANTANDER - PRUDENCIAL;9;6662,26
202501;1;AL;80879;BANCOOB - PRUDENCIAL;1;226,89
202501;1;AL;80075;BRADESCO - PRUDENCIAL;2;342,86
202501;1;AL;80336;BTG PACTUAL - PRUDENCIAL;1;140,78
202501;1;AL;80738;CAIXA ECONÔMICA FEDERAL - PRUDENCIAL;1;200,85
202501;1;AL;80996;INTER - PRUDENCIAL;2;317,13
202501;1;AL;80099;ITAU - PRUDENCIAL;1;204,03
202501;1;AL;84693;NU PAGAMENTOS - PRUDENCIAL;15;829,24
202501;1;AL;80185;SANTANDER - PRUDENCIAL;6;4012,78
202501;1;AM;84844;BANCO C6 - PRUDENCIAL;1;222,77
202501;1;AM;80075;BRADESCO - PRUDENCIAL;9;4046,37
202501;1;AM;80336;BTG PACTUAL - PRUDENCIAL;2;405,53
202501;1;AM;80738;CAIXA ECONÔMICA FEDERAL - PRUDENCIAL;3;603,08
202501;1;AM;80099;ITAU - PRUDENCIAL;2;469,25
202501;1;AM;84693;NU PAGAMENTOS - PRUDENCIAL;43;2111,25
202501;1;AM;80185;SANTANDER - PRUDENCIAL;36;31262,65
202501;1;AP;84693;NU PAGAMENTOS - PRUDENCIAL;5;88,78
202501;1;AP;80185;SANTANDER - PRUDENCIAL;1;3600,49
202501;1;BA;80329;BB - PRUDENCIAL;3;213,60
202501;1;BA;80075;BRADESCO - PRUDENCIAL;8;594,53
202501;1;BA;80336;BTG PACTUAL - PRUDENCIAL;6;795,91
202501;1;BA;80738;CAIXA ECONÔMICA FEDERAL - PRUDENCIAL;5;936,25
202501;1;BA;80996;INTER - PRUDENCIAL;2;298,87
202501;1;BA;80099;ITAU - PRUDENCIAL;11;3642,14
202501;1;BA;84693;NU PAGAMENTOS - PRUDENCIAL;57;2650,39
202501;1;BA;80185;SANTANDER - PRUDENCIAL;67;60254,61
202501;1;CE;84844;BANCO C6 - PRUDENCIAL;1;204,63
202501;1;CE;80329;BB - PRUDENCIAL;1;173,21
202501;1;CE;80075;BRADESCO - PRUDENCIAL;3;285,97
202501;1;CE;80336;BTG PACTUAL - PRUDENCIAL;4;347,04
202501;1;CE;80738;CAIXA ECONÔMICA FEDERAL - PRUDENCIAL;5;902,67
202501;1;CE;80996;INTER - PRUDENCIAL;1;147,62
202501;1;CE;80099;ITAU - PRUDENCIAL;2;155,40
202501;1;CE;84693;NU PAGAMENTOS - PRUDENCIAL;64;3012,52
202501;1;CE;80185;SANTANDER - PRUDENCIAL;43;36766,55
202501;1;DF;80879;BANCOOB - PRUDENCIAL;1;257,15
202501;1;DF;80075;BRADESCO - PRUDENCIAL;1;22,18
202501;1;DF;80336;BTG PACTUAL - PRUDENCIAL;5;610,49
202501;1;DF;80738;CAIXA ECONÔMICA FEDERAL - PRUDENCIAL;1;200,17
202501;1;DF;80996;INTER - PRUDENCIAL;1;90,32
202501;1;DF;80099;ITAU - PRUDENCIAL;2;199,79
202501;1;DF;84693;NU PAGAMENTOS - PRUDENCIAL;16;855,82
202501;1;DF;80185;SANTANDER - PRUDENCIAL;29;25447,87
202501;1;ES;80075;BRADESCO - PRUDENCIAL;2;361,17
202501;1;ES;80336;BTG PACTUAL - PRUDENCIAL;5;552,09
202501;1;ES;80738;CAIXA ECONÔMICA FEDERAL - PRUDENCIAL;1;104,48
202501;1;ES;80099;ITAU - PRUDENCIAL;2;535,84
202501;1;ES;84693;NU PAGAMENTOS - PRUDENCIAL;14;500,41
202501;1;ES;80185;SANTANDER - PRUDENCIAL;15;15150,20
202501;1;GO;80075;BRADESCO - PRUDENCIAL;4;1820,54
202501;1;GO;80336;BTG PACTUAL - PRUDENCIAL;1;50,89
202501;1;GO;80738;CAIXA ECONÔMICA FEDERAL - PRUDENCIAL;1;163,36
202501;1;GO;80996;INTER - PRUDENCIAL;1;46,81
202501;1;GO;80099;ITAU - PRUDENCIAL;5;885,91
202501;1;GO;84693;NU PAGAMENTOS - PRUDENCIAL;33;1691,07
202501;1;GO;80185;SANTANDER - PRUDENCIAL;39;21493,29
202501;1;MA;84844;BANCO C6 - PRUDENCIAL;1;200,43
202501;1;MA;80075;BRADESCO - PRUDENCIAL;4;46,96
202501;1;MA;80336;BTG PACTUAL - PRUDENCIAL;2;404,48
202501;1;MA;80738;CAIXA ECONÔMICA FEDERAL - PRUDENCIAL;1;202,16
202501;1;MA;80996;INTER - PRUDENCIAL;2;185,37
202501;1;MA;80099;ITAU - PRUDENCIAL;2;593,33
202501;1;MA;84693;NU PAGAMENTOS - PRUDENCIAL;23;1172,52
202501;1;MA;80185;SANTANDER - PRUDENCIAL;22;15425,59
202501;1;MG;80329;BB - PRUDENCIAL;3;380,48
202501;1;MG;80075;BRADESCO - PRUDENCIAL;11;1607,02
202501;1;MG;80336;BTG PACTUAL - PRUDENCIAL;7;799,59
202501;1;MG;80738;CAIXA ECONÔMICA FEDERAL - PRUDENCIAL;8;1481,80
202501;1;MG;80996;INTER - PRUDENCIAL;11;1334,35
202501;1;MG;80099;ITAU - PRUDENCIAL;7;876,66
202501;1;MG;84693;NU PAGAMENTOS - PRUDENCIAL;93;4417,69
202501;1;MG;80185;SANTANDER - PRUDENCIAL;86;66914,92
202501;1;MS;80329;BB - PRUDENCIAL;4;383,30
202501;1;MS;80075;BRADESCO - PRUDENCIAL;6;355,77
202501;1;MS;80336;BTG PACTUAL - PRUDENCIAL;3;481,06
202501;1;MS;80738;CAIXA ECONÔMICA FEDERAL - PRUDENCIAL;2;301,27
202501;1;MS;80996;INTER - PRUDENCIAL;1;99,95
202501;1;MS;80099;ITAU - PRUDENCIAL;2;237,34
202501;1;MS;84693;NU PAGAMENTOS - PRUDENCIAL;29;1125,43
202501;1;MS;80185;SANTANDER - PRUDENCIAL;19;14751,69
202501;1;MT;80075;BRADESCO - PRUDENCIAL;1;122,82
202501;1;MT;80336;BTG PACTUAL - PRUDENCIAL;1;145,70
202501;1;MT;80996;INTER - PRUDENCIAL;1;51,87
202501;1;MT;84693;NU PAGAMENTOS - PRUDENCIAL;15;1037,09
202501;1;MT;80185;SANTANDER - PRUDENCIAL;25;18153,23
202501;1;PA;80075;BRADESCO - PRUDENCIAL;4;174,26
202501;1;PA;80336;BTG PACTUAL - PRUDENCIAL;1;98,75
202501;1;PA;80738;CAIXA ECONÔMICA FEDERAL - PRUDENCIAL;4;801,98
202501;1;PA;80996;INTER - PRUDENCIAL;1;104,38
202501;1;PA;80099;ITAU - PRUDENCIAL;2;204,15
202501;1;PA;84693;NU PAGAMENTOS - PRUDENCIAL;44;1649,38
202501;1;PA;80185;SANTANDER - PRUDENCIAL;35;18103,77
202501;1;PB;80329;BB - PRUDENCIAL;2;201,74
202501;1;PB;80075;BRADESCO - PRUDENCIAL;3;79,36
202501;1;PB;80336;BTG PACTUAL - PRUDENCIAL;3;262,32
202501;1;PB;80738;CAIXA ECONÔMICA FEDERAL - PRUDENCIAL;2;401,19
202501;1;PB;80996;INTER - PRUDENCIAL;1;148,17
202501;1;PB;84693;NU PAGAMENTOS - PRUDENCIAL;15;915,71
202501;1;PB;80185;SANTANDER - PRUDENCIAL;15;20342,10
202501;1;PE;80075;BRADESCO - PRUDENCIAL;6;63,94
202501;1;PE;80336;BTG PACTUAL - PRUDENCIAL;2;227,02
202501;1;PE;80738;CAIXA ECONÔMICA FEDERAL - PRUDENCIAL;6;1205,30
202501;1;PE;80996;INTER - PRUDENCIAL;3;453,60
202501;1;PE;80099;ITAU - PRUDENCIAL;2;254,34
202501;1;PE;84693;NU PAGAMENTOS - PRUDENCIAL;41;2639,97
202501;1;PE;80185;SANTANDER - PRUDENCIAL;36;15773,29
202501;1;PI;84844;BANCO C6 - PRUDENCIAL;2;403,92
202501;1;PI;80329;BB - PRUDENCIAL;1;203,64
202501;1;PI;80075;BRADESCO - PRUDENCIAL;1;169,68
202501;1;PI;80336;BTG PACTUAL - PRUDENCIAL;1;105,00
202501;1;PI;80099;ITAU - PRUDENCIAL;1;390,53
202501;1;PI;84693;NU PAGAMENTOS - PRUDENCIAL;22;1067,09
202501;1;PI;80185;SANTANDER - PRUDENCIAL;9;8937,38
202501;1;PR;84844;BANCO C6 - PRUDENCIAL;1;123,52
202501;1;PR;80879;BANCOOB - PRUDENCIAL;1;217,59
202501;1;PR;80329;BB - PRUDENCIAL;1;51,01
202501;1;PR;80178;BMG - PRUDENCIAL;1;200,64
202501;1;PR;80075;BRADESCO - PRUDENCIAL;9;300,36
202501;1;PR;80336;BTG PACTUAL - PRUDENCIAL;7;1057,34
202501;1;PR;80738;CAIXA ECONÔMICA FEDERAL - PRUDENCIAL;2;368,65
202501;1;PR;2466552;CC SICOOB VALE SUL;1;212,90
202501;1;PR;80996;INTER - PRUDENCIAL;1;100,24
202501;1;PR;80099;ITAU - PRUDENCIAL;10;1991,64
202501;1;PR;84693;NU PAGAMENTOS - PRUDENCIAL;55;2880,74
202501;1;PR;80185;SANTANDER - PRUDENCIAL;37;26418,79
202501;1;RJ;84844;BANCO C6 - PRUDENCIAL;3;522,87
202501;1;RJ;80329;BB - PRUDENCIAL;3;113,02
202501;1;RJ;80178;BMG - PRUDENCIAL;1;202,76
202501;1;RJ;80075;BRADESCO - PRUDENCIAL;15;1486,99
202501;1;RJ;80336;BTG PACTUAL - PRUDENCIAL;11;1400,71
202501;1;RJ;80738;CAIXA ECONÔMICA FEDERAL - PRUDENCIAL;8;1508,57
202501;1;RJ;80996;INTER - PRUDENCIAL;5;717,26
202501;1;RJ;80099;ITAU - PRUDENCIAL;21;2793,45
202501;1;RJ;84693;NU PAGAMENTOS - PRUDENCIAL;129;6853,41
202501;1;RJ;80185;SANTANDER - PRUDENCIAL;169;121254,06
202501;1;RN;80075;BRADESCO - PRUDENCIAL;3;474,28
202501;1;RN;80336;BTG PACTUAL - PRUDENCIAL;4;475,95
202501;1;RN;80738;CAIXA ECONÔMICA FEDERAL - PRUDENCIAL;1;200,75
202501;1;RN;80099;ITAU - PRUDENCIAL;5;1022,17
202501;1;RN;84693;NU PAGAMENTOS - PRUDENCIAL;10;729,51
202501;1;RN;80185;SANTANDER - PRUDENCIAL;13;9771,58
202501;1;RO;80329;BB - PRUDENCIAL;1;98,55
202501;1;RO;80075;BRADESCO - PRUDENCIAL;2;2369,36
202501;1;RO;80336;BTG PACTUAL - PRUDENCIAL;5;585,24
202501;1;RO;2015588;CCLA DO CENTRO SUL RONDONIENSE;1;116,24
202501;1;RO;84693;NU PAGAMENTOS - PRUDENCIAL;19;1036,28
202501;1;RO;80185;SANTANDER - PRUDENCIAL;13;8651,17
202501;1;RR;80075;BRADESCO - PRUDENCIAL;1;7,19
202501;1;RR;80099;ITAU - PRUDENCIAL;2;205,73
202501;1;RR;80185;SANTANDER - PRUDENCIAL;3;5420,48
202501;1;RS;84844;BANCO C6 - PRUDENCIAL;1;83,79
202501;1;RS;80154;BANRISUL - PRUDENCIAL;3;5446,84
202501;1;RS;80329;BB - PRUDENCIAL;1;202,32
202501;1;RS;80075;BRADESCO - PRUDENCIAL;4;385,63
202501;1;RS;80336;BTG PACTUAL - PRUDENCIAL;8;1076,52
202501;1;RS;80738;CAIXA ECONÔMICA FEDERAL - PRUDENCIAL;4;762,31
202501;1;RS;80996;INTER - PRUDENCIAL;2;146,50
202501;1;RS;80099;ITAU - PRUDENCIAL;5;783,22
202501;1;RS;84693;NU PAGAMENTOS - PRUDENCIAL;59;2900,78
202501;1;RS;80185;SANTANDER - PRUDENCIAL;60;55841,53
202501;1;SC;80329;BB - PRUDENCIAL;2;223,73
202501;1;SC;80178;BMG - PRUDENCIAL;1;201,38
202501;1;SC;80075;BRADESCO - PRUDENCIAL;7;4955,96
202501;1;SC;80336;BTG PACTUAL - PRUDENCIAL;4;515,73
202501;1;SC;80738;CAIXA ECONÔMICA FEDERAL - PRUDENCIAL;3;479,18
202501;1;SC;80996;INTER - PRUDENCIAL;3;268,74
202501;1;SC;80099;ITAU - PRUDENCIAL;3;500,28
202501;1;SC;84693;NU PAGAMENTOS - PRUDENCIAL;47;1713,65
202501;1;SC;80185;SANTANDER - PRUDENCIAL;22;30422,22
202501;1;SE;80336;BTG PACTUAL - PRUDENCIAL;1;202,35
202501;1;SE;80738;CAIXA ECONÔMICA FEDERAL - PRUDENCIAL;4;713,38
202501;1;SE;80099;ITAU - PRUDENCIAL;1;163,94
202501;1;SE;84693;NU PAGAMENTOS - PRUDENCIAL;7;180,00
202501;1;SE;80185;SANTANDER - PRUDENCIAL;4;3003,84
202501;1;SP;84844;BANCO C6 - PRUDENCIAL;6;1327,82
202501;1;SP;80879;BANCOOB - PRUDENCIAL;1;226,93
202501;1;SP;80329;BB - PRUDENCIAL;5;315,85
202501;1;SP;80178;BMG - PRUDENCIAL;2;406,01
202501;1;SP;80075;BRADESCO - PRUDENCIAL;47;5248,89
202501;1;SP;80336;BTG PACTUAL - PRUDENCIAL;37;5105,92
202501;1;SP;80738;CAIXA ECONÔMICA FEDERAL - PRUDENCIAL;10;1679,28
202501;1;SP;80996;INTER - PRUDENCIAL;11;1317,73
202501;1;SP;80099;ITAU - PRUDENCIAL;43;9221,96
202501;1;SP;84693;NU PAGAMENTOS - PRUDENCIAL;301;13595,83
202501;1;SP;80185;SANTANDER - PRUDENCIAL;405;275568,49
202501;1;TO;80738;CAIXA ECONÔMICA FEDERAL - PRUDENCIAL;1;131,90
202501;1;TO;84693;NU PAGAMENTOS - PRUDENCIAL;3;160,09
202501;1;TO;80185;SANTANDER - PRUDENCIAL;7;3719,87
202501;2;AC;80484;VOTORANTIM - PRUDENCIAL;1;6558,57
202501;2;AL;80738;CAIXA ECONÔMICA FEDERAL - PRUDENCIAL;1;540,97
202501;2;AL;80484;VOTORANTIM - PRUDENCIAL;2;17373,48
202501;2;AM;80075;BRADESCO - PRUDENCIAL;1;445,77
202501;2;AP;80738;CAIXA ECONÔMICA FEDERAL - PRUDENCIAL;1;9433,73
202501;2;BA;84844;BANCO C6 - PRUDENCIAL;1;282,59
202501;2;BA;80329;BB - PRUDENCIAL;1;1031,31
202501;2;BA;81593;BCO DO NORDESTE DO BRASIL S.A. - PRUDENCIAL;2;8230,07
202501;2;BA;80075;BRADESCO - PRUDENCIAL;8;27723,83
202501;2;BA;80738;CAIXA ECONÔMICA FEDERAL - PRUDENCIAL;7;21209,55
202501;2;CE;84844;BANCO C6 - PRUDENCIAL;1;424,38
202501;2;CE;80075;BRADESCO - PRUDENCIAL;4;32382,84
202501;2;CE;80738;CAIXA ECONÔMICA FEDERAL - PRUDENCIAL;1;1105,95
202501;2;CE;80484;VOTORANTIM - PRUDENCIAL;1;4806,52
202501;2;DF;84844;BANCO C6 - PRUDENCIAL;1;78,59
202501;2;DF;80075;BRADESCO - PRUDENCIAL;1;39661,10
202501;2;DF;80738;CAIXA ECONÔMICA FEDERAL - PRUDENCIAL;3;6452,08
202501;2;DF;80484;VOTORANTIM - PRUDENCIAL;1;3968,55
202501;2;ES;80075;BRADESCO - PRUDENCIAL;1;1491,14
202501;2;ES;80738;CAIXA ECONÔMICA FEDERAL - PRUDENCIAL;6;14251,13
202501;2;GO;80329;BB - PRUDENCIAL;1;4800,20
202501;2;GO;80075;BRADESCO - PRUDENCIAL;1;72,41
202501;2;GO;80738;CAIXA ECONÔMICA FEDERAL - PRUDENCIAL;11;28924,69
202501;2;GO;80484;VOTORANTIM - PRUDENCIAL;2;5287,52
202501;2;MA;80329;BB - PRUDENCIAL;1;3080,05
202501;2;MA;81593;BCO DO NORDESTE DO BRASIL S.A. - PRUDENCIAL;1;2145,87
202501;2;MA;80075;BRADESCO - PRUDENCIAL;1;402,91
202501;2;MA;80738;CAIXA ECONÔMICA FEDERAL - PRUDENCIAL;2;12626,04
202501;2;MA;80484;VOTORANTIM - PRUDENCIAL;3;4263,99
202501;2;MG;84844;BANCO C6 - PRUDENCIAL;1;202,36
202501;2;MG;80075;BRADESCO - PRUDENCIAL;4;38991,44
202501;2;MG;80738;CAIXA ECONÔMICA FEDERAL - PRUDENCIAL;23;47293,77
202501;2;MG;80099;ITAU - PRUDENCIAL;2;119,58
202501;2;MG;80185;SANTANDER - PRUDENCIAL;3;281,22
202501;2;MG;80484;VOTORANTIM - PRUDENCIAL;10;22488,51
202501;2;MS;80075;BRADESCO - PRUDENCIAL;2;112027,89
202501;2;MS;80738;CAIXA ECONÔMICA FEDERAL - PRUDENCIAL;4;6886,99
202501;2;MS;80484;VOTORANTIM - PRUDENCIAL;4;15422,41
202501;2;MT;84844;BANCO C6 - PRUDENCIAL;2;817,33
202501;2;MT;80075;BRADESCO - PRUDENCIAL;1;14,90
202501;2;MT;80738;CAIXA ECONÔMICA FEDERAL - PRUDENCIAL;3;11955,77
202501;2;MT;80484;VOTORANTIM - PRUDENCIAL;3;3633,21
202501;2;PA;80075;BRADESCO - PRUDENCIAL;1;38,76
202501;2;PA;80738;CAIXA ECONÔMICA FEDERAL - PRUDENCIAL;4;11586,13
202501;2;PA;80484;VOTORANTIM - PRUDENCIAL;2;8451,84
202501;2;PB;81593;BCO DO NORDESTE DO BRASIL S.A. - PRUDENCIAL;1;19397,43
202501;2;PB;80738;CAIXA ECONÔMICA FEDERAL - PRUDENCIAL;2;8530,03
202501;2;PB;80484;VOTORANTIM - PRUDENCIAL;5;14302,85
202501;2;PE;80075;BRADESCO - PRUDENCIAL;1;385,61
202501;2;PE;80738;CAIXA ECONÔMICA FEDERAL - PRUDENCIAL;5;4236,74
202501;2;PE;80484;VOTORANTIM - PRUDENCIAL;2;2267,40
202501;2;PI;80329;BB - PRUDENCIAL;1;10859,41
202501;2;PI;80738;CAIXA ECONÔMICA FEDERAL - PRUDENCIAL;3;8681,82
202501;2;PR;84844;BANCO C6 - PRUDENCIAL;1;330,96
202501;2;PR;80738;CAIXA ECONÔMICA FEDERAL - PRUDENCIAL;16;32408,25
202501;2;PR;80484;VOTORANTIM - PRUDENCIAL;8;20223,84
202501;2;RJ;84844;BANCO C6 - PRUDENCIAL;1;669,95
202501;2;RJ;80075;BRADESCO - PRUDENCIAL;6;1560,83
202501;2;RJ;80738;CAIXA ECONÔMICA FEDERAL - PRUDENCIAL;17;25184,58
202501;2;RJ;80099;ITAU - PRUDENCIAL;2;39,68
202501;2;RJ;80484;VOTORANTIM - PRUDENCIAL;2;1245,95
202501;2;RN;84844;BANCO C6 - PRUDENCIAL;1;207,34
202501;2;RN;80738;CAIXA ECONÔMICA FEDERAL - PRUDENCIAL;2;9569,50
202501;2;RN;80484;VOTORANTIM - PRUDENCIAL;2;12284,18
202501;2;RO;80738;CAIXA ECONÔMICA FEDERAL - PRUDENCIAL;3;2584,49
202501;2;RR;84844;BANCO C6 - PRUDENCIAL;1;2068,30
202501;2;RR;80738;CAIXA ECONÔMICA FEDERAL - PRUDENCIAL;1;4497,54
202501;2;RS;84844;BANCO C6 - PRUDENCIAL;1;1487,47
202501;2;RS;80075;BRADESCO - PRUDENCIAL;1;1970,90
202501;2;RS;80738;CAIXA ECONÔMICA FEDERAL - PRUDENCIAL;27;57438,30
202501;2;RS;80484;VOTORANTIM - PRUDENCIAL;5;9207,95
202501;2;SC;80738;CAIXA ECONÔMICA FEDERAL - PRUDENCIAL;13;29549,68
202501;2;SC;80484;VOTORANTIM - PRUDENCIAL;5;19697,94
202501;2;SE;80738;CAIXA ECONÔMICA FEDERAL - PRUDENCIAL;1;775,99
202501;2;SE;80484;VOTORANTIM - PRUDENCIAL;1;2526,72
202501;2;SP;84844;BANCO C6 - PRUDENCIAL;7;3453,51
202501;2;SP;80075;BRADESCO - PRUDENCIAL;12;22365,15
202501;2;SP;80738;CAIXA ECONÔMICA FEDERAL - PRUDENCIAL;61;120154,39
202501;2;SP;80099;ITAU - PRUDENCIAL;2;19,60
202501;2;SP;80185;SANTANDER - PRUDENCIAL;2;135,16
202501;2;SP;80484;VOTORANTIM - PRUDENCIAL;31;79071,16
202501;2;TO;80075;BRADESCO - PRUDENCIAL;1;1476,18
202501;2;TO;80738;CAIXA ECONÔMICA FEDERAL - PRUDENCIAL;1;3012,80
202501;3;AL;81593;BCO DO NORDESTE DO BRASIL S.A. - PRUDENCIAL;4;21651,12
202501;3;AL;80738;CAIXA ECONÔMICA FEDERAL - PRUDENCIAL;1;5465,86
202501;3;AL;80099;ITAU - PRUDENCIAL;1;26591,54
202501;3;AM;80099;ITAU - PRUDENCIAL;11;163205,21
202501;3;AM;80185;SANTANDER - PRUDENCIAL;5;169017,31
202501;3;AP;80738;CAIXA ECONÔMICA FEDERAL - PRUDENCIAL;1;93424,69
202501;3;AP;80099;ITAU - PRUDENCIAL;3;54468,50
202501;3;BA;80329;BB - PRUDENCIAL;1;854,05
202501;3;BA;81593;BCO DO NORDESTE DO BRASIL S.A. - PRUDENCIAL;3;138667,10
202501;3;BA;80738;CAIXA ECONÔMICA FEDERAL - PRUDENCIAL;1;15100,00
202501;3;BA;80099;ITAU - PRUDENCIAL;16;60448,37
202501;3;BA;80185;SANTANDER - PRUDENCIAL;21;763225,50
202501;3;CE;81593;BCO DO NORDESTE DO BRASIL S.A. - PRUDENCIAL;9;78882,23
202501;3;CE;80738;CAIXA ECONÔMICA FEDERAL - PRUDENCIAL;1;12290,29
202501;3;CE;80099;ITAU - PRUDENCIAL;17;102415,32
202501;3;CE;80185;SANTANDER - PRUDENCIAL;15;151229,51
202501;3;DF;80075;BRADESCO - PRUDENCIAL;2;11874,74
202501;3;DF;80099;ITAU - PRUDENCIAL;3;17703,78
202501;3;DF;80185;SANTANDER - PRUDENCIAL;12;64998,02
202501;3;ES;81593;BCO DO NORDESTE DO BRASIL S.A. - PRUDENCIAL;2;4146,51
202501;3;ES;80099;ITAU - PRUDENCIAL;3;14972,47
202501;3;ES;80185;SANTANDER - PRUDENCIAL;9;53811,08
202501;3;GO;80738;CAIXA ECONÔMICA FEDERAL - PRUDENCIAL;1;60731,08
202501;3;GO;80099;ITAU - PRUDENCIAL;18;61023,34
202501;3;GO;80185;SANTANDER - PRUDENCIAL;18;220933,39
202501;3;MA;81593;BCO DO NORDESTE DO BRASIL S.A. - PRUDENCIAL;5;326058,74
202501;3;MA;80099;ITAU - PRUDENCIAL;6;59200,10
202501;3;MA;80185;SANTANDER - PRUDENCIAL;12;449310,83
202501;3;MG;81593;BCO DO NORDESTE DO BRASIL S.A. - PRUDENCIAL;1;7631,64
202501;3;MG;80075;BRADESCO - PRUDENCIAL;2;56200,68
202501;3;MG;80738;CAIXA ECONÔMICA FEDERAL - PRUDENCIAL;1;9899,80
202501;3;MG;80099;ITAU - PRUDENCIAL;41;269612,41
202501;3;MG;80185;SANTANDER - PRUDENCIAL;59;663495,54
202501;3;MS;80329;BB - PRUDENCIAL;1;180501,02
202501;3;MS;80099;ITAU - PRUDENCIAL;7;17864,57
202501;3;MS;80185;SANTANDER - PRUDENCIAL;7;115151,91
202501;3;MT;80099;ITAU - PRUDENCIAL;2;1176,46
202501;3;MT;80185;SANTANDER - PRUDENCIAL;8;123169,73
202501;3;PA;80329;BB - PRUDENCIAL;5;1507811,20
202501;3;PA;80075;BRADESCO - PRUDENCIAL;1;2339,83
202501;3;PA;80099;ITAU - PRUDENCIAL;18;128997,36
202501;3;PA;80185;SANTANDER - PRUDENCIAL;23;344769,29
202501;3;PB;81593;BCO DO NORDESTE DO BRASIL S.A. - PRUDENCIAL;3;93395,50
202501;3;PB;80099;ITAU - PRUDENCIAL;5;19997,57
202501;3;PB;80185;SANTANDER - PRUDENCIAL;2;5129,99
202501;3;PE;81593;BCO DO NORDESTE DO BRASIL S.A. - PRUDENCIAL;3;52575,27
202501;3;PE;80738;CAIXA ECONÔMICA FEDERAL - PRUDENCIAL;2;137109,12
202501;3;PE;80099;ITAU - PRUDENCIAL;15;146806,36
202501;3;PE;80185;SANTANDER - PRUDENCIAL;16;394634,97
202501;3;PI;80329;BB - PRUDENCIAL;1;96476,83
202501;3;PI;81593;BCO DO NORDESTE DO BRASIL S.A. - PRUDENCIAL;1;17313,74
202501;3;PI;80738;CAIXA ECONÔMICA FEDERAL - PRUDENCIAL;2;3407,39
202501;3;PI;80185;SANTANDER - PRUDENCIAL;4;38894,81
202501;3;PR;80329;BB - PRUDENCIAL;2;264655,30
202501;3;PR;80075;BRADESCO - PRUDENCIAL;1;20824,19
202501;3;PR;80738;CAIXA ECONÔMICA FEDERAL - PRUDENCIAL;1;16738,40
202501;3;PR;80099;ITAU - PRUDENCIAL;28;160893,01
202501;3;PR;80185;SANTANDER - PRUDENCIAL;30;539314,40
202501;3;RJ;80075;BRADESCO - PRUDENCIAL;1;16760,25
202501;3;RJ;80738;CAIXA ECONÔMICA FEDERAL - PRUDENCIAL;2;45416,17
202501;3;RJ;80099;ITAU - PRUDENCIAL;83;706712,82
202501;3;RJ;80185;SANTANDER - PRUDENCIAL;64;1190678,68
202501;3;RN;81593;BCO DO NORDESTE DO BRASIL S.A. - PRUDENCIAL;3;106498,94
202501;3;RN;80099;ITAU - PRUDENCIAL;2;6619,33
202501;3;RN;80185;SANTANDER - PRUDENCIAL;8;42260,03
202501;3;RO;80099;ITAU - PRUDENCIAL;3;4530,77
202501;3;RO;80185;SANTANDER - PRUDENCIAL;2;68910,52
202501;3;RS;80738;CAIXA ECONÔMICA FEDERAL - PRUDENCIAL;2;8554,82
202501;3;RS;80099;ITAU - PRUDENCIAL;16;97660,01
202501;3;RS;80185;SANTANDER - PRUDENCIAL;10;193121,21
202501;3;SC;80738;CAIXA ECONÔMICA FEDERAL - PRUDENCIAL;3;58617,69
202501;3;SC;80099;ITAU - PRUDENCIAL;4;17619,48
202501;3;SC;80185;SANTANDER - PRUDENCIAL;2;54002,60
202501;3;SE;81593;BCO DO NORDESTE DO BRASIL S.A. - PRUDENCIAL;1;57076,59
202501;3;SE;80185;SANTANDER - PRUDENCIAL;2;20705,43
202501;3;SP;80329;BB - PRUDENCIAL;2;163021,77
202501;3;SP;80075;BRADESCO - PRUDENCIAL;7;159870,03
202501;3;SP;80738;CAIXA ECONÔMICA FEDERAL - PRUDENCIAL;1;49882,07
202501;3;SP;80099;ITAU - PRUDENCIAL;181;1791727,92
202501;3;SP;80185;SANTANDER - PRUDENCIAL;168;2280186,61
202501;3;TO;80099;ITAU - PRUDENCIAL;8;55104,98
202501;3;TO;80185;SANTANDER - PRUDENCIAL;2;5561,05
202502;1;AC;80075;BRADESCO - PRUDENCIAL;1;51,01
202502;1;AC;80099;ITAU - PRUDENCIAL;1;51,77
202502;1;AC;84693;NU PAGAMENTOS - PRUDENCIAL;7;257,95
202502;1;AC;80185;SANTANDER - PRUDENCIAL;1;847,84
202502;1;AL;80178;BMG - PRUDENCIAL;1;201,68
202502;1;AL;80336;BTG PACTUAL - PRUDENCIAL;2;378,89
202502;1;AL;84693;NU PAGAMENTOS - PRUDENCIAL;9;353,59
202502;1;AL;80185;SANTANDER - PRUDENCIAL;4;3042,91
202502;1;AM;80329;BB - PRUDENCIAL;2;241,83
202502;1;AM;80075;BRADESCO - PRUDENCIAL;4;521,13
202502;1;AM;80336;BTG PACTUAL - PRUDENCIAL;2;212,39
202502;1;AM;80099;ITAU - PRUDENCIAL;1;75,14
202502;1;AM;84693;NU PAGAMENTOS - PRUDENCIAL;18;1126,93
202502;1;AM;80185;SANTANDER - PRUDENCIAL;19;36429,83
202502;1;AP;80329;BB - PRUDENCIAL;1;201,22
202502;1;AP;84693;NU PAGAMENTOS - PRUDENCIAL;2;254,19
202502;1;AP;80185;SANTANDER - PRUDENCIAL;1;263,93
202502;1;BA;80329;BB - PRUDENCIAL;1;82,10
202502;1;BA;80336;BTG PACTUAL - PRUDENCIAL;2;267,18
202502;1;BA;80996;INTER - PRUDENCIAL;3;389,46
202502;1;BA;80099;ITAU - PRUDENCIAL;2;203,80
202502;1;BA;84693;NU PAGAMENTOS - PRUDENCIAL;43;2306,24
202502;1;BA;80185;SANTANDER - PRUDENCIAL;31;41070,26
202502;1;CE;80336;BTG PACTUAL - PRUDENCIAL;3;389,97
202502;1;CE;80996;INTER - PRUDENCIAL;7;874,31
202502;1;CE;80099;ITAU - PRUDENCIAL;4;479,00
202502;1;CE;84693;NU PAGAMENTOS - PRUDENCIAL;39;3009,82
202502;1;CE;80185;SANTANDER - PRUDENCIAL;19;29995,18
202502;1;DF;80336;BTG PACTUAL - PRUDENCIAL;1;101,51
202502;1;DF;80996;INTER - PRUDENCIAL;1;200,70
202502;1;DF;80099;ITAU - PRUDENCIAL;1;103,58
202502;1;DF;84693;NU PAGAMENTOS - PRUDENCIAL;18;1424,78
202502;1;DF;80185;SANTANDER - PRUDENCIAL;11;19184,37
202502;1;ES;84844;BANCO C6 - PRUDENCIAL;1;1,66
202502;1;ES;80879;BANCOOB - PRUDENCIAL;1;4,67
202502;1;ES;80075;BRADESCO - PRUDENCIAL;1;27,38
202502;1;ES;80336;BTG PACTUAL - PRUDENCIAL;1;201,49
202502;1;ES;80996;INTER - PRUDENCIAL;1;342,18
202502;1;ES;80099;ITAU - PRUDENCIAL;1;269,29
202502;1;ES;84693;NU PAGAMENTOS - PRUDENCIAL;12;492,87
202502;1;ES;80185;SANTANDER - PRUDENCIAL;9;12291,72
202502;1;GO;80329;BB - PRUDENCIAL;2;117,26
202502;1;GO;80336;BTG PACTUAL - PRUDENCIAL;3;211,84
202502;1;GO;80996;INTER - PRUDENCIAL;1;249,36
202502;1;GO;80099;ITAU - PRUDENCIAL;3;385,78
202502;1;GO;84693;NU PAGAMENTOS - PRUDENCIAL;23;1591,52
202502;1;GO;80185;SANTANDER - PRUDENCIAL;15;28603,53
202502;1;MA;84844;BANCO C6 - PRUDENCIAL;1;204,92
202502;1;MA;80879;BANCOOB - PRUDENCIAL;1;305,39
202502;1;MA;80329;BB - PRUDENCIAL;1;24,09
202502;1;MA;80336;BTG PACTUAL - PRUDENCIAL;3;480,22
202502;1;MA;84693;NU PAGAMENTOS - PRUDENCIAL;16;1632,39
202502;1;MA;80185;SANTANDER - PRUDENCIAL;11;18796,30
202502;1;MG;84844;BANCO C6 - PRUDENCIAL;2;338,37
202502;1;MG;80879;BANCOOB - PRUDENCIAL;2;190,46
202502;1;MG;80178;BMG - PRUDENCIAL;1;200,89
202502;1;MG;80075;BRADESCO - PRUDENCIAL;3;2915,10
202502;1;MG;80336;BTG PACTUAL - PRUDENCIAL;9;1148,24
202502;1;MG;80996;INTER - PRUDENCIAL;1;220,49
202502;1;MG;80099;ITAU - PRUDENCIAL;9;1331,45
202502;1;MG;84693;NU PAGAMENTOS - PRUDENCIAL;67;3807,35
202502;1;MG;80185;SANTANDER - PRUDENCIAL;43;62816,76
202502;1;MS;84693;NU PAGAMENTOS - PRUDENCIAL;23;1787,81
202502;1;MS;80185;SANTANDER - PRUDENCIAL;6;8038,35
202502;1;MT;84844;BANCO C6 - PRUDENCIAL;1;50,74
202502;1;MT;80329;BB - PRUDENCIAL;1;50,76
202502;1;MT;80075;BRADESCO - PRUDENCIAL;2;209,42
202502;1;MT;80336;BTG PACTUAL - PRUDENCIAL;1;200,18
202502;1;MT;80996;INTER - PRUDENCIAL;1;201,75
202502;1;MT;84693;NU PAGAMENTOS - PRUDENCIAL;15;800,14
202502;1;MT;80185;SANTANDER - PRUDENCIAL;4;4529,36
202502;1;PA;80329;BB - PRUDENCIAL;1;24,65
202502;1;PA;80075;BRADESCO - PRUDENCIAL;1;33,95
202502;1;PA;80336;BTG PACTUAL - PRUDENCIAL;4;654,31
202502;1;PA;80099;ITAU - PRUDENCIAL;1;202,66
202502;1;PA;84693;NU PAGAMENTOS - PRUDENCIAL;26;1482,56
202502;1;PA;80185;SANTANDER - PRUDENCIAL;13;15984,15
202502;1;PB;80336;BTG PACTUAL - PRUDENCIAL;2;401,75
202502;1;PB;80996;INTER - PRUDENCIAL;1;63,53
202502;1;PB;80099;ITAU - PRUDENCIAL;1;51,90
202502;1;PB;84693;NU PAGAMENTOS - PRUDENCIAL;18;1802,99
202502;1;PB;80185;SANTANDER - PRUDENCIAL;9;13048,73
202502;1;PE;80329;BB - PRUDENCIAL;3;470,55
202502;1;PE;80075;BRADESCO - PRUDENCIAL;1;212,98
202502;1;PE;80336;BTG PACTUAL - PRUDENCIAL;6;605,99
202502;1;PE;80996;INTER - PRUDENCIAL;1;91,28
202502;1;PE;80099;ITAU - PRUDENCIAL;4;627,19
202502;1;PE;84693;NU PAGAMENTOS - PRUDENCIAL;23;1346,57
202502;1;PE;80185;SANTANDER - PRUDENCIAL;20;37833,45
202502;1;PI;80336;BTG PACTUAL - PRUDENCIAL;1;201,57
202502;1;PI;84693;NU PAGAMENTOS - PRUDENCIAL;12;675,87
202502;1;PI;80185;SANTANDER - PRUDENCIAL;5;5752,26
202502;1;PR;84844;BANCO C6 - PRUDENCIAL;1;304,63
202502;1;PR;80879;BANCOOB - PRUDENCIAL;1;208,74
202502;1;PR;80178;BMG - PRUDENCIAL;1;202,02
202502;1;PR;80075;BRADESCO - PRUDENCIAL;2;3600,77
202502;1;PR;80336;BTG PACTUAL - PRUDENCIAL;5;608,50
202502;1;PR;80996;INTER - PRUDENCIAL;6;844,77
202502;1;PR;80099;ITAU - PRUDENCIAL;7;884,41
202502;1;PR;84693;NU PAGAMENTOS - PRUDENCIAL;38;1680,98
202502;1;PR;80185;SANTANDER - PRUDENCIAL;12;10257,00
202502;1;RJ;80329;BB - PRUDENCIAL;4;526,98
202502;1;RJ;80075;BRADESCO - PRUDENCIAL;5;657,74
202502;1;RJ;80336;BTG PACTUAL - PRUDENCIAL;3;542,08
202502;1;RJ;80996;INTER - PRUDENCIAL;3;558,60
202502;1;RJ;80099;ITAU - PRUDENCIAL;10;989,16
202502;1;RJ;84693;NU PAGAMENTOS - PRUDENCIAL;83;5082,98
202502;1;RJ;80185;SANTANDER - PRUDENCIAL;63;95856,80
202502;1;RN;80879;BANCOOB - PRUDENCIAL;1;200,16
202502;1;RN;80329;BB - PRUDENCIAL;1;26,70
202502;1;RN;80336;BTG PACTUAL - PRUDENCIAL;1;125,81
202502;1;RN;80996;INTER - PRUDENCIAL;1;200,64
202502;1;RN;80099;ITAU - PRUDENCIAL;3;190,07
202502;1;RN;84693;NU PAGAMENTOS - PRUDENCIAL;12;1121,86
202502;1;RN;80185;SANTANDER - PRUDENCIAL;5;4726,67
202502;1;RO;80099;ITAU - PRUDENCIAL;1;4,26
202502;1;RO;84693;NU PAGAMENTOS - PRUDENCIAL;11;620,72
202502;1;RO;80185;SANTANDER - PRUDENCIAL;7;13118,80
202502;1;RO;5203605;SICOOB AMAZÔNIA;1;204,50
202502;1;RR;80336;BTG PACTUAL - PRUDENCIAL;1;106,40
202502;1;RR;84693;NU PAGAMENTOS - PRUDENCIAL;4;87,22
202502;1;RR;80185;SANTANDER - PRUDENCIAL;3;11390,09
202502;1;RS;80075;BRADESCO - PRUDENCIAL;1;7,84
202502;1;RS;80336;BTG PACTUAL - PRUDENCIAL;3;505,05
202502;1;RS;80099;ITAU - PRUDENCIAL;2;54,98
202502;1;RS;84693;NU PAGAMENTOS - PRUDENCIAL;41;2650,89
202502;1;RS;80185;SANTANDER - PRUDENCIAL;16;25702,45
202502;1;SC;80329;BB - PRUDENCIAL;1;46,97
202502;1;SC;80336;BTG PACTUAL - PRUDENCIAL;2;297,08
202502;1;SC;80996;INTER - PRUDENCIAL;1;103,92
202502;1;SC;80099;ITAU - PRUDENCIAL;2;216,57
202502;1;SC;84693;NU PAGAMENTOS - PRUDENCIAL;32;1757,89
202502;1;SC;80185;SANTANDER - PRUDENCIAL;11;15512,80
202502;1;SE;80329;BB - PRUDENCIAL;1;51,44
202502;1;SE;80099;ITAU - PRUDENCIAL;1;161,91
202502;1;SE;84693;NU PAGAMENTOS - PRUDENCIAL;3;217,86
202502;1;SE;80185;SANTANDER - PRUDENCIAL;1;482,36
202502;1;SP;84844;BANCO C6 - PRUDENCIAL;7;1378,51
202502;1;SP;80879;BANCOOB - PRUDENCIAL;1;202,96
202502;1;SP;80329;BB - PRUDENCIAL;8;746,30
202502;1;SP;80178;BMG - PRUDENCIAL;1;200,25
202502;1;SP;80075;BRADESCO - PRUDENCIAL;13;2356,53
202502;1;SP;80336;BTG PACTUAL - PRUDENCIAL;25;3681,04
202502;1;SP;80996;INTER - PRUDENCIAL;8;1317,53
202502;1;SP;80099;ITAU - PRUDENCIAL;28;2998,65
202502;1;SP;84693;NU PAGAMENTOS - PRUDENCIAL;222;14842,68
202502;1;SP;80185;SANTANDER - PRUDENCIAL;135;173999,15
202502;1;TO;80329;BB - PRUDENCIAL;1;161,26
202502;1;TO;84693;NU PAGAMENTOS - PRUDENCIAL;2;113,41
202502;2;AL;80484;VOTORANTIM - PRUDENCIAL;1;5776,20
202502;2;AM;80075;BRADESCO - PRUDENCIAL;1;3482,04
202502;2;BA;80075;BRADESCO - PRUDENCIAL;3;23396,81
202502;2;BA;80484;VOTORANTIM - PRUDENCIAL;2;32157,37
202502;2;CE;84844;BANCO C6 - PRUDENCIAL;2;868,92
202502;2;CE;80075;BRADESCO - PRUDENCIAL;1;9146,13
202502;2;CE;80484;VOTORANTIM - PRUDENCIAL;4;3200,56
202502;2;DF;84844;BANCO C6 - PRUDENCIAL;1;75,85
202502;2;DF;80075;BRADESCO - PRUDENCIAL;1;19841,31
202502;2;ES;80738;CAIXA ECONÔMICA FEDERAL - PRUDENCIAL;1;69,01
202502;2;GO;80484;VOTORANTIM - PRUDENCIAL;3;12122,57
202502;2;MA;80075;BRADESCO - PRUDENCIAL;1;6560,86
202502;2;MA;80484;VOTORANTIM - PRUDENCIAL;3;4923,15
202502;2;MG;84844;BANCO C6 - PRUDENCIAL;1;209,29
202502;2;MG;80075;BRADESCO - PRUDENCIAL;3;8030,17
202502;2;MG;80484;VOTORANTIM - PRUDENCIAL;6;17384,38
202502;2;MS;84844;BANCO C6 - PRUDENCIAL;1;284,60
202502;2;MS;80075;BRADESCO - PRUDENCIAL;1;13900,73
202502;2;MS;80484;VOTORANTIM - PRUDENCIAL;2;10116,57
202502;2;MT;80484;VOTORANTIM - PRUDENCIAL;2;3948,37
202502;2;PA;84844;BANCO C6 - PRUDENCIAL;1;211,87
202502;2;PA;80075;BRADESCO - PRUDENCIAL;1;59,04
202502;2;PA;80484;VOTORANTIM - PRUDENCIAL;1;738,60
202502;2;PE;84844;BANCO C6 - PRUDENCIAL;1;201,57
202502;2;PI;80075;BRADESCO - PRUDENCIAL;2;4850,13
202502;2;PR;84844;BANCO C6 - PRUDENCIAL;2;2660,18
202502;2;PR;80075;BRADESCO - PRUDENCIAL;2;7927,45
202502;2;PR;80099;ITAU - PRUDENCIAL;1;7,60
202502;2;PR;80484;VOTORANTIM - PRUDENCIAL;4;7119,20
202502;2;RJ;84844;BANCO C6 - PRUDENCIAL;4;874,81
202502;2;RJ;80075;BRADESCO - PRUDENCIAL;6;64166,24
202502;2;RN;80075;BRADESCO - PRUDENCIAL;1;672,78
202502;2;RR;80484;VOTORANTIM - PRUDENCIAL;1;10415,04
202502;2;RS;80154;BANRISUL - PRUDENCIAL;1;203,37
202502;2;RS;80075;BRADESCO - PRUDENCIAL;1;10936,53
202502;2;RS;80185;SANTANDER - PRUDENCIAL;3;148,87
202502;2;RS;80484;VOTORANTIM - PRUDENCIAL;6;22414,05
202502;2;SC;80075;BRADESCO - PRUDENCIAL;2;7257,33
202502;2;SC;80738;CAIXA ECONÔMICA FEDERAL - PRUDENCIAL;1;464,46
202502;2;SC;80484;VOTORANTIM - PRUDENCIAL;7;34243,82
202502;2;SE;80484;VOTORANTIM - PRUDENCIAL;2;4292,74
202502;2;SP;84844;BANCO C6 - PRUDENCIAL;5;8518,91
202502;2;SP;80329;BB - PRUDENCIAL;2;3641,32
202502;2;SP;80075;BRADESCO - PRUDENCIAL;12;34155,17
202502;2;SP;80099;ITAU - PRUDENCIAL;1;46,35
202502;2;SP;80484;VOTORANTIM - PRUDENCIAL;20;45629,06
202502;3;AL;81593;BCO DO NORDESTE DO BRASIL S.A. - PRUDENCIAL;1;21651,12
202502;3;AL;80185;SANTANDER - PRUDENCIAL;1;4431,46
202502;3;AM;80185;SANTANDER - PRUDENCIAL;1;20331,42
202502;3;AP;80185;SANTANDER - PRUDENCIAL;1;90915,63
202502;3;BA;81593;BCO DO NORDESTE DO BRASIL S.A. - PRUDENCIAL;3;130984,49
202502;3;BA;80185;SANTANDER - PRUDENCIAL;14;497793,10
202502;3;CE;80185;SANTANDER - PRUDENCIAL;5;267935,88
202502;3;GO;80185;SANTANDER - PRUDENCIAL;5;162575,72
202502;3;MA;81593;BCO DO NORDESTE DO BRASIL S.A. - PRUDENCIAL;2;44073,08
202502;3;MA;80075;BRADESCO - PRUDENCIAL;1;779,71
202502;3;MA;80185;SANTANDER - PRUDENCIAL;2;16556,23
202502;3;MG;80185;SANTANDER - PRUDENCIAL;7;151061,03
202502;3;MS;80185;SANTANDER - PRUDENCIAL;3;85386,76
202502;3;MT;80185;SANTANDER - PRUDENCIAL;3;92975,99
202502;3;PB;80185;SANTANDER - PRUDENCIAL;3;45415,69
202502;3;PE;80185;SANTANDER - PRUDENCIAL;5;129545,31
202502;3;PI;81593;BCO DO NORDESTE DO BRASIL S.A. - PRUDENCIAL;2;78479,23
202502;3;PR;80185;SANTANDER - PRUDENCIAL;9;303193,90
202502;3;RJ;80185;SANTANDER - PRUDENCIAL;12;403555,07
202502;3;RN;81593;BCO DO NORDESTE DO BRASIL S.A. - PRUDENCIAL;2;17259,94
202502;3;RS;80185;SANTANDER - PRUDENCIAL;7;168618,00
202502;3;SC;80185;SANTANDER - PRUDENCIAL;1;23834,66
202502;3;SP;80185;SANTANDER - PRUDENCIAL;45;1133604,90
202503;1;AC;80738;CAIXA ECONÔMICA FEDERAL - PRUDENCIAL;300;196648,66
202503;1;AC;84693;NU PAGAMENTOS - PRUDENCIAL;1;139,60
202503;1;AC;80185;SANTANDER - PRUDENCIAL;7;2376,01
202503;1;AL;80154;BANRISUL - PRUDENCIAL;1;1712,18
202503;1;AL;80329;BB - PRUDENCIAL;1;21,70
202503;1;AL;80336;BTG PACTUAL - PRUDENCIAL;3;423,75
202503;1;AL;80738;CAIXA ECONÔMICA FEDERAL - PRUDENCIAL;979;550435,36
202503;1;AL;80099;ITAU - PRUDENCIAL;1;212,88
202503;1;AL;84693;NU PAGAMENTOS - PRUDENCIAL;1;52,91
202503;1;AL;80185;SANTANDER - PRUDENCIAL;6;2780,13
202503;1;AM;80154;BANRISUL - PRUDENCIAL;4;5223,19
202503;1;AM;80738;CAIXA ECONÔMICA FEDERAL - PRUDENCIAL;1755;1111791,55
202503;1;AM;80996;INTER - PRUDENCIAL;1;200,60
202503;1;AM;80099;ITAU - PRUDENCIAL;3;337,10
202503;1;AM;84693;NU PAGAMENTOS - PRUDENCIAL;6;2046,72
202503;1;AM;80185;SANTANDER - PRUDENCIAL;30;32571,85
202503;1;AP;80738;CAIXA ECONÔMICA FEDERAL - PRUDENCIAL;181;101388,88
202503;1;AP;84693;NU PAGAMENTOS - PRUDENCIAL;2;1999,89
202503;1;AP;80185;SANTANDER - PRUDENCIAL;1;547,61
202503;1;BA;84844;BANCO C6 - PRUDENCIAL;1;188,90
202503;1;BA;80879;BANCOOB - PRUDENCIAL;1;201,17
202503;1;BA;80154;BANRISUL - PRUDENCIAL;7;11358,66
202503;1;BA;80329;BB - PRUDENCIAL;3;154,76
202503;1;BA;80336;BTG PACTUAL - PRUDENCIAL;3;506,18
202503;1;BA;80738;CAIXA ECONÔMICA FEDERAL - PRUDENCIAL;3464;2050923,86
202503;1;BA;80099;ITAU - PRUDENCIAL;5;1649,87
202503;1;BA;84693;NU PAGAMENTOS - PRUDENCIAL;24;3186,65
202503;1;BA;80185;SANTANDER - PRUDENCIAL;39;36528,11
202503;1;CE;80154;BANRISUL - PRUDENCIAL;2;2673,46
202503;1;CE;80329;BB - PRUDENCIAL;1;73,08
202503;1;CE;80075;BRADESCO - PRUDENCIAL;1;77,03
202503;1;CE;80738;CAIXA ECONÔMICA FEDERAL - PRUDENCIAL;2571;1396424,28
202503;1;CE;80996;INTER - PRUDENCIAL;3;456,73
202503;1;CE;80099;ITAU - PRUDENCIAL;1;261,53
202503;1;CE;84693;NU PAGAMENTOS - PRUDENCIAL;11;1704,33
202503;1;CE;80185;SANTANDER - PRUDENCIAL;35;45458,35
202503;1;DF;80154;BANRISUL - PRUDENCIAL;3;9064,95
202503;1;DF;80738;CAIXA ECONÔMICA FEDERAL - PRUDENCIAL;1044;667801,91
202503;1;DF;80099;ITAU - PRUDENCIAL;1;200,08
202503;1;DF;84693;NU PAGAMENTOS - PRUDENCIAL;6;1659,86
202503;1;DF;80185;SANTANDER - PRUDENCIAL;17;10524,85
202503;1;ES;84844;BANCO C6 - PRUDENCIAL;1;243,56
202503;1;ES;80154;BANRISUL - PRUDENCIAL;3;5001,48
202503;1;ES;80336;BTG PACTUAL - PRUDENCIAL;3;407,86
202503;1;ES;80738;CAIXA ECONÔMICA FEDERAL - PRUDENCIAL;980;615844,80
202503;1;ES;80099;ITAU - PRUDENCIAL;1;1,00
202503;1;ES;80185;SANTANDER - PRUDENCIAL;14;14709,05
202503;1;GO;84844;BANCO C6 - PRUDENCIAL;1;255,78
202503;1;GO;80154;BANRISUL - PRUDENCIAL;1;499,34
202503;1;GO;80336;BTG PACTUAL - PRUDENCIAL;1;113,94
202503;1;GO;80738;CAIXA ECONÔMICA FEDERAL - PRUDENCIAL;1592;997799,00
202503;1;GO;80099;ITAU - PRUDENCIAL;4;430,96
202503;1;GO;84693;NU PAGAMENTOS - PRUDENCIAL;6;1609,45
202503;1;GO;80185;SANTANDER - PRUDENCIAL;24;17053,00
202503;1;MA;80329;BB - PRUDENCIAL;1;46,28
202503;1;MA;80075;BRADESCO - PRUDENCIAL;1;1215,22
202503;1;MA;80336;BTG PACTUAL - PRUDENCIAL;1;188,47
202503;1;MA;80738;CAIXA ECONÔMICA FEDERAL - PRUDENCIAL;1129;606708,44
202503;1;MA;80099;ITAU - PRUDENCIAL;1;216,85
202503;1;MA;84693;NU PAGAMENTOS - PRUDENCIAL;6;1131,61
202503;1;MA;80185;SANTANDER - PRUDENCIAL;6;15180,87
202503;1;MG;80154;BANRISUL - PRUDENCIAL;12;16317,33
202503;1;MG;80075;BRADESCO - PRUDENCIAL;3;89,45
202503;1;MG;80336;BTG PACTUAL - PRUDENCIAL;4;518,02
202503;1;MG;80738;CAIXA ECONÔMICA FEDERAL - PRUDENCIAL;5588;3622741,82
202503;1;MG;80996;INTER - PRUDENCIAL;3;658,37
202503;1;MG;80099;ITAU - PRUDENCIAL;9;425,97
202503;1;MG;84693;NU PAGAMENTOS - PRUDENCIAL;20;5652,02
202503;1;MG;80185;SANTANDER - PRUDENCIAL;58;60489,88
202503;1;MS;80154;BANRISUL - PRUDENCIAL;2;1198,07
202503;1;MS;80178;BMG - PRUDENCIAL;1;201,93
202503;1;MS;80075;BRADESCO - PRUDENCIAL;2;12,36
202503;1;MS;80336;BTG PACTUAL - PRUDENCIAL;2;248,39
202503;1;MS;80738;CAIXA ECONÔMICA FEDERAL - PRUDENCIAL;1149;701585,02
202503;1;MS;80996;INTER - PRUDENCIAL;1;137,60
202503;1;MS;80099;ITAU - PRUDENCIAL;3;521,58
202503;1;MS;84693;NU PAGAMENTOS - PRUDENCIAL;4;414,12
202503;1;MS;80185;SANTANDER - PRUDENCIAL;12;5981,86
202503;1;MT;80154;BANRISUL - PRUDENCIAL;1;1989,32
202503;1;MT;80329;BB - PRUDENCIAL;1;202,80
202503;1;MT;80178;BMG - PRUDENCIAL;1;201,80
202503;1;MT;80336;BTG PACTUAL - PRUDENCIAL;3;481,69
202503;1;MT;80738;CAIXA ECONÔMICA FEDERAL - PRUDENCIAL;777;584961,23
202503;1;MT;23623636;CCLA NORTE DE MATO GROSSO - SICOOB NORTE MT;1;26,87
202503;1;MT;84693;NU PAGAMENTOS - PRUDENCIAL;8;5495,91
202503;1;MT;80185;SANTANDER - PRUDENCIAL;8;6035,12
202503;1;PA;80154;BANRISUL - PRUDENCIAL;1;4644,86
202503;1;PA;80738;CAIXA ECONÔMICA FEDERAL - PRUDENCIAL;1811;954967,54
202503;1;PA;80099;ITAU - PRUDENCIAL;1;1,00
202503;1;PA;84693;NU PAGAMENTOS - PRUDENCIAL;9;1416,28
202503;1;PA;80185;SANTANDER - PRUDENCIAL;11;14311,65
202503;1;PB;80154;BANRISUL - PRUDENCIAL;2;1348,22
202503;1;PB;80336;BTG PACTUAL - PRUDENCIAL;1;52,56
202503;1;PB;80738;CAIXA ECONÔMICA FEDERAL - PRUDENCIAL;1122;619801,21
202503;1;PB;80996;INTER - PRUDENCIAL;1;200,68
202503;1;PB;84693;NU PAGAMENTOS - PRUDENCIAL;4;1244,56
202503;1;PB;80185;SANTANDER - PRUDENCIAL;10;8920,89
202503;1;PE;84844;BANCO C6 - PRUDENCIAL;2;575,82
202503;1;PE;80154;BANRISUL - PRUDENCIAL;1;247,03
202503;1;PE;80329;BB - PRUDENCIAL;2;153,42
202503;1;PE;80075;BRADESCO - PRUDENCIAL;2;300,29
202503;1;PE;80336;BTG PACTUAL - PRUDENCIAL;1;76,12
202503;1;PE;80738;CAIXA ECONÔMICA FEDERAL - PRUDENCIAL;2584;1456909,97
202503;1;PE;80099;ITAU - PRUDENCIAL;2;467,94
202503;1;PE;84693;NU PAGAMENTOS - PRUDENCIAL;8;4038,57
202503;1;PE;80185;SANTANDER - PRUDENCIAL;38;26728,30
202503;1;PI;84844;BANCO C6 - PRUDENCIAL;1;208,37
202503;1;PI;80154;BANRISUL - PRUDENCIAL;2;5858,94
202503;1;PI;80336;BTG PACTUAL - PRUDENCIAL;1;190,16
202503;1;PI;80738;CAIXA ECONÔMICA FEDERAL - PRUDENCIAL;929;563452,41
202503;1;PI;84693;NU PAGAMENTOS - PRUDENCIAL;2;3614,48
202503;1;PI;80185;SANTANDER - PRUDENCIAL;6;8251,48
202503;1;PR;80154;BANRISUL - PRUDENCIAL;4;5520,92
202503;1;PR;80075;BRADESCO - PRUDENCIAL;1;202,43
202503;1;PR;80336;BTG PACTUAL - PRUDENCIAL;3;297,43
202503;1;PR;80738;CAIXA ECONÔMICA FEDERAL - PRUDENCIAL;2443;1485219,61
202503;1;PR;80099;ITAU - PRUDENCIAL;4;874,82
202503;1;PR;84693;NU PAGAMENTOS - PRUDENCIAL;14;1849,83
202503;1;PR;80185;SANTANDER - PRUDENCIAL;31;25589,94
202503;1;RJ;80154;BANRISUL - PRUDENCIAL;10;13004,20
202503;1;RJ;80329;BB - PRUDENCIAL;3;475,41
202503;1;RJ;80178;BMG - PRUDENCIAL;1;203,04
202503;1;RJ;80075;BRADESCO - PRUDENCIAL;3;284,56
202503;1;RJ;80336;BTG PACTUAL - PRUDENCIAL;3;465,15
202503;1;RJ;80738;CAIXA ECONÔMICA FEDERAL - PRUDENCIAL;6169;3472013,02
202503;1;RJ;80996;INTER - PRUDENCIAL;4;297,84
202503;1;RJ;80099;ITAU - PRUDENCIAL;13;1762,38
202503;1;RJ;84693;NU PAGAMENTOS - PRUDENCIAL;34;5714,73
202503;1;RJ;80185;SANTANDER - PRUDENCIAL;108;113020,10
202503;1;RN;80154;BANRISUL - PRUDENCIAL;2;1741,21
202503;1;RN;80329;BB - PRUDENCIAL;4;323,37
202503;1;RN;80336;BTG PACTUAL - PRUDENCIAL;1;114,84
202503;1;RN;80738;CAIXA ECONÔMICA FEDERAL - PRUDENCIAL;848;460320,95
202503;1;RN;80996;INTER - PRUDENCIAL;1;49,78
202503;1;RN;84693;NU PAGAMENTOS - PRUDENCIAL;2;58,87
202503;1;RN;80185;SANTANDER - PRUDENCIAL;12;28333,36
202503;1;RO;80879;BANCOOB - PRUDENCIAL;1;215,26
202503;1;RO;80738;CAIXA ECONÔMICA FEDERAL - PRUDENCIAL;609;405328,04
202503;1;RO;84693;NU PAGAMENTOS - PRUDENCIAL;2;2317,05
202503;1;RO;80185;SANTANDER - PRUDENCIAL;4;3399,85
202503;1;RR;80329;BB - PRUDENCIAL;1;21,13
202503;1;RR;80738;CAIXA ECONÔMICA FEDERAL - PRUDENCIAL;167;91193,05
202503;1;RR;80996;INTER - PRUDENCIAL;1;186,54
202503;1;RR;84693;NU PAGAMENTOS - PRUDENCIAL;1;202,08
202503;1;RR;80185;SANTANDER - PRUDENCIAL;4;1293,58
202503;1;RS;84844;BANCO C6 - PRUDENCIAL;1;222,35
202503;1;RS;80154;BANRISUL - PRUDENCIAL;393;478308,71
202503;1;RS;80329;BB - PRUDENCIAL;1;13,23
202503;1;RS;80336;BTG PACTUAL - PRUDENCIAL;2;252,92
202503;1;RS;80738;CAIXA ECONÔMICA FEDERAL - PRUDENCIAL;3235;1903849,25
202503;1;RS;80996;INTER - PRUDENCIAL;1;201,61
202503;1;RS;80099;ITAU - PRUDENCIAL;4;410,56
202503;1;RS;84693;NU PAGAMENTOS - PRUDENCIAL;10;4558,74
202503;1;RS;80185;SANTANDER - PRUDENCIAL;49;46519,60
202503;1;SC;84844;BANCO C6 - PRUDENCIAL;1;439,35
202503;1;SC;80154;BANRISUL - PRUDENCIAL;10;9478,49
202503;1;SC;80075;BRADESCO - PRUDENCIAL;4;902,90
202503;1;SC;80738;CAIXA ECONÔMICA FEDERAL - PRUDENCIAL;1344;938315,99
202503;1;SC;80099;ITAU - PRUDENCIAL;2;283,78
202503;1;SC;84693;NU PAGAMENTOS - PRUDENCIAL;6;387,34
202503;1;SC;80185;SANTANDER - PRUDENCIAL;20;22710,07
202503;1;SE;84844;BANCO C6 - PRUDENCIAL;1;203,59
202503;1;SE;80154;BANRISUL - PRUDENCIAL;1;3313,36
202503;1;SE;80738;CAIXA ECONÔMICA FEDERAL - PRUDENCIAL;602;359212,40
202503;1;SE;84693;NU PAGAMENTOS - PRUDENCIAL;1;1277,08
202503;1;SE;80185;SANTANDER - PRUDENCIAL;3;416,01
202503;1;SP;84844;BANCO C6 - PRUDENCIAL;2;389,46
202503;1;SP;80154;BANRISUL - PRUDENCIAL;20;27982,46
202503;1;SP;80329;BB - PRUDENCIAL;5;543,26
202503;1;SP;80075;BRADESCO - PRUDENCIAL;14;3016,77
202503;1;SP;80336;BTG PACTUAL - PRUDENCIAL;22;3490,83
202503;1;SP;80738;CAIXA ECONÔMICA FEDERAL - PRUDENCIAL;11721;7006565,06
202503;1;SP;80996;INTER - PRUDENCIAL;7;1145,93
202503;1;SP;80099;ITAU - PRUDENCIAL;31;4210,00
202503;1;SP;84693;NU PAGAMENTOS - PRUDENCIAL;76;27068,57
202503;1;SP;80185;SANTANDER - PRUDENCIAL;234;177527,49
202503;1;SP;80484;VOTORANTIM - PRUDENCIAL;1;200,74
202503;1;TO;80738;CAIXA ECONÔMICA FEDERAL - PRUDENCIAL;245;155744,38
202503;1;TO;80185;SANTANDER - PRUDENCIAL;4;2583,41
202503;2;AC;84844;BANCO C6 - PRUDENCIAL;1;201,29
202503;2;AC;80075;BRADESCO - PRUDENCIAL;1;3510,77
202503;2;AM;84844;BANCO C6 - PRUDENCIAL;1;130,34
202503;2;AM;80075;BRADESCO - PRUDENCIAL;1;34,97
202503;2;AP;80484;VOTORANTIM - PRUDENCIAL;1;4450,62
202503;2;BA;81593;BCO DO NORDESTE DO BRASIL S.A. - PRUDENCIAL;2;61007,97
202503;2;BA;80484;VOTORANTIM - PRUDENCIAL;4;5709,41
202503;2;CE;84844;BANCO C6 - PRUDENCIAL;2;4408,57
202503;2;CE;81593;BCO DO NORDESTE DO BRASIL S.A. - PRUDENCIAL;3;5805,89
202503;2;CE;80075;BRADESCO - PRUDENCIAL;2;18641,59
202503;2;CE;80484;VOTORANTIM - PRUDENCIAL;3;1605,98
202503;2;DF;80484;VOTORANTIM - PRUDENCIAL;2;15045,36
202503;2;ES;80075;BRADESCO - PRUDENCIAL;1;8404,72
202503;2;ES;80484;VOTORANTIM - PRUDENCIAL;1;4777,25
202503;2;GO;80075;BRADESCO - PRUDENCIAL;2;31360,54
202503;2;GO;80484;VOTORANTIM - PRUDENCIAL;1;313,80
202503;2;MA;80329;BB - PRUDENCIAL;1;1554,83
202503;2;MA;81593;BCO DO NORDESTE DO BRASIL S.A. - PRUDENCIAL;1;2407,61
202503;2;MA;80484;VOTORANTIM - PRUDENCIAL;3;3599,06
202503;2;MG;80484;VOTORANTIM - PRUDENCIAL;3;19002,83
202503;2;MS;80075;BRADESCO - PRUDENCIAL;1;4355,58
202503;2;MT;80484;VOTORANTIM - PRUDENCIAL;2;4568,62
202503;2;PA;80484;VOTORANTIM - PRUDENCIAL;2;14732,24
202503;2;PB;80484;VOTORANTIM - PRUDENCIAL;3;9367,82
202503;2;PE;84844;BANCO C6 - PRUDENCIAL;1;218,08
202503;2;PE;80484;VOTORANTIM - PRUDENCIAL;3;2345,06
202503;2;PI;80484;VOTORANTIM - PRUDENCIAL;2;3033,45
202503;2;PR;84844;BANCO C6 - PRUDENCIAL;1;179,85
202503;2;PR;80075;BRADESCO - PRUDENCIAL;1;245,33
202503;2;PR;80484;VOTORANTIM - PRUDENCIAL;6;11476,51
202503;2;RJ;84844;BANCO C6 - PRUDENCIAL;3;534,24
202503;2;RJ;80484;VOTORANTIM - PRUDENCIAL;9;12219,57
202503;2;RN;80484;VOTORANTIM - PRUDENCIAL;2;4332,39
202503;2;RO;80075;BRADESCO - PRUDENCIAL;1;6869,43
202503;2;RS;80075;BRADESCO - PRUDENCIAL;2;2906,14
202503;2;RS;80484;VOTORANTIM - PRUDENCIAL;7;15423,16
202503;2;SC;84844;BANCO C6 - PRUDENCIAL;2;1043,59
202503;2;SC;80075;BRADESCO - PRUDENCIAL;3;47962,12
202503;2;SC;80484;VOTORANTIM - PRUDENCIAL;7;24766,83
202503;2;SE;80075;BRADESCO - PRUDENCIAL;2;5125,78
202503;2;SP;84844;BANCO C6 - PRUDENCIAL;3;1082,57
202503;2;SP;80075;BRADESCO - PRUDENCIAL;3;59956,80
202503;2;SP;80738;CAIXA ECONÔMICA FEDERAL - PRUDENCIAL;1;367,33
202503;2;SP;80099;ITAU - PRUDENCIAL;1;118,19
202503;2;SP;80484;VOTORANTIM - PRUDENCIAL;36;71406,16
202503;3;AL;80185;SANTANDER - PRUDENCIAL;1;8575,87
202503;3;AP;80185;SANTANDER - PRUDENCIAL;4;124250,33
202503;3;BA;81593;BCO DO NORDESTE DO BRASIL S.A. - PRUDENCIAL;1;126786,70
202503;3;BA;80185;SANTANDER - PRUDENCIAL;8;156487,59
202503;3;CE;80185;SANTANDER - PRUDENCIAL;2;14948,35
202503;3;DF;80185;SANTANDER - PRUDENCIAL;1;159761,05
202503;3;ES;80185;SANTANDER - PRUDENCIAL;4;31201,84
202503;3;GO;80185;SANTANDER - PRUDENCIAL;4;121596,43
202503;3;MA;80185;SANTANDER - PRUDENCIAL;4;35286,10
202503;3;MG;80185;SANTANDER - PRUDENCIAL;2;4095,02
202503;3;MS;80185;SANTANDER - PRUDENCIAL;1;22323,21
202503;3;MT;80185;SANTANDER - PRUDENCIAL;2;92726,59
202503;3;PA;80185;SANTANDER - PRUDENCIAL;1;58835,30
202503;3;PB;80185;SANTANDER - PRUDENCIAL;2;114152,70
202503;3;PE;81593;BCO DO NORDESTE DO BRASIL S.A. - PRUDENCIAL;1;2386,99
202503;3;PE;80185;SANTANDER - PRUDENCIAL;13;178192,47
202503;3;PI;80185;SANTANDER - PRUDENCIAL;1;16899,53
202503;3;PR;80185;SANTANDER - PRUDENCIAL;8;141402,16
202503;3;RJ;80185;SANTANDER - PRUDENCIAL;14;164511,73
202503;3;RN;80185;SANTANDER - PRUDENCIAL;1;1271,23
202503;3;RS;80185;SANTANDER - PRUDENCIAL;9;54326,34
202503;3;SC;80185;SANTANDER - PRUDENCIAL;3;67491,00
202503;3;SP;80185;SANTANDER - PRUDENCIAL;41;639914,44
202504;1;AC;80329;BB - PRUDENCIAL;1;68,58
202504;1;AC;84693;NU PAGAMENTOS - PRUDENCIAL;4;2347,49
202504;1;AC;80185;SANTANDER - PRUDENCIAL;1;3637,71
202504;1;AL;84693;NU PAGAMENTOS - PRUDENCIAL;8;5158,22
202504;1;AL;80185;SANTANDER - PRUDENCIAL;7;2025,98
202504;1;AM;80336;BTG PACTUAL - PRUDENCIAL;1;101,43
202504;1;AM;80099;ITAU - PRUDENCIAL;5;924,80
202504;1;AM;84693;NU PAGAMENTOS - PRUDENCIAL;15;10976,13
202504;1;AM;80185;SANTANDER - PRUDENCIAL;16;20633,91
202504;1;AP;84693;NU PAGAMENTOS - PRUDENCIAL;1;543,29
202504;1;AP;80185;SANTANDER - PRUDENCIAL;1;92,87
202504;1;BA;80329;BB - PRUDENCIAL;3;123,27
202504;1;BA;80075;BRADESCO - PRUDENCIAL;1;108,63
202504;1;BA;80336;BTG PACTUAL - PRUDENCIAL;10;1350,72
202504;1;BA;80996;INTER - PRUDENCIAL;1;66,68
202504;1;BA;80099;ITAU - PRUDENCIAL;2;445,07
202504;1;BA;84693;NU PAGAMENTOS - PRUDENCIAL;25;16633,00
202504;1;BA;80185;SANTANDER - PRUDENCIAL;21;23281,95
202504;1;CE;84844;BANCO C6 - PRUDENCIAL;2;236,82
202504;1;CE;80329;BB - PRUDENCIAL;7;342,24
202504;1;CE;80075;BRADESCO - PRUDENCIAL;1;0,02
202504;1;CE;80336;BTG PACTUAL - PRUDENCIAL;2;226,96
202504;1;CE;80099;ITAU - PRUDENCIAL;2;490,02
202504;1;CE;84693;NU PAGAMENTOS - PRUDENCIAL;27;18305,04
202504;1;CE;80185;SANTANDER - PRUDENCIAL;21;14615,09
202504;1;DF;80329;BB - PRUDENCIAL;1;26,15
202504;1;DF;80336;BTG PACTUAL - PRUDENCIAL;2;337,92
202504;1;DF;80996;INTER - PRUDENCIAL;1;150,95
202504;1;DF;80099;ITAU - PRUDENCIAL;1;202,76
202504;1;DF;84693;NU PAGAMENTOS - PRUDENCIAL;9;3405,89
202504;1;DF;80185;SANTANDER - PRUDENCIAL;7;17562,17
202504;1;ES;80996;INTER - PRUDENCIAL;2;252,19
202504;1;ES;80099;ITAU - PRUDENCIAL;1;52,15
202504;1;ES;84693;NU PAGAMENTOS - PRUDENCIAL;5;1808,27
202504;1;ES;80185;SANTANDER - PRUDENCIAL;5;5289,81
202504;1;GO;80075;BRADESCO - PRUDENCIAL;1;1222,46
202504;1;GO;80336;BTG PACTUAL - PRUDENCIAL;3;415,99
202504;1;GO;80099;ITAU - PRUDENCIAL;7;1866,81
202504;1;GO;84693;NU PAGAMENTOS - PRUDENCIAL;15;8361,50
202504;1;GO;80185;SANTANDER - PRUDENCIAL;14;11049,07
202504;1;MA;80329;BB - PRUDENCIAL;2;151,13
202504;1;MA;84693;NU PAGAMENTOS - PRUDENCIAL;11;3915,73
202504;1;MA;80185;SANTANDER - PRUDENCIAL;2;2657,73
202504;1;MG;84844;BANCO C6 - PRUDENCIAL;1;114,67
202504;1;MG;80329;BB - PRUDENCIAL;2;102,77
202504;1;MG;80178;BMG - PRUDENCIAL;1;200,08
202504;1;MG;80075;BRADESCO - PRUDENCIAL;2;368,49
202504;1;MG;80336;BTG PACTUAL - PRUDENCIAL;4;536,67
202504;1;MG;80996;INTER - PRUDENCIAL;2;353,40
202504;1;MG;80099;ITAU - PRUDENCIAL;6;548,54
202504;1;MG;84693;NU PAGAMENTOS - PRUDENCIAL;41;21885,98
202504;1;MG;80185;SANTANDER - PRUDENCIAL;35;26120,13
202504;1;MS;80329;BB - PRUDENCIAL;1;50,77
202504;1;MS;80075;BRADESCO - PRUDENCIAL;2;142,91
202504;1;MS;80336;BTG PACTUAL - PRUDENCIAL;3;376,37
202504;1;MS;84693;NU PAGAMENTOS - PRUDENCIAL;10;10418,80
202504;1;MS;80185;SANTANDER - PRUDENCIAL;7;7204,59
202504;1;MT;84844;BANCO C6 - PRUDENCIAL;1;5,25
202504;1;MT;80329;BB - PRUDENCIAL;1;202,20
202504;1;MT;80075;BRADESCO - PRUDENCIAL;2;43,69
202504;1;MT;80336;BTG PACTUAL - PRUDENCIAL;1;54,13
202504;1;MT;84693;NU PAGAMENTOS - PRUDENCIAL;14;12848,30
202504;1;MT;80185;SANTANDER - PRUDENCIAL;8;5608,53
202504;1;PA;84844;BANCO C6 - PRUDENCIAL;1;104,56
202504;1;PA;80329;BB - PRUDENCIAL;1;51,91
202504;1;PA;80336;BTG PACTUAL - PRUDENCIAL;1;110,34
202504;1;PA;80099;ITAU - PRUDENCIAL;1;254,23
202504;1;PA;84693;NU PAGAMENTOS - PRUDENCIAL;21;24500,22
202504;1;PA;80185;SANTANDER - PRUDENCIAL;5;1430,20
202504;1;PB;80329;BB - PRUDENCIAL;2;233,70
202504;1;PB;80336;BTG PACTUAL - PRUDENCIAL;1;157,29
202504;1;PB;80996;INTER - PRUDENCIAL;1;72,10
202504;1;PB;84693;NU PAGAMENTOS - PRUDENCIAL;5;5045,98
202504;1;PB;80185;SANTANDER - PRUDENCIAL;7;10529,37
202504;1;PE;84844;BANCO C6 - PRUDENCIAL;1;209,86
202504;1;PE;80329;BB - PRUDENCIAL;1;1,15
202504;1;PE;80178;BMG - PRUDENCIAL;1;200,29
202504;1;PE;80075;BRADESCO - PRUDENCIAL;1;8,24
202504;1;PE;80336;BTG PACTUAL - PRUDENCIAL;1;165,53
202504;1;PE;80996;INTER - PRUDENCIAL;1;200,97
202504;1;PE;80099;ITAU - PRUDENCIAL;2;303,73
202504;1;PE;84693;NU PAGAMENTOS - PRUDENCIAL;28;12818,87
202504;1;PE;80185;SANTANDER - PRUDENCIAL;16;18334,28
202504;1;PI;80329;BB - PRUDENCIAL;2;117,99
202504;1;PI;80075;BRADESCO - PRUDENCIAL;1;220,84
202504;1;PI;80336;BTG PACTUAL - PRUDENCIAL;2;363,43
202504;1;PI;84693;NU PAGAMENTOS - PRUDENCIAL;9;17101,47
202504;1;PI;80185;SANTANDER - PRUDENCIAL;1;57,34
202504;1;PR;80879;BANCOOB - PRUDENCIAL;1;545,90
202504;1;PR;80329;BB - PRUDENCIAL;2;109,21
202504;1;PR;80075;BRADESCO - PRUDENCIAL;1;201,83
202504;1;PR;80336;BTG PACTUAL - PRUDENCIAL;3;401,45
202504;1;PR;80996;INTER - PRUDENCIAL;2;219,57
202504;1;PR;80099;ITAU - PRUDENCIAL;4;331,30
202504;1;PR;84693;NU PAGAMENTOS - PRUDENCIAL;22;22707,30
202504;1;PR;80185;SANTANDER - PRUDENCIAL;11;15507,04
202504;1;RJ;84844;BANCO C6 - PRUDENCIAL;2;160,25
202504;1;RJ;80329;BB - PRUDENCIAL;9;724,63
202504;1;RJ;80178;BMG - PRUDENCIAL;1;201,76
202504;1;RJ;80075;BRADESCO - PRUDENCIAL;2;235,02
202504;1;RJ;80336;BTG PACTUAL - PRUDENCIAL;9;1287,75
202504;1;RJ;80996;INTER - PRUDENCIAL;2;154,22
202504;1;RJ;80099;ITAU - PRUDENCIAL;13;1571,50
202504;1;RJ;84693;NU PAGAMENTOS - PRUDENCIAL;53;21342,74
202504;1;RJ;80185;SANTANDER - PRUDENCIAL;62;63745,33
202504;1;RN;80075;BRADESCO - PRUDENCIAL;1;19,75
202504;1;RN;80336;BTG PACTUAL - PRUDENCIAL;2;374,69
202504;1;RN;80099;ITAU - PRUDENCIAL;1;51,90
202504;1;RN;84693;NU PAGAMENTOS - PRUDENCIAL;6;3114,89
202504;1;RN;80185;SANTANDER - PRUDENCIAL;7;4476,80
202504;1;RO;80329;BB - PRUDENCIAL;1;200,38
202504;1;RO;84693;NU PAGAMENTOS - PRUDENCIAL;6;1057,84
202504;1;RO;80185;SANTANDER - PRUDENCIAL;5;5934,80
202504;1;RR;84693;NU PAGAMENTOS - PRUDENCIAL;2;1744,74
202504;1;RR;80185;SANTANDER - PRUDENCIAL;2;1742,89
202504;1;RS;84844;BANCO C6 - PRUDENCIAL;1;122,67
202504;1;RS;80154;BANRISUL - PRUDENCIAL;1;2061,53
202504;1;RS;80329;BB - PRUDENCIAL;1;73,88
202504;1;RS;80336;BTG PACTUAL - PRUDENCIAL;3;531,49
202504;1;RS;80996;INTER - PRUDENCIAL;1;202,82
202504;1;RS;80099;ITAU - PRUDENCIAL;5;514,30
202504;1;RS;84693;NU PAGAMENTOS - PRUDENCIAL;22;15813,08
202504;1;RS;80185;SANTANDER - PRUDENCIAL;24;21296,73
202504;1;SC;80329;BB - PRUDENCIAL;2;119,06
202504;1;SC;80075;BRADESCO - PRUDENCIAL;5;473,10
202504;1;SC;80336;BTG PACTUAL - PRUDENCIAL;3;461,60
202504;1;SC;80099;ITAU - PRUDENCIAL;1;216,15
202504;1;SC;84693;NU PAGAMENTOS - PRUDENCIAL;11;7519,31
202504;1;SC;80185;SANTANDER - PRUDENCIAL;15;15799,09
202504;1;SE;84693;NU PAGAMENTOS - PRUDENCIAL;4;808,20
202504;1;SE;80185;SANTANDER - PRUDENCIAL;3;2182,73
202504;1;SP;84844;BANCO C6 - PRUDENCIAL;3;704,97
202504;1;SP;80329;BB - PRUDENCIAL;10;441,69
202504;1;SP;80178;BMG - PRUDENCIAL;1;201,04
202504;1;SP;80075;BRADESCO - PRUDENCIAL;11;1851,32
202504;1;SP;80336;BTG PACTUAL - PRUDENCIAL;14;1847,63
202504;1;SP;80996;INTER - PRUDENCIAL;3;579,53
202504;1;SP;80099;ITAU - PRUDENCIAL;32;4875,48
202504;1;SP;84693;NU PAGAMENTOS - PRUDENCIAL;131;70245,29
202504;1;SP;80185;SANTANDER - PRUDENCIAL;139;145687,90
202504;1;TO;80099;ITAU - PRUDENCIAL;1;209,25
202504;1;TO;84693;NU PAGAMENTOS - PRUDENCIAL;3;3890,54
202504;1;TO;80185;SANTANDER - PRUDENCIAL;2;5915,85
202504;2;AM;80075;BRADESCO - PRUDENCIAL;1;3381,61
202504;2;BA;84844;BANCO C6 - PRUDENCIAL;2;371,73
202504;2;BA;81593;BCO DO NORDESTE DO BRASIL S.A. - PRUDENCIAL;9;53051,28
202504;2;BA;80075;BRADESCO - PRUDENCIAL;1;436,68
202504;2;BA;80484;VOTORANTIM - PRUDENCIAL;1;2587,08
202504;2;CE;80484;VOTORANTIM - PRUDENCIAL;5;11136,24
202504;2;ES;80484;VOTORANTIM - PRUDENCIAL;2;1695,57
202504;2;GO;80075;BRADESCO - PRUDENCIAL;1;4172,26
202504;2;GO;80099;ITAU - PRUDENCIAL;1;82,71
202504;2;MA;80075;BRADESCO - PRUDENCIAL;1;1048,83
202504;2;MG;84844;BANCO C6 - PRUDENCIAL;1;225,80
202504;2;MG;80075;BRADESCO - PRUDENCIAL;4;41833,70
202504;2;MG;80484;VOTORANTIM - PRUDENCIAL;12;30381,41
202504;2;MS;80484;VOTORANTIM - PRUDENCIAL;4;28504,69
202504;2;MT;80075;BRADESCO - PRUDENCIAL;1;31650,93
202504;2;PA;80075;BRADESCO - PRUDENCIAL;2;7135,14
202504;2;PA;80484;VOTORANTIM - PRUDENCIAL;1;5523,76
202504;2;PB;84844;BANCO C6 - PRUDENCIAL;1;255,87
202504;2;PB;81593;BCO DO NORDESTE DO BRASIL S.A. - PRUDENCIAL;3;42864,74
202504;2;PB;80075;BRADESCO - PRUDENCIAL;2;41683,81
202504;2;PB;80484;VOTORANTIM - PRUDENCIAL;1;2425,50
202504;2;PE;84844;BANCO C6 - PRUDENCIAL;1;348,99
202504;2;PE;81593;BCO DO NORDESTE DO BRASIL S.A. - PRUDENCIAL;4;21785,12
202504;2;PE;80075;BRADESCO - PRUDENCIAL;1;1081,09
202504;2;PE;80484;VOTORANTIM - PRUDENCIAL;1;512,90
202504;2;PR;84844;BANCO C6 - PRUDENCIAL;3;663,25
202504;2;PR;80484;VOTORANTIM - PRUDENCIAL;11;23491,34
202504;2;RJ;84844;BANCO C6 - PRUDENCIAL;2;573,53
202504;2;RJ;80075;BRADESCO - PRUDENCIAL;3;7317,35
202504;2;RJ;80099;ITAU - PRUDENCIAL;2;20,40
202504;2;RJ;80484;VOTORANTIM - PRUDENCIAL;4;3325,74
202504;2;RN;80075;BRADESCO - PRUDENCIAL;1;2773,04
202504;2;RN;80484;VOTORANTIM - PRUDENCIAL;1;3052,02
202504;2;RO;84844;BANCO C6 - PRUDENCIAL;1;234,07
202504;2;RO;80484;VOTORANTIM - PRUDENCIAL;1;2206,36
202504;2;RS;80329;BB - PRUDENCIAL;1;98,27
202504;2;RS;80075;BRADESCO - PRUDENCIAL;2;13380,83
202504;2;RS;80484;VOTORANTIM - PRUDENCIAL;4;12218,94
202504;2;SC;84844;BANCO C6 - PRUDENCIAL;1;842,81
202504;2;SC;80075;BRADESCO - PRUDENCIAL;4;14872,72
202504;2;SC;80738;CAIXA ECONÔMICA FEDERAL - PRUDENCIAL;1;315,11
202504;2;SC;80484;VOTORANTIM - PRUDENCIAL;4;20056,03
202504;2;SP;84844;BANCO C6 - PRUDENCIAL;3;11877,28
202504;2;SP;80329;BB - PRUDENCIAL;2;1227,34
202504;2;SP;80075;BRADESCO - PRUDENCIAL;6;90180,93
202504;2;SP;80099;ITAU - PRUDENCIAL;1;35,98
202504;2;SP;80484;VOTORANTIM - PRUDENCIAL;38;85700,08
202504;2;TO;80738;CAIXA ECONÔMICA FEDERAL - PRUDENCIAL;1;180,85
202504;2;TO;80484;VOTORANTIM - PRUDENCIAL;1;2168,52
202504;3;AC;80075;BRADESCO - PRUDENCIAL;3;639403,09
202504;3;AL;80075;BRADESCO - PRUDENCIAL;17;2558372,44
202504;3;AM;80075;BRADESCO - PRUDENCIAL;46;7759779,17
202504;3;AM;80185;SANTANDER - PRUDENCIAL;1;19165,99
202504;3;AP;80075;BRADESCO - PRUDENCIAL;6;448219,71
202504;3;AP;80185;SANTANDER - PRUDENCIAL;4;119216,61
202504;3;BA;80075;BRADESCO - PRUDENCIAL;67;11604500,70
202504;3;BA;80185;SANTANDER - PRUDENCIAL;6;128684,06
202504;3;CE;80075;BRADESCO - PRUDENCIAL;43;5796359,12
202504;3;DF;80075;BRADESCO - PRUDENCIAL;14;2291388,41
202504;3;ES;80075;BRADESCO - PRUDENCIAL;12;3219910,18
202504;3;ES;80185;SANTANDER - PRUDENCIAL;1;39234,74
202504;3;GO;80075;BRADESCO - PRUDENCIAL;58;10033023,76
202504;3;MA;81593;BCO DO NORDESTE DO BRASIL S.A. - PRUDENCIAL;1;13364,76
202504;3;MA;80075;BRADESCO - PRUDENCIAL;38;7422171,87
202504;3;MA;80185;SANTANDER - PRUDENCIAL;1;2780,80
202504;3;MG;80075;BRADESCO - PRUDENCIAL;104;17794885,78
202504;3;MG;80185;SANTANDER - PRUDENCIAL;3;9086,71
202504;3;MS;80075;BRADESCO - PRUDENCIAL;41;5385039,24
202504;3;MS;80185;SANTANDER - PRUDENCIAL;2;23786,73
202504;3;MT;80075;BRADESCO - PRUDENCIAL;44;3957943,13
202504;3;MT;80185;SANTANDER - PRUDENCIAL;1;30722,41
202504;3;PA;80075;BRADESCO - PRUDENCIAL;52;11881738,71
202504;3;PA;80185;SANTANDER - PRUDENCIAL;4;55271,25
202504;3;PB;80075;BRADESCO - PRUDENCIAL;17;2142432,82
202504;3;PE;81593;BCO DO NORDESTE DO BRASIL S.A. - PRUDENCIAL;2;13955,52
202504;3;PE;80075;BRADESCO - PRUDENCIAL;39;7790122,66
202504;3;PE;80185;SANTANDER - PRUDENCIAL;2;23153,52
202504;3;PI;80075;BRADESCO - PRUDENCIAL;12;1856281,00
202504;3;PI;80185;SANTANDER - PRUDENCIAL;2;21955,95
202504;3;PR;80075;BRADESCO - PRUDENCIAL;119;19085778,04
202504;3;PR;80185;SANTANDER - PRUDENCIAL;2;63620,48
202504;3;RJ;80075;BRADESCO - PRUDENCIAL;173;29748615,95
202504;3;RJ;80185;SANTANDER - PRUDENCIAL;14;273207,70
202504;3;RN;81593;BCO DO NORDESTE DO BRASIL S.A. - PRUDENCIAL;1;5443,66
202504;3;RN;80075;BRADESCO - PRUDENCIAL;14;1967629,67
202504;3;RO;80075;BRADESCO - PRUDENCIAL;12;1807079,76
202504;3;RR;80075;BRADESCO - PRUDENCIAL;2;487387,81
202504;3;RR;80185;SANTANDER - PRUDENCIAL;1;9819,00
202504;3;RS;80075;BRADESCO - PRUDENCIAL;2;246878,64
202504;3;RS;80185;SANTANDER - PRUDENCIAL;1;28654,50
202504;3;SC;80075;BRADESCO - PRUDENCIAL;106;22827880,47
202504;3;SC;80185;SANTANDER - PRUDENCIAL;3;59452,33
202504;3;SE;80075;BRADESCO - PRUDENCIAL;4;247939,80
202504;3;SP;80075;BRADESCO - PRUDENCIAL;825;128909685,85
202504;3;SP;80185;SANTANDER - PRUDENCIAL;21;459650,57
202504;3;TO;80075;BRADESCO - PRUDENCIAL;12;3541972,38
202505;1;AC;80185;SANTANDER - PRUDENCIAL;1;872,51
202505;1;AL;84844;BANCO C6 - PRUDENCIAL;1;209,35
202505;1;AL;80336;BTG PACTUAL - PRUDENCIAL;1;99,17
202505;1;AL;84693;NU PAGAMENTOS - PRUDENCIAL;4;296,75
202505;1;AL;80185;SANTANDER - PRUDENCIAL;3;3357,00
202505;1;AM;80075;BRADESCO - PRUDENCIAL;1;218,73
202505;1;AM;80996;INTER - PRUDENCIAL;1;154,73
202505;1;AM;80099;ITAU - PRUDENCIAL;2;600,81
202505;1;AM;84693;NU PAGAMENTOS - PRUDENCIAL;2;131,26
202505;1;AM;80185;SANTANDER - PRUDENCIAL;9;8520,94
202505;1;AP;80185;SANTANDER - PRUDENCIAL;1;1384,17
202505;1;BA;80075;BRADESCO - PRUDENCIAL;1;234,28
202505;1;BA;80996;INTER - PRUDENCIAL;3;404,20
202505;1;BA;80099;ITAU - PRUDENCIAL;5;685,23
202505;1;BA;84693;NU PAGAMENTOS - PRUDENCIAL;5;578,36
202505;1;BA;80185;SANTANDER - PRUDENCIAL;17;18848,94
202505;1;CE;84844;BANCO C6 - PRUDENCIAL;2;718,22
202505;1;CE;80075;BRADESCO - PRUDENCIAL;1;13,70
202505;1;CE;80996;INTER - PRUDENCIAL;1;119,23
202505;1;CE;80099;ITAU - PRUDENCIAL;1;3,30
202505;1;CE;84693;NU PAGAMENTOS - PRUDENCIAL;7;996,65
202505;1;CE;80185;SANTANDER - PRUDENCIAL;24;22716,45
202505;1;DF;80099;ITAU - PRUDENCIAL;2;214,09
202505;1;DF;84693;NU PAGAMENTOS - PRUDENCIAL;2;179,57
202505;1;DF;80185;SANTANDER - PRUDENCIAL;8;16728,75
202505;1;ES;80075;BRADESCO - PRUDENCIAL;1;202,88
202505;1;ES;80336;BTG PACTUAL - PRUDENCIAL;1;50,13
202505;1;ES;80099;ITAU - PRUDENCIAL;1;105,99
202505;1;ES;84693;NU PAGAMENTOS - PRUDENCIAL;2;267,52
202505;1;ES;80185;SANTANDER - PRUDENCIAL;3;1028,51
202505;1;GO;80075;BRADESCO - PRUDENCIAL;3;2233,98
202505;1;GO;80336;BTG PACTUAL - PRUDENCIAL;2;299,81
202505;1;GO;80996;INTER - PRUDENCIAL;1;99,92
202505;1;GO;80099;ITAU - PRUDENCIAL;1;207,65
202505;1;GO;84693;NU PAGAMENTOS - PRUDENCIAL;1;99,78
202505;1;GO;80185;SANTANDER - PRUDENCIAL;8;11089,94
202505;1;MA;80329;BB - PRUDENCIAL;1;201,77
202505;1;MA;84693;NU PAGAMENTOS - PRUDENCIAL;2;139,05
202505;1;MA;80185;SANTANDER - PRUDENCIAL;3;6650,56
202505;1;MG;80329;BB - PRUDENCIAL;1;200,92
202505;1;MG;80996;INTER - PRUDENCIAL;1;129,38
202505;1;MG;80099;ITAU - PRUDENCIAL;2;104,58
202505;1;MG;84693;NU PAGAMENTOS - PRUDENCIAL;8;1023,60
202505;1;MG;80185;SANTANDER - PRUDENCIAL;30;41425,54
202505;1;MS;80099;ITAU - PRUDENCIAL;2;255,84
202505;1;MS;84693;NU PAGAMENTOS - PRUDENCIAL;2;231,44
202505;1;MS;80185;SANTANDER - PRUDENCIAL;11;14446,74
202505;1;MT;80996;INTER - PRUDENCIAL;2;100,88
202505;1;MT;84693;NU PAGAMENTOS - PRUDENCIAL;1;90,53
202505;1;MT;80185;SANTANDER - PRUDENCIAL;4;9536,08
202505;1;PA;84844;BANCO C6 - PRUDENCIAL;1;254,13
202505;1;PA;80996;INTER - PRUDENCIAL;1;200,23
202505;1;PA;84693;NU PAGAMENTOS - PRUDENCIAL;4;274,85
202505;1;PA;80185;SANTANDER - PRUDENCIAL;8;13894,90
202505;1;PB;84693;NU PAGAMENTOS - PRUDENCIAL;2;98,36
202505;1;PB;80185;SANTANDER - PRUDENCIAL;8;7232,33
202505;1;PE;80996;INTER - PRUDENCIAL;1;208,52
202505;1;PE;80099;ITAU - PRUDENCIAL;1;200,01
202505;1;PE;84693;NU PAGAMENTOS - PRUDENCIAL;3;311,75
202505;1;PE;80185;SANTANDER - PRUDENCIAL;15;25127,30
202505;1;PI;84693;NU PAGAMENTOS - PRUDENCIAL;6;508,88
202505;1;PR;80879;BANCOOB - PRUDENCIAL;1;201,98
202505;1;PR;80178;BMG - PRUDENCIAL;1;202,50
202505;1;PR;80075;BRADESCO - PRUDENCIAL;4;1415,12
202505;1;PR;80336;BTG PACTUAL - PRUDENCIAL;1;159,82
202505;1;PR;80996;INTER - PRUDENCIAL;2;253,74
202505;1;PR;80099;ITAU - PRUDENCIAL;6;294,18
202505;1;PR;84693;NU PAGAMENTOS - PRUDENCIAL;6;491,23
202505;1;PR;80185;SANTANDER - PRUDENCIAL;11;17275,41
202505;1;RJ;80075;BRADESCO - PRUDENCIAL;2;507,31
202505;1;RJ;80336;BTG PACTUAL - PRUDENCIAL;5;729,05
202505;1;RJ;80996;INTER - PRUDENCIAL;2;402,25
202505;1;RJ;80099;ITAU - PRUDENCIAL;9;950,90
202505;1;RJ;84693;NU PAGAMENTOS - PRUDENCIAL;15;1321,58
202505;1;RJ;80185;SANTANDER - PRUDENCIAL;45;67858,72
202505;1;RN;80996;INTER - PRUDENCIAL;1;200,90
202505;1;RN;80099;ITAU - PRUDENCIAL;1;203,37
202505;1;RN;84693;NU PAGAMENTOS - PRUDENCIAL;1;140,33
202505;1;RN;80185;SANTANDER - PRUDENCIAL;4;6701,96
202505;1;RO;80336;BTG PACTUAL - PRUDENCIAL;1;102,40
202505;1;RO;84693;NU PAGAMENTOS - PRUDENCIAL;2;190,74
202505;1;RO;80185;SANTANDER - PRUDENCIAL;1;1154,68
202505;1;RR;84693;NU PAGAMENTOS - PRUDENCIAL;1;96,62
202505;1;RR;80185;SANTANDER - PRUDENCIAL;2;531,72
202505;1;RS;80154;BANRISUL - PRUDENCIAL;1;203,26
202505;1;RS;80178;BMG - PRUDENCIAL;1;202,13
202505;1;RS;80075;BRADESCO - PRUDENCIAL;1;208,81
202505;1;RS;80336;BTG PACTUAL - PRUDENCIAL;2;301,20
202505;1;RS;80099;ITAU - PRUDENCIAL;3;340,18
202505;1;RS;84693;NU PAGAMENTOS - PRUDENCIAL;7;577,33
202505;1;RS;80185;SANTANDER - PRUDENCIAL;7;3720,33
202505;1;SC;80329;BB - PRUDENCIAL;1;50,13
202505;1;SC;80336;BTG PACTUAL - PRUDENCIAL;4;703,91
202505;1;SC;80099;ITAU - PRUDENCIAL;2;278,30
202505;1;SC;84693;NU PAGAMENTOS - PRUDENCIAL;1;82,55
202505;1;SC;80185;SANTANDER - PRUDENCIAL;7;6309,82
202505;1;SE;80996;INTER - PRUDENCIAL;1;102,59
202505;1;SE;80185;SANTANDER - PRUDENCIAL;1;2785,88
202505;1;SP;84844;BANCO C6 - PRUDENCIAL;5;889,35
202505;1;SP;80329;BB - PRUDENCIAL;3;430,75
202505;1;SP;80075;BRADESCO - PRUDENCIAL;2;313,72
202505;1;SP;80336;BTG PACTUAL - PRUDENCIAL;8;1047,12
202505;1;SP;80996;INTER - PRUDENCIAL;6;506,94
202505;1;SP;80099;ITAU - PRUDENCIAL;24;3109,45
202505;1;SP;84693;NU PAGAMENTOS - PRUDENCIAL;35;3482,92
202505;1;SP;80185;SANTANDER - PRUDENCIAL;108;102381,38
202505;1;TO;80879;BANCOOB - PRUDENCIAL;1;214,02
202505;1;TO;80185;SANTANDER - PRUDENCIAL;2;2357,75
202505;2;AC;80484;VOTORANTIM - PRUDENCIAL;1;902,07
202505;2;AL;84844;BANCO C6 - PRUDENCIAL;1;237,59
202505;2;AL;80075;BRADESCO - PRUDENCIAL;1;574,45
202505;2;AM;80336;BTG PACTUAL - PRUDENCIAL;1;1912,32
202505;2;BA;84844;BANCO C6 - PRUDENCIAL;3;484,70
202505;2;BA;81593;BCO DO NORDESTE DO BRASIL S.A. - PRUDENCIAL;18;178831,03
202505;2;BA;80075;BRADESCO - PRUDENCIAL;2;3728,97
202505;2;BA;80484;VOTORANTIM - PRUDENCIAL;2;7348,54
202505;2;CE;84844;BANCO C6 - PRUDENCIAL;1;214,77
202505;2;CE;81593;BCO DO NORDESTE DO BRASIL S.A. - PRUDENCIAL;15;77525,09
202505;2;DF;84844;BANCO C6 - PRUDENCIAL;2;622,00
202505;2;DF;80484;VOTORANTIM - PRUDENCIAL;1;1027,81
202505;2;ES;80075;BRADESCO - PRUDENCIAL;1;4913,44
202505;2;ES;80484;VOTORANTIM - PRUDENCIAL;2;2566,59
202505;2;GO;80075;BRADESCO - PRUDENCIAL;1;4105,36
202505;2;GO;80484;VOTORANTIM - PRUDENCIAL;1;1153,67
202505;2;MA;80329;BB - PRUDENCIAL;1;201,83
202505;2;MA;81593;BCO DO NORDESTE DO BRASIL S.A. - PRUDENCIAL;5;45497,14
202505;2;MA;80484;VOTORANTIM - PRUDENCIAL;2;3163,24
202505;2;MG;84844;BANCO C6 - PRUDENCIAL;1;136,28
202505;2;MG;80075;BRADESCO - PRUDENCIAL;2;5882,30
202505;2;MG;80099;ITAU - PRUDENCIAL;1;64,20
202505;2;MG;80484;VOTORANTIM - PRUDENCIAL;5;14045,03
202505;2;MT;80484;VOTORANTIM - PRUDENCIAL;1;210,75
202505;2;PA;80075;BRADESCO - PRUDENCIAL;1;1299,67
202505;2;PA;80484;VOTORANTIM - PRUDENCIAL;1;2463,92
202505;2;PB;81593;BCO DO NORDESTE DO BRASIL S.A. - PRUDENCIAL;1;9235,08
202505;2;PB;80075;BRADESCO - PRUDENCIAL;1;8606,76
202505;2;PE;80075;BRADESCO - PRUDENCIAL;2;26763,51
202505;2;PE;80484;VOTORANTIM - PRUDENCIAL;1;3231,19
202505;2;PI;80484;VOTORANTIM - PRUDENCIAL;1;1709,13
202505;2;PR;80075;BRADESCO - PRUDENCIAL;3;16173,86
202505;2;PR;80484;VOTORANTIM - PRUDENCIAL;3;11635,93
202505;2;RJ;84844;BANCO C6 - PRUDENCIAL;1;130,94
202505;2;RJ;80075;BRADESCO - PRUDENCIAL;3;12646,09
202505;2;RJ;80336;BTG PACTUAL - PRUDENCIAL;3;4596,86
202505;2;RJ;80484;VOTORANTIM - PRUDENCIAL;5;8698,66
202505;2;RN;80075;BRADESCO - PRUDENCIAL;1;1478,31
202505;2;RN;80336;BTG PACTUAL - PRUDENCIAL;1;1295,32
202505;2;RS;80154;BANRISUL - PRUDENCIAL;2;303,03
202505;2;RS;80075;BRADESCO - PRUDENCIAL;2;28060,47
202505;2;RS;80484;VOTORANTIM - PRUDENCIAL;4;9429,15
202505;2;SC;80075;BRADESCO - PRUDENCIAL;1;9921,90
202505;2;SC;80336;BTG PACTUAL - PRUDENCIAL;2;6550,83
202505;2;SC;80484;VOTORANTIM - PRUDENCIAL;1;630,71
202505;2;SE;80484;VOTORANTIM - PRUDENCIAL;1;1684,48
202505;2;SP;84844;BANCO C6 - PRUDENCIAL;6;9383,79
202505;2;SP;80075;BRADESCO - PRUDENCIAL;9;33748,81
202505;2;SP;80336;BTG PACTUAL - PRUDENCIAL;1;688,13
202505;2;SP;80484;VOTORANTIM - PRUDENCIAL;25;39037,68
202505;2;TO;80075;BRADESCO - PRUDENCIAL;1;25118,33
202505;3;AC;80075;BRADESCO - PRUDENCIAL;2;530595,00
202505;3;AL;80075;BRADESCO - PRUDENCIAL;12;1731033,89
202505;3;AL;80185;SANTANDER - PRUDENCIAL;1;43691,20
202505;3;AM;80075;BRADESCO - PRUDENCIAL;30;5385046,52
202505;3;AM;80185;SANTANDER - PRUDENCIAL;2;27827,17
202505;3;AP;80075;BRADESCO - PRUDENCIAL;5;350461,65
202505;3;BA;80075;BRADESCO - PRUDENCIAL;47;8209956,42
202505;3;BA;80185;SANTANDER - PRUDENCIAL;6;148888,09
202505;3;CE;80075;BRADESCO - PRUDENCIAL;24;3239554,78
202505;3;DF;80075;BRADESCO - PRUDENCIAL;9;1600137,76
202505;3;DF;80185;SANTANDER - PRUDENCIAL;1;26712,39
202505;3;ES;80075;BRADESCO - PRUDENCIAL;9;2081248,35
202505;3;ES;80185;SANTANDER - PRUDENCIAL;1;2749,18
202505;3;GO;80075;BRADESCO - PRUDENCIAL;37;7515048,40
202505;3;GO;80185;SANTANDER - PRUDENCIAL;2;90399,97
202505;3;MA;80075;BRADESCO - PRUDENCIAL;28;6066848,51
202505;3;MA;80185;SANTANDER - PRUDENCIAL;1;17954,37
202505;3;MG;80075;BRADESCO - PRUDENCIAL;69;12449697,79
202505;3;MG;80185;SANTANDER - PRUDENCIAL;7;141896,47
202505;3;MS;80075;BRADESCO - PRUDENCIAL;31;3797174,52
202505;3;MS;80185;SANTANDER - PRUDENCIAL;2;49733,23
202505;3;MT;80075;BRADESCO - PRUDENCIAL;31;2747616,86
202505;3;MT;80185;SANTANDER - PRUDENCIAL;4;212888,05
202505;3;PA;80075;BRADESCO - PRUDENCIAL;35;7950041,40
202505;3;PA;80185;SANTANDER - PRUDENCIAL;1;226,60
202505;3;PB;80075;BRADESCO - PRUDENCIAL;11;1458632,86
202505;3;PE;80075;BRADESCO - PRUDENCIAL;30;5571515,94
202505;3;PE;80185;SANTANDER - PRUDENCIAL;4;27932,75
202505;3;PI;80075;BRADESCO - PRUDENCIAL;6;909570,55
202505;3;PR;80075;BRADESCO - PRUDENCIAL;67;10621126,28
202505;3;PR;80185;SANTANDER - PRUDENCIAL;3;39360,16
202505;3;RJ;80075;BRADESCO - PRUDENCIAL;109;18706783,94
202505;3;RJ;80185;SANTANDER - PRUDENCIAL;18;389590,51
202505;3;RN;80075;BRADESCO - PRUDENCIAL;10;1365900,36
202505;3;RO;80075;BRADESCO - PRUDENCIAL;8;1250299,73
202505;3;RR;80075;BRADESCO - PRUDENCIAL;2;487387,81
202505;3;RS;80075;BRADESCO - PRUDENCIAL;72;15360070,22
202505;3;RS;80185;SANTANDER - PRUDENCIAL;1;38539,79
202505;3;SC;80075;BRADESCO - PRUDENCIAL;67;16154836,61
202505;3;SC;80185;SANTANDER - PRUDENCIAL;3;43817,11
202505;3;SE;80075;BRADESCO - PRUDENCIAL;4;245516,87
202505;3;SP;80075;BRADESCO - PRUDENCIAL;514;82139778,11
202505;3;SP;80185;SANTANDER - PRUDENCIAL;36;686931,63
202505;3;TO;80075;BRADESCO - PRUDENCIAL;5;2590826,07
202506;1;AC;84693;NU PAGAMENTOS - PRUDENCIAL;1;89,35
202506;1;AC;80185;SANTANDER - PRUDENCIAL;2;1954,67
202506;1;AL;84693;NU PAGAMENTOS - PRUDENCIAL;1;48,61
202506;1;AL;80185;SANTANDER - PRUDENCIAL;8;14483,96
202506;1;AM;80178;BMG - PRUDENCIAL;1;201,42
202506;1;AM;80336;BTG PACTUAL - PRUDENCIAL;1;135,56
202506;1;AM;2282709;COOP CENTRO NORTE BRASILEIRO;1;3145,05
202506;1;AM;80099;ITAU - PRUDENCIAL;3;517,26
202506;1;AM;84693;NU PAGAMENTOS - PRUDENCIAL;4;420,20
202506;1;AM;80185;SANTANDER - PRUDENCIAL;27;35511,85
202506;1;AP;80329;BB - PRUDENCIAL;1;203,18
202506;1;AP;80075;BRADESCO - PRUDENCIAL;1;300,90
202506;1;AP;80996;INTER - PRUDENCIAL;1;151,39
202506;1;AP;84693;NU PAGAMENTOS - PRUDENCIAL;2;147,20
202506;1;AP;80185;SANTANDER - PRUDENCIAL;4;5098,85
202506;1;BA;80329;BB - PRUDENCIAL;1;25,49
202506;1;BA;80075;BRADESCO - PRUDENCIAL;1;448,89
202506;1;BA;80336;BTG PACTUAL - PRUDENCIAL;1;200,32
202506;1;BA;80996;INTER - PRUDENCIAL;1;51,19
202506;1;BA;80099;ITAU - PRUDENCIAL;1;81,67
202506;1;BA;84693;NU PAGAMENTOS - PRUDENCIAL;12;1034,50
202506;1;BA;80185;SANTANDER - PRUDENCIAL;43;46837,29
202506;1;CE;80099;ITAU - PRUDENCIAL;2;385,10
202506;1;CE;84693;NU PAGAMENTOS - PRUDENCIAL;6;486,68
202506;1;CE;80185;SANTANDER - PRUDENCIAL;30;40982,10
202506;1;DF;80879;BANCO SICOOB - PRUDENCIAL;1;213,92
202506;1;DF;80996;INTER - PRUDENCIAL;1;101,49
202506;1;DF;84693;NU PAGAMENTOS - PRUDENCIAL;2;224,57
202506;1;DF;80185;SANTANDER - PRUDENCIAL;18;27060,41
202506;1;ES;80879;BANCO SICOOB - PRUDENCIAL;1;201,42
202506;1;ES;80099;ITAU - PRUDENCIAL;1;0,14
202506;1;ES;80185;SANTANDER - PRUDENCIAL;13;14496,59
202506;1;GO;80075;BRADESCO - PRUDENCIAL;1;7,99
202506;1;GO;80099;ITAU - PRUDENCIAL;4;470,71
202506;1;GO;84693;NU PAGAMENTOS - PRUDENCIAL;1;89,62
202506;1;GO;80185;SANTANDER - PRUDENCIAL;27;32922,43
202506;1;MA;80336;BTG PACTUAL - PRUDENCIAL;2;373,15
202506;1;MA;80996;INTER - PRUDENCIAL;1;112,82
202506;1;MA;80099;ITAU - PRUDENCIAL;2;311,78
202506;1;MA;84693;NU PAGAMENTOS - PRUDENCIAL;2;155,49
202506;1;MA;80185;SANTANDER - PRUDENCIAL;11;6627,80
202506;1;MG;80178;BMG - PRUDENCIAL;1;200,97
202506;1;MG;80075;BRADESCO - PRUDENCIAL;2;369,10
202506;1;MG;80336;BTG PACTUAL - PRUDENCIAL;3;471,74
202506;1;MG;80996;INTER - PRUDENCIAL;5;999,50
202506;1;MG;80099;ITAU - PRUDENCIAL;7;1732,20
202506;1;MG;84693;NU PAGAMENTOS - PRUDENCIAL;5;407,41
202506;1;MG;80185;SANTANDER - PRUDENCIAL;66;86601,83
202506;1;MS;84844;BANCO C6 - PRUDENCIAL;1;8,57
202506;1;MS;80336;BTG PACTUAL - PRUDENCIAL;1;200,57
202506;1;MS;80099;ITAU - PRUDENCIAL;2;377,05
202506;1;MS;84693;NU PAGAMENTOS - PRUDENCIAL;4;408,91
202506;1;MS;80185;SANTANDER - PRUDENCIAL;18;25898,34
202506;1;MT;80879;BANCO SICOOB - PRUDENCIAL;1;208,40
202506;1;MT;84693;NU PAGAMENTOS - PRUDENCIAL;6;708,63
202506;1;MT;80185;SANTANDER - PRUDENCIAL;12;19965,41
202506;1;PA;80996;INTER - PRUDENCIAL;2;244,69
202506;1;PA;84693;NU PAGAMENTOS - PRUDENCIAL;4;408,29
202506;1;PA;80185;SANTANDER - PRUDENCIAL;20;26354,31
202506;1;PB;80336;BTG PACTUAL - PRUDENCIAL;2;254,33
202506;1;PB;80996;INTER - PRUDENCIAL;1;154,42
202506;1;PB;80185;SANTANDER - PRUDENCIAL;20;25651,91
202506;1;PE;80336;BTG PACTUAL - PRUDENCIAL;2;194,46
202506;1;PE;80996;INTER - PRUDENCIAL;1;161,50
202506;1;PE;80099;ITAU - PRUDENCIAL;2;346,09
202506;1;PE;84693;NU PAGAMENTOS - PRUDENCIAL;2;231,61
202506;1;PE;80185;SANTANDER - PRUDENCIAL;59;76307,55
202506;1;PI;80329;BB - PRUDENCIAL;1;148,06
202506;1;PI;80336;BTG PACTUAL - PRUDENCIAL;1;201,24
202506;1;PI;84693;NU PAGAMENTOS - PRUDENCIAL;2;134,74
202506;1;PI;80185;SANTANDER - PRUDENCIAL;8;13376,60
202506;1;PR;84844;BANCO C6 - PRUDENCIAL;1;117,33
202506;1;PR;80336;BTG PACTUAL - PRUDENCIAL;3;324,45
202506;1;PR;80099;ITAU - PRUDENCIAL;1;290,67
202506;1;PR;84693;NU PAGAMENTOS - PRUDENCIAL;2;276,81
202506;1;PR;80185;SANTANDER - PRUDENCIAL;30;33589,43
202506;1;RJ;84844;BANCO C6 - PRUDENCIAL;1;124,53
202506;1;RJ;80075;BRADESCO - PRUDENCIAL;2;228,34
202506;1;RJ;80336;BTG PACTUAL - PRUDENCIAL;1;99,20
202506;1;RJ;80996;INTER - PRUDENCIAL;3;352,26
202506;1;RJ;80099;ITAU - PRUDENCIAL;10;1140,62
202506;1;RJ;84693;NU PAGAMENTOS - PRUDENCIAL;18;1435,38
202506;1;RJ;80185;SANTANDER - PRUDENCIAL;153;168563,23
202506;1;RN;84693;NU PAGAMENTOS - PRUDENCIAL;2;227,90
202506;1;RN;80185;SANTANDER - PRUDENCIAL;15;12628,10
202506;1;RO;8044854;CC INVESTIMENTO SICOOB CENTRO;1;24,53
202506;1;RO;80099;ITAU - PRUDENCIAL;1;213,04
202506;1;RO;84693;NU PAGAMENTOS - PRUDENCIAL;1;133,96
202506;1;RO;80185;SANTANDER - PRUDENCIAL;8;17223,18
202506;1;RR;80185;SANTANDER - PRUDENCIAL;2;5106,70
202506;1;RS;84844;BANCO C6 - PRUDENCIAL;1;115,75
202506;1;RS;80336;BTG PACTUAL - PRUDENCIAL;2;251,71
202506;1;RS;80099;ITAU - PRUDENCIAL;2;202,03
202506;1;RS;84693;NU PAGAMENTOS - PRUDENCIAL;5;512,16
202506;1;RS;80185;SANTANDER - PRUDENCIAL;29;32166,14
202506;1;SC;80329;BB - PRUDENCIAL;1;147,40
202506;1;SC;80178;BMG - PRUDENCIAL;1;200,10
202506;1;SC;80336;BTG PACTUAL - PRUDENCIAL;1;143,21
202506;1;SC;80099;ITAU - PRUDENCIAL;2;513,14
202506;1;SC;84693;NU PAGAMENTOS - PRUDENCIAL;3;240,83
202506;1;SC;80185;SANTANDER - PRUDENCIAL;14;19856,95
202506;1;SE;80336;BTG PACTUAL - PRUDENCIAL;1;202,40
202506;1;SE;80185;SANTANDER - PRUDENCIAL;5;5561,14
202506;1;SP;84844;BANCO C6 - PRUDENCIAL;3;429,42
202506;1;SP;80329;BB - PRUDENCIAL;2;350,08
202506;1;SP;80075;BRADESCO - PRUDENCIAL;3;1815,05
202506;1;SP;80336;BTG PACTUAL - PRUDENCIAL;6;882,24
202506;1;SP;80996;INTER - PRUDENCIAL;5;955,32
202506;1;SP;80099;ITAU - PRUDENCIAL;23;3562,79
202506;1;SP;84693;NU PAGAMENTOS - PRUDENCIAL;22;2091,67
202506;1;SP;80185;SANTANDER - PRUDENCIAL;273;308130,86
202506;1;TO;80185;SANTANDER - PRUDENCIAL;3;4678,89
202506;2;AL;84844;BANCO C6 - PRUDENCIAL;2;1606,07
202506;2;AM;84844;BANCO C6 - PRUDENCIAL;3;1489,38
202506;2;AM;80075;BRADESCO - PRUDENCIAL;1;8154,65
202506;2;AM;80484;VOTORANTIM - PRUDENCIAL;1;3860,00
202506;2;AP;84844;BANCO C6 - PRUDENCIAL;2;1865,26
202506;2;BA;84844;BANCO C6 - PRUDENCIAL;13;15273,83
202506;2;BA;80329;BB - PRUDENCIAL;1;120,14
202506;2;BA;80075;BRADESCO - PRUDENCIAL;2;3242,61
202506;2;BA;80099;ITAU - PRUDENCIAL;1;18,47
202506;2;BA;80484;VOTORANTIM - PRUDENCIAL;1;1655,35
202506;2;CE;84844;BANCO C6 - PRUDENCIAL;7;9293,98
202506;2;CE;80075;BRADESCO - PRUDENCIAL;2;23288,21
202506;2;CE;80484;VOTORANTIM - PRUDENCIAL;1;2823,62
202506;2;DF;84844;BANCO C6 - PRUDENCIAL;5;6957,96
202506;2;ES;84844;BANCO C6 - PRUDENCIAL;2;1429,51
202506;2;GO;84844;BANCO C6 - PRUDENCIAL;13;17166,60
202506;2;GO;80075;BRADESCO - PRUDENCIAL;1;8827,12
202506;2;GO;80484;VOTORANTIM - PRUDENCIAL;3;6581,33
202506;2;MA;84844;BANCO C6 - PRUDENCIAL;2;1579,34
202506;2;MA;81593;BCO DO NORDESTE DO BRASIL S.A. - PRUDENCIAL;1;2512,16
202506;2;MG;84844;BANCO C6 - PRUDENCIAL;26;28467,50
202506;2;MG;80075;BRADESCO - PRUDENCIAL;3;7057,22
202506;2;MG;80484;VOTORANTIM - PRUDENCIAL;3;12189,71
202506;2;MS;84844;BANCO C6 - PRUDENCIAL;2;5537,73
202506;2;MS;80075;BRADESCO - PRUDENCIAL;1;1738,04
202506;2;MS;80484;VOTORANTIM - PRUDENCIAL;1;1133,58
202506;2;MT;84844;BANCO C6 - PRUDENCIAL;1;808,36
202506;2;MT;80075;BRADESCO - PRUDENCIAL;1;4122,80
202506;2;MT;80484;VOTORANTIM - PRUDENCIAL;1;265,84
202506;2;PA;84844;BANCO C6 - PRUDENCIAL;8;12539,67
202506;2;PA;80075;BRADESCO - PRUDENCIAL;1;13973,39
202506;2;PB;84844;BANCO C6 - PRUDENCIAL;1;2193,40
202506;2;PB;80484;VOTORANTIM - PRUDENCIAL;2;4188,93
202506;2;PE;84844;BANCO C6 - PRUDENCIAL;10;17881,25
202506;2;PE;80075;BRADESCO - PRUDENCIAL;1;19736,76
202506;2;PE;80484;VOTORANTIM - PRUDENCIAL;1;1485,64
202506;2;PI;84844;BANCO C6 - PRUDENCIAL;3;1427,53
202506;2;PR;84844;BANCO C6 - PRUDENCIAL;20;28717,96
202506;2;PR;80075;BRADESCO - PRUDENCIAL;1;10620,23
202506;2;PR;80099;ITAU - PRUDENCIAL;2;113,22
202506;2;PR;80484;VOTORANTIM - PRUDENCIAL;6;50162,68
202506;2;RJ;84844;BANCO C6 - PRUDENCIAL;28;25958,15
202506;2;RJ;80075;BRADESCO - PRUDENCIAL;2;2731,91
202506;2;RJ;80099;ITAU - PRUDENCIAL;1;34,16
202506;2;RJ;80484;VOTORANTIM - PRUDENCIAL;5;3067,21
202506;2;RN;84844;BANCO C6 - PRUDENCIAL;3;2263,31
202506;2;RO;80075;BRADESCO - PRUDENCIAL;1;4027,13
202506;2;RO;80336;BTG PACTUAL - PRUDENCIAL;1;2925,64
202506;2;RS;84844;BANCO C6 - PRUDENCIAL;7;3643,83
202506;2;RS;80154;BANRISUL - PRUDENCIAL;3;605,09
202506;2;RS;80075;BRADESCO - PRUDENCIAL;2;7850,24
202506;2;RS;80484;VOTORANTIM - PRUDENCIAL;4;14024,79
202506;2;SC;84844;BANCO C6 - PRUDENCIAL;12;13221,71
202506;2;SC;80484;VOTORANTIM - PRUDENCIAL;3;13751,37
202506;2;SE;84844;BANCO C6 - PRUDENCIAL;1;2185,94
202506;2;SP;84844;BANCO C6 - PRUDENCIAL;58;109956,37
202506;2;SP;80075;BRADESCO - PRUDENCIAL;3;16763,41
202506;2;SP;80099;ITAU - PRUDENCIAL;4;266,41
202506;2;SP;80484;VOTORANTIM - PRUDENCIAL;14;33326,26
202506;3;AC;80075;BRADESCO - PRUDENCIAL;2;128704,34
202506;3;AL;81593;BCO DO NORDESTE DO BRASIL S.A. - PRUDENCIAL;2;24917,78
202506;3;AL;80075;BRADESCO - PRUDENCIAL;5;818716,36
202506;3;AM;80075;BRADESCO - PRUDENCIAL;11;1382087,94
202506;3;AP;80075;BRADESCO - PRUDENCIAL;1;86197,17
202506;3;BA;81593;BCO DO NORDESTE DO BRASIL S.A. - PRUDENCIAL;29;900549,46
202506;3;BA;80075;BRADESCO - PRUDENCIAL;20;2859996,78
202506;3;BA;80185;SANTANDER - PRUDENCIAL;2;38257,89
202506;3;CE;81593;BCO DO NORDESTE DO BRASIL S.A. - PRUDENCIAL;36;417193,47
202506;3;CE;80075;BRADESCO - PRUDENCIAL;22;2224285,90
202506;3;CE;80185;SANTANDER - PRUDENCIAL;5;87257,41
202506;3;DF;80075;BRADESCO - PRUDENCIAL;6;784095,43
202506;3;DF;80185;SANTANDER - PRUDENCIAL;1;5796,49
202506;3;ES;81593;BCO DO NORDESTE DO BRASIL S.A. - PRUDENCIAL;3;5027,53
202506;3;ES;80075;BRADESCO - PRUDENCIAL;3;1122359,55
202506;3;ES;80185;SANTANDER - PRUDENCIAL;3;32742,60
202506;3;GO;80075;BRADESCO - PRUDENCIAL;26;2648011,41
202506;3;GO;80185;SANTANDER - PRUDENCIAL;5;35470,45
202506;3;MA;81593;BCO DO NORDESTE DO BRASIL S.A. - PRUDENCIAL;18;585018,48
202506;3;MA;80075;BRADESCO - PRUDENCIAL;14;1388998,30
202506;3;MA;80185;SANTANDER - PRUDENCIAL;1;15590,59
202506;3;MG;81593;BCO DO NORDESTE DO BRASIL S.A. - PRUDENCIAL;11;126286,90
202506;3;MG;80075;BRADESCO - PRUDENCIAL;36;4592993,70
202506;3;MG;80185;SANTANDER - PRUDENCIAL;20;88001,72
202506;3;MS;80075;BRADESCO - PRUDENCIAL;11;1425748,91
202506;3;MS;80185;SANTANDER - PRUDENCIAL;4;44839,33
202506;3;MT;80075;BRADESCO - PRUDENCIAL;13;1035100,76
202506;3;PA;80075;BRADESCO - PRUDENCIAL;21;4119146,64
202506;3;PA;80185;SANTANDER - PRUDENCIAL;2;42501,87
202506;3;PB;81593;BCO DO NORDESTE DO BRASIL S.A. - PRUDENCIAL;15;249701,63
202506;3;PB;80075;BRADESCO - PRUDENCIAL;4;462418,90
202506;3;PE;81593;BCO DO NORDESTE DO BRASIL S.A. - PRUDENCIAL;18;743281,33
202506;3;PE;80075;BRADESCO - PRUDENCIAL;13;2232405,38
202506;3;PI;81593;BCO DO NORDESTE DO BRASIL S.A. - PRUDENCIAL;15;319478,69
202506;3;PI;80075;BRADESCO - PRUDENCIAL;9;1028983,81
202506;3;PR;80075;BRADESCO - PRUDENCIAL;60;8487781,40
202506;3;RJ;80075;BRADESCO - PRUDENCIAL;66;11830019,73
202506;3;RJ;80185;SANTANDER - PRUDENCIAL;5;158816,52
202506;3;RN;81593;BCO DO NORDESTE DO BRASIL S.A. - PRUDENCIAL;18;294885,66
202506;3;RN;80075;BRADESCO - PRUDENCIAL;4;599623,50
202506;3;RO;80075;BRADESCO - PRUDENCIAL;4;548866,88
202506;3;RR;80185;SANTANDER - PRUDENCIAL;1;45142,42
202506;3;RS;80075;BRADESCO - PRUDENCIAL;1;198586,74
202506;3;RS;80185;SANTANDER - PRUDENCIAL;6;82815,76
202506;3;SC;80075;BRADESCO - PRUDENCIAL;38;6281910,27
202506;3;SC;80185;SANTANDER - PRUDENCIAL;1;24140,24
202506;3;SE;81593;BCO DO NORDESTE DO BRASIL S.A. - PRUDENCIAL;2;107914,66
202506;3;SE;80185;SANTANDER - PRUDENCIAL;1;5073,57
202506;3;SP;80075;BRADESCO - PRUDENCIAL;311;45677050,35
202506;3;SP;80185;SANTANDER - PRUDENCIAL;33;779295,75
202506;3;TO;80075;BRADESCO - PRUDENCIAL;7;956965,73
202506;3;TO;80185;SANTANDER - PRUDENCIAL;1;18507,39
202507;1;AC;84693;NU PAGAMENTOS - PRUDENCIAL;2;204,86
202507;1;AC;80185;SANTANDER - PRUDENCIAL;1;4647,73
202507;1;AL;84693;NU PAGAMENTOS - PRUDENCIAL;2;154,46
202507;1;AL;80185;SANTANDER - PRUDENCIAL;3;2825,86
202507;1;AM;80099;ITAU - PRUDENCIAL;2;480,97
202507;1;AM;84693;NU PAGAMENTOS - PRUDENCIAL;4;308,42
202507;1;AM;80185;SANTANDER - PRUDENCIAL;13;19933,23
202507;1;AP;84693;NU PAGAMENTOS - PRUDENCIAL;1;50,19
202507;1;AP;80185;SANTANDER - PRUDENCIAL;3;2028,06
202507;1;BA;84844;BANCO C6 - PRUDENCIAL;1;348,98
202507;1;BA;80329;BB - PRUDENCIAL;1;67,81
202507;1;BA;80336;BTG PACTUAL - PRUDENCIAL;1;200,21
202507;1;BA;80996;INTER - PRUDENCIAL;1;147,78
202507;1;BA;80099;ITAU - PRUDENCIAL;3;640,44
202507;1;BA;84693;NU PAGAMENTOS - PRUDENCIAL;11;1312,32
202507;1;BA;80185;SANTANDER - PRUDENCIAL;27;22679,34
202507;1;CE;80336;BTG PACTUAL - PRUDENCIAL;2;293,53
202507;1;CE;80996;INTER - PRUDENCIAL;1;200,71
202507;1;CE;84693;NU PAGAMENTOS - PRUDENCIAL;11;1347,24
202507;1;CE;80185;SANTANDER - PRUDENCIAL;28;33448,03
202507;1;DF;80329;BB - PRUDENCIAL;1;202,89
202507;1;DF;80075;BRADESCO - PRUDENCIAL;1;228,52
202507;1;DF;80099;ITAU - PRUDENCIAL;1;203,63
202507;1;DF;84693;NU PAGAMENTOS - PRUDENCIAL;4;326,70
202507;1;DF;80185;SANTANDER - PRUDENCIAL;14;14199,02
202507;1;ES;80879;BANCO SICOOB - PRUDENCIAL;1;9,91
202507;1;ES;80336;BTG PACTUAL - PRUDENCIAL;1;54,32
202507;1;ES;80185;SANTANDER - PRUDENCIAL;3;5181,42
202507;1;GO;80329;BB - PRUDENCIAL;1;102,11
202507;1;GO;80336;BTG PACTUAL - PRUDENCIAL;2;199,48
202507;1;GO;80099;ITAU - PRUDENCIAL;1;240,73
202507;1;GO;84693;NU PAGAMENTOS - PRUDENCIAL;1;200,90
202507;1;GO;80185;SANTANDER - PRUDENCIAL;9;14477,06
202507;1;MA;80336;BTG PACTUAL - PRUDENCIAL;1;147,52
202507;1;MA;84693;NU PAGAMENTOS - PRUDENCIAL;1;150,81
202507;1;MA;80185;SANTANDER - PRUDENCIAL;4;4160,53
202507;1;MG;84844;BANCO C6 - PRUDENCIAL;1;60,68
202507;1;MG;80879;BANCO SICOOB - PRUDENCIAL;4;655,39
202507;1;MG;80329;BB - PRUDENCIAL;4;622,85
202507;1;MG;80075;BRADESCO - PRUDENCIAL;3;524,08
202507;1;MG;80336;BTG PACTUAL - PRUDENCIAL;1;176,63
202507;1;MG;80996;INTER - PRUDENCIAL;3;264,54
202507;1;MG;80099;ITAU - PRUDENCIAL;1;1,00
202507;1;MG;84693;NU PAGAMENTOS - PRUDENCIAL;7;653,79
202507;1;MG;80185;SANTANDER - PRUDENCIAL;43;54143,84
202507;1;MS;80075;BRADESCO - PRUDENCIAL;2;262,45
202507;1;MS;80336;BTG PACTUAL - PRUDENCIAL;1;98,68
202507;1;MS;84693;NU PAGAMENTOS - PRUDENCIAL;3;199,44
202507;1;MS;80185;SANTANDER - PRUDENCIAL;6;8165,46
202507;1;MT;80075;BRADESCO - PRUDENCIAL;3;624,43
202507;1;MT;84693;NU PAGAMENTOS - PRUDENCIAL;4;277,47
202507;1;MT;80185;SANTANDER - PRUDENCIAL;10;8990,33
202507;1;PA;80075;BRADESCO - PRUDENCIAL;2;270,10
202507;1;PA;84693;NU PAGAMENTOS - PRUDENCIAL;3;404,83
202507;1;PA;80185;SANTANDER - PRUDENCIAL;12;7225,39
202507;1;PB;80879;BANCO SICOOB - PRUDENCIAL;1;3,14
202507;1;PB;80075;BRADESCO - PRUDENCIAL;1;10,96
202507;1;PB;80099;ITAU - PRUDENCIAL;1;201,18
202507;1;PB;80185;SANTANDER - PRUDENCIAL;6;7521,80
202507;1;PE;84844;BANCO C6 - PRUDENCIAL;1;187,82
202507;1;PE;80336;BTG PACTUAL - PRUDENCIAL;1;203,14
202507;1;PE;80996;INTER - PRUDENCIAL;1;97,85
202507;1;PE;80099;ITAU - PRUDENCIAL;2;205,48
202507;1;PE;84693;NU PAGAMENTOS - PRUDENCIAL;4;321,18
202507;1;PE;80185;SANTANDER - PRUDENCIAL;18;21563,87
202507;1;PI;84693;NU PAGAMENTOS - PRUDENCIAL;5;492,49
202507;1;PI;80185;SANTANDER - PRUDENCIAL;4;2450,01
202507;1;PR;84844;BANCO C6 - PRUDENCIAL;1;95,75
202507;1;PR;80879;BANCO SICOOB - PRUDENCIAL;2;209,03
202507;1;PR;80329;BB - PRUDENCIAL;1;202,55
202507;1;PR;80336;BTG PACTUAL - PRUDENCIAL;2;232,26
202507;1;PR;80996;INTER - PRUDENCIAL;1;102,85
202507;1;PR;80099;ITAU - PRUDENCIAL;1;152,06
202507;1;PR;84693;NU PAGAMENTOS - PRUDENCIAL;9;1154,54
202507;1;PR;80185;SANTANDER - PRUDENCIAL;18;23894,78
202507;1;RJ;84844;BANCO C6 - PRUDENCIAL;3;330,40
202507;1;RJ;80879;BANCO SICOOB - PRUDENCIAL;1;220,62
202507;1;RJ;80075;BRADESCO - PRUDENCIAL;1;1939,63
202507;1;RJ;80336;BTG PACTUAL - PRUDENCIAL;7;961,49
202507;1;RJ;80996;INTER - PRUDENCIAL;2;210,01
202507;1;RJ;80099;ITAU - PRUDENCIAL;6;1377,36
202507;1;RJ;84693;NU PAGAMENTOS - PRUDENCIAL;18;1434,45
202507;1;RJ;80185;SANTANDER - PRUDENCIAL;68;76590,29
202507;1;RN;80075;BRADESCO - PRUDENCIAL;1;91,36
202507;1;RN;80336;BTG PACTUAL - PRUDENCIAL;1;201,08
202507;1;RN;84693;NU PAGAMENTOS - PRUDENCIAL;2;357,26
202507;1;RN;80185;SANTANDER - PRUDENCIAL;5;2243,38
202507;1;RO;80178;BMG - PRUDENCIAL;1;121,47
202507;1;RO;80099;ITAU - PRUDENCIAL;1;1,00
202507;1;RO;84693;NU PAGAMENTOS - PRUDENCIAL;2;249,71
202507;1;RO;80185;SANTANDER - PRUDENCIAL;7;4050,92
202507;1;RR;80336;BTG PACTUAL - PRUDENCIAL;1;104,28
202507;1;RR;80185;SANTANDER - PRUDENCIAL;1;357,10
202507;1;RS;84844;BANCO C6 - PRUDENCIAL;2;338,38
202507;1;RS;80075;BRADESCO - PRUDENCIAL;1;265,29
202507;1;RS;80336;BTG PACTUAL - PRUDENCIAL;3;438,95
202507;1;RS;78825270;CCLA MAXI ALFA;1;203,04
202507;1;RS;80099;ITAU - PRUDENCIAL;1;116,00
202507;1;RS;84693;NU PAGAMENTOS - PRUDENCIAL;8;560,64
202507;1;RS;80185;SANTANDER - PRUDENCIAL;18;18474,52
202507;1;SC;84844;BANCO C6 - PRUDENCIAL;1;224,83
202507;1;SC;85291086;CC LITORÂNEA;1;54,05
202507;1;SC;2090126;CCLA SICOOB VALCREDI SUL;1;472,92
202507;1;SC;80099;ITAU - PRUDENCIAL;3;472,17
202507;1;SC;84693;NU PAGAMENTOS - PRUDENCIAL;5;548,92
202507;1;SC;80185;SANTANDER - PRUDENCIAL;13;13454,73
202507;1;SE;80329;BB - PRUDENCIAL;1;202,71
202507;1;SE;80185;SANTANDER - PRUDENCIAL;1;1026,63
202507;1;SP;84844;BANCO C6 - PRUDENCIAL;4;562,13
202507;1;SP;80879;BANCO SICOOB - PRUDENCIAL;1;256,55
202507;1;SP;80329;BB - PRUDENCIAL;1;51,58
202507;1;SP;80178;BMG - PRUDENCIAL;1;202,78
202507;1;SP;80075;BRADESCO - PRUDENCIAL;10;1335,56
202507;1;SP;80336;BTG PACTUAL - PRUDENCIAL;7;1113,29
202507;1;SP;80996;INTER - PRUDENCIAL;5;485,95
202507;1;SP;80099;ITAU - PRUDENCIAL;7;850,70
202507;1;SP;84693;NU PAGAMENTOS - PRUDENCIAL;37;3690,46
202507;1;SP;80185;SANTANDER - PRUDENCIAL;162;162031,16
202507;1;TO;84693;NU PAGAMENTOS - PRUDENCIAL;1;54,00
202507;2;AL;80484;VOTORANTIM - PRUDENCIAL;1;4068,30
202507;2;BA;84844;BANCO C6 - PRUDENCIAL;1;111,92
202507;2;BA;80075;BRADESCO - PRUDENCIAL;2;806,05
202507;2;CE;80075;BRADESCO - PRUDENCIAL;1;3052,52
202507;2;CE;80484;VOTORANTIM - PRUDENCIAL;4;4708,61
202507;2;DF;84844;BANCO C6 - PRUDENCIAL;1;371,94
202507;2;DF;80329;BB - PRUDENCIAL;1;2714,58
202507;2;ES;80484;VOTORANTIM - PRUDENCIAL;1;227,97
202507;2;GO;80329;BB - PRUDENCIAL;1;1958,55
202507;2;GO;80075;BRADESCO - PRUDENCIAL;1;282,22
202507;2;GO;80484;VOTORANTIM - PRUDENCIAL;1;5199,26
202507;2;MA;81593;BCO DO NORDESTE DO BRASIL S.A. - PRUDENCIAL;7;29053,38
202507;2;MA;80075;BRADESCO - PRUDENCIAL;1;3278,92
202507;2;MA;80484;VOTORANTIM - PRUDENCIAL;2;1630,15
202507;2;MG;80075;BRADESCO - PRUDENCIAL;3;9391,92
202507;2;MG;80185;SANTANDER - PRUDENCIAL;2;646,67
202507;2;MG;80484;VOTORANTIM - PRUDENCIAL;8;34231,54
202507;2;MS;80484;VOTORANTIM - PRUDENCIAL;5;11140,16
202507;2;MT;80484;VOTORANTIM - PRUDENCIAL;1;3391,20
202507;2;PA;80484;VOTORANTIM - PRUDENCIAL;1;8483,11
202507;2;PB;80075;BRADESCO - PRUDENCIAL;1;1512,91
202507;2;PB;80484;VOTORANTIM - PRUDENCIAL;2;2998,76
202507;2;PE;80075;BRADESCO - PRUDENCIAL;4;25083,64
202507;2;PR;80075;BRADESCO - PRUDENCIAL;3;6750,95
202507;2;PR;80185;SANTANDER - PRUDENCIAL;1;173,57
202507;2;PR;80484;VOTORANTIM - PRUDENCIAL;4;9171,40
202507;2;RJ;80075;BRADESCO - PRUDENCIAL;5;13266,41
202507;2;RJ;80185;SANTANDER - PRUDENCIAL;3;404,81
202507;2;RJ;80484;VOTORANTIM - PRUDENCIAL;4;5000,95
202507;2;RN;80075;BRADESCO - PRUDENCIAL;1;4713,18
202507;2;RN;80484;VOTORANTIM - PRUDENCIAL;2;9919,91
202507;2;RS;80154;BANRISUL - PRUDENCIAL;1;202,76
202507;2;RS;80484;VOTORANTIM - PRUDENCIAL;5;15630,65
202507;2;SC;84844;BANCO C6 - PRUDENCIAL;1;268,92
202507;2;SC;80075;BRADESCO - PRUDENCIAL;1;252,85
202507;2;SC;80484;VOTORANTIM - PRUDENCIAL;3;18401,47
202507;2;SP;84844;BANCO C6 - PRUDENCIAL;6;1443,42
202507;2;SP;80075;BRADESCO - PRUDENCIAL;10;94107,57
202507;2;SP;80099;ITAU - PRUDENCIAL;6;1307,31
202507;2;SP;80185;SANTANDER - PRUDENCIAL;6;478,41
202507;2;SP;80484;VOTORANTIM - PRUDENCIAL;25;51455,07
202507;3;AM;80185;SANTANDER - PRUDENCIAL;2;43100,44
202507;3;BA;81593;BCO DO NORDESTE DO BRASIL S.A. - PRUDENCIAL;2;49804,80
202507;3;BA;80185;SANTANDER - PRUDENCIAL;8;145191,52
202507;3;CE;80185;SANTANDER - PRUDENCIAL;4;19392,66
202507;3;DF;80185;SANTANDER - PRUDENCIAL;1;32243,71
202507;3;ES;80185;SANTANDER - PRUDENCIAL;2;48267,54
202507;3;MA;81593;BCO DO NORDESTE DO BRASIL S.A. - PRUDENCIAL;2;28035,68
202507;3;MA;80185;SANTANDER - PRUDENCIAL;1;2528,66
202507;3;MG;80185;SANTANDER - PRUDENCIAL;2;4448,28
202507;3;MS;80185;SANTANDER - PRUDENCIAL;3;20520,96
202507;3;MT;80185;SANTANDER - PRUDENCIAL;1;3249,39
202507;3;PB;80185;SANTANDER - PRUDENCIAL;1;4651,43
202507;3;PE;80185;SANTANDER - PRUDENCIAL;3;111913,39
202507;3;PI;80185;SANTANDER - PRUDENCIAL;1;16530,48
202507;3;PR;80185;SANTANDER - PRUDENCIAL;2;12205,07
202507;3;RJ;80185;SANTANDER - PRUDENCIAL;8;109413,82
202507;3;RN;81593;BCO DO NORDESTE DO BRASIL S.A. - PRUDENCIAL;1;68149,41
202507;3;RN;80185;SANTANDER - PRUDENCIAL;2;43848,36
202507;3;SP;80185;SANTANDER - PRUDENCIAL;29;346288,17
202508;1;AC;84693;NU PAGAMENTOS - PRUDENCIAL;1;56,61
202508;1;AC;80185;SANTANDER - PRUDENCIAL;1;299,24
202508;1;AL;84693;NU PAGAMENTOS - PRUDENCIAL;1;44,17
202508;1;AL;80185;SANTANDER - PRUDENCIAL;2;2020,25
202508;1;AM;84844;BANCO C6 - PRUDENCIAL;1;197,24
202508;1;AM;80329;BB - PRUDENCIAL;1;75,33
202508;1;AM;80075;BRADESCO - PRUDENCIAL;1;204,87
202508;1;AM;84693;NU PAGAMENTOS - PRUDENCIAL;1;89,86
202508;1;AM;80185;SANTANDER - PRUDENCIAL;9;11847,27
202508;1;AP;80185;SANTANDER - PRUDENCIAL;1;3960,13
202508;1;BA;80336;BTG PACTUAL - PRUDENCIAL;2;310,39
202508;1;BA;80996;INTER - PRUDENCIAL;1;200,25
202508;1;BA;80099;ITAU - PRUDENCIAL;1;240,71
202508;1;BA;84693;NU PAGAMENTOS - PRUDENCIAL;5;397,62
202508;1;BA;80185;SANTANDER - PRUDENCIAL;10;12349,42
202508;1;CE;80336;BTG PACTUAL - PRUDENCIAL;1;105,84
202508;1;CE;80738;CAIXA ECONÔMICA FEDERAL - PRUDENCIAL;1;203,45
202508;1;CE;80996;INTER - PRUDENCIAL;1;150,03
202508;1;CE;80099;ITAU - PRUDENCIAL;2;410,09
202508;1;CE;84693;NU PAGAMENTOS - PRUDENCIAL;4;378,53
202508;1;CE;80185;SANTANDER - PRUDENCIAL;10;11224,99
202508;1;DF;84693;NU PAGAMENTOS - PRUDENCIAL;2;199,89
202508;1;DF;80185;SANTANDER - PRUDENCIAL;5;5513,48
202508;1;ES;80879;BANCO SICOOB - PRUDENCIAL;1;203,15
202508;1;ES;84693;NU PAGAMENTOS - PRUDENCIAL;3;184,86
202508;1;ES;80185;SANTANDER - PRUDENCIAL;5;3461,42
202508;1;GO;84844;BANCO C6 - PRUDENCIAL;1;115,51
202508;1;GO;80178;BMG - PRUDENCIAL;1;200,49
202508;1;GO;80099;ITAU - PRUDENCIAL;1;237,55
202508;1;GO;84693;NU PAGAMENTOS - PRUDENCIAL;3;225,38
202508;1;GO;80185;SANTANDER - PRUDENCIAL;6;9013,27
202508;1;MA;80996;INTER - PRUDENCIAL;3;451,29
202508;1;MA;80099;ITAU - PRUDENCIAL;1;101,85
202508;1;MA;84693;NU PAGAMENTOS - PRUDENCIAL;1;35,53
202508;1;MA;80185;SANTANDER - PRUDENCIAL;2;2161,54
202508;1;MG;84844;BANCO C6 - PRUDENCIAL;2;129,34
202508;1;MG;80879;BANCO SICOOB - PRUDENCIAL;1;205,74
202508;1;MG;80075;BRADESCO - PRUDENCIAL;4;3388,51
202508;1;MG;80336;BTG PACTUAL - PRUDENCIAL;3;486,92
202508;1;MG;80099;ITAU - PRUDENCIAL;1;1,00
202508;1;MG;84693;NU PAGAMENTOS - PRUDENCIAL;9;684,18
202508;1;MG;80185;SANTANDER - PRUDENCIAL;19;24655,00
202508;1;MS;80099;ITAU - PRUDENCIAL;1;387,25
202508;1;MS;84693;NU PAGAMENTOS - PRUDENCIAL;1;188,87
202508;1;MS;80185;SANTANDER - PRUDENCIAL;3;77,82
202508;1;MT;80336;BTG PACTUAL - PRUDENCIAL;1;200,55
202508;1;MT;84693;NU PAGAMENTOS - PRUDENCIAL;1;174,29
202508;1;MT;80185;SANTANDER - PRUDENCIAL;2;22,33
202508;1;PA;84844;BANCO C6 - PRUDENCIAL;1;174,43
202508;1;PA;80996;INTER - PRUDENCIAL;2;402,35
202508;1;PA;80099;ITAU - PRUDENCIAL;2;305,91
202508;1;PA;84693;NU PAGAMENTOS - PRUDENCIAL;8;759,24
202508;1;PA;80185;SANTANDER - PRUDENCIAL;10;11735,74
202508;1;PB;80996;INTER - PRUDENCIAL;1;154,42
202508;1;PB;84693;NU PAGAMENTOS - PRUDENCIAL;3;134,18
202508;1;PB;80185;SANTANDER - PRUDENCIAL;3;1314,20
202508;1;PE;80178;BMG - PRUDENCIAL;1;201,39
202508;1;PE;80336;BTG PACTUAL - PRUDENCIAL;1;202,14
202508;1;PE;80099;ITAU - PRUDENCIAL;2;184,62
202508;1;PE;84693;NU PAGAMENTOS - PRUDENCIAL;5;425,89
202508;1;PE;80185;SANTANDER - PRUDENCIAL;9;11475,04
202508;1;PR;80075;BRADESCO - PRUDENCIAL;1;2541,23
202508;1;PR;84693;NU PAGAMENTOS - PRUDENCIAL;3;140,43
202508;1;PR;80185;SANTANDER - PRUDENCIAL;14;14960,01
202508;1;RJ;80075;BRADESCO - PRUDENCIAL;3;90,20
202508;1;RJ;80336;BTG PACTUAL - PRUDENCIAL;2;402,80
202508;1;RJ;80996;INTER - PRUDENCIAL;3;2605,12
202508;1;RJ;80099;ITAU - PRUDENCIAL;4;261,57
202508;1;RJ;84693;NU PAGAMENTOS - PRUDENCIAL;17;1579,22
202508;1;RJ;80185;SANTANDER - PRUDENCIAL;32;33195,64
202508;1;RN;80336;BTG PACTUAL - PRUDENCIAL;1;200,50
202508;1;RN;80099;ITAU - PRUDENCIAL;1;209,42
202508;1;RN;84693;NU PAGAMENTOS - PRUDENCIAL;3;155,29
202508;1;RN;80185;SANTANDER - PRUDENCIAL;2;1682,41
202508;1;RO;80185;SANTANDER - PRUDENCIAL;1;516,10
202508;1;RR;80185;SANTANDER - PRUDENCIAL;2;67,66
202508;1;RS;80329;BB - PRUDENCIAL;1;148,60
202508;1;RS;80336;BTG PACTUAL - PRUDENCIAL;2;307,16
202508;1;RS;80099;ITAU - PRUDENCIAL;1;54,14
202508;1;RS;84693;NU PAGAMENTOS - PRUDENCIAL;5;492,81
202508;1;RS;80185;SANTANDER - PRUDENCIAL;10;8576,27
202508;1;SC;80329;BB - PRUDENCIAL;1;98,67
202508;1;SC;80075;BRADESCO - PRUDENCIAL;2;482,85
202508;1;SC;78825270;CCLAA SICOOB MAXICRÉDITO;1;370,93
202508;1;SC;80996;INTER - PRUDENCIAL;1;149,27
202508;1;SC;80185;SANTANDER - PRUDENCIAL;7;4106,40
202508;1;SE;84693;NU PAGAMENTOS - PRUDENCIAL;1;88,99
202508;1;SE;80185;SANTANDER - PRUDENCIAL;2;475,34
202508;1;SP;84844;BANCO C6 - PRUDENCIAL;6;726,89
202508;1;SP;80075;BRADESCO - PRUDENCIAL;9;2314,09
202508;1;SP;80336;BTG PACTUAL - PRUDENCIAL;8;1119,27
202508;1;SP;80996;INTER - PRUDENCIAL;3;440,23
202508;1;SP;80099;ITAU - PRUDENCIAL;8;561,31
202508;1;SP;84693;NU PAGAMENTOS - PRUDENCIAL;24;4381,59
202508;1;SP;80185;SANTANDER - PRUDENCIAL;68;61723,67
202508;1;TO;80329;BB - PRUDENCIAL;1;203,81
202508;1;TO;84693;NU PAGAMENTOS - PRUDENCIAL;2;260,89
202508;1;TO;80185;SANTANDER - PRUDENCIAL;1;1078,36
202508;2;AC;80075;BRADESCO - PRUDENCIAL;1;12612,91
202508;2;AC;80099;ITAU - PRUDENCIAL;68;211813,59
202508;2;AL;80099;ITAU - PRUDENCIAL;619;1554424,39
202508;2;AM;80099;ITAU - PRUDENCIAL;409;1079267,50
202508;2;AP;80099;ITAU - PRUDENCIAL;54;113148,04
202508;2;BA;80329;BB - PRUDENCIAL;1;5474,51
202508;2;BA;81593;BCO DO NORDESTE DO BRASIL S.A. - PRUDENCIAL;2;9105,79
202508;2;BA;80075;BRADESCO - PRUDENCIAL;3;19763,52
202508;2;BA;80099;ITAU - PRUDENCIAL;2616;6523589,71
202508;2;BA;80484;VOTORANTIM - PRUDENCIAL;2;2761,38
202508;2;CE;80099;ITAU - PRUDENCIAL;1596;4202785,67
202508;2;CE;80484;VOTORANTIM - PRUDENCIAL;1;748,69
202508;2;DF;80099;ITAU - PRUDENCIAL;802;2013348,56
202508;2;ES;80099;ITAU - PRUDENCIAL;520;1247711,51
202508;2;ES;80484;VOTORANTIM - PRUDENCIAL;1;669,99
202508;2;GO;80075;BRADESCO - PRUDENCIAL;1;3053,31
202508;2;GO;80099;ITAU - PRUDENCIAL;1122;2625180,85
202508;2;MA;80075;BRADESCO - PRUDENCIAL;2;4914,32
202508;2;MA;80099;ITAU - PRUDENCIAL;477;1130111,16
202508;2;MG;80075;BRADESCO - PRUDENCIAL;3;7892,24
202508;2;MG;80099;ITAU - PRUDENCIAL;3761;9061575,38
202508;2;MG;80484;VOTORANTIM - PRUDENCIAL;4;7802,00
202508;2;MS;80075;BRADESCO - PRUDENCIAL;1;7332,42
202508;2;MS;80099;ITAU - PRUDENCIAL;446;1249819,20
202508;2;MT;80099;ITAU - PRUDENCIAL;303;679320,12
202508;2;MT;80484;VOTORANTIM - PRUDENCIAL;1;247,32
202508;2;PA;80075;BRADESCO - PRUDENCIAL;1;4400,87
202508;2;PA;80099;ITAU - PRUDENCIAL;704;1723218,00
202508;2;PA;80484;VOTORANTIM - PRUDENCIAL;1;12258,59
202508;2;PB;80099;ITAU - PRUDENCIAL;916;2996511,37
202508;2;PE;84844;BANCO C6 - PRUDENCIAL;1;1065,52
202508;2;PE;80075;BRADESCO - PRUDENCIAL;1;3842,60
202508;2;PE;80099;ITAU - PRUDENCIAL;2182;5776527,48
202508;2;PI;80099;ITAU - PRUDENCIAL;352;878192,90
202508;2;PR;84844;BANCO C6 - PRUDENCIAL;1;14366,61
202508;2;PR;80099;ITAU - PRUDENCIAL;2070;5132534,14
202508;2;PR;80484;VOTORANTIM - PRUDENCIAL;2;4215,56
202508;2;RJ;84844;BANCO C6 - PRUDENCIAL;1;216,86
202508;2;RJ;80075;BRADESCO - PRUDENCIAL;2;11084,05
202508;2;RJ;80099;ITAU - PRUDENCIAL;5826;11936898,22
202508;2;RJ;80484;VOTORANTIM - PRUDENCIAL;2;6458,91
202508;2;RN;80099;ITAU - PRUDENCIAL;753;2053895,42
202508;2;RN;80484;VOTORANTIM - PRUDENCIAL;1;3162,32
202508;2;RO;80099;ITAU - PRUDENCIAL;113;265480,54
202508;2;RR;80099;ITAU - PRUDENCIAL;55;125244,75
202508;2;RS;80099;ITAU - PRUDENCIAL;1758;4152066,99
202508;2;RS;80484;VOTORANTIM - PRUDENCIAL;1;9013,29
202508;2;SC;84844;BANCO C6 - PRUDENCIAL;1;224,21
202508;2;SC;80075;BRADESCO - PRUDENCIAL;1;9625,71
202508;2;SC;80099;ITAU - PRUDENCIAL;1257;3409814,94
202508;2;SC;80484;VOTORANTIM - PRUDENCIAL;3;4010,05
202508;2;SE;80099;ITAU - PRUDENCIAL;389;935642,07
202508;2;SP;84844;BANCO C6 - PRUDENCIAL;5;85918,22
202508;2;SP;80075;BRADESCO - PRUDENCIAL;5;80989,59
202508;2;SP;80099;ITAU - PRUDENCIAL;13136;31198870,51
202508;2;SP;80185;SANTANDER - PRUDENCIAL;1;4021,43
202508;2;SP;80484;VOTORANTIM - PRUDENCIAL;13;26200,10
202508;2;TO;80099;ITAU - PRUDENCIAL;78;187198,40
202508;3;AC;80075;BRADESCO - PRUDENCIAL;2;23472,23
202508;3;AC;80099;ITAU - PRUDENCIAL;3;35116,52
202508;3;AC;80185;SANTANDER - PRUDENCIAL;2;15588,25
202508;3;AL;80075;BRADESCO - PRUDENCIAL;21;1015259,07
202508;3;AL;80099;ITAU - PRUDENCIAL;15;96333,96
202508;3;AM;80075;BRADESCO - PRUDENCIAL;24;827924,11
202508;3;AM;80099;ITAU - PRUDENCIAL;19;252732,08
202508;3;AP;80075;BRADESCO - PRUDENCIAL;2;30694,56
202508;3;AP;80099;ITAU - PRUDENCIAL;3;21505,03
202508;3;BA;80075;BRADESCO - PRUDENCIAL;50;2273447,53
202508;3;BA;80099;ITAU - PRUDENCIAL;71;326502,85
202508;3;BA;80185;SANTANDER - PRUDENCIAL;5;94124,73
202508;3;CE;80075;BRADESCO - PRUDENCIAL;29;1570724,09
202508;3;CE;80099;ITAU - PRUDENCIAL;41;226418,94
202508;3;CE;80185;SANTANDER - PRUDENCIAL;1;11317,87
202508;3;DF;80075;BRADESCO - PRUDENCIAL;9;1364695,46
202508;3;DF;80099;ITAU - PRUDENCIAL;37;192871,92
202508;3;DF;80185;SANTANDER - PRUDENCIAL;1;76641,79
202508;3;ES;80075;BRADESCO - PRUDENCIAL;15;716603,12
202508;3;ES;80099;ITAU - PRUDENCIAL;17;54505,18
202508;3;GO;80075;BRADESCO - PRUDENCIAL;32;3646708,03
202508;3;GO;80099;ITAU - PRUDENCIAL;98;622451,10
202508;3;GO;80185;SANTANDER - PRUDENCIAL;2;9832,33
202508;3;MA;80075;BRADESCO - PRUDENCIAL;25;1473450,73
202508;3;MA;80099;ITAU - PRUDENCIAL;9;51116,17
202508;3;MA;80185;SANTANDER - PRUDENCIAL;1;9402,12
202508;3;MG;80075;BRADESCO - PRUDENCIAL;64;2421331,65
202508;3;MG;80099;ITAU - PRUDENCIAL;102;659177,90
202508;3;MS;80075;BRADESCO - PRUDENCIAL;22;921807,28
202508;3;MS;80099;ITAU - PRUDENCIAL;12;78803,95
202508;3;MT;80075;BRADESCO - PRUDENCIAL;17;489025,60
202508;3;MT;80099;ITAU - PRUDENCIAL;15;67499,46
202508;3;MT;80185;SANTANDER - PRUDENCIAL;3;18969,59
202508;3;PA;80075;BRADESCO - PRUDENCIAL;20;1237271,44
202508;3;PA;80099;ITAU - PRUDENCIAL;20;89422,70
202508;3;PB;80075;BRADESCO - PRUDENCIAL;14;289040,57
202508;3;PB;80099;ITAU - PRUDENCIAL;8;45240,02
202508;3;PE;80075;BRADESCO - PRUDENCIAL;28;1014713,14
202508;3;PE;80099;ITAU - PRUDENCIAL;37;137389,93
202508;3;PE;80185;SANTANDER - PRUDENCIAL;1;26801,74
202508;3;PI;80075;BRADESCO - PRUDENCIAL;10;514475,59
202508;3;PI;80099;ITAU - PRUDENCIAL;4;38865,26
202508;3;PR;80075;BRADESCO - PRUDENCIAL;54;2367817,11
202508;3;PR;80099;ITAU - PRUDENCIAL;93;532912,54
202508;3;PR;80185;SANTANDER - PRUDENCIAL;3;66610,92
202508;3;RJ;80075;BRADESCO - PRUDENCIAL;91;9024200,41
202508;3;RJ;80099;ITAU - PRUDENCIAL;204;1036809,58
202508;3;RJ;80185;SANTANDER - PRUDENCIAL;15;368237,72
202508;3;RN;80075;BRADESCO - PRUDENCIAL;8;1024774,40
202508;3;RN;80099;ITAU - PRUDENCIAL;20;143912,48
202508;3;RO;80075;BRADESCO - PRUDENCIAL;8;322885,74
202508;3;RO;80099;ITAU - PRUDENCIAL;6;66976,62
202508;3;RR;80075;BRADESCO - PRUDENCIAL;1;149908,76
202508;3;RR;80099;ITAU - PRUDENCIAL;3;7374,57
202508;3;RR;80185;SANTANDER - PRUDENCIAL;1;44840,31
202508;3;RS;80075;BRADESCO - PRUDENCIAL;22;1206508,23
202508;3;RS;80099;ITAU - PRUDENCIAL;36;256793,61
202508;3;SC;80075;BRADESCO - PRUDENCIAL;20;1453729,29
202508;3;SC;80099;ITAU - PRUDENCIAL;37;256205,18
202508;3;SE;80075;BRADESCO - PRUDENCIAL;6;36733,19
202508;3;SE;80099;ITAU - PRUDENCIAL;2;17593,86
202508;3;SP;80075;BRADESCO - PRUDENCIAL;335;20249993,47
202508;3;SP;80099;ITAU - PRUDENCIAL;548;3801528,93
202508;3;SP;80185;SANTANDER - PRUDENCIAL;11;121787,54
202508;3;TO;80075;BRADESCO - PRUDENCIAL;4;74758,28
202508;3;TO;80099;ITAU - PRUDENCIAL;8;29551,81
202509;1;AC;84693;NU PAGAMENTOS - PRUDENCIAL;1;90,22
202509;1;AL;84693;NU PAGAMENTOS - PRUDENCIAL;1;1292,72
202509;1;AL;80185;SANTANDER - PRUDENCIAL;3;1850,23
202509;1;AM;80178;BMG - PRUDENCIAL;1;200,01
202509;1;AM;80099;ITAU - PRUDENCIAL;2;352,11
202509;1;AM;84693;NU PAGAMENTOS - PRUDENCIAL;1;52,11
202509;1;AM;80185;SANTANDER - PRUDENCIAL;3;3983,68
202509;1;AP;80185;SANTANDER - PRUDENCIAL;1;288,87
202509;1;BA;80075;BRADESCO - PRUDENCIAL;2;2712,14
202509;1;BA;80336;BTG PACTUAL - PRUDENCIAL;1;91,63
202509;1;BA;80996;INTER - PRUDENCIAL;1;117,20
202509;1;BA;80099;ITAU - PRUDENCIAL;1;202,59
202509;1;BA;84693;NU PAGAMENTOS - PRUDENCIAL;3;1180,29
202509;1;BA;80185;SANTANDER - PRUDENCIAL;9;9606,63
202509;1;CE;80329;BB - PRUDENCIAL;1;201,85
202509;1;CE;80075;BRADESCO - PRUDENCIAL;1;429,62
202509;1;CE;80996;INTER - PRUDENCIAL;1;99,63
202509;1;CE;84693;NU PAGAMENTOS - PRUDENCIAL;5;5521,05
202509;1;CE;80185;SANTANDER - PRUDENCIAL;8;12206,25
202509;1;DF;80336;BTG PACTUAL - PRUDENCIAL;2;284,60
202509;1;DF;80099;ITAU - PRUDENCIAL;1;181,34
202509;1;DF;84693;NU PAGAMENTOS - PRUDENCIAL;2;129,33
202509;1;DF;80185;SANTANDER - PRUDENCIAL;6;12473,25
202509;1;ES;80075;BRADESCO - PRUDENCIAL;1;143,53
202509;1;ES;80336;BTG PACTUAL - PRUDENCIAL;2;154,36
202509;1;ES;84693;NU PAGAMENTOS - PRUDENCIAL;1;54,87
202509;1;ES;80185;SANTANDER - PRUDENCIAL;1;2135,28
202509;1;GO;80336;BTG PACTUAL - PRUDENCIAL;1;186,76
202509;1;GO;80099;ITAU - PRUDENCIAL;4;609,47
202509;1;GO;80185;SANTANDER - PRUDENCIAL;9;15556,77
202509;1;MA;80099;ITAU - PRUDENCIAL;2;364,30
202509;1;MA;84693;NU PAGAMENTOS - PRUDENCIAL;2;189,28
202509;1;MA;80185;SANTANDER - PRUDENCIAL;3;4213,24
202509;1;MG;84844;BANCO C6 - PRUDENCIAL;2;312,82
202509;1;MG;80178;BMG - PRUDENCIAL;1;202,15
202509;1;MG;80075;BRADESCO - PRUDENCIAL;2;1256,63
202509;1;MG;80336;BTG PACTUAL - PRUDENCIAL;2;402,46
202509;1;MG;80996;INTER - PRUDENCIAL;1;50,91
202509;1;MG;80099;ITAU - PRUDENCIAL;4;821,36
202509;1;MG;84693;NU PAGAMENTOS - PRUDENCIAL;6;1142,35
202509;1;MG;80185;SANTANDER - PRUDENCIAL;12;12089,01
202509;1;MS;80336;BTG PACTUAL - PRUDENCIAL;1;160,87
202509;1;MS;84693;NU PAGAMENTOS - PRUDENCIAL;4;352,20
202509;1;MS;80185;SANTANDER - PRUDENCIAL;4;2430,41
202509;1;MT;80329;BB - PRUDENCIAL;1;111,67
202509;1;MT;80336;BTG PACTUAL - PRUDENCIAL;1;202,20
202509;1;MT;84693;NU PAGAMENTOS - PRUDENCIAL;2;128,84
202509;1;MT;80185;SANTANDER - PRUDENCIAL;2;7490,15
202509;1;PA;80996;INTER - PRUDENCIAL;1;202,01
202509;1;PA;84693;NU PAGAMENTOS - PRUDENCIAL;2;299,19
202509;1;PA;80185;SANTANDER - PRUDENCIAL;5;5869,98
202509;1;PB;80099;ITAU - PRUDENCIAL;1;100,00
202509;1;PB;84693;NU PAGAMENTOS - PRUDENCIAL;2;1340,79
202509;1;PB;80185;SANTANDER - PRUDENCIAL;3;2405,82
202509;1;PE;80336;BTG PACTUAL - PRUDENCIAL;2;315,68
202509;1;PE;80996;INTER - PRUDENCIAL;2;328,71
202509;1;PE;80099;ITAU - PRUDENCIAL;1;208,18
202509;1;PE;84693;NU PAGAMENTOS - PRUDENCIAL;4;334,06
202509;1;PE;80185;SANTANDER - PRUDENCIAL;7;12259,68
202509;1;PI;80996;INTER - PRUDENCIAL;1;83,71
202509;1;PI;80099;ITAU - PRUDENCIAL;1;149,59
202509;1;PI;80185;SANTANDER - PRUDENCIAL;2;1261,36
202509;1;PR;84844;BANCO C6 - PRUDENCIAL;1;169,96
202509;1;PR;80336;BTG PACTUAL - PRUDENCIAL;2;332,06
202509;1;PR;80996;INTER - PRUDENCIAL;1;49,59
202509;1;PR;80099;ITAU - PRUDENCIAL;3;561,00
202509;1;PR;84693;NU PAGAMENTOS - PRUDENCIAL;3;248,93
202509;1;PR;80185;SANTANDER - PRUDENCIAL;9;11811,65
202509;1;RJ;80336;BTG PACTUAL - PRUDENCIAL;3;527,88
202509;1;RJ;80099;ITAU - PRUDENCIAL;3;492,58
202509;1;RJ;84693;NU PAGAMENTOS - PRUDENCIAL;9;636,93
202509;1;RJ;80185;SANTANDER - PRUDENCIAL;36;34323,74
202509;1;RN;80329;BB - PRUDENCIAL;1;131,25
202509;1;RN;80336;BTG PACTUAL - PRUDENCIAL;1;201,79
202509;1;RN;84693;NU PAGAMENTOS - PRUDENCIAL;5;771,83
202509;1;RN;80185;SANTANDER - PRUDENCIAL;1;1813,60
202509;1;RO;84844;BANCO C6 - PRUDENCIAL;1;256,75
202509;1;RO;80329;BB - PRUDENCIAL;1;28,45
202509;1;RO;80336;BTG PACTUAL - PRUDENCIAL;1;51,20
202509;1;RO;84693;NU PAGAMENTOS - PRUDENCIAL;1;110,73
202509;1;RO;80185;SANTANDER - PRUDENCIAL;5;10129,08
202509;1;RS;80329;BB - PRUDENCIAL;2;333,51
202509;1;RS;80075;BRADESCO - PRUDENCIAL;3;968,70
202509;1;RS;80336;BTG PACTUAL - PRUDENCIAL;2;252,23
202509;1;RS;80996;INTER - PRUDENCIAL;1;200,19
202509;1;RS;80099;ITAU - PRUDENCIAL;1;200,63
202509;1;RS;84693;NU PAGAMENTOS - PRUDENCIAL;6;723,25
202509;1;RS;80185;SANTANDER - PRUDENCIAL;10;11592,05
202509;1;SC;78825270;CCLAA SICOOB MAXICRÉDITO;2;295,73
202509;1;SC;84693;NU PAGAMENTOS - PRUDENCIAL;3;332,18
202509;1;SC;80185;SANTANDER - PRUDENCIAL;2;5274,75
202509;1;SE;80185;SANTANDER - PRUDENCIAL;3;2268,53
202509;1;SP;84844;BANCO C6 - PRUDENCIAL;2;248,99
202509;1;SP;80178;BMG - PRUDENCIAL;1;202,11
202509;1;SP;80075;BRADESCO - PRUDENCIAL;5;2252,85
202509;1;SP;80336;BTG PACTUAL - PRUDENCIAL;7;550,20
202509;1;SP;80996;INTER - PRUDENCIAL;3;555,99
202509;1;SP;80099;ITAU - PRUDENCIAL;14;1292,17
202509;1;SP;84693;NU PAGAMENTOS - PRUDENCIAL;29;3713,66
202509;1;SP;80185;SANTANDER - PRUDENCIAL;51;64424,10
202509;1;TO;80099;ITAU - PRUDENCIAL;1;203,80
202509;1;TO;80185;SANTANDER - PRUDENCIAL;2;1989,88
202509;2;AL;80075;BRADESCO - PRUDENCIAL;1;4840,64
202509;2;AM;80484;VOTORANTIM - PRUDENCIAL;1;762,33
202509;2;BA;81593;BCO DO NORDESTE DO BRASIL S.A. - PRUDENCIAL;2;10263,90
202509;2;BA;80075;BRADESCO - PRUDENCIAL;4;22828,84
202509;2;BA;80099;ITAU - PRUDENCIAL;1;3055,55
202509;2;BA;80484;VOTORANTIM - PRUDENCIAL;1;11024,42
202509;2;CE;84844;BANCO C6 - PRUDENCIAL;1;232,63
202509;2;CE;81593;BCO DO NORDESTE DO BRASIL S.A. - PRUDENCIAL;1;775,69
202509;2;CE;80185;SANTANDER - PRUDENCIAL;1;12,43
202509;2;CE;80484;VOTORANTIM - PRUDENCIAL;3;8573,39
202509;2;DF;80075;BRADESCO - PRUDENCIAL;1;6556,78
202509;2;GO;80329;BB - PRUDENCIAL;2;5467,80
202509;2;GO;80484;VOTORANTIM - PRUDENCIAL;1;727,47
202509;2;MA;80484;VOTORANTIM - PRUDENCIAL;1;492,39
202509;2;MG;80075;BRADESCO - PRUDENCIAL;2;849,20
202509;2;MG;80484;VOTORANTIM - PRUDENCIAL;5;11459,17
202509;2;MS;80484;VOTORANTIM - PRUDENCIAL;1;1064,12
202509;2;MT;84844;BANCO C6 - PRUDENCIAL;1;170,77
202509;2;MT;80484;VOTORANTIM - PRUDENCIAL;1;989,97
202509;2;PA;80329;BB - PRUDENCIAL;1;674,82
202509;2;PA;80075;BRADESCO - PRUDENCIAL;2;4940,31
202509;2;PA;80484;VOTORANTIM - PRUDENCIAL;1;5405,87
202509;2;PE;80075;BRADESCO - PRUDENCIAL;1;5362,48
202509;2;PE;80484;VOTORANTIM - PRUDENCIAL;1;1027,67
202509;2;PR;84844;BANCO C6 - PRUDENCIAL;1;108,85
202509;2;PR;80075;BRADESCO - PRUDENCIAL;1;10950,24
202509;2;PR;80484;VOTORANTIM - PRUDENCIAL;3;5934,19
202509;2;RJ;84844;BANCO C6 - PRUDENCIAL;4;10813,83
202509;2;RJ;80075;BRADESCO - PRUDENCIAL;2;35849,77
202509;2;RJ;80336;BTG PACTUAL - PRUDENCIAL;2;2816,97
202509;2;RJ;80099;ITAU - PRUDENCIAL;2;218,85
202509;2;RJ;80484;VOTORANTIM - PRUDENCIAL;2;2340,32
202509;2;RO;80336;BTG PACTUAL - PRUDENCIAL;1;2925,64
202509;2;RS;80329;BB - PRUDENCIAL;1;706,48
202509;2;RS;80075;BRADESCO - PRUDENCIAL;1;3691,35
202509;2;RS;80484;VOTORANTIM - PRUDENCIAL;3;4073,32
202509;2;SC;80075;BRADESCO - PRUDENCIAL;1;1545,08
202509;2;SC;80336;BTG PACTUAL - PRUDENCIAL;2;6550,83
202509;2;SC;80484;VOTORANTIM - PRUDENCIAL;1;5794,56
202509;2;SE;80484;VOTORANTIM - PRUDENCIAL;1;1635,12
202509;2;SP;84844;BANCO C6 - PRUDENCIAL;3;532,90
202509;2;SP;80075;BRADESCO - PRUDENCIAL;10;59055,13
202509;2;SP;80336;BTG PACTUAL - PRUDENCIAL;1;648,69
202509;2;SP;80484;VOTORANTIM - PRUDENCIAL;23;52145,01
202509;2;TO;80075;BRADESCO - PRUDENCIAL;1;36431,19
202509;2;TO;80484;VOTORANTIM - PRUDENCIAL;1;2083,49
202509;3;AC;80075;BRADESCO - PRUDENCIAL;1;306980,63
202509;3;AL;81593;BCO DO NORDESTE DO BRASIL S.A. - PRUDENCIAL;2;25209,59
202509;3;AL;80075;BRADESCO - PRUDENCIAL;2;23803,61
202509;3;AM;80075;BRADESCO - PRUDENCIAL;1;29372,70
202509;3;BA;81593;BCO DO NORDESTE DO BRASIL S.A. - PRUDENCIAL;33;883214,15
202509;3;BA;80075;BRADESCO - PRUDENCIAL;23;833489,79
202509;3;BA;80185;SANTANDER - PRUDENCIAL;2;65991,15
202509;3;CE;81593;BCO DO NORDESTE DO BRASIL S.A. - PRUDENCIAL;36;399129,13
202509;3;CE;80075;BRADESCO - PRUDENCIAL;10;261582,13
202509;3;DF;80075;BRADESCO - PRUDENCIAL;2;45660,11
202509;3;ES;81593;BCO DO NORDESTE DO BRASIL S.A. - PRUDENCIAL;2;3198,67
202509;3;ES;80075;BRADESCO - PRUDENCIAL;4;79878,25
202509;3;GO;80075;BRADESCO - PRUDENCIAL;8;170857,25
202509;3;MA;81593;BCO DO NORDESTE DO BRASIL S.A. - PRUDENCIAL;20;585974,62
202509;3;MA;80075;BRADESCO - PRUDENCIAL;4;265832,18
202509;3;MA;80185;SANTANDER - PRUDENCIAL;1;810,19
202509;3;MG;81593;BCO DO NORDESTE DO BRASIL S.A. - PRUDENCIAL;10;97880,85
202509;3;MG;80075;BRADESCO - PRUDENCIAL;19;821878,09
202509;3;MG;80185;SANTANDER - PRUDENCIAL;2;3929,74
202509;3;MS;80075;BRADESCO - PRUDENCIAL;5;168464,50
202509;3;MT;80075;BRADESCO - PRUDENCIAL;4;39274,45
202509;3;MT;80185;SANTANDER - PRUDENCIAL;1;13218,67
202509;3;PA;80075;BRADESCO - PRUDENCIAL;9;300242,66
202509;3;PA;80185;SANTANDER - PRUDENCIAL;1;15444,91
202509;3;PB;81593;BCO DO NORDESTE DO BRASIL S.A. - PRUDENCIAL;19;286310,81
202509;3;PB;80075;BRADESCO - PRUDENCIAL;2;13819,06
202509;3;PE;81593;BCO DO NORDESTE DO BRASIL S.A. - PRUDENCIAL;19;825159,68
202509;3;PE;80075;BRADESCO - PRUDENCIAL;9;505776,18
202509;3;PE;80185;SANTANDER - PRUDENCIAL;2;47116,16
202509;3;PI;80329;BB - PRUDENCIAL;1;389,80
202509;3;PI;81593;BCO DO NORDESTE DO BRASIL S.A. - PRUDENCIAL;14;249071,51
202509;3;PI;80075;BRADESCO - PRUDENCIAL;1;60891,73
202509;3;PR;80075;BRADESCO - PRUDENCIAL;24;767402,65
202509;3;PR;80185;SANTANDER - PRUDENCIAL;2;67192,19
202509;3;RJ;80075;BRADESCO - PRUDENCIAL;11;534559,78
202509;3;RJ;80185;SANTANDER - PRUDENCIAL;4;37794,10
202509;3;RN;81593;BCO DO NORDESTE DO BRASIL S.A. - PRUDENCIAL;19;347656,21
202509;3;RN;80075;BRADESCO - PRUDENCIAL;5;183198,53
202509;3;RO;80075;BRADESCO - PRUDENCIAL;1;60931,30
202509;3;RS;80075;BRADESCO - PRUDENCIAL;11;130962,29
202509;3;RS;80185;SANTANDER - PRUDENCIAL;2;19936,29
202509;3;SC;80075;BRADESCO - PRUDENCIAL;4;443698,01
202509;3;SC;80185;SANTANDER - PRUDENCIAL;1;20150,74
202509;3;SE;81593;BCO DO NORDESTE DO BRASIL S.A. - PRUDENCIAL;2;104474,22
202509;3;SP;80075;BRADESCO - PRUDENCIAL;78;4865030,33
202509;3;SP;80185;SANTANDER - PRUDENCIAL;12;104529,67
202509;3;TO;80075;BRADESCO - PRUDENCIAL;2;34732,94
202510;1;AC;80336;BTG PACTUAL - PRUDENCIAL;1;99,78
202510;1;AC;80738;CAIXA ECONÔMICA FEDERAL - PRUDENCIAL;687;836940,71
202510;1;AL;80738;CAIXA ECONÔMICA FEDERAL - PRUDENCIAL;2146;2275179,93
202510;1;AL;80099;ITAU - PRUDENCIAL;1;210,26
202510;1;AL;84693;NU PAGAMENTOS - PRUDENCIAL;2;200,39
202510;1;AL;80185;SANTANDER - PRUDENCIAL;1;209,15
202510;1;AM;80336;BTG PACTUAL - PRUDENCIAL;1;119,34
202510;1;AM;80738;CAIXA ECONÔMICA FEDERAL - PRUDENCIAL;4171;5322982,00
202510;1;AM;84693;NU PAGAMENTOS - PRUDENCIAL;4;2432,81
202510;1;AM;80185;SANTANDER - PRUDENCIAL;1;3911,14
202510;1;AP;80738;CAIXA ECONÔMICA FEDERAL - PRUDENCIAL;354;395382,65
202510;1;BA;80738;CAIXA ECONÔMICA FEDERAL - PRUDENCIAL;8038;9130454,36
202510;1;BA;80099;ITAU - PRUDENCIAL;1;306,24
202510;1;BA;84693;NU PAGAMENTOS - PRUDENCIAL;5;362,75
202510;1;BA;80185;SANTANDER - PRUDENCIAL;5;5667,82
202510;1;CE;84844;BANCO C6 - PRUDENCIAL;1;160,12
202510;1;CE;80178;BMG - PRUDENCIAL;1;202,68
202510;1;CE;80336;BTG PACTUAL - PRUDENCIAL;1;202,41
202510;1;CE;80738;CAIXA ECONÔMICA FEDERAL - PRUDENCIAL;6243;6742916,01
202510;1;CE;80996;INTER - PRUDENCIAL;1;76,97
202510;1;CE;84693;NU PAGAMENTOS - PRUDENCIAL;6;2163,09
202510;1;CE;80185;SANTANDER - PRUDENCIAL;6;10918,80
202510;1;DF;80738;CAIXA ECONÔMICA FEDERAL - PRUDENCIAL;2329;2892000,61
202510;1;DF;80996;INTER - PRUDENCIAL;1;99,27
202510;1;DF;84693;NU PAGAMENTOS - PRUDENCIAL;1;59,91
202510;1;DF;80185;SANTANDER - PRUDENCIAL;2;685,73
202510;1;ES;84844;BANCO C6 - PRUDENCIAL;1;178,46
202510;1;ES;80336;BTG PACTUAL - PRUDENCIAL;1;93,77
202510;1;ES;80738;CAIXA ECONÔMICA FEDERAL - PRUDENCIAL;2261;2873700,01
202510;1;GO;80075;BRADESCO - PRUDENCIAL;1;97,28
202510;1;GO;80336;BTG PACTUAL - PRUDENCIAL;1;200,65
202510;1;GO;80738;CAIXA ECONÔMICA FEDERAL - PRUDENCIAL;3315;3674907,70
202510;1;GO;80099;ITAU - PRUDENCIAL;1;216,29
202510;1;GO;84693;NU PAGAMENTOS - PRUDENCIAL;5;503,70
202510;1;GO;80185;SANTANDER - PRUDENCIAL;2;951,43
202510;1;MA;80336;BTG PACTUAL - PRUDENCIAL;1;203,07
202510;1;MA;80738;CAIXA ECONÔMICA FEDERAL - PRUDENCIAL;2473;2619016,70
202510;1;MA;80185;SANTANDER - PRUDENCIAL;1;268,31
202510;1;MG;80879;BANCO SICOOB - PRUDENCIAL;2;217,06
202510;1;MG;80329;BB - PRUDENCIAL;1;47,84
202510;1;MG;80075;BRADESCO - PRUDENCIAL;1;200,25
202510;1;MG;80336;BTG PACTUAL - PRUDENCIAL;3;256,88
202510;1;MG;80738;CAIXA ECONÔMICA FEDERAL - PRUDENCIAL;14000;18212464,73
202510;1;MG;80099;ITAU - PRUDENCIAL;3;661,01
202510;1;MG;84693;NU PAGAMENTOS - PRUDENCIAL;11;947,08
202510;1;MG;80185;SANTANDER - PRUDENCIAL;21;18956,45
202510;1;MS;80738;CAIXA ECONÔMICA FEDERAL - PRUDENCIAL;2944;3689419,52
202510;1;MS;80996;INTER - PRUDENCIAL;1;197,75
202510;1;MS;84693;NU PAGAMENTOS - PRUDENCIAL;1;116,86
202510;1;MS;80185;SANTANDER - PRUDENCIAL;3;391,61
202510;1;MT;80075;BRADESCO - PRUDENCIAL;1;203,28
202510;1;MT;80738;CAIXA ECONÔMICA FEDERAL - PRUDENCIAL;1945;3075784,12
202510;1;MT;84693;NU PAGAMENTOS - PRUDENCIAL;2;3959,50
202510;1;MT;80185;SANTANDER - PRUDENCIAL;3;4195,77
202510;1;PA;84844;BANCO C6 - PRUDENCIAL;1;155,27
202510;1;PA;80329;BB - PRUDENCIAL;1;201,35
202510;1;PA;80738;CAIXA ECONÔMICA FEDERAL - PRUDENCIAL;3589;3524962,52
202510;1;PA;80099;ITAU - PRUDENCIAL;1;169,64
202510;1;PA;84693;NU PAGAMENTOS - PRUDENCIAL;4;1640,94
202510;1;PA;80185;SANTANDER - PRUDENCIAL;8;9211,28
202510;1;PB;80178;BMG - PRUDENCIAL;1;183,56
202510;1;PB;80738;CAIXA ECONÔMICA FEDERAL - PRUDENCIAL;2720;3015248,08
202510;1;PB;84693;NU PAGAMENTOS - PRUDENCIAL;3;313,64
202510;1;PB;80185;SANTANDER - PRUDENCIAL;4;2920,83
202510;1;PE;80738;CAIXA ECONÔMICA FEDERAL - PRUDENCIAL;6082;6643593,01
202510;1;PE;80099;ITAU - PRUDENCIAL;1;211,80
202510;1;PE;84693;NU PAGAMENTOS - PRUDENCIAL;2;84,59
202510;1;PE;80185;SANTANDER - PRUDENCIAL;3;205,66
202510;1;PE;80484;VOTORANTIM - PRUDENCIAL;1;103,05
202510;1;PI;80738;CAIXA ECONÔMICA FEDERAL - PRUDENCIAL;2101;2423687,72
202510;1;PI;84693;NU PAGAMENTOS - PRUDENCIAL;1;127,09
202510;1;PR;80178;BMG - PRUDENCIAL;1;201,47
202510;1;PR;80336;BTG PACTUAL - PRUDENCIAL;1;154,78
202510;1;PR;80738;CAIXA ECONÔMICA FEDERAL - PRUDENCIAL;6109;7492170,56
202510;1;PR;80099;ITAU - PRUDENCIAL;2;245,19
202510;1;PR;84693;NU PAGAMENTOS - PRUDENCIAL;2;198,12
202510;1;PR;80185;SANTANDER - PRUDENCIAL;6;7099,35
202510;1;PR;80484;VOTORANTIM - PRUDENCIAL;1;200,20
202510;1;RJ;84844;BANCO C6 - PRUDENCIAL;4;637,17
202510;1;RJ;80178;BMG - PRUDENCIAL;1;200,84
202510;1;RJ;80075;BRADESCO - PRUDENCIAL;2;255,94
202510;1;RJ;80336;BTG PACTUAL - PRUDENCIAL;4;605,98
202510;1;RJ;80738;CAIXA ECONÔMICA FEDERAL - PRUDENCIAL;14208;15538466,27
202510;1;RJ;80996;INTER - PRUDENCIAL;2;103,84
202510;1;RJ;80099;ITAU - PRUDENCIAL;7;1188,02
202510;1;RJ;84693;NU PAGAMENTOS - PRUDENCIAL;11;5234,29
202510;1;RJ;80185;SANTANDER - PRUDENCIAL;17;10952,45
202510;1;RN;84844;BANCO C6 - PRUDENCIAL;1;348,83
202510;1;RN;80738;CAIXA ECONÔMICA FEDERAL - PRUDENCIAL;2085;2337391,04
202510;1;RN;84693;NU PAGAMENTOS - PRUDENCIAL;4;465,37
202510;1;RO;80738;CAIXA ECONÔMICA FEDERAL - PRUDENCIAL;1578;2143127,92
202510;1;RO;84693;NU PAGAMENTOS - PRUDENCIAL;1;165,87
202510;1;RO;80185;SANTANDER - PRUDENCIAL;1;753,36
202510;1;RR;80738;CAIXA ECONÔMICA FEDERAL - PRUDENCIAL;394;459506,62
202510;1;RR;80185;SANTANDER - PRUDENCIAL;2;1730,33
202510;1;RS;80329;BB - PRUDENCIAL;1;48,12
202510;1;RS;80075;BRADESCO - PRUDENCIAL;1;201,67
202510;1;RS;80738;CAIXA ECONÔMICA FEDERAL - PRUDENCIAL;8195;9778305,11
202510;1;RS;80099;ITAU - PRUDENCIAL;3;518,71
202510;1;RS;84693;NU PAGAMENTOS - PRUDENCIAL;6;533,69
202510;1;RS;80185;SANTANDER - PRUDENCIAL;4;1951,51
202510;1;SC;80738;CAIXA ECONÔMICA FEDERAL - PRUDENCIAL;3664;5148440,23
202510;1;SC;80996;INTER - PRUDENCIAL;1;196,18
202510;1;SC;80099;ITAU - PRUDENCIAL;1;101,45
202510;1;SC;84693;NU PAGAMENTOS - PRUDENCIAL;4;241,11
202510;1;SC;80185;SANTANDER - PRUDENCIAL;3;234,94
202510;1;SE;80738;CAIXA ECONÔMICA FEDERAL - PRUDENCIAL;1404;1589475,56
202510;1;SE;84693;NU PAGAMENTOS - PRUDENCIAL;1;98,31
202510;1;SE;80185;SANTANDER - PRUDENCIAL;1;456,31
202510;1;SP;84844;BANCO C6 - PRUDENCIAL;4;322,13
202510;1;SP;80879;BANCO SICOOB - PRUDENCIAL;1;206,76
202510;1;SP;80329;BB - PRUDENCIAL;3;476,58
202510;1;SP;80075;BRADESCO - PRUDENCIAL;3;427,62
202510;1;SP;80336;BTG PACTUAL - PRUDENCIAL;7;900,17
202510;1;SP;80738;CAIXA ECONÔMICA FEDERAL - PRUDENCIAL;27499;31988596,67
202510;1;SP;80996;INTER - PRUDENCIAL;3;290,58
202510;1;SP;80099;ITAU - PRUDENCIAL;11;1658,37
202510;1;SP;84693;NU PAGAMENTOS - PRUDENCIAL;22;3041,71
202510;1;SP;80185;SANTANDER - PRUDENCIAL;51;47657,21
202510;1;TO;80329;BB - PRUDENCIAL;1;201,25
202510;1;TO;80738;CAIXA ECONÔMICA FEDERAL - PRUDENCIAL;527;618227,19
202510;1;TO;80099;ITAU - PRUDENCIAL;1;106,77
202510;1;TO;84693;NU PAGAMENTOS - PRUDENCIAL;1;147,92
202510;2;AL;80484;VOTORANTIM - PRUDENCIAL;1;901,18
202510;2;AM;80075;BRADESCO - PRUDENCIAL;2;28959,10
202510;2;AP;84844;BANCO C6 - PRUDENCIAL;1;274,42
202510;2;AP;80075;BRADESCO - PRUDENCIAL;1;2384,81
202510;2;BA;80075;BRADESCO - PRUDENCIAL;1;30736,85
202510;2;BA;80738;CAIXA ECONÔMICA FEDERAL - PRUDENCIAL;4;8503,07
202510;2;BA;80484;VOTORANTIM - PRUDENCIAL;2;3915,52
202510;2;CE;84844;BANCO C6 - PRUDENCIAL;1;382,02
202510;2;CE;80484;VOTORANTIM - PRUDENCIAL;1;4699,42
202510;2;DF;80099;ITAU - PRUDENCIAL;1;2182,17
202510;2;ES;80075;BRADESCO - PRUDENCIAL;2;11098,41
202510;2;ES;80738;CAIXA ECONÔMICA FEDERAL - PRUDENCIAL;3;9321,10
202510;2;ES;80484;VOTORANTIM - PRUDENCIAL;1;2202,49
202510;2;GO;80738;CAIXA ECONÔMICA FEDERAL - PRUDENCIAL;1;4487,75
202510;2;GO;80099;ITAU - PRUDENCIAL;1;169,55
202510;2;GO;80484;VOTORANTIM - PRUDENCIAL;1;1058,03
202510;2;MA;80738;CAIXA ECONÔMICA FEDERAL - PRUDENCIAL;1;623,73
202510;2;MA;80484;VOTORANTIM - PRUDENCIAL;1;3629,98
202510;2;MG;80738;CAIXA ECONÔMICA FEDERAL - PRUDENCIAL;2;3289,09
202510;2;MG;80099;ITAU - PRUDENCIAL;3;359,97
202510;2;MG;80484;VOTORANTIM - PRUDENCIAL;7;20270,79
202510;2;MT;80484;VOTORANTIM - PRUDENCIAL;1;382,95
202510;2;PA;80075;BRADESCO - PRUDENCIAL;2;3400,98
202510;2;PA;80484;VOTORANTIM - PRUDENCIAL;1;1847,93
202510;2;PB;80075;BRADESCO - PRUDENCIAL;1;12603,44
202510;2;PB;80484;VOTORANTIM - PRUDENCIAL;1;1819,14
202510;2;PE;80075;BRADESCO - PRUDENCIAL;1;2833,78
202510;2;PE;80738;CAIXA ECONÔMICA FEDERAL - PRUDENCIAL;2;6471,02
202510;2;PE;80484;VOTORANTIM - PRUDENCIAL;2;803,79
202510;2;PR;80075;BRADESCO - PRUDENCIAL;2;3202,70
202510;2;PR;80738;CAIXA ECONÔMICA FEDERAL - PRUDENCIAL;4;6632,27
202510;2;PR;80484;VOTORANTIM - PRUDENCIAL;2;6218,82
202510;2;RJ;84844;BANCO C6 - PRUDENCIAL;1;115,78
202510;2;RJ;80075;BRADESCO - PRUDENCIAL;6;20369,57
202510;2;RJ;80738;CAIXA ECONÔMICA FEDERAL - PRUDENCIAL;2;1727,72
202510;2;RJ;80099;ITAU - PRUDENCIAL;2;75,95
202510;2;RJ;80484;VOTORANTIM - PRUDENCIAL;5;15501,34
202510;2;RN;84844;BANCO C6 - PRUDENCIAL;1;304,63
202510;2;RN;80075;BRADESCO - PRUDENCIAL;2;3455,99
202510;2;RN;80738;CAIXA ECONÔMICA FEDERAL - PRUDENCIAL;1;7099,28
202510;2;RS;80154;BANRISUL - PRUDENCIAL;1;94,96
202510;2;RS;80075;BRADESCO - PRUDENCIAL;2;12277,28
202510;2;RS;80738;CAIXA ECONÔMICA FEDERAL - PRUDENCIAL;6;8130,16
202510;2;RS;80484;VOTORANTIM - PRUDENCIAL;3;12247,40
202510;2;SC;84844;BANCO C6 - PRUDENCIAL;1;3259,39
202510;2;SC;80738;CAIXA ECONÔMICA FEDERAL - PRUDENCIAL;3;8167,79
202510;2;SC;80484;VOTORANTIM - PRUDENCIAL;3;23073,11
202510;2;SP;84844;BANCO C6 - PRUDENCIAL;3;796,10
202510;2;SP;80329;BB - PRUDENCIAL;1;8815,36
202510;2;SP;80075;BRADESCO - PRUDENCIAL;13;118314,22
202510;2;SP;80738;CAIXA ECONÔMICA FEDERAL - PRUDENCIAL;12;25734,51
202510;2;SP;80099;ITAU - PRUDENCIAL;3;111,22
202510;2;SP;80185;SANTANDER - PRUDENCIAL;2;1564,77
202510;2;SP;80484;VOTORANTIM - PRUDENCIAL;9;35101,91
202510;3;AC;80738;CAIXA ECONÔMICA FEDERAL - PRUDENCIAL;1;63587,60
202510;3;AL;80075;BRADESCO - PRUDENCIAL;2;74735,96
202510;3;AL;80738;CAIXA ECONÔMICA FEDERAL - PRUDENCIAL;3;76867,08
202510;3;AM;80075;BRADESCO - PRUDENCIAL;9;172807,16
202510;3;AM;80738;CAIXA ECONÔMICA FEDERAL - PRUDENCIAL;1;60348,80
202510;3;AP;80075;BRADESCO - PRUDENCIAL;1;16792,92
202510;3;AP;80738;CAIXA ECONÔMICA FEDERAL - PRUDENCIAL;3;150724,29
202510;3;BA;80075;BRADESCO - PRUDENCIAL;25;454198,34
202510;3;BA;80738;CAIXA ECONÔMICA FEDERAL - PRUDENCIAL;27;1028512,66
202510;3;BA;80185;SANTANDER - PRUDENCIAL;1;9040,74
202510;3;CE;80075;BRADESCO - PRUDENCIAL;7;107469,93
202510;3;CE;80738;CAIXA ECONÔMICA FEDERAL - PRUDENCIAL;11;695298,25
202510;3;CE;80185;SANTANDER - PRUDENCIAL;1;16128,65
202510;3;DF;80075;BRADESCO - PRUDENCIAL;1;35883,37
202510;3;DF;80738;CAIXA ECONÔMICA FEDERAL - PRUDENCIAL;4;148252,97
202510;3;ES;80075;BRADESCO - PRUDENCIAL;2;13495,63
202510;3;ES;80738;CAIXA ECONÔMICA FEDERAL - PRUDENCIAL;10;398454,94
202510;3;GO;80075;BRADESCO - PRUDENCIAL;17;228002,75
202510;3;GO;80738;CAIXA ECONÔMICA FEDERAL - PRUDENCIAL;13;335088,73
202510;3;GO;80185;SANTANDER - PRUDENCIAL;1;969,74
202510;3;MA;81593;BCO DO NORDESTE DO BRASIL S.A. - PRUDENCIAL;1;3719,21
202510;3;MA;80075;BRADESCO - PRUDENCIAL;4;48363,39
202510;3;MA;80738;CAIXA ECONÔMICA FEDERAL - PRUDENCIAL;3;58498,04
202510;3;MA;80185;SANTANDER - PRUDENCIAL;1;17954,37
202510;3;MG;80075;BRADESCO - PRUDENCIAL;26;584112,98
202510;3;MG;80738;CAIXA ECONÔMICA FEDERAL - PRUDENCIAL;27;1045170,11
202510;3;MG;80185;SANTANDER - PRUDENCIAL;2;14578,22
202510;3;MS;80075;BRADESCO - PRUDENCIAL;9;187089,50
202510;3;MS;80738;CAIXA ECONÔMICA FEDERAL - PRUDENCIAL;5;359575,01
202510;3;MS;80185;SANTANDER - PRUDENCIAL;1;11239,40
202510;3;MT;80075;BRADESCO - PRUDENCIAL;7;80366,46
202510;3;MT;80738;CAIXA ECONÔMICA FEDERAL - PRUDENCIAL;8;223257,09
202510;3;MT;80185;SANTANDER - PRUDENCIAL;1;8479,71
202510;3;PA;80075;BRADESCO - PRUDENCIAL;13;283284,70
202510;3;PA;80738;CAIXA ECONÔMICA FEDERAL - PRUDENCIAL;6;136531,72
202510;3;PA;80185;SANTANDER - PRUDENCIAL;1;6907,95
202510;3;PB;81593;BCO DO NORDESTE DO BRASIL S.A. - PRUDENCIAL;1;2008,25
202510;3;PB;80075;BRADESCO - PRUDENCIAL;2;76598,86
202510;3;PB;80738;CAIXA ECONÔMICA FEDERAL - PRUDENCIAL;4;164146,19
202510;3;PE;80075;BRADESCO - PRUDENCIAL;13;310359,31
202510;3;PE;80738;CAIXA ECONÔMICA FEDERAL - PRUDENCIAL;10;539815,34
202510;3;PE;80185;SANTANDER - PRUDENCIAL;1;8524,05
202510;3;PI;80075;BRADESCO - PRUDENCIAL;3;16226,54
202510;3;PI;80738;CAIXA ECONÔMICA FEDERAL - PRUDENCIAL;5;124450,90
202510;3;PR;80075;BRADESCO - PRUDENCIAL;24;459562,34
202510;3;PR;80738;CAIXA ECONÔMICA FEDERAL - PRUDENCIAL;26;706294,37
202510;3;RJ;80075;BRADESCO - PRUDENCIAL;29;696113,15
202510;3;RJ;80738;CAIXA ECONÔMICA FEDERAL - PRUDENCIAL;29;2290093,09
202510;3;RJ;80185;SANTANDER - PRUDENCIAL;5;58531,26
202510;3;RN;80075;BRADESCO - PRUDENCIAL;6;67114,21
202510;3;RN;80738;CAIXA ECONÔMICA FEDERAL - PRUDENCIAL;4;73364,17
202510;3;RO;80075;BRADESCO - PRUDENCIAL;2;24918,45
202510;3;RO;80738;CAIXA ECONÔMICA FEDERAL - PRUDENCIAL;2;10899,18
202510;3;RR;80738;CAIXA ECONÔMICA FEDERAL - PRUDENCIAL;3;146999,28
202510;3;RS;80738;CAIXA ECONÔMICA FEDERAL - PRUDENCIAL;37;2553455,19
202510;3;SC;80075;BRADESCO - PRUDENCIAL;18;309629,81
202510;3;SC;80738;CAIXA ECONÔMICA FEDERAL - PRUDENCIAL;16;369213,14
202510;3;SE;80075;BRADESCO - PRUDENCIAL;5;75024,61
202510;3;SE;80738;CAIXA ECONÔMICA FEDERAL - PRUDENCIAL;2;123943,16
202510;3;SP;80075;BRADESCO - PRUDENCIAL;78;1678862,95
202510;3;SP;80738;CAIXA ECONÔMICA FEDERAL - PRUDENCIAL;52;3328774,06
202510;3;SP;80185;SANTANDER - PRUDENCIAL;8;208353,80
202510;3;TO;80075;BRADESCO - PRUDENCIAL;6;199170,86
202511;1;AC;80738;CAIXA ECONÔMICA FEDERAL - PRUDENCIAL;3;342,27
202511;1;AC;84693;NU PAGAMENTOS - PRUDENCIAL;2;2391,92
202511;1;AL;80738;CAIXA ECONÔMICA FEDERAL - PRUDENCIAL;5;729,54
202511;1;AL;80996;INTER - PRUDENCIAL;1;127,57
202511;1;AL;80099;ITAU - PRUDENCIAL;2;204,83
202511;1;AL;84693;NU PAGAMENTOS - PRUDENCIAL;1;145,12
202511;1;AL;80185;SANTANDER - PRUDENCIAL;1;27,22
202511;1;AM;80738;CAIXA ECONÔMICA FEDERAL - PRUDENCIAL;9;1261,12
202511;1;AM;80099;ITAU - PRUDENCIAL;1;120,73
202511;1;AM;84693;NU PAGAMENTOS - PRUDENCIAL;4;361,68
202511;1;AM;80185;SANTANDER - PRUDENCIAL;3;8875,84
202511;1;AP;80738;CAIXA ECONÔMICA FEDERAL - PRUDENCIAL;1;134,07
202511;1;BA;80329;BB - PRUDENCIAL;1;54,01
202511;1;BA;80336;BTG PACTUAL - PRUDENCIAL;1;200,57
202511;1;BA;80738;CAIXA ECONÔMICA FEDERAL - PRUDENCIAL;35;4929,20
202511;1;BA;80996;INTER - PRUDENCIAL;1;50,12
202511;1;BA;80099;ITAU - PRUDENCIAL;2;465,50
202511;1;BA;84693;NU PAGAMENTOS - PRUDENCIAL;13;4644,18
202511;1;BA;80185;SANTANDER - PRUDENCIAL;6;8304,94
202511;1;CE;84844;BANCO C6 - PRUDENCIAL;1;168,69
202511;1;CE;80336;BTG PACTUAL - PRUDENCIAL;1;202,16
202511;1;CE;80738;CAIXA ECONÔMICA FEDERAL - PRUDENCIAL;21;3147,89
202511;1;CE;80996;INTER - PRUDENCIAL;3;486,95
202511;1;CE;84693;NU PAGAMENTOS - PRUDENCIAL;14;5182,41
202511;1;CE;80185;SANTANDER - PRUDENCIAL;5;2386,75
202511;1;DF;80738;CAIXA ECONÔMICA FEDERAL - PRUDENCIAL;7;1050,69
202511;1;DF;80099;ITAU - PRUDENCIAL;2;389,63
202511;1;DF;84693;NU PAGAMENTOS - PRUDENCIAL;2;1691,65
202511;1;ES;80336;BTG PACTUAL - PRUDENCIAL;1;201,29
202511;1;ES;80738;CAIXA ECONÔMICA FEDERAL - PRUDENCIAL;6;742,92
202511;1;ES;80099;ITAU - PRUDENCIAL;1;326,50
202511;1;ES;84693;NU PAGAMENTOS - PRUDENCIAL;1;48,90
202511;1;ES;80185;SANTANDER - PRUDENCIAL;3;1242,37
202511;1;GO;80738;CAIXA ECONÔMICA FEDERAL - PRUDENCIAL;10;1316,80
202511;1;GO;80996;INTER - PRUDENCIAL;2;349,74
202511;1;GO;80099;ITAU - PRUDENCIAL;1;242,82
202511;1;GO;80185;SANTANDER - PRUDENCIAL;4;1565,71
202511;1;MA;80738;CAIXA ECONÔMICA FEDERAL - PRUDENCIAL;9;1169,21
202511;1;MA;80099;ITAU - PRUDENCIAL;1;253,92
202511;1;MA;84693;NU PAGAMENTOS - PRUDENCIAL;2;241,49
202511;1;MA;80185;SANTANDER - PRUDENCIAL;2;851,34
202511;1;MG;80329;BB - PRUDENCIAL;1;49,75
202511;1;MG;80075;BRADESCO - PRUDENCIAL;2;443,26
202511;1;MG;80336;BTG PACTUAL - PRUDENCIAL;2;404,22
202511;1;MG;80738;CAIXA ECONÔMICA FEDERAL - PRUDENCIAL;25;3726,65
202511;1;MG;80996;INTER - PRUDENCIAL;1;201,20
202511;1;MG;84693;NU PAGAMENTOS - PRUDENCIAL;1;51,61
202511;1;MG;80185;SANTANDER - PRUDENCIAL;12;13569,62
202511;1;MS;80178;BMG - PRUDENCIAL;1;200,11
202511;1;MS;80738;CAIXA ECONÔMICA FEDERAL - PRUDENCIAL;5;741,23
202511;1;MS;80099;ITAU - PRUDENCIAL;2;507,90
202511;1;MS;84693;NU PAGAMENTOS - PRUDENCIAL;2;149,51
202511;1;MT;80738;CAIXA ECONÔMICA FEDERAL - PRUDENCIAL;4;697,88
202511;1;MT;80099;ITAU - PRUDENCIAL;1;1,00
202511;1;MT;84693;NU PAGAMENTOS - PRUDENCIAL;3;8171,06
202511;1;MT;80185;SANTANDER - PRUDENCIAL;2;1526,17
202511;1;PA;80329;BB - PRUDENCIAL;1;200,40
202511;1;PA;80738;CAIXA ECONÔMICA FEDERAL - PRUDENCIAL;14;1873,85
202511;1;PA;80099;ITAU - PRUDENCIAL;1;1,00
202511;1;PA;84693;NU PAGAMENTOS - PRUDENCIAL;4;281,16
202511;1;PA;80185;SANTANDER - PRUDENCIAL;8;9187,95
202511;1;PB;80738;CAIXA ECONÔMICA FEDERAL - PRUDENCIAL;8;1189,36
202511;1;PB;84693;NU PAGAMENTOS - PRUDENCIAL;2;355,41
202511;1;PB;80185;SANTANDER - PRUDENCIAL;1;341,78
202511;1;PE;80738;CAIXA ECONÔMICA FEDERAL - PRUDENCIAL;10;1328,02
202511;1;PE;80996;INTER - PRUDENCIAL;2;251,06
202511;1;PE;80099;ITAU - PRUDENCIAL;1;149,07
202511;1;PE;84693;NU PAGAMENTOS - PRUDENCIAL;1;129,49
202511;1;PE;80185;SANTANDER - PRUDENCIAL;2;1669,17
202511;1;PI;80329;BB - PRUDENCIAL;1;28,55
202511;1;PI;80738;CAIXA ECONÔMICA FEDERAL - PRUDENCIAL;10;1580,21
202511;1;PI;84693;NU PAGAMENTOS - PRUDENCIAL;2;3694,51
202511;1;PR;84844;BANCO C6 - PRUDENCIAL;2;118,25
202511;1;PR;80329;BB - PRUDENCIAL;1;99,04
202511;1;PR;80336;BTG PACTUAL - PRUDENCIAL;2;401,97
202511;1;PR;80738;CAIXA ECONÔMICA FEDERAL - PRUDENCIAL;8;1144,40
202511;1;PR;84693;NU PAGAMENTOS - PRUDENCIAL;9;7842,68
202511;1;PR;80185;SANTANDER - PRUDENCIAL;10;6145,80
202511;1;RJ;80336;BTG PACTUAL - PRUDENCIAL;1;200,65
202511;1;RJ;80738;CAIXA ECONÔMICA FEDERAL - PRUDENCIAL;21;2987,90
202511;1;RJ;80099;ITAU - PRUDENCIAL;4;613,82
202511;1;RJ;84693;NU PAGAMENTOS - PRUDENCIAL;13;2832,19
202511;1;RJ;80185;SANTANDER - PRUDENCIAL;22;18426,38
202511;1;RN;80738;CAIXA ECONÔMICA FEDERAL - PRUDENCIAL;7;789,76
202511;1;RN;84693;NU PAGAMENTOS - PRUDENCIAL;4;296,53
202511;1;RN;80185;SANTANDER - PRUDENCIAL;3;3891,67
202511;1;RO;80738;CAIXA ECONÔMICA FEDERAL - PRUDENCIAL;6;842,42
202511;1;RO;84693;NU PAGAMENTOS - PRUDENCIAL;1;147,25
202511;1;RO;80185;SANTANDER - PRUDENCIAL;4;12763,63
202511;1;RR;80738;CAIXA ECONÔMICA FEDERAL - PRUDENCIAL;1;115,74
202511;1;RR;84693;NU PAGAMENTOS - PRUDENCIAL;2;275,50
202511;1;RS;84844;BANCO C6 - PRUDENCIAL;1;115,75
202511;1;RS;80075;BRADESCO - PRUDENCIAL;1;3469,99
202511;1;RS;80738;CAIXA ECONÔMICA FEDERAL - PRUDENCIAL;9;1256,21
202511;1;RS;80099;ITAU - PRUDENCIAL;1;191,15
202511;1;RS;84693;NU PAGAMENTOS - PRUDENCIAL;8;1309,91
202511;1;RS;80185;SANTANDER - PRUDENCIAL;3;4932,48
202511;1;SC;80329;BB - PRUDENCIAL;1;88,39
202511;1;SC;80075;BRADESCO - PRUDENCIAL;1;918,68
202511;1;SC;80336;BTG PACTUAL - PRUDENCIAL;1;200,17
202511;1;SC;80738;CAIXA ECONÔMICA FEDERAL - PRUDENCIAL;4;603,10
202511;1;SC;80099;ITAU - PRUDENCIAL;1;316,93
202511;1;SC;84693;NU PAGAMENTOS - PRUDENCIAL;3;353,91
202511;1;SC;80185;SANTANDER - PRUDENCIAL;3;3903,22
202511;1;SE;80738;CAIXA ECONÔMICA FEDERAL - PRUDENCIAL;3;247,51
202511;1;SE;80099;ITAU - PRUDENCIAL;1;1,00
202511;1;SE;84693;NU PAGAMENTOS - PRUDENCIAL;3;308,80
202511;1;SE;80185;SANTANDER - PRUDENCIAL;2;170,93
202511;1;SP;84844;BANCO C6 - PRUDENCIAL;16;18496,94
202511;1;SP;80329;BB - PRUDENCIAL;1;201,63
202511;1;SP;80075;BRADESCO - PRUDENCIAL;3;523,49
202511;1;SP;80336;BTG PACTUAL - PRUDENCIAL;3;470,74
202511;1;SP;80738;CAIXA ECONÔMICA FEDERAL - PRUDENCIAL;36;5083,58
202511;1;SP;80996;INTER - PRUDENCIAL;1;201,60
202511;1;SP;80099;ITAU - PRUDENCIAL;8;1134,35
202511;1;SP;84693;NU PAGAMENTOS - PRUDENCIAL;29;2805,62
202511;1;SP;80185;SANTANDER - PRUDENCIAL;38;28624,17
202511;2;AC;80484;VOTORANTIM - PRUDENCIAL;1;686,37
202511;2;AL;80484;VOTORANTIM - PRUDENCIAL;2;3272,54
202511;2;BA;80099;ITAU - PRUDENCIAL;1;1881,69
202511;2;CE;81593;BCO DO NORDESTE DO BRASIL S.A. - PRUDENCIAL;1;3280,83
202511;2;CE;80738;CAIXA ECONÔMICA FEDERAL - PRUDENCIAL;1;89,94
202511;2;CE;80484;VOTORANTIM - PRUDENCIAL;2;2507,11
202511;2;GO;80075;BRADESCO - PRUDENCIAL;1;4141,67
202511;2;GO;80484;VOTORANTIM - PRUDENCIAL;1;5362,25
202511;2;MG;80329;BB - PRUDENCIAL;1;1212,36
202511;2;MG;80075;BRADESCO - PRUDENCIAL;1;3376,95
202511;2;MG;80484;VOTORANTIM - PRUDENCIAL;2;25451,02
202511;2;MS;80484;VOTORANTIM - PRUDENCIAL;2;26285,27
202511;2;MT;80075;BRADESCO - PRUDENCIAL;1;4713,84
202511;2;PA;80075;BRADESCO - PRUDENCIAL;1;7726,77
202511;2;PA;80484;VOTORANTIM - PRUDENCIAL;2;8675,23
202511;2;PB;80484;VOTORANTIM - PRUDENCIAL;1;8283,61
202511;2;PE;80075;BRADESCO - PRUDENCIAL;2;44660,59
202511;2;PI;84844;BANCO C6 - PRUDENCIAL;1;194,85
202511;2;PI;80738;CAIXA ECONÔMICA FEDERAL - PRUDENCIAL;1;152,78
202511;2;PR;80738;CAIXA ECONÔMICA FEDERAL - PRUDENCIAL;1;3135,85
202511;2;PR;80484;VOTORANTIM - PRUDENCIAL;4;20774,95
202511;2;RJ;80075;BRADESCO - PRUDENCIAL;3;43926,44
202511;2;RJ;80484;VOTORANTIM - PRUDENCIAL;3;4367,60
202511;2;RN;80484;VOTORANTIM - PRUDENCIAL;1;5142,55
202511;2;RS;80075;BRADESCO - PRUDENCIAL;1;2734,02
202511;2;RS;80099;ITAU - PRUDENCIAL;1;95,80
202511;2;RS;80484;VOTORANTIM - PRUDENCIAL;2;3007,58
202511;2;SE;80484;VOTORANTIM - PRUDENCIAL;1;785,08
202511;2;SP;84844;BANCO C6 - PRUDENCIAL;2;1341,50
202511;2;SP;80075;BRADESCO - PRUDENCIAL;6;56499,16
202511;2;SP;80738;CAIXA ECONÔMICA FEDERAL - PRUDENCIAL;2;12781,63
202511;2;SP;80099;ITAU - PRUDENCIAL;1;1633,10
202511;2;SP;80484;VOTORANTIM - PRUDENCIAL;14;31098,88
202511;3;AL;80075;BRADESCO - PRUDENCIAL;1;5407,84
202511;3;AM;80075;BRADESCO - PRUDENCIAL;3;163651,30
202511;3;BA;80075;BRADESCO - PRUDENCIAL;5;248408,00
202511;3;CE;80075;BRADESCO - PRUDENCIAL;3;224945,81
202511;3;ES;80075;BRADESCO - PRUDENCIAL;1;391,85
202511;3;GO;80075;BRADESCO - PRUDENCIAL;2;59741,20
202511;3;MA;80075;BRADESCO - PRUDENCIAL;4;456374,57
202511;3;MG;80075;BRADESCO - PRUDENCIAL;10;207529,95
202511;3;MG;80185;SANTANDER - PRUDENCIAL;1;44864,75
202511;3;MS;80075;BRADESCO - PRUDENCIAL;3;100744,37
202511;3;MT;80075;BRADESCO - PRUDENCIAL;2;25552,23
202511;3;PA;80075;BRADESCO - PRUDENCIAL;5;181341,17
202511;3;PB;80075;BRADESCO - PRUDENCIAL;2;4796,58
202511;3;PE;80075;BRADESCO - PRUDENCIAL;1;5288,90
202511;3;PR;80075;BRADESCO - PRUDENCIAL;10;1496565,49
202511;3;PR;80185;SANTANDER - PRUDENCIAL;2;370444,68
202511;3;RJ;80075;BRADESCO - PRUDENCIAL;5;35663,06
202511;3;RN;80075;BRADESCO - PRUDENCIAL;1;14359,54
202511;3;RO;80075;BRADESCO - PRUDENCIAL;1;36514,59
202511;3;RS;80075;BRADESCO - PRUDENCIAL;4;89996,14
202511;3;SC;80075;BRADESCO - PRUDENCIAL;4;207196,43
202511;3;SP;80075;BRADESCO - PRUDENCIAL;43;3235565,32
202511;3;SP;80185;SANTANDER - PRUDENCIAL;3;33849,61
202511;3;TO;80075;BRADESCO - PRUDENCIAL;1;2790,42
202512;1;AL;80329;BB - PRUDENCIAL;1;200,97
202512;1;AL;84693;NU PAGAMENTOS - PRUDENCIAL;1;40,99
202512;1;AM;80075;BRADESCO - PRUDENCIAL;1;558,83
202512;1;AM;80099;ITAU - PRUDENCIAL;2;401,03
202512;1;AM;84693;NU PAGAMENTOS - PRUDENCIAL;2;167,55
202512;1;AM;80185;SANTANDER - PRUDENCIAL;1;1108,41
202512;1;BA;80329;BB - PRUDENCIAL;1;207,03
202512;1;BA;80336;BTG PACTUAL - PRUDENCIAL;1;200,09
202512;1;BA;84693;NU PAGAMENTOS - PRUDENCIAL;1;121,04
202512;1;BA;80185;SANTANDER - PRUDENCIAL;6;1608,32
202512;1;CE;80336;BTG PACTUAL - PRUDENCIAL;2;403,32
202512;1;CE;84693;NU PAGAMENTOS - PRUDENCIAL;9;617,74
202512;1;CE;80185;SANTANDER - PRUDENCIAL;4;2664,61
202512;1;DF;80075;BRADESCO - PRUDENCIAL;1;85,92
202512;1;DF;84693;NU PAGAMENTOS - PRUDENCIAL;1;121,49
202512;1;DF;80185;SANTANDER - PRUDENCIAL;2;6,46
202512;1;ES;84844;BANCO C6 - PRUDENCIAL;1;178,46
202512;1;ES;84693;NU PAGAMENTOS - PRUDENCIAL;1;121,64
202512;1;ES;80185;SANTANDER - PRUDENCIAL;1;26,80
202512;1;GO;80329;BB - PRUDENCIAL;1;126,86
202512;1;GO;80336;BTG PACTUAL - PRUDENCIAL;1;149,95
202512;1;GO;84693;NU PAGAMENTOS - PRUDENCIAL;3;285,95
202512;1;GO;80185;SANTANDER - PRUDENCIAL;3;3622,69
202512;1;MA;80329;BB - PRUDENCIAL;1;34,74
202512;1;MA;84693;NU PAGAMENTOS - PRUDENCIAL;2;188,01
202512;1;MA;80185;SANTANDER - PRUDENCIAL;2;3032,24
202512;1;MG;84844;BANCO C6 - PRUDENCIAL;1;60,68
202512;1;MG;80329;BB - PRUDENCIAL;1;200,81
202512;1;MG;80336;BTG PACTUAL - PRUDENCIAL;1;203,07
202512;1;MG;80099;ITAU - PRUDENCIAL;2;580,79
202512;1;MG;84693;NU PAGAMENTOS - PRUDENCIAL;5;452,20
202512;1;MG;80185;SANTANDER - PRUDENCIAL;14;13243,95
202512;1;MS;80738;CAIXA ECONÔMICA FEDERAL - PRUDENCIAL;1;132,59
202512;1;MS;84693;NU PAGAMENTOS - PRUDENCIAL;1;100,96
202512;1;MS;80185;SANTANDER - PRUDENCIAL;3;1406,70
202512;1;MT;84693;NU PAGAMENTOS - PRUDENCIAL;4;354,75
202512;1;PA;80738;CAIXA ECONÔMICA FEDERAL - PRUDENCIAL;1;189,32
202512;1;PA;84693;NU PAGAMENTOS - PRUDENCIAL;1;122,77
202512;1;PA;80185;SANTANDER - PRUDENCIAL;4;5454,73
202512;1;PB;80996;INTER - PRUDENCIAL;1;154,42
202512;1;PB;84693;NU PAGAMENTOS - PRUDENCIAL;2;163,09
202512;1;PB;80185;SANTANDER - PRUDENCIAL;1;2,32
202512;1;PE;80329;BB - PRUDENCIAL;1;220,56
202512;1;PE;84693;NU PAGAMENTOS - PRUDENCIAL;1;81,32
202512;1;PE;80185;SANTANDER - PRUDENCIAL;3;7595,85
202512;1;PI;84693;NU PAGAMENTOS - PRUDENCIAL;1;57,13
202512;1;PI;80185;SANTANDER - PRUDENCIAL;1;1108,16
202512;1;PR;84844;BANCO C6 - PRUDENCIAL;1;114,33
202512;1;PR;80336;BTG PACTUAL - PRUDENCIAL;2;319,12
202512;1;PR;80738;CAIXA ECONÔMICA FEDERAL - PRUDENCIAL;1;205,46
202512;1;PR;84693;NU PAGAMENTOS - PRUDENCIAL;6;574,24
202512;1;PR;80185;SANTANDER - PRUDENCIAL;3;2797,65
202512;1;RJ;84844;BANCO C6 - PRUDENCIAL;2;240,68
202512;1;RJ;80336;BTG PACTUAL - PRUDENCIAL;1;50,16
202512;1;RJ;80996;INTER - PRUDENCIAL;1;102,24
202512;1;RJ;80099;ITAU - PRUDENCIAL;2;516,06
202512;1;RJ;84693;NU PAGAMENTOS - PRUDENCIAL;6;414,56
202512;1;RJ;80185;SANTANDER - PRUDENCIAL;12;17535,09
202512;1;RN;80099;ITAU - PRUDENCIAL;1;83,07
202512;1;RN;84693;NU PAGAMENTOS - PRUDENCIAL;1;82,33
202512;1;RN;80185;SANTANDER - PRUDENCIAL;2;196,88
202512;1;RO;80738;CAIXA ECONÔMICA FEDERAL - PRUDENCIAL;1;200,58
202512;1;RO;80185;SANTANDER - PRUDENCIAL;2;241,15
202512;1;RS;80329;BB - PRUDENCIAL;1;221,83
202512;1;RS;80336;BTG PACTUAL - PRUDENCIAL;1;99,51
202512;1;RS;80738;CAIXA ECONÔMICA FEDERAL - PRUDENCIAL;2;400,88
202512;1;RS;80099;ITAU - PRUDENCIAL;2;402,35
202512;1;RS;84693;NU PAGAMENTOS - PRUDENCIAL;4;280,93
202512;1;RS;80185;SANTANDER - PRUDENCIAL;4;5710,41
202512;1;SC;84844;BANCO C6 - PRUDENCIAL;1;1,98
202512;1;SC;80336;BTG PACTUAL - PRUDENCIAL;1;200,17
202512;1;SC;84693;NU PAGAMENTOS - PRUDENCIAL;3;201,28
202512;1;SC;80185;SANTANDER - PRUDENCIAL;2;1675,90
202512;1;SE;84693;NU PAGAMENTOS - PRUDENCIAL;1;82,49
202512;1;SP;84844;BANCO C6 - PRUDENCIAL;2;366,64
202512;1;SP;80336;BTG PACTUAL - PRUDENCIAL;3;453,52
202512;1;SP;80738;CAIXA ECONÔMICA FEDERAL - PRUDENCIAL;6;1042,23
202512;1;SP;80996;INTER - PRUDENCIAL;1;146,56
202512;1;SP;80099;ITAU - PRUDENCIAL;9;1683,83
202512;1;SP;84693;NU PAGAMENTOS - PRUDENCIAL;19;1939,11
202512;1;SP;80185;SANTANDER - PRUDENCIAL;34;35877,78
202512;1;TO;80099;ITAU - PRUDENCIAL;1;202,21
202512;2;AC;84844;BANCO C6 - PRUDENCIAL;1;2901,10
202512;2;AL;84844;BANCO C6 - PRUDENCIAL;1;118,98
202512;2;AM;80075;BRADESCO - PRUDENCIAL;1;8435,40
202512;2;AP;80738;CAIXA ECONÔMICA FEDERAL - PRUDENCIAL;1;8280,96
202512;2;BA;84844;BANCO C6 - PRUDENCIAL;2;109,55
202512;2;BA;81593;BCO DO NORDESTE DO BRASIL S.A. - PRUDENCIAL;1;1346,62
202512;2;BA;80075;BRADESCO - PRUDENCIAL;3;46653,66
202512;2;BA;80484;VOTORANTIM - PRUDENCIAL;2;10529,71
202512;2;CE;84844;BANCO C6 - PRUDENCIAL;1;2044,55
202512;2;CE;81593;BCO DO NORDESTE DO BRASIL S.A. - PRUDENCIAL;3;27756,94
202512;2;CE;80075;BRADESCO - PRUDENCIAL;1;2656,24
202512;2;CE;80484;VOTORANTIM - PRUDENCIAL;1;4054,10
202512;2;DF;80075;BRADESCO - PRUDENCIAL;1;39409,20
202512;2;ES;80075;BRADESCO - PRUDENCIAL;1;8393,50
202512;2;GO;80484;VOTORANTIM - PRUDENCIAL;3;3241,84
202512;2;MA;81593;BCO DO NORDESTE DO BRASIL S.A. - PRUDENCIAL;2;83536,10
202512;2;MA;80484;VOTORANTIM - PRUDENCIAL;1;2804,85
202512;2;MG;84844;BANCO C6 - PRUDENCIAL;2;97705,70
202512;2;MG;80075;BRADESCO - PRUDENCIAL;1;11897,37
202512;2;MG;80738;CAIXA ECONÔMICA FEDERAL - PRUDENCIAL;2;1039,82
202512;2;MG;80484;VOTORANTIM - PRUDENCIAL;4;9575,48
202512;2;MS;80075;BRADESCO - PRUDENCIAL;1;592,45
202512;2;MS;80484;VOTORANTIM - PRUDENCIAL;4;9443,26
202512;2;PA;80329;BB - PRUDENCIAL;2;3049,51
202512;2;PA;80075;BRADESCO - PRUDENCIAL;1;2981,37
202512;2;PB;81593;BCO DO NORDESTE DO BRASIL S.A. - PRUDENCIAL;1;14446,53
202512;2;PB;80484;VOTORANTIM - PRUDENCIAL;1;3558,39
202512;2;PE;84844;BANCO C6 - PRUDENCIAL;1;200,06
202512;2;PE;80484;VOTORANTIM - PRUDENCIAL;1;342,99
202512;2;PI;84844;BANCO C6 - PRUDENCIAL;1;1,56
202512;2;PI;80075;BRADESCO - PRUDENCIAL;1;1265,67
202512;2;PR;84844;BANCO C6 - PRUDENCIAL;1;99,96
202512;2;PR;80075;BRADESCO - PRUDENCIAL;1;1352,67
202512;2;PR;80738;CAIXA ECONÔMICA FEDERAL - PRUDENCIAL;1;1176,74
202512;2;PR;80484;VOTORANTIM - PRUDENCIAL;6;25982,71
202512;2;RJ;84844;BANCO C6 - PRUDENCIAL;1;168,59
202512;2;RJ;80075;BRADESCO - PRUDENCIAL;2;3806,99
202512;2;RJ;80484;VOTORANTIM - PRUDENCIAL;6;11601,96
202512;2;RN;80075;BRADESCO - PRUDENCIAL;2;3455,99
202512;2;RN;80484;VOTORANTIM - PRUDENCIAL;1;2744,94
202512;2;RS;80075;BRADESCO - PRUDENCIAL;1;11551,08
202512;2;RS;80738;CAIXA ECONÔMICA FEDERAL - PRUDENCIAL;1;1810,61
202512;2;SC;80329;BB - PRUDENCIAL;1;283,66
202512;2;SC;80484;VOTORANTIM - PRUDENCIAL;3;10393,27
202512;2;SP;84844;BANCO C6 - PRUDENCIAL;6;10446,46
202512;2;SP;80075;BRADESCO - PRUDENCIAL;5;23619,61
202512;2;SP;80738;CAIXA ECONÔMICA FEDERAL - PRUDENCIAL;2;2429,10
202512;2;SP;80185;SANTANDER - PRUDENCIAL;1;1766,31
202512;2;SP;80484;VOTORANTIM - PRUDENCIAL;18;43549,60
202512;3;AL;81593;BCO DO NORDESTE DO BRASIL S.A. - PRUDENCIAL;2;25221,56
202512;3;AL;80075;BRADESCO - PRUDENCIAL;4;96174,06
202512;3;AM;80075;BRADESCO - PRUDENCIAL;3;613497,94
202512;3;AP;80075;BRADESCO - PRUDENCIAL;1;18262,01
202512;3;BA;81593;BCO DO NORDESTE DO BRASIL S.A. - PRUDENCIAL;30;774110,99
202512;3;BA;80075;BRADESCO - PRUDENCIAL;28;824143,43
202512;3;CE;81593;BCO DO NORDESTE DO BRASIL S.A. - PRUDENCIAL;34;450529,26
202512;3;CE;80075;BRADESCO - PRUDENCIAL;5;156632,64
202512;3;CE;80185;SANTANDER - PRUDENCIAL;1;2244,51
202512;3;ES;81593;BCO DO NORDESTE DO BRASIL S.A. - PRUDENCIAL;4;11857,82
202512;3;ES;80075;BRADESCO - PRUDENCIAL;4;38738,31
202512;3;GO;80075;BRADESCO - PRUDENCIAL;9;202642,88
202512;3;MA;81593;BCO DO NORDESTE DO BRASIL S.A. - PRUDENCIAL;23;561916,18
202512;3;MA;80075;BRADESCO - PRUDENCIAL;8;656882,37
202512;3;MG;81593;BCO DO NORDESTE DO BRASIL S.A. - PRUDENCIAL;10;93387,10
202512;3;MG;80075;BRADESCO - PRUDENCIAL;20;787938,47
202512;3;MS;80075;BRADESCO - PRUDENCIAL;8;265880,14
202512;3;MT;80075;BRADESCO - PRUDENCIAL;5;340944,06
202512;3;PA;80075;BRADESCO - PRUDENCIAL;11;569350,53
202512;3;PB;81593;BCO DO NORDESTE DO BRASIL S.A. - PRUDENCIAL;20;285863,78
202512;3;PB;80075;BRADESCO - PRUDENCIAL;5;99430,38
202512;3;PE;81593;BCO DO NORDESTE DO BRASIL S.A. - PRUDENCIAL;18;540951,24
202512;3;PE;80075;BRADESCO - PRUDENCIAL;8;188764,75
202512;3;PI;81593;BCO DO NORDESTE DO BRASIL S.A. - PRUDENCIAL;14;238980,59
202512;3;PI;80075;BRADESCO - PRUDENCIAL;5;99133,51
202512;3;PR;80075;BRADESCO - PRUDENCIAL;26;978073,06
202512;3;RJ;80075;BRADESCO - PRUDENCIAL;18;1249283,40
202512;3;RJ;80185;SANTANDER - PRUDENCIAL;2;15899,70
202512;3;RN;81593;BCO DO NORDESTE DO BRASIL S.A. - PRUDENCIAL;20;349344,62
202512;3;RN;80075;BRADESCO - PRUDENCIAL;3;23262,60
202512;3;RS;80075;BRADESCO - PRUDENCIAL;8;488489,53
202512;3;RS;80185;SANTANDER - PRUDENCIAL;1;849,00
202512;3;SC;80075;BRADESCO - PRUDENCIAL;7;83575,30
202512;3;SE;81593;BCO DO NORDESTE DO BRASIL S.A. - PRUDENCIAL;2;102970,62
202512;3;SE;80075;BRADESCO - PRUDENCIAL;5;63132,95
202512;3;SP;80075;BRADESCO - PRUDENCIAL;90;6573831,74
202512;3;SP;80185;SANTANDER - PRUDENCIAL;3;17835,73
202512;3;TO;80075;BRADESCO - PRUDENCIAL;4;177807,41
202601;1;AC;80996;INTER - PRUDENCIAL;1;201,96
202601;1;AC;84693;NU PAGAMENTOS - PRUDENCIAL;2;2250,45
202601;1;AC;80185;SANTANDER - PRUDENCIAL;1;888,27
202601;1;AL;80738;CAIXA ECONÔMICA FEDERAL - PRUDENCIAL;1;201,26
202601;1;AL;84693;NU PAGAMENTOS - PRUDENCIAL;4;239,88
202601;1;AL;80185;SANTANDER - PRUDENCIAL;3;2437,89
202601;1;AM;80075;BRADESCO - PRUDENCIAL;1;206,02
202601;1;AM;80336;BTG PACTUAL - PRUDENCIAL;2;304,52
202601;1;AM;80099;ITAU - PRUDENCIAL;1;363,53
202601;1;AM;80185;SANTANDER - PRUDENCIAL;3;201,87
202601;1;AP;84693;NU PAGAMENTOS - PRUDENCIAL;1;147,15
202601;1;BA;80329;BB - PRUDENCIAL;4;497,22
202601;1;BA;80336;BTG PACTUAL - PRUDENCIAL;2;264,65
202601;1;BA;80738;CAIXA ECONÔMICA FEDERAL - PRUDENCIAL;3;607,29
202601;1;BA;80099;ITAU - PRUDENCIAL;1;207,09
202601;1;BA;84693;NU PAGAMENTOS - PRUDENCIAL;7;2381,47
202601;1;BA;80185;SANTANDER - PRUDENCIAL;10;3084,35
202601;1;CE;80075;BRADESCO - PRUDENCIAL;1;99,16
202601;1;CE;80996;INTER - PRUDENCIAL;1;200,48
202601;1;CE;84693;NU PAGAMENTOS - PRUDENCIAL;6;4420,47
202601;1;CE;80185;SANTANDER - PRUDENCIAL;8;3006,39
202601;1;DF;84693;NU PAGAMENTOS - PRUDENCIAL;1;156,84
202601;1;DF;80185;SANTANDER - PRUDENCIAL;6;2692,33
202601;1;ES;80336;BTG PACTUAL - PRUDENCIAL;1;201,91
202601;1;ES;84693;NU PAGAMENTOS - PRUDENCIAL;1;117,74
202601;1;ES;80185;SANTANDER - PRUDENCIAL;2;353,29
202601;1;GO;80329;BB - PRUDENCIAL;1;0,01
202601;1;GO;80996;INTER - PRUDENCIAL;1;148,62
202601;1;GO;80099;ITAU - PRUDENCIAL;2;387,21
202601;1;GO;84693;NU PAGAMENTOS - PRUDENCIAL;3;399,81
202601;1;GO;80185;SANTANDER - PRUDENCIAL;7;1937,87
202601;1;MA;84693;NU PAGAMENTOS - PRUDENCIAL;3;492,68
202601;1;MA;80185;SANTANDER - PRUDENCIAL;1;989,66
202601;1;MG;80336;BTG PACTUAL - PRUDENCIAL;2;401,27
202601;1;MG;80738;CAIXA ECONÔMICA FEDERAL - PRUDENCIAL;1;201,02
202601;1;MG;80996;INTER - PRUDENCIAL;2;100,24
202601;1;MG;80099;ITAU - PRUDENCIAL;3;377,18
202601;1;MG;84693;NU PAGAMENTOS - PRUDENCIAL;2;185,99
202601;1;MG;80185;SANTANDER - PRUDENCIAL;16;8417,06
202601;1;MS;84693;NU PAGAMENTOS - PRUDENCIAL;1;46,06
202601;1;MS;80185;SANTANDER - PRUDENCIAL;5;1798,01
202601;1;MT;84693;NU PAGAMENTOS - PRUDENCIAL;3;4213,27
202601;1;MT;80185;SANTANDER - PRUDENCIAL;5;2930,68
202601;1;PA;80336;BTG PACTUAL - PRUDENCIAL;1;201,31
202601;1;PA;80738;CAIXA ECONÔMICA FEDERAL - PRUDENCIAL;1;128,04
202601;1;PA;80099;ITAU - PRUDENCIAL;1;1,00
202601;1;PA;80185;SANTANDER - PRUDENCIAL;4;575,12
202601;1;PB;84693;NU PAGAMENTOS - PRUDENCIAL;6;565,58
202601;1;PB;80185;SANTANDER - PRUDENCIAL;4;5082,06
202601;1;PE;80075;BRADESCO - PRUDENCIAL;2;250,05
202601;1;PE;84693;NU PAGAMENTOS - PRUDENCIAL;8;835,71
202601;1;PE;80185;SANTANDER - PRUDENCIAL;11;6234,56
202601;1;PI;80075;BRADESCO - PRUDENCIAL;1;1916,81
202601;1;PI;80336;BTG PACTUAL - PRUDENCIAL;1;98,29
202601;1;PI;84693;NU PAGAMENTOS - PRUDENCIAL;3;3769,99
202601;1;PI;80185;SANTANDER - PRUDENCIAL;2;1829,81
202601;1;PR;84844;BANCO C6 - PRUDENCIAL;1;136,29
202601;1;PR;80075;BRADESCO - PRUDENCIAL;1;2176,20
202601;1;PR;80336;BTG PACTUAL - PRUDENCIAL;2;317,03
202601;1;PR;80738;CAIXA ECONÔMICA FEDERAL - PRUDENCIAL;1;165,84
202601;1;PR;80099;ITAU - PRUDENCIAL;2;125,65
202601;1;PR;84693;NU PAGAMENTOS - PRUDENCIAL;7;4732,31
202601;1;PR;80185;SANTANDER - PRUDENCIAL;7;6021,04
202601;1;RJ;80075;BRADESCO - PRUDENCIAL;3;606,94
202601;1;RJ;80738;CAIXA ECONÔMICA FEDERAL - PRUDENCIAL;2;250,67
202601;1;RJ;80099;ITAU - PRUDENCIAL;4;370,20
202601;1;RJ;84693;NU PAGAMENTOS - PRUDENCIAL;14;3387,23
202601;1;RJ;80185;SANTANDER - PRUDENCIAL;31;21189,97
202601;1;RN;80185;SANTANDER - PRUDENCIAL;4;443,15
202601;1;RO;80329;BB - PRUDENCIAL;1;184,60
202601;1;RO;84693;NU PAGAMENTOS - PRUDENCIAL;1;40,11
202601;1;RO;80185;SANTANDER - PRUDENCIAL;3;410,78
202601;1;RR;80185;SANTANDER - PRUDENCIAL;1;181,07
202601;1;RS;80178;BMG - PRUDENCIAL;1;200,55
202601;1;RS;80336;BTG PACTUAL - PRUDENCIAL;1;201,36
202601;1;RS;80996;INTER - PRUDENCIAL;1;149,05
202601;1;RS;80099;ITAU - PRUDENCIAL;2;294,98
202601;1;RS;84693;NU PAGAMENTOS - PRUDENCIAL;6;711,40
202601;1;RS;80185;SANTANDER - PRUDENCIAL;20;3987,77
202601;1;SC;84844;BANCO C6 - PRUDENCIAL;1;214,01
202601;1;SC;80996;INTER - PRUDENCIAL;1;200,63
202601;1;SC;80099;ITAU - PRUDENCIAL;1;451,77
202601;1;SC;84693;NU PAGAMENTOS - PRUDENCIAL;4;420,11
202601;1;SC;80185;SANTANDER - PRUDENCIAL;6;5598,39
202601;1;SE;80336;BTG PACTUAL - PRUDENCIAL;1;49,42
202601;1;SE;84693;NU PAGAMENTOS - PRUDENCIAL;1;49,61
202601;1;SE;80185;SANTANDER - PRUDENCIAL;1;833,01
202601;1;SP;84844;BANCO C6 - PRUDENCIAL;1;188,26
202601;1;SP;80075;BRADESCO - PRUDENCIAL;3;659,25
202601;1;SP;80336;BTG PACTUAL - PRUDENCIAL;4;650,26
202601;1;SP;80738;CAIXA ECONÔMICA FEDERAL - PRUDENCIAL;5;696,44
202601;1;SP;80099;ITAU - PRUDENCIAL;6;932,12
202601;1;SP;84693;NU PAGAMENTOS - PRUDENCIAL;23;3399,44
202601;1;SP;80185;SANTANDER - PRUDENCIAL;66;19561,14
202601;1;TO;80996;INTER - PRUDENCIAL;1;161,68
202601;1;TO;80185;SANTANDER - PRUDENCIAL;1;50,20
202601;2;AL;80484;VOTORANTIM - PRUDENCIAL;1;1102,19
202601;2;AM;80185;SANTANDER - PRUDENCIAL;4;7944,54
202601;2;AM;80484;VOTORANTIM - PRUDENCIAL;1;983,39
202601;2;BA;81593;BCO DO NORDESTE DO BRASIL S.A. - PRUDENCIAL;3;72832,17
202601;2;BA;80075;BRADESCO - PRUDENCIAL;4;26613,56
202601;2;BA;80484;VOTORANTIM - PRUDENCIAL;1;2905,90
202601;2;CE;84844;BANCO C6 - PRUDENCIAL;1;202,72
202601;2;CE;80075;BRADESCO - PRUDENCIAL;3;38518,80
202601;2;CE;80484;VOTORANTIM - PRUDENCIAL;3;5448,87
202601;2;ES;80484;VOTORANTIM - PRUDENCIAL;2;1019,96
202601;2;GO;80329;BB - PRUDENCIAL;1;8581,20
202601;2;GO;80075;BRADESCO - PRUDENCIAL;2;31255,44
202601;2;GO;80738;CAIXA ECONÔMICA FEDERAL - PRUDENCIAL;1;3458,96
202601;2;GO;80185;SANTANDER - PRUDENCIAL;3;1046,92
202601;2;GO;80484;VOTORANTIM - PRUDENCIAL;1;456,63
202601;2;MA;80075;BRADESCO - PRUDENCIAL;1;10083,04
202601;2;MA;80484;VOTORANTIM - PRUDENCIAL;2;2299,75
202601;2;MG;84844;BANCO C6 - PRUDENCIAL;1;276,33
202601;2;MG;80329;BB - PRUDENCIAL;1;1613,81
202601;2;MG;80075;BRADESCO - PRUDENCIAL;4;31534,31
202601;2;MG;80185;SANTANDER - PRUDENCIAL;2;1011,95
202601;2;MG;80484;VOTORANTIM - PRUDENCIAL;5;10921,70
202601;2;MS;80075;BRADESCO - PRUDENCIAL;1;14807,06
202601;2;MT;80075;BRADESCO - PRUDENCIAL;2;20310,43
202601;2;MT;80484;VOTORANTIM - PRUDENCIAL;1;248,34
202601;2;PA;80075;BRADESCO - PRUDENCIAL;4;18853,99
202601;2;PA;80484;VOTORANTIM - PRUDENCIAL;1;1690,04
202601;2;PB;80075;BRADESCO - PRUDENCIAL;3;11687,01
202601;2;PE;80075;BRADESCO - PRUDENCIAL;2;15811,84
202601;2;PI;80075;BRADESCO - PRUDENCIAL;1;1882,63
202601;2;PI;80484;VOTORANTIM - PRUDENCIAL;1;10281,12
202601;2;PR;80075;BRADESCO - PRUDENCIAL;5;19929,41
202601;2;PR;80185;SANTANDER - PRUDENCIAL;1;84722,78
202601;2;PR;80484;VOTORANTIM - PRUDENCIAL;1;401,20
202601;2;RJ;80075;BRADESCO - PRUDENCIAL;4;59708,84
202601;2;RJ;80484;VOTORANTIM - PRUDENCIAL;3;4738,09
202601;2;RN;80075;BRADESCO - PRUDENCIAL;1;7950,07
202601;2;RN;80484;VOTORANTIM - PRUDENCIAL;1;3168,08
202601;2;RS;80154;BANRISUL - PRUDENCIAL;4;826,08
202601;2;RS;80075;BRADESCO - PRUDENCIAL;3;13402,93
202601;2;RS;80185;SANTANDER - PRUDENCIAL;2;73744,89
202601;2;RS;80484;VOTORANTIM - PRUDENCIAL;4;5429,60
202601;2;SC;80154;BANRISUL - PRUDENCIAL;1;207,05
202601;2;SC;80075;BRADESCO - PRUDENCIAL;11;108745,41
202601;2;SC;80738;CAIXA ECONÔMICA FEDERAL - PRUDENCIAL;1;2252,64
202601;2;SC;80484;VOTORANTIM - PRUDENCIAL;2;14657,23
202601;2;SE;80075;BRADESCO - PRUDENCIAL;1;20832,88
202601;2;SP;80075;BRADESCO - PRUDENCIAL;12;108145,44
202601;2;SP;80185;SANTANDER - PRUDENCIAL;2;182,58
202601;2;SP;80484;VOTORANTIM - PRUDENCIAL;16;46214,04
202601;3;AL;80075;BRADESCO - PRUDENCIAL;4;131959,30
202601;3;AM;80075;BRADESCO - PRUDENCIAL;7;283822,46
202601;3;AP;80075;BRADESCO - PRUDENCIAL;1;7765,55
202601;3;BA;80075;BRADESCO - PRUDENCIAL;24;1115150,34
202601;3;BA;80185;SANTANDER - PRUDENCIAL;1;4922,05
202601;3;CE;80075;BRADESCO - PRUDENCIAL;11;310468,26
202601;3;DF;80075;BRADESCO - PRUDENCIAL;4;187704,44
202601;3;ES;80075;BRADESCO - PRUDENCIAL;2;14757,19
202601;3;GO;80075;BRADESCO - PRUDENCIAL;7;479557,03
202601;3;MA;80075;BRADESCO - PRUDENCIAL;4;97632,50
202601;3;MG;80075;BRADESCO - PRUDENCIAL;22;1053048,66
202601;3;MS;80075;BRADESCO - PRUDENCIAL;8;310386,41
202601;3;MT;80075;BRADESCO - PRUDENCIAL;7;109951,46
202601;3;PA;80075;BRADESCO - PRUDENCIAL;13;493617,29
202601;3;PA;80185;SANTANDER - PRUDENCIAL;1;15829,70
202601;3;PB;80075;BRADESCO - PRUDENCIAL;3;248300,20
202601;3;PE;80075;BRADESCO - PRUDENCIAL;17;701791,34
202601;3;PI;80075;BRADESCO - PRUDENCIAL;3;204541,20
202601;3;PR;80075;BRADESCO - PRUDENCIAL;22;708807,65
202601;3;RJ;80075;BRADESCO - PRUDENCIAL;44;1778753,70
202601;3;RJ;80185;SANTANDER - PRUDENCIAL;1;5136,44
202601;3;RN;80075;BRADESCO - PRUDENCIAL;2;17330,26
202601;3;RR;80075;BRADESCO - PRUDENCIAL;3;251827,83
202601;3;RS;80075;BRADESCO - PRUDENCIAL;51;1397156,52
202601;3;RS;80185;SANTANDER - PRUDENCIAL;1;25772,24
202601;3;SC;80075;BRADESCO - PRUDENCIAL;19;1291666,80
202601;3;SE;80075;BRADESCO - PRUDENCIAL;1;1464,36
202601;3;SP;80075;BRADESCO - PRUDENCIAL;189;9242748,91
202601;3;SP;80185;SANTANDER - PRUDENCIAL;1;31070,62
202601;3;TO;80075;BRADESCO - PRUDENCIAL;4;94283,06
202602;1;AC;80336;BTG PACTUAL - PRUDENCIAL;2;401,85
202602;1;AC;80185;SANTANDER - PRUDENCIAL;4;5492,09
202602;1;AL;80336;BTG PACTUAL - PRUDENCIAL;1;50,88
202602;1;AL;80185;SANTANDER - PRUDENCIAL;1;4,82
202602;1;AM;84844;BANCO C6 - PRUDENCIAL;2;730,70
202602;1;AM;80996;INTER - PRUDENCIAL;1;200,28
202602;1;AM;84693;NU PAGAMENTOS - PRUDENCIAL;2;339,17
202602;1;AM;80185;SANTANDER - PRUDENCIAL;3;1631,08
202602;1;AP;80099;ITAU - PRUDENCIAL;1;98,16
202602;1;BA;80075;BRADESCO - PRUDENCIAL;1;294,76
202602;1;BA;80336;BTG PACTUAL - PRUDENCIAL;1;101,43
202602;1;BA;80738;CAIXA ECONÔMICA FEDERAL - PRUDENCIAL;3;320,37
202602;1;BA;80996;INTER - PRUDENCIAL;2;382,64
202602;1;BA;84693;NU PAGAMENTOS - PRUDENCIAL;4;449,86
202602;1;BA;80185;SANTANDER - PRUDENCIAL;5;3172,94
202602;1;CE;84844;BANCO C6 - PRUDENCIAL;1;708,05
202602;1;CE;84693;NU PAGAMENTOS - PRUDENCIAL;2;194,23
202602;1;CE;80185;SANTANDER - PRUDENCIAL;4;5193,22
202602;1;DF;80336;BTG PACTUAL - PRUDENCIAL;2;398,10
202602;1;DF;80099;ITAU - PRUDENCIAL;1;1,00
202602;1;DF;84693;NU PAGAMENTOS - PRUDENCIAL;2;188,28
202602;1;DF;80185;SANTANDER - PRUDENCIAL;4;3733,33
202602;1;ES;80185;SANTANDER - PRUDENCIAL;4;522,64
202602;1;GO;80185;SANTANDER - PRUDENCIAL;1;2,51
202602;1;MA;84693;NU PAGAMENTOS - PRUDENCIAL;3;218,00
202602;1;MA;80185;SANTANDER - PRUDENCIAL;2;688,01
202602;1;MG;84844;BANCO C6 - PRUDENCIAL;1;172,22
202602;1;MG;80329;BB - PRUDENCIAL;3;226,43
202602;1;MG;80075;BRADESCO - PRUDENCIAL;1;1584,22
202602;1;MG;80738;CAIXA ECONÔMICA FEDERAL - PRUDENCIAL;3;401,15
202602;1;MG;80099;ITAU - PRUDENCIAL;2;148,93
202602;1;MG;84693;NU PAGAMENTOS - PRUDENCIAL;8;750,63
202602;1;MG;80185;SANTANDER - PRUDENCIAL;18;30621,86
202602;1;MS;84693;NU PAGAMENTOS - PRUDENCIAL;1;181,43
202602;1;MS;80185;SANTANDER - PRUDENCIAL;1;134,12
202602;1;MT;80738;CAIXA ECONÔMICA FEDERAL - PRUDENCIAL;1;200,93
202602;1;MT;84693;NU PAGAMENTOS - PRUDENCIAL;3;332,82
202602;1;MT;80185;SANTANDER - PRUDENCIAL;2;1866,82
202602;1;PA;84844;BANCO C6 - PRUDENCIAL;1;4164,30
202602;1;PA;80996;INTER - PRUDENCIAL;1;186,75
202602;1;PA;84693;NU PAGAMENTOS - PRUDENCIAL;2;121,19
202602;1;PA;80185;SANTANDER - PRUDENCIAL;6;8147,88
202602;1;PB;84693;NU PAGAMENTOS - PRUDENCIAL;2;174,41
202602;1;PB;80185;SANTANDER - PRUDENCIAL;2;3939,94
202602;1;PE;80075;BRADESCO - PRUDENCIAL;1;1437,76
202602;1;PE;80996;INTER - PRUDENCIAL;1;184,42
202602;1;PE;84693;NU PAGAMENTOS - PRUDENCIAL;3;313,21
202602;1;PE;80185;SANTANDER - PRUDENCIAL;8;1619,77
202602;1;PI;80738;CAIXA ECONÔMICA FEDERAL - PRUDENCIAL;1;51,19
202602;1;PI;84693;NU PAGAMENTOS - PRUDENCIAL;1;80,03
202602;1;PI;80185;SANTANDER - PRUDENCIAL;1;587,92
202602;1;PR;84844;BANCO C6 - PRUDENCIAL;2;1730,59
202602;1;PR;80178;BMG - PRUDENCIAL;1;200,06
202602;1;PR;80336;BTG PACTUAL - PRUDENCIAL;1;51,47
202602;1;PR;80996;INTER - PRUDENCIAL;1;201,08
202602;1;PR;84693;NU PAGAMENTOS - PRUDENCIAL;2;118,61
202602;1;PR;80185;SANTANDER - PRUDENCIAL;6;6484,27
202602;1;RJ;84844;BANCO C6 - PRUDENCIAL;1;117,70
202602;1;RJ;80075;BRADESCO - PRUDENCIAL;1;226,51
202602;1;RJ;80738;CAIXA ECONÔMICA FEDERAL - PRUDENCIAL;2;378,52
202602;1;RJ;80099;ITAU - PRUDENCIAL;2;255,44
202602;1;RJ;84693;NU PAGAMENTOS - PRUDENCIAL;15;1410,58
202602;1;RJ;80185;SANTANDER - PRUDENCIAL;18;10123,27
202602;1;RN;84844;BANCO C6 - PRUDENCIAL;1;220,34
202602;1;RN;84693;NU PAGAMENTOS - PRUDENCIAL;3;313,88
202602;1;RN;80185;SANTANDER - PRUDENCIAL;2;393,58
202602;1;RO;80329;BB - PRUDENCIAL;1;241,38
202602;1;RO;84693;NU PAGAMENTOS - PRUDENCIAL;1;193,06
202602;1;RR;84844;BANCO C6 - PRUDENCIAL;1;2416,71
202602;1;RR;80185;SANTANDER - PRUDENCIAL;2;4803,29
202602;1;RS;80329;BB - PRUDENCIAL;2;261,10
202602;1;RS;80178;BMG - PRUDENCIAL;1;201,03
202602;1;RS;84693;NU PAGAMENTOS - PRUDENCIAL;4;447,19
202602;1;RS;80185;SANTANDER - PRUDENCIAL;8;4900,40
202602;1;SC;80329;BB - PRUDENCIAL;1;200,87
202602;1;SC;80738;CAIXA ECONÔMICA FEDERAL - PRUDENCIAL;1;125,21
202602;1;SC;84693;NU PAGAMENTOS - PRUDENCIAL;1;117,19
202602;1;SC;80185;SANTANDER - PRUDENCIAL;3;595,82
202602;1;SE;84693;NU PAGAMENTOS - PRUDENCIAL;1;123,23
202602;1;SE;80185;SANTANDER - PRUDENCIAL;1;38,64
202602;1;SP;84844;BANCO C6 - PRUDENCIAL;5;7549,09
202602;1;SP;80329;BB - PRUDENCIAL;1;133,30
202602;1;SP;80178;BMG - PRUDENCIAL;1;202,79
202602;1;SP;80075;BRADESCO - PRUDENCIAL;3;422,34
202602;1;SP;80336;BTG PACTUAL - PRUDENCIAL;8;1258,09
202602;1;SP;80996;INTER - PRUDENCIAL;2;207,73
202602;1;SP;80099;ITAU - PRUDENCIAL;9;800,22
202602;1;SP;84693;NU PAGAMENTOS - PRUDENCIAL;18;1647,13
202602;1;SP;80185;SANTANDER - PRUDENCIAL;77;74067,13
202602;1;TO;80185;SANTANDER - PRUDENCIAL;1;172,90
202602;2;AM;80484;VOTORANTIM - PRUDENCIAL;1;13199,63
202602;2;BA;84844;BANCO C6 - PRUDENCIAL;2;245,68
202602;2;BA;81593;BCO DO NORDESTE DO BRASIL S.A. - PRUDENCIAL;1;22658,56
202602;2;BA;80484;VOTORANTIM - PRUDENCIAL;2;5176,14
202602;2;CE;84844;BANCO C6 - PRUDENCIAL;2;444,02
202602;2;CE;80075;BRADESCO - PRUDENCIAL;1;9683,58
202602;2;CE;80484;VOTORANTIM - PRUDENCIAL;1;835,66
202602;2;DF;80484;VOTORANTIM - PRUDENCIAL;1;3803,20
202602;2;ES;80484;VOTORANTIM - PRUDENCIAL;1;3325,60
202602;2;GO;84844;BANCO C6 - PRUDENCIAL;1;1041,00
202602;2;GO;80738;CAIXA ECONÔMICA FEDERAL - PRUDENCIAL;1;4602,15
202602;2;GO;80484;VOTORANTIM - PRUDENCIAL;1;3171,09
202602;2;MG;84844;BANCO C6 - PRUDENCIAL;1;217,60
202602;2;MG;80329;BB - PRUDENCIAL;1;200,39
202602;2;MG;80075;BRADESCO - PRUDENCIAL;1;1232,64
202602;2;MG;80484;VOTORANTIM - PRUDENCIAL;3;2783,35
202602;2;MS;80484;VOTORANTIM - PRUDENCIAL;2;5989,29
202602;2;MT;80484;VOTORANTIM - PRUDENCIAL;2;4348,43
202602;2;PA;84844;BANCO C6 - PRUDENCIAL;1;202,31
202602;2;PA;80484;VOTORANTIM - PRUDENCIAL;1;2337,32
202602;2;PB;80329;BB - PRUDENCIAL;1;28734,30
202602;2;PB;80075;BRADESCO - PRUDENCIAL;1;6077,47
202602;2;PB;80484;VOTORANTIM - PRUDENCIAL;3;8006,69
202602;2;PE;81593;BCO DO NORDESTE DO BRASIL S.A. - PRUDENCIAL;2;17165,03
202602;2;PI;81593;BCO DO NORDESTE DO BRASIL S.A. - PRUDENCIAL;2;39648,56
202602;2;PR;84844;BANCO C6 - PRUDENCIAL;1;108,85
202602;2;PR;80484;VOTORANTIM - PRUDENCIAL;3;10612,13
202602;2;RJ;84844;BANCO C6 - PRUDENCIAL;1;212,83
202602;2;RJ;80075;BRADESCO - PRUDENCIAL;2;4362,02
202602;2;RJ;80099;ITAU - PRUDENCIAL;1;163,93
202602;2;RJ;80484;VOTORANTIM - PRUDENCIAL;3;7256,41
202602;2;RN;80075;BRADESCO - PRUDENCIAL;1;1852,54
202602;2;RS;84844;BANCO C6 - PRUDENCIAL;1;300,50
202602;2;RS;80154;BANRISUL - PRUDENCIAL;1;202,36
202602;2;RS;80738;CAIXA ECONÔMICA FEDERAL - PRUDENCIAL;1;287,64
202602;2;RS;80484;VOTORANTIM - PRUDENCIAL;7;16266,29
202602;2;SC;80484;VOTORANTIM - PRUDENCIAL;2;20176,70
202602;2;SE;80329;BB - PRUDENCIAL;1;3984,20
202602;2;SE;80484;VOTORANTIM - PRUDENCIAL;2;8251,68
202602;2;SP;84844;BANCO C6 - PRUDENCIAL;2;723,47
202602;2;SP;80075;BRADESCO - PRUDENCIAL;9;54081,43
202602;2;SP;80099;ITAU - PRUDENCIAL;1;169,25
202602;2;SP;80484;VOTORANTIM - PRUDENCIAL;19;37895,86
202602;2;TO;80484;VOTORANTIM - PRUDENCIAL;1;1196,01
202602;3;AC;80075;BRADESCO - PRUDENCIAL;2;11464,01
202602;3;AL;80075;BRADESCO - PRUDENCIAL;11;300925,89
202602;3;AL;80185;SANTANDER - PRUDENCIAL;4;32944,35
202602;3;AM;80075;BRADESCO - PRUDENCIAL;11;390337,93
202602;3;AP;80075;BRADESCO - PRUDENCIAL;4;36917,01
202602;3;BA;80075;BRADESCO - PRUDENCIAL;48;2042557,09
202602;3;CE;80075;BRADESCO - PRUDENCIAL;17;344402,84
202602;3;CE;80185;SANTANDER - PRUDENCIAL;1;48188,48
202602;3;DF;80075;BRADESCO - PRUDENCIAL;1;35883,31
202602;3;DF;80185;SANTANDER - PRUDENCIAL;1;43318,87
202602;3;ES;80075;BRADESCO - PRUDENCIAL;10;150925,11
202602;3;GO;80075;BRADESCO - PRUDENCIAL;18;518354,85
202602;3;GO;80185;SANTANDER - PRUDENCIAL;1;125698,27
202602;3;MA;80075;BRADESCO - PRUDENCIAL;21;482141,67
202602;3;MG;80075;BRADESCO - PRUDENCIAL;55;1326079,50
202602;3;MG;80185;SANTANDER - PRUDENCIAL;1;46559,77
202602;3;MS;80075;BRADESCO - PRUDENCIAL;13;179927,81
202602;3;MT;80075;BRADESCO - PRUDENCIAL;14;267524,25
202602;3;PA;80075;BRADESCO - PRUDENCIAL;17;298092,96
202602;3;PB;80075;BRADESCO - PRUDENCIAL;4;188770,13
202602;3;PE;80075;BRADESCO - PRUDENCIAL;25;544460,19
202602;3;PI;80075;BRADESCO - PRUDENCIAL;7;162408,42
202602;3;PR;80075;BRADESCO - PRUDENCIAL;38;1525783,29
202602;3;RJ;80075;BRADESCO - PRUDENCIAL;47;1117139,28
202602;3;RN;80075;BRADESCO - PRUDENCIAL;7;1107572,32
202602;3;RO;80075;BRADESCO - PRUDENCIAL;3;61736,73
202602;3;RS;80075;BRADESCO - PRUDENCIAL;95;3251223,30
202602;3;RS;80738;CAIXA ECONÔMICA FEDERAL - PRUDENCIAL;1;106762,71
202602;3;RS;80185;SANTANDER - PRUDENCIAL;2;76572,77
202602;3;SC;80075;BRADESCO - PRUDENCIAL;17;292190,72
202602;3;SE;80075;BRADESCO - PRUDENCIAL;4;110130,20
202602;3;SP;80075;BRADESCO - PRUDENCIAL;244;12588510,80
202602;3;SP;80185;SANTANDER - PRUDENCIAL;6;147378,41
202602;3;TO;80075;BRADESCO - PRUDENCIAL;7;255740,19
202603;1;AL;80185;SANTANDER - PRUDENCIAL;4;3597,20
202603;1;AM;80099;ITAU - PRUDENCIAL;2;218,70
202603;1;AM;84693;NU PAGAMENTOS - PRUDENCIAL;2;262,79
202603;1;AM;80185;SANTANDER - PRUDENCIAL;5;4987,38
202603;1;BA;80178;BMG - PRUDENCIAL;1;202,48
202603;1;BA;80075;BRADESCO - PRUDENCIAL;1;1113,48
202603;1;BA;80738;CAIXA ECONÔMICA FEDERAL - PRUDENCIAL;5;739,36
202603;1;BA;84693;NU PAGAMENTOS - PRUDENCIAL;4;309,15
202603;1;BA;80185;SANTANDER - PRUDENCIAL;8;3919,74
202603;1;CE;80075;BRADESCO - PRUDENCIAL;2;248,82
202603;1;CE;80185;SANTANDER - PRUDENCIAL;6;1947,51
202603;1;DF;84844;BANCO C6 - PRUDENCIAL;1;259,06
202603;1;DF;80185;SANTANDER - PRUDENCIAL;6;2822,74
202603;1;ES;80185;SANTANDER - PRUDENCIAL;2;1781,96
202603;1;GO;84844;BANCO C6 - PRUDENCIAL;1;213,23
202603;1;GO;80738;CAIXA ECONÔMICA FEDERAL - PRUDENCIAL;1;169,46
202603;1;GO;80185;SANTANDER - PRUDENCIAL;2;3602,62
202603;1;MA;84844;BANCO C6 - PRUDENCIAL;1;201,62
202603;1;MA;80099;ITAU - PRUDENCIAL;1;147,61
202603;1;MA;84693;NU PAGAMENTOS - PRUDENCIAL;1;52,61
202603;1;MA;80185;SANTANDER - PRUDENCIAL;2;620,77
202603;1;MG;84844;BANCO C6 - PRUDENCIAL;2;480491,98
202603;1;MG;80329;BB - PRUDENCIAL;2;339,31
202603;1;MG;80075;BRADESCO - PRUDENCIAL;1;200,62
202603;1;MG;80738;CAIXA ECONÔMICA FEDERAL - PRUDENCIAL;1;180,82
202603;1;MG;80099;ITAU - PRUDENCIAL;1;223,72
202603;1;MG;84693;NU PAGAMENTOS - PRUDENCIAL;5;3233,61
202603;1;MG;80185;SANTANDER - PRUDENCIAL;19;19100,49
202603;1;MS;84693;NU PAGAMENTOS - PRUDENCIAL;2;202,70
202603;1;MS;80185;SANTANDER - PRUDENCIAL;3;1264,08
202603;1;MT;84844;BANCO C6 - PRUDENCIAL;1;212,76
202603;1;MT;84693;NU PAGAMENTOS - PRUDENCIAL;1;39,03
202603;1;MT;80185;SANTANDER - PRUDENCIAL;5;6295,27
202603;1;PA;84844;BANCO C6 - PRUDENCIAL;1;324,72
202603;1;PA;80738;CAIXA ECONÔMICA FEDERAL - PRUDENCIAL;2;349,35
202603;1;PA;80185;SANTANDER - PRUDENCIAL;1;867,26
202603;1;PB;84844;BANCO C6 - PRUDENCIAL;1;93,36
202603;1;PB;80336;BTG PACTUAL - PRUDENCIAL;1;202,15
202603;1;PB;80185;SANTANDER - PRUDENCIAL;2;2619,78
202603;1;PE;80336;BTG PACTUAL - PRUDENCIAL;1;200,12
202603;1;PE;80738;CAIXA ECONÔMICA FEDERAL - PRUDENCIAL;1;110,00
202603;1;PE;84693;NU PAGAMENTOS - PRUDENCIAL;5;464,17
202603;1;PE;80185;SANTANDER - PRUDENCIAL;4;6888,62
202603;1;PI;84844;BANCO C6 - PRUDENCIAL;1;210,82
202603;1;PI;80185;SANTANDER - PRUDENCIAL;1;1638,89
202603;1;PR;84844;BANCO C6 - PRUDENCIAL;1;244,32
202603;1;PR;80099;ITAU - PRUDENCIAL;1;99,34
202603;1;PR;84693;NU PAGAMENTOS - PRUDENCIAL;3;291,53
202603;1;PR;80185;SANTANDER - PRUDENCIAL;6;5745,54
202603;1;RJ;84844;BANCO C6 - PRUDENCIAL;7;1420,77
202603;1;RJ;80329;BB - PRUDENCIAL;1;47,55
202603;1;RJ;80738;CAIXA ECONÔMICA FEDERAL - PRUDENCIAL;2;129,04
202603;1;RJ;80099;ITAU - PRUDENCIAL;1;130,08
202603;1;RJ;84693;NU PAGAMENTOS - PRUDENCIAL;9;1126,60
202603;1;RJ;80185;SANTANDER - PRUDENCIAL;18;12767,59
202603;1;RN;84844;BANCO C6 - PRUDENCIAL;1;2,48
202603;1;RN;84693;NU PAGAMENTOS - PRUDENCIAL;3;251,78
202603;1;RO;84844;BANCO C6 - PRUDENCIAL;1;201,12
202603;1;RO;80329;BB - PRUDENCIAL;1;28,45
202603;1;RO;80738;CAIXA ECONÔMICA FEDERAL - PRUDENCIAL;1;110,34
202603;1;RS;84844;BANCO C6 - PRUDENCIAL;2;615,87
202603;1;RS;84693;NU PAGAMENTOS - PRUDENCIAL;3;239,95
202603;1;RS;80185;SANTANDER - PRUDENCIAL;11;13792,35
202603;1;SC;84844;BANCO C6 - PRUDENCIAL;2;222,88
202603;1;SC;80178;BMG - PRUDENCIAL;1;200,02
202603;1;SC;80336;BTG PACTUAL - PRUDENCIAL;1;105,38
202603;1;SC;80738;CAIXA ECONÔMICA FEDERAL - PRUDENCIAL;2;7,93
202603;1;SC;84693;NU PAGAMENTOS - PRUDENCIAL;1;38,88
202603;1;SC;80185;SANTANDER - PRUDENCIAL;4;5990,04
202603;1;SE;80185;SANTANDER - PRUDENCIAL;3;1419,47
202603;1;SP;84844;BANCO C6 - PRUDENCIAL;5;1266,79
202603;1;SP;80329;BB - PRUDENCIAL;1;203,05
202603;1;SP;80178;BMG - PRUDENCIAL;1;201,24
202603;1;SP;80336;BTG PACTUAL - PRUDENCIAL;5;864,40
202603;1;SP;80738;CAIXA ECONÔMICA FEDERAL - PRUDENCIAL;4;650,82
202603;1;SP;80099;ITAU - PRUDENCIAL;5;824,96
202603;1;SP;84693;NU PAGAMENTOS - PRUDENCIAL;23;4523,82
202603;1;SP;80185;SANTANDER - PRUDENCIAL;59;59840,81
202603;1;TO;84844;BANCO C6 - PRUDENCIAL;1;220,51
202603;1;TO;80738;CAIXA ECONÔMICA FEDERAL - PRUDENCIAL;1;0,01
202603;1;TO;80185;SANTANDER - PRUDENCIAL;1;56,77
202603;2;AL;81593;BCO DO NORDESTE DO BRASIL S.A. - PRUDENCIAL;6;433902,48
202603;2;BA;84844;BANCO C6 - PRUDENCIAL;2;987,32
202603;2;BA;81593;BCO DO NORDESTE DO BRASIL S.A. - PRUDENCIAL;2;139066,88
202603;2;BA;80075;BRADESCO - PRUDENCIAL;2;17608,74
202603;2;BA;80099;ITAU - PRUDENCIAL;1;124,66
202603;2;BA;80484;VOTORANTIM - PRUDENCIAL;1;10061,97
202603;2;CE;80075;BRADESCO - PRUDENCIAL;2;16969,35
202603;2;CE;80185;SANTANDER - PRUDENCIAL;1;16481,76
202603;2;CE;80484;VOTORANTIM - PRUDENCIAL;1;1376,39
202603;2;DF;80329;BB - PRUDENCIAL;1;3957,37
202603;2;DF;80185;SANTANDER - PRUDENCIAL;1;2535,91
202603;2;DF;80484;VOTORANTIM - PRUDENCIAL;1;942,16
202603;2;ES;80484;VOTORANTIM - PRUDENCIAL;1;702,27
202603;2;GO;80075;BRADESCO - PRUDENCIAL;3;28409,38
202603;2;GO;80185;SANTANDER - PRUDENCIAL;1;8202,47
202603;2;MA;80329;BB - PRUDENCIAL;1;1372,72
202603;2;MA;80075;BRADESCO - PRUDENCIAL;2;17001,22
202603;2;MA;80484;VOTORANTIM - PRUDENCIAL;2;3255,80
202603;2;MG;84844;BANCO C6 - PRUDENCIAL;1;370,80
202603;2;MG;80075;BRADESCO - PRUDENCIAL;3;9286,54
202603;2;MG;80185;SANTANDER - PRUDENCIAL;2;21766,40
202603;2;MG;80484;VOTORANTIM - PRUDENCIAL;2;6389,19
202603;2;MS;80075;BRADESCO - PRUDENCIAL;2;10815,34
202603;2;MT;80075;BRADESCO - PRUDENCIAL;1;17262,60
202603;2;PA;80075;BRADESCO - PRUDENCIAL;3;14948,79
202603;2;PA;80484;VOTORANTIM - PRUDENCIAL;1;7444,41
202603;2;PB;80484;VOTORANTIM - PRUDENCIAL;1;513,32
202603;2;PE;84844;BANCO C6 - PRUDENCIAL;2;2148243,58
202603;2;PE;80075;BRADESCO - PRUDENCIAL;2;23511,18
202603;2;PE;80185;SANTANDER - PRUDENCIAL;1;236,52
202603;2;PR;80075;BRADESCO - PRUDENCIAL;1;27423,56
202603;2;PR;80738;CAIXA ECONÔMICA FEDERAL - PRUDENCIAL;1;1455,86
202603;2;PR;80484;VOTORANTIM - PRUDENCIAL;4;16948,35
202603;2;RJ;84844;BANCO C6 - PRUDENCIAL;2;990,42
202603;2;RJ;80075;BRADESCO - PRUDENCIAL;6;49989,68
202603;2;RJ;80185;SANTANDER - PRUDENCIAL;1;6160,93
202603;2;RJ;80484;VOTORANTIM - PRUDENCIAL;2;2184,40
202603;2;RN;80075;BRADESCO - PRUDENCIAL;1;3412,49
202603;2;RN;80484;VOTORANTIM - PRUDENCIAL;1;3431,43
202603;2;RO;80075;BRADESCO - PRUDENCIAL;1;9525,35
202603;2;RS;80154;BANRISUL - PRUDENCIAL;6;2311,47
202603;2;RS;80329;BB - PRUDENCIAL;1;13101,22
202603;2;RS;80075;BRADESCO - PRUDENCIAL;5;19677,44
202603;2;RS;80738;CAIXA ECONÔMICA FEDERAL - PRUDENCIAL;1;4736,46
202603;2;RS;80185;SANTANDER - PRUDENCIAL;1;3754,29
202603;2;RS;80484;VOTORANTIM - PRUDENCIAL;4;11917,72
202603;2;SC;80075;BRADESCO - PRUDENCIAL;4;73802,85
202603;2;SC;80738;CAIXA ECONÔMICA FEDERAL - PRUDENCIAL;1;3065,36
202603;2;SC;80185;SANTANDER - PRUDENCIAL;1;299,48
202603;2;SC;80484;VOTORANTIM - PRUDENCIAL;5;27635,68
202603;2;SP;84844;BANCO C6 - PRUDENCIAL;3;773,56
202603;2;SP;80329;BB - PRUDENCIAL;1;1581,75
202603;2;SP;80075;BRADESCO - PRUDENCIAL;16;84361,38
202603;2;SP;80738;CAIXA ECONÔMICA FEDERAL - PRUDENCIAL;2;17946,36
202603;2;SP;80099;ITAU - PRUDENCIAL;3;297,56
202603;2;SP;80185;SANTANDER - PRUDENCIAL;11;113999,97
202603;2;SP;80484;VOTORANTIM - PRUDENCIAL;19;47059,28
202603;3;AL;81593;BCO DO NORDESTE DO BRASIL S.A. - PRUDENCIAL;2;23667,56
202603;3;AL;80075;BRADESCO - PRUDENCIAL;3;77071,82
202603;3;AL;80185;SANTANDER - PRUDENCIAL;4;4855,46
202603;3;AM;80075;BRADESCO - PRUDENCIAL;6;128738,00
202603;3;BA;81593;BCO DO NORDESTE DO BRASIL S.A. - PRUDENCIAL;41;841879,80
202603;3;BA;80075;BRADESCO - PRUDENCIAL;23;672677,49
202603;3;BA;80185;SANTANDER - PRUDENCIAL;1;10118,16
202603;3;CE;81593;BCO DO NORDESTE DO BRASIL S.A. - PRUDENCIAL;35;581870,45
202603;3;CE;80075;BRADESCO - PRUDENCIAL;9;150439,59
202603;3;DF;80075;BRADESCO - PRUDENCIAL;5;111651,33
202603;3;ES;81593;BCO DO NORDESTE DO BRASIL S.A. - PRUDENCIAL;4;11886,31
202603;3;ES;80075;BRADESCO - PRUDENCIAL;1;3237,25
202603;3;GO;80075;BRADESCO - PRUDENCIAL;10;658770,04
202603;3;GO;80185;SANTANDER - PRUDENCIAL;3;26866,88
202603;3;MA;81593;BCO DO NORDESTE DO BRASIL S.A. - PRUDENCIAL;26;578090,20
202603;3;MA;80075;BRADESCO - PRUDENCIAL;5;227275,27
202603;3;MG;81593;BCO DO NORDESTE DO BRASIL S.A. - PRUDENCIAL;10;90443,85
202603;3;MG;80075;BRADESCO - PRUDENCIAL;25;551159,22
202603;3;MG;80185;SANTANDER - PRUDENCIAL;1;1114,98
202603;3;MS;80075;BRADESCO - PRUDENCIAL;3;105721,34
202603;3;MT;80075;BRADESCO - PRUDENCIAL;6;187510,74
202603;3;PA;80075;BRADESCO - PRUDENCIAL;9;313633,04
202603;3;PB;81593;BCO DO NORDESTE DO BRASIL S.A. - PRUDENCIAL;19;280879,99
202603;3;PB;80075;BRADESCO - PRUDENCIAL;2;99976,53
202603;3;PE;81593;BCO DO NORDESTE DO BRASIL S.A. - PRUDENCIAL;17;525322,85
202603;3;PE;80075;BRADESCO - PRUDENCIAL;4;83279,43
202603;3;PE;80185;SANTANDER - PRUDENCIAL;1;71538,31
202603;3;PI;81593;BCO DO NORDESTE DO BRASIL S.A. - PRUDENCIAL;14;232231,09
202603;3;PI;80075;BRADESCO - PRUDENCIAL;5;104968,56
202603;3;PR;80075;BRADESCO - PRUDENCIAL;21;871121,89
202603;3;RJ;80075;BRADESCO - PRUDENCIAL;29;1103103,18
202603;3;RJ;80185;SANTANDER - PRUDENCIAL;1;5322,03
202603;3;RN;81593;BCO DO NORDESTE DO BRASIL S.A. - PRUDENCIAL;20;343479,66
202603;3;RN;80075;BRADESCO - PRUDENCIAL;1;3731,01
202603;3;RO;80075;BRADESCO - PRUDENCIAL;2;40369,77
202603;3;RR;80075;BRADESCO - PRUDENCIAL;1;81101,54
202603;3;RS;80075;BRADESCO - PRUDENCIAL;101;3663781,39
202603;3;SC;80075;BRADESCO - PRUDENCIAL;8;265033,35
202603;3;SE;81593;BCO DO NORDESTE DO BRASIL S.A. - PRUDENCIAL;2;101897,67
202603;3;SE;80075;BRADESCO - PRUDENCIAL;1;3937,05
202603;3;SP;80075;BRADESCO - PRUDENCIAL;134;5052218,14
202603;3;SP;80185;SANTANDER - PRUDENCIAL;3;25357,78
202603;3;TO;80075;BRADESCO - PRUDENCIAL;7;329917,23
202604;1;AL;84693;NU PAGAMENTOS - PRUDENCIAL;1;196,77
202604;1;AM;80099;ITAU - PRUDENCIAL;1;199,57
202604;1;AM;80185;SANTANDER - PRUDENCIAL;4;4194,67
202604;1;AP;80329;BB - PRUDENCIAL;1;53,96
202604;1;AP;80099;ITAU - PRUDENCIAL;1;202,11
202604;1;BA;80879;BANCO SICOOB - PRUDENCIAL;1;220,90
202604;1;BA;80738;CAIXA ECONÔMICA FEDERAL - PRUDENCIAL;1;196,05
202604;1;BA;84693;NU PAGAMENTOS - PRUDENCIAL;1;38,43
202604;1;BA;80185;SANTANDER - PRUDENCIAL;5;9307,44
202604;1;CE;80329;BB - PRUDENCIAL;1;55,81
202604;1;CE;84693;NU PAGAMENTOS - PRUDENCIAL;2;198,97
202604;1;CE;80185;SANTANDER - PRUDENCIAL;4;9403,52
202604;1;DF;80336;BTG PACTUAL - PRUDENCIAL;1;200,38
202604;1;DF;80099;ITAU - PRUDENCIAL;1;99,26
202604;1;DF;84693;NU PAGAMENTOS - PRUDENCIAL;2;194,81
202604;1;DF;80185;SANTANDER - PRUDENCIAL;3;5277,75
202604;1;ES;80738;CAIXA ECONÔMICA FEDERAL - PRUDENCIAL;1;157,81
202604;1;ES;80099;ITAU - PRUDENCIAL;1;454,54
202604;1;ES;80185;SANTANDER - PRUDENCIAL;3;1670,36
202604;1;GO;80185;SANTANDER - PRUDENCIAL;2;266,03
202604;1;MA;84693;NU PAGAMENTOS - PRUDENCIAL;2;182,92
202604;1;MA;80185;SANTANDER - PRUDENCIAL;1;1030,27
202604;1;MG;80329;BB - PRUDENCIAL;1;201,83
202604;1;MG;80178;BMG - PRUDENCIAL;1;201,67
202604;1;MG;80075;BRADESCO - PRUDENCIAL;1;283,27
202604;1;MG;80738;CAIXA ECONÔMICA FEDERAL - PRUDENCIAL;3;833,66
202604;1;MG;80099;ITAU - PRUDENCIAL;1;138,07
202604;1;MG;84693;NU PAGAMENTOS - PRUDENCIAL;5;472,08
202604;1;MG;80185;SANTANDER - PRUDENCIAL;12;25042,85
202604;1;MS;80738;CAIXA ECONÔMICA FEDERAL - PRUDENCIAL;1;106,39
202604;1;MT;80738;CAIXA ECONÔMICA FEDERAL - PRUDENCIAL;1;192,05
202604;1;MT;84693;NU PAGAMENTOS - PRUDENCIAL;1;37,49
202604;1;MT;80185;SANTANDER - PRUDENCIAL;2;3317,11
202604;1;PA;80329;BB - PRUDENCIAL;1;128,88
202604;1;PA;84693;NU PAGAMENTOS - PRUDENCIAL;5;508,63
202604;1;PA;80185;SANTANDER - PRUDENCIAL;2;1992,58
202604;1;PB;80996;INTER - PRUDENCIAL;1;51,17
202604;1;PB;84693;NU PAGAMENTOS - PRUDENCIAL;2;234,78
202604;1;PB;80185;SANTANDER - PRUDENCIAL;3;3713,46
202604;1;PE;80738;CAIXA ECONÔMICA FEDERAL - PRUDENCIAL;1;0,98
202604;1;PE;80185;SANTANDER - PRUDENCIAL;4;3708,50
202604;1;PI;80738;CAIXA ECONÔMICA FEDERAL - PRUDENCIAL;1;196,84
202604;1;PI;84693;NU PAGAMENTOS - PRUDENCIAL;1;38,18
202604;1;PI;80185;SANTANDER - PRUDENCIAL;1;1008,54
202604;1;PR;80336;BTG PACTUAL - PRUDENCIAL;1;201,05
202604;1;PR;80099;ITAU - PRUDENCIAL;1;218,32
202604;1;PR;84693;NU PAGAMENTOS - PRUDENCIAL;2;223,90
202604;1;PR;80185;SANTANDER - PRUDENCIAL;3;5041,12
202604;1;RJ;80329;BB - PRUDENCIAL;1;115,73
202604;1;RJ;80178;BMG - PRUDENCIAL;1;200,03
202604;1;RJ;80075;BRADESCO - PRUDENCIAL;1;3086,04
202604;1;RJ;80336;BTG PACTUAL - PRUDENCIAL;1;202,95
202604;1;RJ;80738;CAIXA ECONÔMICA FEDERAL - PRUDENCIAL;1;649,96
202604;1;RJ;80099;ITAU - PRUDENCIAL;2;252,77
202604;1;RJ;84693;NU PAGAMENTOS - PRUDENCIAL;8;832,32
202604;1;RJ;80185;SANTANDER - PRUDENCIAL;19;22157,31
202604;1;RN;80329;BB - PRUDENCIAL;1;207,09
202604;1;RN;80336;BTG PACTUAL - PRUDENCIAL;1;201,66
202604;1;RN;84693;NU PAGAMENTOS - PRUDENCIAL;1;74,36
202604;1;RN;80185;SANTANDER - PRUDENCIAL;1;506,08
202604;1;RO;84693;NU PAGAMENTOS - PRUDENCIAL;3;335,20
202604;1;RO;80185;SANTANDER - PRUDENCIAL;2;3290,14
202604;1;RR;80185;SANTANDER - PRUDENCIAL;1;2131,65
202604;1;RS;80178;BMG - PRUDENCIAL;1;201,17
202604;1;RS;80336;BTG PACTUAL - PRUDENCIAL;1;200,22
202604;1;RS;80738;CAIXA ECONÔMICA FEDERAL - PRUDENCIAL;2;791,75
202604;1;RS;84693;NU PAGAMENTOS - PRUDENCIAL;3;331,71
202604;1;RS;80185;SANTANDER - PRUDENCIAL;10;10776,50
202604;1;SC;80738;CAIXA ECONÔMICA FEDERAL - PRUDENCIAL;2;259,83
202604;1;SC;84693;NU PAGAMENTOS - PRUDENCIAL;2;221,07
202604;1;SC;80185;SANTANDER - PRUDENCIAL;2;1478,50
202604;1;SE;80336;BTG PACTUAL - PRUDENCIAL;1;201,07
202604;1;SE;80738;CAIXA ECONÔMICA FEDERAL - PRUDENCIAL;1;200,52
202604;1;SE;84693;NU PAGAMENTOS - PRUDENCIAL;1;38,09
202604;1;SP;84844;BANCO C6 - PRUDENCIAL;1;189,23
202604;1;SP;80329;BB - PRUDENCIAL;2;632,35
202604;1;SP;80075;BRADESCO - PRUDENCIAL;2;766,19
202604;1;SP;80336;BTG PACTUAL - PRUDENCIAL;1;200,29
202604;1;SP;80099;ITAU - PRUDENCIAL;1;150,50
202604;1;SP;84693;NU PAGAMENTOS - PRUDENCIAL;10;764,58
202604;1;SP;80185;SANTANDER - PRUDENCIAL;32;39275,49
202604;2;AC;80185;SANTANDER - PRUDENCIAL;1;6102,82
202604;2;AM;80075;BRADESCO - PRUDENCIAL;1;10674,53
202604;2;BA;84844;BANCO C6 - PRUDENCIAL;2;207,00
202604;2;BA;80099;ITAU - PRUDENCIAL;1;0,83
202604;2;BA;80484;VOTORANTIM - PRUDENCIAL;1;2072,94
202604;2;CE;81593;BCO DO NORDESTE DO BRASIL S.A. - PRUDENCIAL;1;61288,67
202604;2;CE;80075;BRADESCO - PRUDENCIAL;2;24197,97
202604;2;CE;80185;SANTANDER - PRUDENCIAL;1;16481,76
202604;2;CE;80484;VOTORANTIM - PRUDENCIAL;3;6014,46
202604;2;DF;80185;SANTANDER - PRUDENCIAL;1;2535,91
202604;2;GO;80329;BB - PRUDENCIAL;1;11335,06
202604;2;GO;80075;BRADESCO - PRUDENCIAL;3;31314,49
202604;2;GO;80185;SANTANDER - PRUDENCIAL;1;8202,47
202604;2;GO;80484;VOTORANTIM - PRUDENCIAL;2;4769,40
202604;2;MA;81593;BCO DO NORDESTE DO BRASIL S.A. - PRUDENCIAL;1;21055,79
202604;2;MG;80075;BRADESCO - PRUDENCIAL;3;70525,51
202604;2;MG;80185;SANTANDER - PRUDENCIAL;1;20021,04
202604;2;MG;80484;VOTORANTIM - PRUDENCIAL;3;6809,91
202604;2;MS;80329;BB - PRUDENCIAL;2;9510,84
202604;2;MS;80075;BRADESCO - PRUDENCIAL;1;2941,39
202604;2;MT;80075;BRADESCO - PRUDENCIAL;1;11209,20
202604;2;PA;80075;BRADESCO - PRUDENCIAL;2;6720,53
202604;2;PA;80484;VOTORANTIM - PRUDENCIAL;1;1428,04
202604;2;PB;80329;BB - PRUDENCIAL;1;2579,01
202604;2;PB;80075;BRADESCO - PRUDENCIAL;1;5782,18
202604;2;PE;84844;BANCO C6 - PRUDENCIAL;1;272,09
202604;2;PE;81593;BCO DO NORDESTE DO BRASIL S.A. - PRUDENCIAL;2;75832,29
202604;2;PE;80075;BRADESCO - PRUDENCIAL;2;16048,37
202604;2;PE;80185;SANTANDER - PRUDENCIAL;1;236,52
202604;2;PR;80075;BRADESCO - PRUDENCIAL;4;23531,31
202604;2;PR;80185;SANTANDER - PRUDENCIAL;1;1034,15
202604;2;PR;80484;VOTORANTIM - PRUDENCIAL;1;9463,86
202604;2;RJ;84844;BANCO C6 - PRUDENCIAL;2;564,24
202604;2;RJ;80075;BRADESCO - PRUDENCIAL;5;72715,41
202604;2;RJ;80185;SANTANDER - PRUDENCIAL;1;6160,93
202604;2;RJ;80484;VOTORANTIM - PRUDENCIAL;2;4066,97
202604;2;RN;80075;BRADESCO - PRUDENCIAL;1;7117,50
202604;2;RR;80484;VOTORANTIM - PRUDENCIAL;1;3444,98
202604;2;RS;80075;BRADESCO - PRUDENCIAL;2;15698,18
202604;2;RS;80738;CAIXA ECONÔMICA FEDERAL - PRUDENCIAL;1;2089,08
202604;2;RS;80185;SANTANDER - PRUDENCIAL;1;3754,29
202604;2;RS;80484;VOTORANTIM - PRUDENCIAL;2;2586,88
202604;2;SC;80075;BRADESCO - PRUDENCIAL;8;71550,75
202604;2;SC;80185;SANTANDER - PRUDENCIAL;1;299,48
202604;2;SC;80484;VOTORANTIM - PRUDENCIAL;1;2791,64
202604;2;SE;80075;BRADESCO - PRUDENCIAL;1;20832,88
202604;2;SE;80484;VOTORANTIM - PRUDENCIAL;2;2824,16
202604;2;SP;84844;BANCO C6 - PRUDENCIAL;2;413,69
202604;2;SP;80075;BRADESCO - PRUDENCIAL;11;74224,01
202604;2;SP;80336;BTG PACTUAL - PRUDENCIAL;1;16083,95
202604;2;SP;80738;CAIXA ECONÔMICA FEDERAL - PRUDENCIAL;2;3046,89
202604;2;SP;80099;ITAU - PRUDENCIAL;1;61,57
202604;2;SP;80185;SANTANDER - PRUDENCIAL;8;126396,71
202604;2;SP;80484;VOTORANTIM - PRUDENCIAL;9;11544,62
202604;3;AM;80075;BRADESCO - PRUDENCIAL;3;380699,88
202604;3;BA;80075;BRADESCO - PRUDENCIAL;2;69979,88
202604;3;BA;80185;SANTANDER - PRUDENCIAL;2;8006,54
202604;3;CE;80185;SANTANDER - PRUDENCIAL;1;8951,27
202604;3;DF;80185;SANTANDER - PRUDENCIAL;1;17748,35
202604;3;GO;80075;BRADESCO - PRUDENCIAL;3;77617,73
202604;3;MA;81593;BCO DO NORDESTE DO BRASIL S.A. - PRUDENCIAL;1;36577,77
202604;3;MA;80075;BRADESCO - PRUDENCIAL;6;345925,05
202604;3;MG;81593;BCO DO NORDESTE DO BRASIL S.A. - PRUDENCIAL;1;1485,03
202604;3;MG;80075;BRADESCO - PRUDENCIAL;5;214722,97
202604;3;MS;80075;BRADESCO - PRUDENCIAL;2;81290,12
202604;3;MT;80075;BRADESCO - PRUDENCIAL;2;15779,05
202604;3;MT;80099;ITAU - PRUDENCIAL;2;1176,46
202604;3;PA;80075;BRADESCO - PRUDENCIAL;6;270659,70
202604;3;PE;81593;BCO DO NORDESTE DO BRASIL S.A. - PRUDENCIAL;1;303757,01
202604;3;PE;80075;BRADESCO - PRUDENCIAL;2;93548,77
202604;3;PE;80185;SANTANDER - PRUDENCIAL;1;5156,12
202604;3;PR;80075;BRADESCO - PRUDENCIAL;3;161267,73
202604;3;RJ;80075;BRADESCO - PRUDENCIAL;12;338186,66
202604;3;RJ;80185;SANTANDER - PRUDENCIAL;2;29840,01
202604;3;RN;80075;BRADESCO - PRUDENCIAL;1;1047,86
202604;3;RO;80075;BRADESCO - PRUDENCIAL;2;106929,95
202604;3;RS;80075;BRADESCO - PRUDENCIAL;10;420648,81
202604;3;SC;80075;BRADESCO - PRUDENCIAL;5;98069,52
202604;3;SE;80075;BRADESCO - PRUDENCIAL;1;14718,55
202604;3;SP;80075;BRADESCO - PRUDENCIAL;36;1431063,68
202604;3;SP;80185;SANTANDER - PRUDENCIAL;9;168954,97
202605;1;AC;80099;ITAU - PRUDENCIAL;1;1,00
202605;1;AC;84693;NU PAGAMENTOS - PRUDENCIAL;1;178,94
202605;1;AM;80075;BRADESCO - PRUDENCIAL;1;220,80
202605;1;AM;80099;ITAU - PRUDENCIAL;3;30,52
202605;1;AM;80185;SANTANDER - PRUDENCIAL;2;1126,94
202605;1;AP;84693;NU PAGAMENTOS - PRUDENCIAL;1;1196,35
202605;1;BA;80879;BANCO SICOOB - PRUDENCIAL;1;428,96
202605;1;BA;80329;BB - PRUDENCIAL;1;246,29
202605;1;BA;80075;BRADESCO - PRUDENCIAL;1;200,68
202605;1;BA;80738;CAIXA ECONÔMICA FEDERAL - PRUDENCIAL;2;149,65
202605;1;BA;84693;NU PAGAMENTOS - PRUDENCIAL;2;1567,63
202605;1;BA;80185;SANTANDER - PRUDENCIAL;8;15978,07
202605;1;CE;80336;BTG PACTUAL - PRUDENCIAL;1;201,17
202605;1;CE;80996;INTER - PRUDENCIAL;1;200,35
202605;1;CE;84693;NU PAGAMENTOS - PRUDENCIAL;3;1559,52
202605;1;CE;80185;SANTANDER - PRUDENCIAL;5;5514,87
202605;1;DF;80099;ITAU - PRUDENCIAL;5;326,26
202605;1;DF;80185;SANTANDER - PRUDENCIAL;4;3413,30
202605;1;ES;80329;BB - PRUDENCIAL;1;265,82
202605;1;ES;80099;ITAU - PRUDENCIAL;4;4,00
202605;1;ES;84693;NU PAGAMENTOS - PRUDENCIAL;4;3283,20
202605;1;ES;80185;SANTANDER - PRUDENCIAL;1;10,20
202605;1;GO;80996;INTER - PRUDENCIAL;1;148,62
202605;1;GO;80099;ITAU - PRUDENCIAL;4;344,87
202605;1;GO;84693;NU PAGAMENTOS - PRUDENCIAL;3;256,36
202605;1;GO;80185;SANTANDER - PRUDENCIAL;3;2263,32
202605;1;MA;84693;NU PAGAMENTOS - PRUDENCIAL;1;1339,65
202605;1;MA;80185;SANTANDER - PRUDENCIAL;4;10056,48
202605;1;MG;80738;CAIXA ECONÔMICA FEDERAL - PRUDENCIAL;1;106,54
202605;1;MG;80996;INTER - PRUDENCIAL;1;177,70
202605;1;MG;80099;ITAU - PRUDENCIAL;10;418,67
202605;1;MG;84693;NU PAGAMENTOS - PRUDENCIAL;5;343,52
202605;1;MG;80185;SANTANDER - PRUDENCIAL;10;13189,94
202605;1;MS;80075;BRADESCO - PRUDENCIAL;1;1259,29
202605;1;MS;80738;CAIXA ECONÔMICA FEDERAL - PRUDENCIAL;1;191,48
202605;1;MS;84693;NU PAGAMENTOS - PRUDENCIAL;3;1765,32
202605;1;MS;80185;SANTANDER - PRUDENCIAL;3;3978,26
202605;1;MT;80738;CAIXA ECONÔMICA FEDERAL - PRUDENCIAL;1;0,01
202605;1;MT;84693;NU PAGAMENTOS - PRUDENCIAL;3;1821,89
202605;1;PA;80099;ITAU - PRUDENCIAL;1;157,21
202605;1;PA;84693;NU PAGAMENTOS - PRUDENCIAL;3;592,11
202605;1;PA;80185;SANTANDER - PRUDENCIAL;2;970,89
202605;1;PB;80075;BRADESCO - PRUDENCIAL;1;135,14
202605;1;PB;84693;NU PAGAMENTOS - PRUDENCIAL;6;3818,48
202605;1;PB;80185;SANTANDER - PRUDENCIAL;2;1028,51
202605;1;PE;80738;CAIXA ECONÔMICA FEDERAL - PRUDENCIAL;1;180,42
202605;1;PE;80996;INTER - PRUDENCIAL;1;184,42
202605;1;PE;80099;ITAU - PRUDENCIAL;5;162,91
202605;1;PE;84693;NU PAGAMENTOS - PRUDENCIAL;1;37,10
202605;1;PE;80185;SANTANDER - PRUDENCIAL;3;4044,46
202605;1;PI;80738;CAIXA ECONÔMICA FEDERAL - PRUDENCIAL;1;201,49
202605;1;PI;80099;ITAU - PRUDENCIAL;1;1,00
202605;1;PI;80185;SANTANDER - PRUDENCIAL;1;936,09
202605;1;PR;80738;CAIXA ECONÔMICA FEDERAL - PRUDENCIAL;1;148,82
202605;1;PR;80099;ITAU - PRUDENCIAL;5;153,77
202605;1;PR;84693;NU PAGAMENTOS - PRUDENCIAL;1;1692,08
202605;1;PR;80185;SANTANDER - PRUDENCIAL;4;3990,14
202605;1;RJ;80329;BB - PRUDENCIAL;1;81,04
202605;1;RJ;80738;CAIXA ECONÔMICA FEDERAL - PRUDENCIAL;1;145,82
202605;1;RJ;80099;ITAU - PRUDENCIAL;8;461,16
202605;1;RJ;84693;NU PAGAMENTOS - PRUDENCIAL;7;4179,33
202605;1;RJ;80185;SANTANDER - PRUDENCIAL;21;29187,85
202605;1;RN;80738;CAIXA ECONÔMICA FEDERAL - PRUDENCIAL;1;202,51
202605;1;RN;80099;ITAU - PRUDENCIAL;1;5,02
202605;1;RN;84693;NU PAGAMENTOS - PRUDENCIAL;1;161,43
202605;1;RO;80185;SANTANDER - PRUDENCIAL;1;3969,02
202605;1;RS;80336;BTG PACTUAL - PRUDENCIAL;1;201,08
202605;1;RS;80099;ITAU - PRUDENCIAL;2;2,00
202605;1;RS;84693;NU PAGAMENTOS - PRUDENCIAL;1;1088,27
202605;1;RS;80185;SANTANDER - PRUDENCIAL;6;5507,56
202605;1;SC;80336;BTG PACTUAL - PRUDENCIAL;1;149,73
202605;1;SC;80738;CAIXA ECONÔMICA FEDERAL - PRUDENCIAL;1;203,20
202605;1;SC;80099;ITAU - PRUDENCIAL;6;307,56
202605;1;SC;84693;NU PAGAMENTOS - PRUDENCIAL;4;437,94
202605;1;SC;80185;SANTANDER - PRUDENCIAL;5;9805,07
202605;1;SP;84844;BANCO C6 - PRUDENCIAL;1;191,43
202605;1;SP;80075;BRADESCO - PRUDENCIAL;4;1296,62
202605;1;SP;80336;BTG PACTUAL - PRUDENCIAL;1;147,96
202605;1;SP;80996;INTER - PRUDENCIAL;1;105,04
202605;1;SP;80099;ITAU - PRUDENCIAL;34;1311,97
202605;1;SP;84693;NU PAGAMENTOS - PRUDENCIAL;14;8832,12
202605;1;SP;80185;SANTANDER - PRUDENCIAL;44;58696,28
202605;1;TO;80099;ITAU - PRUDENCIAL;1;98,75
202605;2;AP;80075;BRADESCO - PRUDENCIAL;1;2004,92
202605;2;BA;84844;BANCO C6 - PRUDENCIAL;1;297,55
202605;2;BA;81593;BCO DO NORDESTE DO BRASIL S.A. - PRUDENCIAL;1;15811,53
202605;2;BA;80075;BRADESCO - PRUDENCIAL;2;7563,96
202605;2;BA;80099;ITAU - PRUDENCIAL;3;185,99
202605;2;CE;81593;BCO DO NORDESTE DO BRASIL S.A. - PRUDENCIAL;1;12752,69
202605;2;CE;80484;VOTORANTIM - PRUDENCIAL;2;3044,32
202605;2;GO;80075;BRADESCO - PRUDENCIAL;2;4455,70
202605;2;GO;80099;ITAU - PRUDENCIAL;1;112,18
202605;2;GO;80484;VOTORANTIM - PRUDENCIAL;2;3954,41
202605;2;MA;81593;BCO DO NORDESTE DO BRASIL S.A. - PRUDENCIAL;1;2525,33
202605;2;MA;80484;VOTORANTIM - PRUDENCIAL;2;4216,80
202605;2;MG;80075;BRADESCO - PRUDENCIAL;2;4385,71
202605;2;MG;80738;CAIXA ECONÔMICA FEDERAL - PRUDENCIAL;1;1210,20
202605;2;MG;80099;ITAU - PRUDENCIAL;1;65,58
202605;2;MG;80185;SANTANDER - PRUDENCIAL;1;1745,36
202605;2;MG;80484;VOTORANTIM - PRUDENCIAL;1;33917,40
202605;2;MS;80075;BRADESCO - PRUDENCIAL;1;6519,85
202605;2;MS;80099;ITAU - PRUDENCIAL;3;155,40
202605;2;MT;80484;VOTORANTIM - PRUDENCIAL;1;1469,04
202605;2;PA;80075;BRADESCO - PRUDENCIAL;1;2193,06
202605;2;PA;80099;ITAU - PRUDENCIAL;1;94,62
202605;2;PB;80075;BRADESCO - PRUDENCIAL;1;12783,83
202605;2;PB;80484;VOTORANTIM - PRUDENCIAL;1;2109,88
202605;2;PE;80075;BRADESCO - PRUDENCIAL;1;13102,29
202605;2;PE;80099;ITAU - PRUDENCIAL;2;300,20
202605;2;PI;81593;BCO DO NORDESTE DO BRASIL S.A. - PRUDENCIAL;8;78456,93
202605;2;PR;80738;CAIXA ECONÔMICA FEDERAL - PRUDENCIAL;2;4285,81
202605;2;PR;80099;ITAU - PRUDENCIAL;5;112,26
202605;2;PR;80484;VOTORANTIM - PRUDENCIAL;3;1930,04
202605;2;RJ;80075;BRADESCO - PRUDENCIAL;2;18035,48
202605;2;RJ;80099;ITAU - PRUDENCIAL;9;675,98
202605;2;RO;80075;BRADESCO - PRUDENCIAL;1;10081,05
202605;2;RO;80484;VOTORANTIM - PRUDENCIAL;1;2977,24
202605;2;RR;80484;VOTORANTIM - PRUDENCIAL;1;9981,08
202605;2;RS;80075;BRADESCO - PRUDENCIAL;1;3832,67
202605;2;RS;80099;ITAU - PRUDENCIAL;2;201,56
202605;2;RS;80484;VOTORANTIM - PRUDENCIAL;1;857,64
202605;2;SC;80484;VOTORANTIM - PRUDENCIAL;1;1343,43
202605;2;SP;80075;BRADESCO - PRUDENCIAL;7;50818,17
202605;2;SP;80099;ITAU - PRUDENCIAL;11;852,96
202605;2;SP;80185;SANTANDER - PRUDENCIAL;2;4047,86
202605;2;SP;80484;VOTORANTIM - PRUDENCIAL;9;19890,79
202605;3;AL;80185;SANTANDER - PRUDENCIAL;4;44774,60
202605;3;AM;80075;BRADESCO - PRUDENCIAL;1;21810,48
202605;3;AM;80185;SANTANDER - PRUDENCIAL;5;54145,13
202605;3;AP;80185;SANTANDER - PRUDENCIAL;4;119262,42
202605;3;BA;80075;BRADESCO - PRUDENCIAL;3;325979,64
202605;3;BA;80185;SANTANDER - PRUDENCIAL;5;78453,89
202605;3;CE;80185;SANTANDER - PRUDENCIAL;1;24340,23
202605;3;DF;80185;SANTANDER - PRUDENCIAL;1;1954,03
202605;3;ES;80075;BRADESCO - PRUDENCIAL;2;31060,13
202605;3;ES;80185;SANTANDER - PRUDENCIAL;1;33176,54
202605;3;GO;80075;BRADESCO - PRUDENCIAL;2;40093,53
202605;3;GO;80185;SANTANDER - PRUDENCIAL;4;75045,90
202605;3;MA;80075;BRADESCO - PRUDENCIAL;3;587460,73
202605;3;MA;80185;SANTANDER - PRUDENCIAL;2;5067,65
202605;3;MG;80075;BRADESCO - PRUDENCIAL;2;215248,15
202605;3;MG;80185;SANTANDER - PRUDENCIAL;29;261598,65
202605;3;MS;80075;BRADESCO - PRUDENCIAL;3;5294,53
202605;3;MS;80185;SANTANDER - PRUDENCIAL;3;30630,18
202605;3;MT;80185;SANTANDER - PRUDENCIAL;1;38289,27
202605;3;PA;80185;SANTANDER - PRUDENCIAL;9;156366,49
202605;3;PE;80075;BRADESCO - PRUDENCIAL;2;54628,18
202605;3;PE;80185;SANTANDER - PRUDENCIAL;12;86863,24
202605;3;PR;80075;BRADESCO - PRUDENCIAL;1;113063,34
202605;3;PR;80185;SANTANDER - PRUDENCIAL;6;158351,70
202605;3;RJ;80075;BRADESCO - PRUDENCIAL;4;173638,62
202605;3;RJ;80185;SANTANDER - PRUDENCIAL;13;175701,87
202605;3;RO;80075;BRADESCO - PRUDENCIAL;1;11521,59
202605;3;RO;80185;SANTANDER - PRUDENCIAL;4;66780,02
202605;3;RR;80185;SANTANDER - PRUDENCIAL;1;44840,31
202605;3;RS;80075;BRADESCO - PRUDENCIAL;3;112737,79
202605;3;RS;80185;SANTANDER - PRUDENCIAL;6;46538,53
202605;3;SC;80075;BRADESCO - PRUDENCIAL;1;8001,09
202605;3;SC;80185;SANTANDER - PRUDENCIAL;1;4274,04
202605;3;SE;80185;SANTANDER - PRUDENCIAL;1;13970,26
202605;3;SP;80075;BRADESCO - PRUDENCIAL;12;254081,36
202605;3;SP;80185;SANTANDER - PRUDENCIAL;33;414355,57
202605;4;AC;80329;BB - PRUDENCIAL;36;166161,23
202605;4;AC;80075;BRADESCO - PRUDENCIAL;24;39390,83
202605;4;AC;80336;BTG PACTUAL - PRUDENCIAL;5;11768,97
202605;4;AC;80738;CAIXA ECONÔMICA FEDERAL - PRUDENCIAL;27;92357,40
202605;4;AC;80996;INTER - PRUDENCIAL;20;59070,58
202605;4;AC;80099;ITAU - PRUDENCIAL;103;156604,72
202605;4;AC;85702;NEON PAGAMENTOS IP - PRUDENCIAL;3;1828,75
202605;4;AC;84693;NU PAGAMENTOS - PRUDENCIAL;824;1956670,30
202605;4;AC;88022;PICPAY - PRUDENCIAL;1;7877,65
202605;4;AC;80185;SANTANDER - PRUDENCIAL;187;227736,67
202605;4;AL;80329;BB - PRUDENCIAL;49;122725,21
202605;4;AL;80075;BRADESCO - PRUDENCIAL;100;123744,63
202605;4;AL;80336;BTG PACTUAL - PRUDENCIAL;16;24719,93
202605;4;AL;80738;CAIXA ECONÔMICA FEDERAL - PRUDENCIAL;87;173758,18
202605;4;AL;80996;INTER - PRUDENCIAL;94;362379,49
202605;4;AL;80099;ITAU - PRUDENCIAL;898;1846433,99
202605;4;AL;85702;NEON PAGAMENTOS IP - PRUDENCIAL;18;20861,48
202605;4;AL;84693;NU PAGAMENTOS - PRUDENCIAL;2557;4639177,04
202605;4;AL;88022;PICPAY - PRUDENCIAL;10;11727,10
202605;4;AL;80185;SANTANDER - PRUDENCIAL;736;1031506,28
202605;4;AM;80329;BB - PRUDENCIAL;52;144134,57
202605;4;AM;80075;BRADESCO - PRUDENCIAL;314;530274,74
202605;4;AM;80336;BTG PACTUAL - PRUDENCIAL;37;60600,42
202605;4;AM;80738;CAIXA ECONÔMICA FEDERAL - PRUDENCIAL;89;191764,31
202605;4;AM;80996;INTER - PRUDENCIAL;120;419222,32
202605;4;AM;80099;ITAU - PRUDENCIAL;818;1539464,70
202605;4;AM;85702;NEON PAGAMENTOS IP - PRUDENCIAL;20;13449,05
202605;4;AM;84693;NU PAGAMENTOS - PRUDENCIAL;3411;6743400,18
202605;4;AM;88022;PICPAY - PRUDENCIAL;9;10405,46
202605;4;AM;80185;SANTANDER - PRUDENCIAL;950;1219721,50
202605;4;AP;80329;BB - PRUDENCIAL;29;106962,81
202605;4;AP;80075;BRADESCO - PRUDENCIAL;24;25851,58
202605;4;AP;80336;BTG PACTUAL - PRUDENCIAL;14;18402,32
202605;4;AP;80738;CAIXA ECONÔMICA FEDERAL - PRUDENCIAL;8;48151,97
202605;4;AP;80996;INTER - PRUDENCIAL;19;58643,08
202605;4;AP;80099;ITAU - PRUDENCIAL;99;156567,15
202605;4;AP;85702;NEON PAGAMENTOS IP - PRUDENCIAL;5;4592,60
202605;4;AP;84693;NU PAGAMENTOS - PRUDENCIAL;649;1313265,21
202605;4;AP;88022;PICPAY - PRUDENCIAL;2;2590,22
202605;4;AP;80185;SANTANDER - PRUDENCIAL;201;288849,82
202605;4;BA;80329;BB - PRUDENCIAL;204;541021,68
202605;4;BA;80075;BRADESCO - PRUDENCIAL;696;1020485,15
202605;4;BA;80336;BTG PACTUAL - PRUDENCIAL;148;240980,57
202605;4;BA;80738;CAIXA ECONÔMICA FEDERAL - PRUDENCIAL;279;592529,61
202605;4;BA;80996;INTER - PRUDENCIAL;435;1576514,84
202605;4;BA;80099;ITAU - PRUDENCIAL;3507;7263120,54
202605;4;BA;85702;NEON PAGAMENTOS IP - PRUDENCIAL;82;58819,09
202605;4;BA;84693;NU PAGAMENTOS - PRUDENCIAL;12508;24410503,51
202605;4;BA;88022;PICPAY - PRUDENCIAL;30;31369,43
202605;4;BA;80185;SANTANDER - PRUDENCIAL;3673;5101340,62
202605;4;CE;80329;BB - PRUDENCIAL;134;370898,41
202605;4;CE;80075;BRADESCO - PRUDENCIAL;512;854433,21
202605;4;CE;80336;BTG PACTUAL - PRUDENCIAL;85;124925,64
202605;4;CE;80738;CAIXA ECONÔMICA FEDERAL - PRUDENCIAL;148;223114,20
202605;4;CE;80996;INTER - PRUDENCIAL;333;1158042,59
202605;4;CE;80099;ITAU - PRUDENCIAL;2244;4552761,64
202605;4;CE;85702;NEON PAGAMENTOS IP - PRUDENCIAL;51;40312,82
202605;4;CE;84693;NU PAGAMENTOS - PRUDENCIAL;10236;20391399,56
202605;4;CE;88022;PICPAY - PRUDENCIAL;15;15778,14
202605;4;CE;80185;SANTANDER - PRUDENCIAL;3134;4659006,67
202605;4;DF;80329;BB - PRUDENCIAL;35;98267,76
202605;4;DF;80075;BRADESCO - PRUDENCIAL;145;150276,05
202605;4;DF;80336;BTG PACTUAL - PRUDENCIAL;28;48891,32
202605;4;DF;80738;CAIXA ECONÔMICA FEDERAL - PRUDENCIAL;101;182442,80
202605;4;DF;80996;INTER - PRUDENCIAL;161;803914,54
202605;4;DF;80099;ITAU - PRUDENCIAL;1153;2587165,88
202605;4;DF;85702;NEON PAGAMENTOS IP - PRUDENCIAL;16;16956,27
202605;4;DF;84693;NU PAGAMENTOS - PRUDENCIAL;4210;9725884,64
202605;4;DF;88022;PICPAY - PRUDENCIAL;8;9939,46
202605;4;DF;80185;SANTANDER - PRUDENCIAL;1114;1669497,45
202605;4;ES;80329;BB - PRUDENCIAL;43;125001,52
202605;4;ES;80075;BRADESCO - PRUDENCIAL;119;151052,38
202605;4;ES;80336;BTG PACTUAL - PRUDENCIAL;39;59557,96
202605;4;ES;80738;CAIXA ECONÔMICA FEDERAL - PRUDENCIAL;106;278184,26
202605;4;ES;90497256;COOP SICREDI INTERESTADOS;1;1767,50
202605;4;ES;80996;INTER - PRUDENCIAL;146;675719,17
202605;4;ES;80099;ITAU - PRUDENCIAL;749;1568482,82
202605;4;ES;85702;NEON PAGAMENTOS IP - PRUDENCIAL;13;15261,70
202605;4;ES;84693;NU PAGAMENTOS - PRUDENCIAL;3021;6363703,63
202605;4;ES;88022;PICPAY - PRUDENCIAL;12;15128,04
202605;4;ES;80185;SANTANDER - PRUDENCIAL;1049;1502780,81
202605;4;GO;80329;BB - PRUDENCIAL;105;333186,87
202605;4;GO;80075;BRADESCO - PRUDENCIAL;345;533152,66
202605;4;GO;80336;BTG PACTUAL - PRUDENCIAL;83;149580,97
202605;4;GO;80738;CAIXA ECONÔMICA FEDERAL - PRUDENCIAL;281;735507,53
202605;4;GO;10736214;COOP SICREDI PLAN CENTRAL;1;2495,13
202605;4;GO;80996;INTER - PRUDENCIAL;273;959785,46
202605;4;GO;80099;ITAU - PRUDENCIAL;2544;5826011,28
202605;4;GO;85702;NEON PAGAMENTOS IP - PRUDENCIAL;26;15377,76
202605;4;GO;84693;NU PAGAMENTOS - PRUDENCIAL;8471;19546598,08
202605;4;GO;88022;PICPAY - PRUDENCIAL;11;18378,88
202605;4;GO;80185;SANTANDER - PRUDENCIAL;1922;2929661,52
202605;4;MA;80329;BB - PRUDENCIAL;178;496159,65
202605;4;MA;80075;BRADESCO - PRUDENCIAL;252;326825,60
202605;4;MA;80336;BTG PACTUAL - PRUDENCIAL;52;73195,00
202605;4;MA;80738;CAIXA ECONÔMICA FEDERAL - PRUDENCIAL;136;291535,71
202605;4;MA;80996;INTER - PRUDENCIAL;173;634937,00
202605;4;MA;80099;ITAU - PRUDENCIAL;1102;2179812,57
202605;4;MA;85702;NEON PAGAMENTOS IP - PRUDENCIAL;33;22979,09
202605;4;MA;84693;NU PAGAMENTOS - PRUDENCIAL;7116;14847041,07
202605;4;MA;88022;PICPAY - PRUDENCIAL;10;11692,93
202605;4;MA;80185;SANTANDER - PRUDENCIAL;1400;1938594,41
202605;4;MG;80329;BB - PRUDENCIAL;235;664418,09
202605;4;MG;80075;BRADESCO - PRUDENCIAL;885;1421299,09
202605;4;MG;80336;BTG PACTUAL - PRUDENCIAL;222;368137,63
202605;4;MG;80738;CAIXA ECONÔMICA FEDERAL - PRUDENCIAL;628;1422072,84
202605;4;MG;90729369;COOP SICREDI CULTURAS RS/MG;1;9573,71
202605;4;MG;87510475;COOP SICREDI ROTA DAS TERRAS;2;8633,47
202605;4;MG;81706616;COOP SICREDI VLR SUSTENT PR/SP;1;2992,37
202605;4;MG;80996;INTER - PRUDENCIAL;1057;4598242,55
202605;4;MG;80099;ITAU - PRUDENCIAL;6551;14505947,04
202605;4;MG;85702;NEON PAGAMENTOS IP - PRUDENCIAL;72;61177,27
202605;4;MG;84693;NU PAGAMENTOS - PRUDENCIAL;19951;43340595,22
202605;4;MG;88022;PICPAY - PRUDENCIAL;45;53981,66
202605;4;MG;80185;SANTANDER - PRUDENCIAL;6181;8934714,30
202605;4;MS;80329;BB - PRUDENCIAL;62;180421,59
202605;4;MS;80075;BRADESCO - PRUDENCIAL;184;272960,13
202605;4;MS;80336;BTG PACTUAL - PRUDENCIAL;41;58763,84
202605;4;MS;80738;CAIXA ECONÔMICA FEDERAL - PRUDENCIAL;93;236920,07
202605;4;MS;80996;INTER - PRUDENCIAL;97;383580,90
202605;4;MS;80099;ITAU - PRUDENCIAL;719;1512310,65
202605;4;MS;85702;NEON PAGAMENTOS IP - PRUDENCIAL;18;18174,13
202605;4;MS;84693;NU PAGAMENTOS - PRUDENCIAL;3047;6286522,84
202605;4;MS;88022;PICPAY - PRUDENCIAL;7;10453,14
202605;4;MS;80185;SANTANDER - PRUDENCIAL;766;1161216,46
202605;4;MT;80329;BB - PRUDENCIAL;134;364621,39
202605;4;MT;80075;BRADESCO - PRUDENCIAL;172;291142,11
202605;4;MT;80336;BTG PACTUAL - PRUDENCIAL;46;86093,51
202605;4;MT;80738;CAIXA ECONÔMICA FEDERAL - PRUDENCIAL;83;194031,82
202605;4;MT;70431630;COOP SICREDI UNIVALES MT/RO;2;2325,59
202605;4;MT;80996;INTER - PRUDENCIAL;130;550913,77
202605;4;MT;80099;ITAU - PRUDENCIAL;790;1771267,22
202605;4;MT;85702;NEON PAGAMENTOS IP - PRUDENCIAL;26;20362,20
202605;4;MT;84693;NU PAGAMENTOS - PRUDENCIAL;4080;10003860,49
202605;4;MT;88022;PICPAY - PRUDENCIAL;4;5548,95
202605;4;MT;80185;SANTANDER - PRUDENCIAL;774;1190898,40
202605;4;PA;80329;BB - PRUDENCIAL;106;385560,51
202605;4;PA;81438;BCO TRIANGULO S.A. - PRUDENCIAL;1;160,01
202605;4;PA;80075;BRADESCO - PRUDENCIAL;311;458629,08
202605;4;PA;80336;BTG PACTUAL - PRUDENCIAL;77;120559,99
202605;4;PA;80738;CAIXA ECONÔMICA FEDERAL - PRUDENCIAL;115;213198,09
202605;4;PA;80996;INTER - PRUDENCIAL;263;889220,11
202605;4;PA;80099;ITAU - PRUDENCIAL;1591;2988079,47
202605;4;PA;85702;NEON PAGAMENTOS IP - PRUDENCIAL;39;28294,60
202605;4;PA;84693;NU PAGAMENTOS - PRUDENCIAL;8080;17077866,84
202605;4;PA;88022;PICPAY - PRUDENCIAL;12;8565,85
202605;4;PA;80185;SANTANDER - PRUDENCIAL;1727;2275440,03
202605;4;PB;80329;BB - PRUDENCIAL;72;162504,38
202605;4;PB;80075;BRADESCO - PRUDENCIAL;202;382317,90
202605;4;PB;80336;BTG PACTUAL - PRUDENCIAL;39;68967,23
202605;4;PB;80738;CAIXA ECONÔMICA FEDERAL - PRUDENCIAL;54;81770,99
202605;4;PB;80996;INTER - PRUDENCIAL;124;468796,81
202605;4;PB;80099;ITAU - PRUDENCIAL;1019;2052678,19
202605;4;PB;85702;NEON PAGAMENTOS IP - PRUDENCIAL;15;13054,57
202605;4;PB;84693;NU PAGAMENTOS - PRUDENCIAL;3946;7441679,50
202605;4;PB;88022;PICPAY - PRUDENCIAL;8;6871,69
202605;4;PB;80185;SANTANDER - PRUDENCIAL;1057;1598307,50
202605;4;PE;80329;BB - PRUDENCIAL;97;255477,62
202605;4;PE;80075;BRADESCO - PRUDENCIAL;458;711084,45
202605;4;PE;80336;BTG PACTUAL - PRUDENCIAL;55;111057,45
202605;4;PE;80738;CAIXA ECONÔMICA FEDERAL - PRUDENCIAL;95;174561,71
202605;4;PE;80996;INTER - PRUDENCIAL;267;988769,89
202605;4;PE;80099;ITAU - PRUDENCIAL;2504;4997998,99
202605;4;PE;85702;NEON PAGAMENTOS IP - PRUDENCIAL;43;40614,64
202605;4;PE;84693;NU PAGAMENTOS - PRUDENCIAL;7540;14033812,37
202605;4;PE;88022;PICPAY - PRUDENCIAL;9;9436,61
202605;4;PE;80185;SANTANDER - PRUDENCIAL;2598;3433413,84
202605;4;PI;80329;BB - PRUDENCIAL;126;314613,83
202605;4;PI;80075;BRADESCO - PRUDENCIAL;84;97575,64
202605;4;PI;80336;BTG PACTUAL - PRUDENCIAL;31;63586,46
202605;4;PI;80738;CAIXA ECONÔMICA FEDERAL - PRUDENCIAL;90;169227,99
202605;4;PI;80996;INTER - PRUDENCIAL;104;376376,55
202605;4;PI;80099;ITAU - PRUDENCIAL;708;1299525,45
202605;4;PI;85702;NEON PAGAMENTOS IP - PRUDENCIAL;17;10611,42
202605;4;PI;84693;NU PAGAMENTOS - PRUDENCIAL;4193;8570079,90
202605;4;PI;88022;PICPAY - PRUDENCIAL;5;3793,76
202605;4;PI;80185;SANTANDER - PRUDENCIAL;851;1276807,52
202605;4;PR;80329;BB - PRUDENCIAL;247;740239,54
202605;4;PR;80075;BRADESCO - PRUDENCIAL;575;888182,46
202605;4;PR;80336;BTG PACTUAL - PRUDENCIAL;124;192646,54
202605;4;PR;80738;CAIXA ECONÔMICA FEDERAL - PRUDENCIAL;482;1176255,43
202605;4;PR;79342069;COOP SICREDI DEXIS;1;3001,37
202605;4;PR;79086997;COOP SICREDI PARANAPANEMA SERRANA PR/SP/RJ;7;24708,59
202605;4;PR;76059997;COOP SICREDI PROGRESSO PR/SP;1;1770,31
202605;4;PR;10348181;COOP SICREDI VALE LITORAL SC;1;1373,17
202605;4;PR;81706616;COOP SICREDI VLR SUSTENT PR/SP;11;26626,08
202605;4;PR;80996;INTER - PRUDENCIAL;309;1361782,65
202605;4;PR;80099;ITAU - PRUDENCIAL;4008;8835444,68
202605;4;PR;85702;NEON PAGAMENTOS IP - PRUDENCIAL;47;53425,14
202605;4;PR;84693;NU PAGAMENTOS - PRUDENCIAL;11327;25082212,93
202605;4;PR;88022;PICPAY - PRUDENCIAL;27;40585,83
202605;4;PR;80185;SANTANDER - PRUDENCIAL;3210;4712710,83
202605;4;RJ;80329;BB - PRUDENCIAL;84;195068,09
202605;4;RJ;80075;BRADESCO - PRUDENCIAL;906;1451445,57
202605;4;RJ;80336;BTG PACTUAL - PRUDENCIAL;175;270391,02
202605;4;RJ;80738;CAIXA ECONÔMICA FEDERAL - PRUDENCIAL;310;593536,80
202605;4;RJ;79086997;COOP SICREDI PARANAPANEMA SERRANA PR/SP/RJ;1;1724,17
202605;4;RJ;80996;INTER - PRUDENCIAL;475;1979009,98
202605;4;RJ;80099;ITAU - PRUDENCIAL;7126;14577800,69
202605;4;RJ;85702;NEON PAGAMENTOS IP - PRUDENCIAL;59;52699,11
202605;4;RJ;84693;NU PAGAMENTOS - PRUDENCIAL;15332;29045692,66
202605;4;RJ;88022;PICPAY - PRUDENCIAL;29;34675,66
202605;4;RJ;80185;SANTANDER - PRUDENCIAL;7188;10329713,84
202605;4;RN;80329;BB - PRUDENCIAL;93;229007,61
202605;4;RN;80075;BRADESCO - PRUDENCIAL;158;246367,74
202605;4;RN;80336;BTG PACTUAL - PRUDENCIAL;41;70837,88
202605;4;RN;80738;CAIXA ECONÔMICA FEDERAL - PRUDENCIAL;73;143215,80
202605;4;RN;80996;INTER - PRUDENCIAL;113;394479,24
202605;4;RN;80099;ITAU - PRUDENCIAL;904;1945663,63
202605;4;RN;85702;NEON PAGAMENTOS IP - PRUDENCIAL;25;15047,76
202605;4;RN;84693;NU PAGAMENTOS - PRUDENCIAL;3418;6177357,89
202605;4;RN;88022;PICPAY - PRUDENCIAL;9;11712,63
202605;4;RN;80185;SANTANDER - PRUDENCIAL;1021;1367979,64
202605;4;RO;80329;BB - PRUDENCIAL;52;160594,90
202605;4;RO;80075;BRADESCO - PRUDENCIAL;86;139391,51
202605;4;RO;80336;BTG PACTUAL - PRUDENCIAL;21;24117,32
202605;4;RO;80738;CAIXA ECONÔMICA FEDERAL - PRUDENCIAL;64;198395,13
202605;4;RO;70431630;COOP SICREDI UNIVALES MT/RO;1;631,01
202605;4;RO;80996;INTER - PRUDENCIAL;71;296489,09
202605;4;RO;80099;ITAU - PRUDENCIAL;219;404981,50
202605;4;RO;85702;NEON PAGAMENTOS IP - PRUDENCIAL;7;2889,25
202605;4;RO;84693;NU PAGAMENTOS - PRUDENCIAL;2019;4678017,83
202605;4;RO;88022;PICPAY - PRUDENCIAL;1;735,05
202605;4;RO;80185;SANTANDER - PRUDENCIAL;309;470890,65
202605;4;RR;80329;BB - PRUDENCIAL;30;114111,56
202605;4;RR;80075;BRADESCO - PRUDENCIAL;33;27109,54
202605;4;RR;80336;BTG PACTUAL - PRUDENCIAL;5;2382,43
202605;4;RR;80738;CAIXA ECONÔMICA FEDERAL - PRUDENCIAL;10;18132,46
202605;4;RR;80996;INTER - PRUDENCIAL;23;59644,28
202605;4;RR;80099;ITAU - PRUDENCIAL;160;303037,44
202605;4;RR;85702;NEON PAGAMENTOS IP - PRUDENCIAL;3;3661,65
202605;4;RR;84693;NU PAGAMENTOS - PRUDENCIAL;616;1158972,86
202605;4;RR;80185;SANTANDER - PRUDENCIAL;217;289957,54
202605;4;RS;80154;BANRISUL - PRUDENCIAL;7;33801,34
202605;4;RS;80329;BB - PRUDENCIAL;170;486628,48
202605;4;RS;80075;BRADESCO - PRUDENCIAL;351;548909,76
202605;4;RS;80336;BTG PACTUAL - PRUDENCIAL;90;142731,14
202605;4;RS;80738;CAIXA ECONÔMICA FEDERAL - PRUDENCIAL;519;1238790,18
202605;4;RS;92555150;COOP SICREDI ALT SERRA RS/SC;2;7723,02
202605;4;RS;90729369;COOP SICREDI CULTURAS RS/MG;1;6165,56
202605;4;RS;90497256;COOP SICREDI INTERESTADOS;1;1076,38
202605;4;RS;95594941;COOP SICREDI REG CENTRO RS/MG;1;4470,53
202605;4;RS;80996;INTER - PRUDENCIAL;294;1387473,90
202605;4;RS;80099;ITAU - PRUDENCIAL;2712;5899191,72
202605;4;RS;85702;NEON PAGAMENTOS IP - PRUDENCIAL;29;28793,86
202605;4;RS;84693;NU PAGAMENTOS - PRUDENCIAL;10171;22029419,62
202605;4;RS;80903;ORIGINAL - PRUDENCIAL;1;2194,50
202605;4;RS;88022;PICPAY - PRUDENCIAL;6;4975,93
202605;4;RS;80185;SANTANDER - PRUDENCIAL;2910;4339852,92
202605;4;SC;80329;BB - PRUDENCIAL;190;700952,67
202605;4;SC;80075;BRADESCO - PRUDENCIAL;300;520495,20
202605;4;SC;80336;BTG PACTUAL - PRUDENCIAL;82;143520,36
202605;4;SC;80738;CAIXA ECONÔMICA FEDERAL - PRUDENCIAL;278;784678,05
202605;4;SC;87795639;COOP SICREDI ALIANÇA;1;14701,59
202605;4;SC;92555150;COOP SICREDI ALT SERRA RS/SC;1;3184,99
202605;4;SC;10348181;COOP SICREDI VALE LITORAL SC;3;12701,73
202605;4;SC;81706616;COOP SICREDI VLR SUSTENT PR/SP;1;11521,20
202605;4;SC;80996;INTER - PRUDENCIAL;176;791917,30
202605;4;SC;80099;ITAU - PRUDENCIAL;1748;4052289,31
202605;4;SC;85702;NEON PAGAMENTOS IP - PRUDENCIAL;25;27949,12
202605;4;SC;84693;NU PAGAMENTOS - PRUDENCIAL;6401;15467446,55
202605;4;SC;88022;PICPAY - PRUDENCIAL;11;15064,56
202605;4;SC;80185;SANTANDER - PRUDENCIAL;1861;2997801,16
202605;4;SE;80329;BB - PRUDENCIAL;24;43851,42
202605;4;SE;80075;BRADESCO - PRUDENCIAL;56;73345,56
202605;4;SE;80336;BTG PACTUAL - PRUDENCIAL;31;58756,66
202605;4;SE;80738;CAIXA ECONÔMICA FEDERAL - PRUDENCIAL;68;134856,53
202605;4;SE;80996;INTER - PRUDENCIAL;89;320171,24
202605;4;SE;80099;ITAU - PRUDENCIAL;546;1053393,43
202605;4;SE;85702;NEON PAGAMENTOS IP - PRUDENCIAL;17;13589,35
202605;4;SE;84693;NU PAGAMENTOS - PRUDENCIAL;2032;3633960,22
202605;4;SE;88022;PICPAY - PRUDENCIAL;3;9034,83
202605;4;SE;80185;SANTANDER - PRUDENCIAL;603;845887,37
202605;4;SP;80329;BB - PRUDENCIAL;572;1633913,86
202605;4;SP;80075;BRADESCO - PRUDENCIAL;3412;5121204,08
202605;4;SP;80336;BTG PACTUAL - PRUDENCIAL;678;1138246,11
202605;4;SP;80738;CAIXA ECONÔMICA FEDERAL - PRUDENCIAL;1393;2791702,90
202605;4;SP;79052122;COOP SICREDI ALIANÇA;1;8949,46
202605;4;SP;84974278;COOP SICREDI IGUAÇU PR/SC E REGIÃO METROP. DE CAMPINAS/SP;1;2268,31
202605;4;SP;79086997;COOP SICREDI PARANAPANEMA SERRANA PR/SP/RJ;4;5507,71
202605;4;SP;76059997;COOP SICREDI PROGRESSO PR/SP;1;567,00
202605;4;SP;81706616;COOP SICREDI VLR SUSTENT PR/SP;7;22465,08
202605;4;SP;80996;INTER - PRUDENCIAL;1660;7444679,33
202605;4;SP;80099;ITAU - PRUDENCIAL;22472;49941012,53
202605;4;SP;85702;NEON PAGAMENTOS IP - PRUDENCIAL;202;178254,47
202605;4;SP;84693;NU PAGAMENTOS - PRUDENCIAL;53693;112530348,34
202605;4;SP;88022;PICPAY - PRUDENCIAL;125;154766,15
202605;4;SP;80185;SANTANDER - PRUDENCIAL;22903;35672947,72
202605;4;TO;80329;BB - PRUDENCIAL;50;196257,92
202605;4;TO;80075;BRADESCO - PRUDENCIAL;79;143795,18
202605;4;TO;80336;BTG PACTUAL - PRUDENCIAL;13;17026,19
202605;4;TO;80738;CAIXA ECONÔMICA FEDERAL - PRUDENCIAL;32;74184,47
202605;4;TO;80996;INTER - PRUDENCIAL;50;255513,79
202605;4;TO;80099;ITAU - PRUDENCIAL;259;531779,11
202605;4;TO;85702;NEON PAGAMENTOS IP - PRUDENCIAL;13;8261,27
202605;4;TO;84693;NU PAGAMENTOS - PRUDENCIAL;1784;4129210,28
202605;4;TO;88022;PICPAY - PRUDENCIAL;5;3988,68
202605;4;TO;80185;SANTANDER - PRUDENCIAL;304;451791,33
202606;1;AC;80185;SANTANDER - PRUDENCIAL;1;502,86
202606;1;AL;80329;BB - PRUDENCIAL;1;66,08
202606;1;AL;80738;CAIXA ECONÔMICA FEDERAL - PRUDENCIAL;1;141,25
202606;1;AL;80185;SANTANDER - PRUDENCIAL;1;2890,06
202606;1;AM;80996;INTER - PRUDENCIAL;1;181,99
202606;1;AM;80099;ITAU - PRUDENCIAL;1;149,31
202606;1;AM;84693;NU PAGAMENTOS - PRUDENCIAL;1;146,18
202606;1;AM;80185;SANTANDER - PRUDENCIAL;1;112,91
202606;1;BA;84693;NU PAGAMENTOS - PRUDENCIAL;2;123,39
202606;1;BA;80185;SANTANDER - PRUDENCIAL;6;5335,74
202606;1;CE;80329;BB - PRUDENCIAL;1;151,58
202606;1;CE;80738;CAIXA ECONÔMICA FEDERAL - PRUDENCIAL;1;141,33
202606;1;CE;80996;INTER - PRUDENCIAL;1;200,13
202606;1;CE;84693;NU PAGAMENTOS - PRUDENCIAL;1;147,83
202606;1;CE;80185;SANTANDER - PRUDENCIAL;7;6771,22
202606;1;DF;84844;BANCO C6 - PRUDENCIAL;1;259,06
202606;1;DF;84693;NU PAGAMENTOS - PRUDENCIAL;2;251,89
202606;1;DF;80185;SANTANDER - PRUDENCIAL;2;2399,86
202606;1;ES;84693;NU PAGAMENTOS - PRUDENCIAL;1;194,56
202606;1;ES;80185;SANTANDER - PRUDENCIAL;1;164,83
202606;1;GO;80738;CAIXA ECONÔMICA FEDERAL - PRUDENCIAL;2;322,32
202606;1;GO;84693;NU PAGAMENTOS - PRUDENCIAL;1;144,73
202606;1;GO;80185;SANTANDER - PRUDENCIAL;2;116,57
202606;1;MA;80738;CAIXA ECONÔMICA FEDERAL - PRUDENCIAL;1;142,60
202606;1;MA;80996;INTER - PRUDENCIAL;1;181,80
202606;1;MA;84693;NU PAGAMENTOS - PRUDENCIAL;3;359,98
202606;1;MA;80185;SANTANDER - PRUDENCIAL;2;3745,01
202606;1;MG;84844;BANCO C6 - PRUDENCIAL;1;399,44
202606;1;MG;80329;BB - PRUDENCIAL;1;238,58
202606;1;MG;80075;BRADESCO - PRUDENCIAL;1;410,93
202606;1;MG;80336;BTG PACTUAL - PRUDENCIAL;1;148,30
202606;1;MG;84693;NU PAGAMENTOS - PRUDENCIAL;4;455,68
202606;1;MG;80185;SANTANDER - PRUDENCIAL;10;13024,26
202606;1;MS;80329;BB - PRUDENCIAL;1;32,88
202606;1;MS;84693;NU PAGAMENTOS - PRUDENCIAL;1;194,87
202606;1;MS;80185;SANTANDER - PRUDENCIAL;3;2444,57
202606;1;MT;84844;BANCO C6 - PRUDENCIAL;1;212,76
202606;1;MT;84693;NU PAGAMENTOS - PRUDENCIAL;1;73,41
202606;1;MT;80185;SANTANDER - PRUDENCIAL;1;1131,72
202606;1;PA;84844;BANCO C6 - PRUDENCIAL;1;324,72
202606;1;PA;80996;INTER - PRUDENCIAL;1;96,08
202606;1;PA;80185;SANTANDER - PRUDENCIAL;4;2752,40
202606;1;PB;80075;BRADESCO - PRUDENCIAL;1;200,67
202606;1;PB;80185;SANTANDER - PRUDENCIAL;1;905,63
202606;1;PE;80738;CAIXA ECONÔMICA FEDERAL - PRUDENCIAL;1;170,97
202606;1;PE;80099;ITAU - PRUDENCIAL;1;117,26
202606;1;PE;84693;NU PAGAMENTOS - PRUDENCIAL;4;297,73
202606;1;PE;80185;SANTANDER - PRUDENCIAL;4;4584,93
202606;1;PI;84844;BANCO C6 - PRUDENCIAL;1;210,82
202606;1;PR;84844;BANCO C6 - PRUDENCIAL;1;244,32
202606;1;PR;84693;NU PAGAMENTOS - PRUDENCIAL;5;2101,43
202606;1;PR;80185;SANTANDER - PRUDENCIAL;7;11896,24
202606;1;RJ;84844;BANCO C6 - PRUDENCIAL;4;974,90
202606;1;RJ;84693;NU PAGAMENTOS - PRUDENCIAL;2;129,69
202606;1;RJ;80185;SANTANDER - PRUDENCIAL;15;16884,91
202606;1;RN;80738;CAIXA ECONÔMICA FEDERAL - PRUDENCIAL;1;53,82
202606;1;RN;84693;NU PAGAMENTOS - PRUDENCIAL;1;106,77
202606;1;RN;80185;SANTANDER - PRUDENCIAL;3;3844,92
202606;1;RS;84844;BANCO C6 - PRUDENCIAL;2;615,87
202606;1;RS;80738;CAIXA ECONÔMICA FEDERAL - PRUDENCIAL;1;147,34
202606;1;RS;80099;ITAU - PRUDENCIAL;1;200,13
202606;1;RS;84693;NU PAGAMENTOS - PRUDENCIAL;4;447,18
202606;1;RS;80185;SANTANDER - PRUDENCIAL;4;3564,47
202606;1;SC;84844;BANCO C6 - PRUDENCIAL;1;221,37
202606;1;SC;84693;NU PAGAMENTOS - PRUDENCIAL;2;73,21
202606;1;SC;80185;SANTANDER - PRUDENCIAL;5;4186,41
202606;1;SE;84693;NU PAGAMENTOS - PRUDENCIAL;1;72,49
202606;1;SP;84844;BANCO C6 - PRUDENCIAL;5;1266,79
202606;1;SP;80075;BRADESCO - PRUDENCIAL;2;369,09
202606;1;SP;80336;BTG PACTUAL - PRUDENCIAL;1;49,95
202606;1;SP;80738;CAIXA ECONÔMICA FEDERAL - PRUDENCIAL;6;826,46
202606;1;SP;84693;NU PAGAMENTOS - PRUDENCIAL;4;328,85
202606;1;SP;80185;SANTANDER - PRUDENCIAL;32;31119,18
202606;1;TO;84844;BANCO C6 - PRUDENCIAL;1;220,51
202606;1;TO;80336;BTG PACTUAL - PRUDENCIAL;1;98,87
202606;1;TO;80738;CAIXA ECONÔMICA FEDERAL - PRUDENCIAL;1;131,92
202606;2;BA;84844;BANCO C6 - PRUDENCIAL;2;232,19
202606;2;BA;80075;BRADESCO - PRUDENCIAL;3;6778,98
202606;2;CE;80484;VOTORANTIM - PRUDENCIAL;1;3769,47
202606;2;MA;81593;BCO DO NORDESTE DO BRASIL S.A. - PRUDENCIAL;1;69193,17
202606;2;MA;80075;BRADESCO - PRUDENCIAL;1;6172,82
202606;2;MA;80484;VOTORANTIM - PRUDENCIAL;2;3252,52
202606;2;MG;84844;BANCO C6 - PRUDENCIAL;1;370,80
202606;2;MG;80075;BRADESCO - PRUDENCIAL;1;11073,97
202606;2;MG;80484;VOTORANTIM - PRUDENCIAL;4;13568,77
202606;2;MS;80075;BRADESCO - PRUDENCIAL;1;2112,79
202606;2;MT;80075;BRADESCO - PRUDENCIAL;1;28046,57
202606;2;PA;80484;VOTORANTIM - PRUDENCIAL;1;1346,15
202606;2;PB;81593;BCO DO NORDESTE DO BRASIL S.A. - PRUDENCIAL;1;6175,69
202606;2;PB;80075;BRADESCO - PRUDENCIAL;1;6184,56
202606;2;PB;80484;VOTORANTIM - PRUDENCIAL;1;2388,38
202606;2;PE;81593;BCO DO NORDESTE DO BRASIL S.A. - PRUDENCIAL;3;82889,53
202606;2;PE;80075;BRADESCO - PRUDENCIAL;1;9952,64
202606;2;PE;80484;VOTORANTIM - PRUDENCIAL;1;300,88
202606;2;PI;81593;BCO DO NORDESTE DO BRASIL S.A. - PRUDENCIAL;1;2781,22
202606;2;PR;80075;BRADESCO - PRUDENCIAL;1;2131,29
202606;2;RJ;84844;BANCO C6 - PRUDENCIAL;2;990,42
202606;2;RJ;80075;BRADESCO - PRUDENCIAL;5;53767,21
202606;2;RJ;80099;ITAU - PRUDENCIAL;1;85,49
202606;2;RJ;80484;VOTORANTIM - PRUDENCIAL;4;3976,46
202606;2;RN;80484;VOTORANTIM - PRUDENCIAL;1;4516,83
202606;2;RS;80484;VOTORANTIM - PRUDENCIAL;1;1333,67
202606;2;SC;80075;BRADESCO - PRUDENCIAL;2;14556,83
202606;2;SC;80484;VOTORANTIM - PRUDENCIAL;3;7047,43
202606;2;SP;84844;BANCO C6 - PRUDENCIAL;1;155,59
202606;2;SP;80075;BRADESCO - PRUDENCIAL;5;11782,40
202606;2;SP;80738;CAIXA ECONÔMICA FEDERAL - PRUDENCIAL;1;1354,36
202606;2;SP;80099;ITAU - PRUDENCIAL;2;132,94
202606;2;SP;80484;VOTORANTIM - PRUDENCIAL;6;13767,47
202606;2;TO;84844;BANCO C6 - PRUDENCIAL;1;220,71
202606;3;AL;81593;BCO DO NORDESTE DO BRASIL S.A. - PRUDENCIAL;5;35030,06
202606;3;AL;80075;BRADESCO - PRUDENCIAL;1;9734,25
202606;3;AM;80075;BRADESCO - PRUDENCIAL;3;77136,09
202606;3;BA;81593;BCO DO NORDESTE DO BRASIL S.A. - PRUDENCIAL;38;675668,00
202606;3;BA;80075;BRADESCO - PRUDENCIAL;5;173953,64
202606;3;BA;80185;SANTANDER - PRUDENCIAL;1;4922,05
202606;3;CE;81593;BCO DO NORDESTE DO BRASIL S.A. - PRUDENCIAL;36;566078,93
202606;3;CE;80075;BRADESCO - PRUDENCIAL;1;9547,30
202606;3;DF;80075;BRADESCO - PRUDENCIAL;2;63609,62
202606;3;ES;81593;BCO DO NORDESTE DO BRASIL S.A. - PRUDENCIAL;3;6673,16
202606;3;ES;80185;SANTANDER - PRUDENCIAL;2;13991,27
202606;3;GO;80075;BRADESCO - PRUDENCIAL;2;29996,80
202606;3;MA;81593;BCO DO NORDESTE DO BRASIL S.A. - PRUDENCIAL;25;580531,49
202606;3;MA;80075;BRADESCO - PRUDENCIAL;3;23460,76
202606;3;MG;81593;BCO DO NORDESTE DO BRASIL S.A. - PRUDENCIAL;11;88170,30
202606;3;MG;80075;BRADESCO - PRUDENCIAL;7;229044,06
202606;3;MS;80075;BRADESCO - PRUDENCIAL;10;208813,35
202606;3;MT;80075;BRADESCO - PRUDENCIAL;1;2219,73
202606;3;PA;80075;BRADESCO - PRUDENCIAL;5;232169,28
202606;3;PA;80185;SANTANDER - PRUDENCIAL;1;782,94
202606;3;PB;81593;BCO DO NORDESTE DO BRASIL S.A. - PRUDENCIAL;20;285113,43
202606;3;PB;80075;BRADESCO - PRUDENCIAL;3;137025,22
202606;3;PE;81593;BCO DO NORDESTE DO BRASIL S.A. - PRUDENCIAL;18;818816,97
202606;3;PE;80075;BRADESCO - PRUDENCIAL;6;501469,76
202606;3;PE;80185;SANTANDER - PRUDENCIAL;2;136533,60
202606;3;PI;81593;BCO DO NORDESTE DO BRASIL S.A. - PRUDENCIAL;14;218722,75
202606;3;PI;80075;BRADESCO - PRUDENCIAL;1;25551,35
202606;3;PR;80075;BRADESCO - PRUDENCIAL;12;195092,42
202606;3;PR;80185;SANTANDER - PRUDENCIAL;1;54893,25
202606;3;RJ;80075;BRADESCO - PRUDENCIAL;8;60137,46
202606;3;RJ;80185;SANTANDER - PRUDENCIAL;4;47120,73
202606;3;RN;81593;BCO DO NORDESTE DO BRASIL S.A. - PRUDENCIAL;21;330789,23
202606;3;RN;80075;BRADESCO - PRUDENCIAL;3;53310,46
202606;3;RO;80075;BRADESCO - PRUDENCIAL;2;19006,46
202606;3;RR;80075;BRADESCO - PRUDENCIAL;1;68686,22
202606;3;RS;80075;BRADESCO - PRUDENCIAL;16;1304497,33
202606;3;RS;80185;SANTANDER - PRUDENCIAL;1;1930,12
202606;3;SC;80075;BRADESCO - PRUDENCIAL;6;302301,02
202606;3;SE;81593;BCO DO NORDESTE DO BRASIL S.A. - PRUDENCIAL;2;98619,54
202606;3;SE;80075;BRADESCO - PRUDENCIAL;1;20029,96
202606;3;SP;80075;BRADESCO - PRUDENCIAL;66;3026913,38
202606;3;SP;80185;SANTANDER - PRUDENCIAL;7;79895,45
202606;3;TO;80075;BRADESCO - PRUDENCIAL;3;173163,75
202606;4;AC;84844;BANCO C6 - PRUDENCIAL;1;1667,00
202606;4;AC;80154;BANRISUL - PRUDENCIAL;1;2411,03
202606;4;AC;80329;BB - PRUDENCIAL;71;239852,97
202606;4;AC;81610;BCO CSF S.A. - PRUDENCIAL;35;65746,98
202606;4;AC;80075;BRADESCO - PRUDENCIAL;124;265426,72
202606;4;AC;80336;BTG PACTUAL - PRUDENCIAL;18;25500,70
202606;4;AC;80738;CAIXA ECONÔMICA FEDERAL - PRUDENCIAL;1;322,29
202606;4;AC;80996;INTER - PRUDENCIAL;26;78939,33
202606;4;AC;80099;ITAU - PRUDENCIAL;91;185125,38
202606;4;AC;80123;MERCANTIL DO BRASIL - PRUDENCIAL;39;58630,68
202606;4;AC;85702;NEON PAGAMENTOS IP - PRUDENCIAL;31;31629,66
202606;4;AC;84693;NU PAGAMENTOS - PRUDENCIAL;761;1493311,17
202606;4;AC;80903;ORIGINAL - PRUDENCIAL;11;19654,20
202606;4;AC;88022;PICPAY - PRUDENCIAL;715;1116455,76
202606;4;AC;80185;SANTANDER - PRUDENCIAL;111;173816,04
202606;4;AL;84844;BANCO C6 - PRUDENCIAL;1;1791,87
202606;4;AL;80329;BB - PRUDENCIAL;154;455739,59
202606;4;AL;81610;BCO CSF S.A. - PRUDENCIAL;214;329645,90
202606;4;AL;80075;BRADESCO - PRUDENCIAL;671;1246500,14
202606;4;AL;80336;BTG PACTUAL - PRUDENCIAL;72;86228,84
202606;4;AL;79052122;COOP SICREDI ALIANÇA;1;2286,46
202606;4;AL;80996;INTER - PRUDENCIAL;121;392225,80
202606;4;AL;80099;ITAU - PRUDENCIAL;780;1771285,51
202606;4;AL;80123;MERCANTIL DO BRASIL - PRUDENCIAL;1031;1447005,62
202606;4;AL;85702;NEON PAGAMENTOS IP - PRUDENCIAL;131;118239,98
202606;4;AL;84693;NU PAGAMENTOS - PRUDENCIAL;2483;4015183,30
202606;4;AL;80903;ORIGINAL - PRUDENCIAL;40;68357,41
202606;4;AL;88022;PICPAY - PRUDENCIAL;2361;4179346,05
202606;4;AL;80185;SANTANDER - PRUDENCIAL;499;818099,29
202606;4;AL;80484;VOTORANTIM - PRUDENCIAL;1;311,64
202606;4;AM;84844;BANCO C6 - PRUDENCIAL;3;2773,27
202606;4;AM;80154;BANRISUL - PRUDENCIAL;1;3805,33
202606;4;AM;80329;BB - PRUDENCIAL;128;381584,63
202606;4;AM;81610;BCO CSF S.A. - PRUDENCIAL;275;535893,79
202606;4;AM;80075;BRADESCO - PRUDENCIAL;1891;4252154,66
202606;4;AM;80336;BTG PACTUAL - PRUDENCIAL;98;130170,33
202606;4;AM;80996;INTER - PRUDENCIAL;177;536488,27
202606;4;AM;80099;ITAU - PRUDENCIAL;696;1316678,08
202606;4;AM;80123;MERCANTIL DO BRASIL - PRUDENCIAL;770;1088293,67
202606;4;AM;85702;NEON PAGAMENTOS IP - PRUDENCIAL;139;128126,94
202606;4;AM;84693;NU PAGAMENTOS - PRUDENCIAL;3012;5204081,84
202606;4;AM;80903;ORIGINAL - PRUDENCIAL;70;108926,37
202606;4;AM;88022;PICPAY - PRUDENCIAL;3879;6029150,04
202606;4;AM;80185;SANTANDER - PRUDENCIAL;621;847523,08
202606;4;AP;84844;BANCO C6 - PRUDENCIAL;1;927,05
202606;4;AP;80329;BB - PRUDENCIAL;43;196942,62
202606;4;AP;81610;BCO CSF S.A. - PRUDENCIAL;51;125274,07
202606;4;AP;80075;BRADESCO - PRUDENCIAL;155;320788,15
202606;4;AP;80336;BTG PACTUAL - PRUDENCIAL;23;39349,73
202606;4;AP;80996;INTER - PRUDENCIAL;34;75669,32
202606;4;AP;80099;ITAU - PRUDENCIAL;115;191993,82
202606;4;AP;80123;MERCANTIL DO BRASIL - PRUDENCIAL;54;66908,31
202606;4;AP;85702;NEON PAGAMENTOS IP - PRUDENCIAL;36;34502,40
202606;4;AP;84693;NU PAGAMENTOS - PRUDENCIAL;632;1175106,69
202606;4;AP;80903;ORIGINAL - PRUDENCIAL;12;17256,24
202606;4;AP;88022;PICPAY - PRUDENCIAL;744;1183542,55
202606;4;AP;80185;SANTANDER - PRUDENCIAL;132;219238,85
202606;4;BA;84844;BANCO C6 - PRUDENCIAL;9;24683,26
202606;4;BA;80154;BANRISUL - PRUDENCIAL;4;9297,65
202606;4;BA;80329;BB - PRUDENCIAL;529;1632425,26
202606;4;BA;81610;BCO CSF S.A. - PRUDENCIAL;751;1074914,16
202606;4;BA;80075;BRADESCO - PRUDENCIAL;4823;9828252,34
202606;4;BA;80336;BTG PACTUAL - PRUDENCIAL;378;546468,90
202606;4;BA;80738;CAIXA ECONÔMICA FEDERAL - PRUDENCIAL;1;1497,83
202606;4;BA;33021064;COOP SICREDI ARAXINGU;1;3312,88
202606;4;BA;26408161;COOP SICREDI CENTRO-SUL MS/BA;5;12578,88
202606;4;BA;10348181;COOP SICREDI VALE LITORAL SC;1;992,49
202606;4;BA;80996;INTER - PRUDENCIAL;615;1839892,33
202606;4;BA;80099;ITAU - PRUDENCIAL;2848;6009027,42
202606;4;BA;80123;MERCANTIL DO BRASIL - PRUDENCIAL;5965;7482857,81
202606;4;BA;85702;NEON PAGAMENTOS IP - PRUDENCIAL;661;588047,74
202606;4;BA;84693;NU PAGAMENTOS - PRUDENCIAL;10732;18715860,36
202606;4;BA;80903;ORIGINAL - PRUDENCIAL;177;299677,76
202606;4;BA;88022;PICPAY - PRUDENCIAL;11347;19448492,67
202606;4;BA;80185;SANTANDER - PRUDENCIAL;2422;3637580,29
202606;4;CE;84844;BANCO C6 - PRUDENCIAL;6;20739,06
202606;4;CE;80329;BB - PRUDENCIAL;444;1441287,06
202606;4;CE;81610;BCO CSF S.A. - PRUDENCIAL;285;424940,78
202606;4;CE;80075;BRADESCO - PRUDENCIAL;3170;6778195,00
202606;4;CE;80336;BTG PACTUAL - PRUDENCIAL;254;299346,67
202606;4;CE;80738;CAIXA ECONÔMICA FEDERAL - PRUDENCIAL;1;1129,68
202606;4;CE;80996;INTER - PRUDENCIAL;453;1616572,15
202606;4;CE;80099;ITAU - PRUDENCIAL;1952;4019792,29
202606;4;CE;80123;MERCANTIL DO BRASIL - PRUDENCIAL;2315;3093715,25
202606;4;CE;85702;NEON PAGAMENTOS IP - PRUDENCIAL;437;376914,04
202606;4;CE;84693;NU PAGAMENTOS - PRUDENCIAL;8091;14173046,20
202606;4;CE;80903;ORIGINAL - PRUDENCIAL;126;213499,93
202606;4;CE;88022;PICPAY - PRUDENCIAL;8343;16266132,75
202606;4;CE;80185;SANTANDER - PRUDENCIAL;2295;3780140,27
202606;4;DF;84844;BANCO C6 - PRUDENCIAL;5;13920,47
202606;4;DF;80154;BANRISUL - PRUDENCIAL;1;1965,35
202606;4;DF;80329;BB - PRUDENCIAL;123;460209,72
202606;4;DF;81610;BCO CSF S.A. - PRUDENCIAL;210;445099,53
202606;4;DF;80075;BRADESCO - PRUDENCIAL;1005;1987227,68
202606;4;DF;80336;BTG PACTUAL - PRUDENCIAL;99;161084,60
202606;4;DF;80996;INTER - PRUDENCIAL;205;824140,34
202606;4;DF;80099;ITAU - PRUDENCIAL;848;1935068,79
202606;4;DF;80123;MERCANTIL DO BRASIL - PRUDENCIAL;1773;2444119,86
202606;4;DF;85702;NEON PAGAMENTOS IP - PRUDENCIAL;139;134685,73
202606;4;DF;84693;NU PAGAMENTOS - PRUDENCIAL;3516;7350227,05
202606;4;DF;80903;ORIGINAL - PRUDENCIAL;54;144918,99
202606;4;DF;88022;PICPAY - PRUDENCIAL;2330;4851231,92
202606;4;DF;80185;SANTANDER - PRUDENCIAL;780;1296271,93
202606;4;ES;84844;BANCO C6 - PRUDENCIAL;3;4269,45
202606;4;ES;80329;BB - PRUDENCIAL;162;595528,10
202606;4;ES;81610;BCO CSF S.A. - PRUDENCIAL;152;284434,82
202606;4;ES;80075;BRADESCO - PRUDENCIAL;896;1807445,55
202606;4;ES;80336;BTG PACTUAL - PRUDENCIAL;97;138237,55
202606;4;ES;87795639;COOP SICREDI ALIANÇA;8;16395,48
202606;4;ES;91586982;COOP SICREDI PIONEIRA RS;1;1878,07
202606;4;ES;90608712;COOP SICREDI SERRANA RS;12;52126,72
202606;4;ES;88894548;COOP SICREDI UNIÃO RS;2;6041,88
202606;4;ES;80996;INTER - PRUDENCIAL;191;613474,64
202606;4;ES;80099;ITAU - PRUDENCIAL;667;1460801,52
202606;4;ES;80123;MERCANTIL DO BRASIL - PRUDENCIAL;959;1416910,90
202606;4;ES;85702;NEON PAGAMENTOS IP - PRUDENCIAL;127;151779,73
202606;4;ES;84693;NU PAGAMENTOS - PRUDENCIAL;2827;5232413,51
202606;4;ES;80903;ORIGINAL - PRUDENCIAL;142;293538,47
202606;4;ES;88022;PICPAY - PRUDENCIAL;4796;9476949,48
202606;4;ES;80185;SANTANDER - PRUDENCIAL;815;1294530,93
202606;4;ES;32430233;SICOOB CONEXÃO;28;108727,50
202606;4;ES;31804966;SICOOB COOPERMAIS;8;33005,54
202606;4;ES;3358914;SICOOB CREDIROCHAS;15;66238,97
202606;4;ES;32467086;SICOOB SUL;5;17606,97
202606;4;ES;32474884;SICOOB SUL-LITORÂNEO;22;147462,62
202606;4;ES;815319;SICOOB SUL-SERRANO;9;25054,70
202606;4;ES;80484;VOTORANTIM - PRUDENCIAL;1;309,99
202606;4;GO;84844;BANCO C6 - PRUDENCIAL;9;14747,98
202606;4;GO;80154;BANRISUL - PRUDENCIAL;1;710,03
202606;4;GO;80329;BB - PRUDENCIAL;364;1216442,78
202606;4;GO;81610;BCO CSF S.A. - PRUDENCIAL;390;834878,90
202606;4;GO;80075;BRADESCO - PRUDENCIAL;2647;5562357,00
202606;4;GO;80336;BTG PACTUAL - PRUDENCIAL;237;360661,07
202606;4;GO;80738;CAIXA ECONÔMICA FEDERAL - PRUDENCIAL;1;1283,28
202606;4;GO;73422792;CCLA RUBIATABA REGIAO;1;3130,07
202606;4;GO;2282709;COOP CENTRO NORTE BRASILEIRO;1;2457,50
202606;4;GO;33021064;COOP SICREDI ARAXINGU;3;14201,60
202606;4;GO;10736214;COOP SICREDI PLAN CENTRAL;1;5291,67
202606;4;GO;87510475;COOP SICREDI ROTA DAS TERRAS;2;4435,04
202606;4;GO;80996;INTER - PRUDENCIAL;356;1211831,24
202606;4;GO;80099;ITAU - PRUDENCIAL;2275;5388439,38
202606;4;GO;80123;MERCANTIL DO BRASIL - PRUDENCIAL;3169;3628065,25
202606;4;GO;85702;NEON PAGAMENTOS IP - PRUDENCIAL;357;335204,02
202606;4;GO;84693;NU PAGAMENTOS - PRUDENCIAL;7517;15700050,51
202606;4;GO;80903;ORIGINAL - PRUDENCIAL;132;244959,45
202606;4;GO;88022;PICPAY - PRUDENCIAL;5393;10688575,06
202606;4;GO;80185;SANTANDER - PRUDENCIAL;1345;2254528,50
202606;4;GO;80484;VOTORANTIM - PRUDENCIAL;1;787,95
202606;4;MA;84844;BANCO C6 - PRUDENCIAL;1;638,91
202606;4;MA;80329;BB - PRUDENCIAL;557;1781137,72
202606;4;MA;81610;BCO CSF S.A. - PRUDENCIAL;86;156421,84
202606;4;MA;80075;BRADESCO - PRUDENCIAL;1832;3616878,03
202606;4;MA;80336;BTG PACTUAL - PRUDENCIAL;141;220338,72
202606;4;MA;79342069;COOP SICREDI DEXIS;1;734,03
202606;4;MA;37442605;COOP SICREDI GRANDES RIOS;1;9568,16
202606;4;MA;87510475;COOP SICREDI ROTA DAS TERRAS;1;3540,12
202606;4;MA;80996;INTER - PRUDENCIAL;273;779508,69
202606;4;MA;80099;ITAU - PRUDENCIAL;929;1769122,46
202606;4;MA;80123;MERCANTIL DO BRASIL - PRUDENCIAL;986;1293203,11
202606;4;MA;85702;NEON PAGAMENTOS IP - PRUDENCIAL;278;247093,84
202606;4;MA;84693;NU PAGAMENTOS - PRUDENCIAL;5715;10887145,63
202606;4;MA;80903;ORIGINAL - PRUDENCIAL;93;121980,33
202606;4;MA;88022;PICPAY - PRUDENCIAL;5144;7769149,74
202606;4;MA;80185;SANTANDER - PRUDENCIAL;925;1437518,28
202606;4;MG;84844;BANCO C6 - PRUDENCIAL;15;29162,84
202606;4;MG;80329;BB - PRUDENCIAL;951;3058485,89
202606;4;MG;81610;BCO CSF S.A. - PRUDENCIAL;677;1393577,21
202606;4;MG;80075;BRADESCO - PRUDENCIAL;6048;12901795,44
202606;4;MG;80336;BTG PACTUAL - PRUDENCIAL;523;788763,86
202606;4;MG;80738;CAIXA ECONÔMICA FEDERAL - PRUDENCIAL;1;443,42
202606;4;MG;25353939;CC CREDIALP;2;6181,49
202606;4;MG;23949522;CC CREDICARPA;1;6528,31
202606;4;MG;41697103;CC CREDILIVRE LTDA. - SICOOB CREDILIVRE;6;22935,33
202606;4;MG;1152097;CC CREDIMATA;1;7364,61
202606;4;MG;3412878;CC CREDIRAMA;1;1635,63
202606;4;MG;88530142;COOP DE CRED E INVEST LIBERDADE - SICREDI LIBERDADE;1;13750,45
202606;4;MG;79052122;COOP SICREDI ALIANÇA;1;1019,15
202606;4;MG;87900601;COOP SICREDI BOTUCARAÍ RS/MG;4;24038,82
202606;4;MG;90729369;COOP SICREDI CULTURAS RS/MG;6;12364,34
202606;4;MG;91159764;COOP SICREDI INTEGRAÇÃO RS/MG;8;30870,22
202606;4;MG;79086997;COOP SICREDI PARANAPANEMA SERRANA PR/SP/RJ;1;1201,61
202606;4;MG;95594941;COOP SICREDI REG CENTRO RS/MG;12;23366,92
202606;4;MG;89468565;COOP SICREDI REG PROD RS/SC/MG;9;23019,15
202606;4;MG;87510475;COOP SICREDI ROTA DAS TERRAS;12;42571,35
202606;4;MG;87784088;COOP SICREDI SUL MINAS RS/MG;7;26876,86
202606;4;MG;87780284;COOP SICREDI VL JAGUA ZN MATA;3;18956,52
202606;4;MG;81706616;COOP SICREDI VLR SUSTENT PR/SP;1;1649,14
202606;4;MG;71243034;COOPERATIVA DE CRÉDITO CREDIJEQUITINHONHA LTDA.;1;3398,46
202606;4;MG;80996;INTER - PRUDENCIAL;1555;6079036,94
202606;4;MG;80099;ITAU - PRUDENCIAL;5408;12623814,00
202606;4;MG;80123;MERCANTIL DO BRASIL - PRUDENCIAL;17159;20260582,57
202606;4;MG;85702;NEON PAGAMENTOS IP - PRUDENCIAL;762;685569,52
202606;4;MG;84693;NU PAGAMENTOS - PRUDENCIAL;17451;33555819,67
202606;4;MG;80903;ORIGINAL - PRUDENCIAL;327;603364,61
202606;4;MG;88022;PICPAY - PRUDENCIAL;13318;25680741,44
202606;4;MG;80185;SANTANDER - PRUDENCIAL;4415;7150121,04
202606;4;MS;84844;BANCO C6 - PRUDENCIAL;2;4394,60
202606;4;MS;80154;BANRISUL - PRUDENCIAL;1;693,56
202606;4;MS;80329;BB - PRUDENCIAL;260;848859,30
202606;4;MS;81610;BCO CSF S.A. - PRUDENCIAL;189;354272,95
202606;4;MS;80075;BRADESCO - PRUDENCIAL;1548;3403885,01
202606;4;MS;80336;BTG PACTUAL - PRUDENCIAL;114;175114,31
202606;4;MS;80738;CAIXA ECONÔMICA FEDERAL - PRUDENCIAL;3;4752,06
202606;4;MS;78825270;CCLAA SICOOB MAXICRÉDITO;1;7875,24
202606;4;MS;5241619;COOP SICOOB PRIMAVERA;5;18127,86
202606;4;MS;26408161;COOP SICREDI CENTRO-SUL MS/BA;50;180244,23
202606;4;MS;79342069;COOP SICREDI DEXIS;1;1915,45
202606;4;MS;80996;INTER - PRUDENCIAL;94;363868,90
202606;4;MS;80099;ITAU - PRUDENCIAL;538;1216640,16
202606;4;MS;80123;MERCANTIL DO BRASIL - PRUDENCIAL;2219;2557918,47
202606;4;MS;85702;NEON PAGAMENTOS IP - PRUDENCIAL;137;129090,71
202606;4;MS;84693;NU PAGAMENTOS - PRUDENCIAL;2685;4846353,10
202606;4;MS;80903;ORIGINAL - PRUDENCIAL;62;110543,72
202606;4;MS;88022;PICPAY - PRUDENCIAL;1829;3330112,02
202606;4;MS;80185;SANTANDER - PRUDENCIAL;570;934203,42
202606;4;MT;84844;BANCO C6 - PRUDENCIAL;4;4859,25
202606;4;MT;80329;BB - PRUDENCIAL;346;1361052,91
202606;4;MT;81610;BCO CSF S.A. - PRUDENCIAL;223;349845,86
202606;4;MT;80075;BRADESCO - PRUDENCIAL;1470;3521535,79
202606;4;MT;80336;BTG PACTUAL - PRUDENCIAL;152;246787,26
202606;4;MT;23623636;CCLA NORTE DE MATO GROSSO - SICOOB NORTE MT;6;23683,87
202606;4;MT;8742188;CCLA UNIÃO E NEGÓCIOS  - SICOOB INTEGRAÇÃO;6;30371,03
202606;4;MT;5241619;COOP SICOOB PRIMAVERA;4;10422,98
202606;4;MT;33021064;COOP SICREDI ARAXINGU;1;802,04
202606;4;MT;37442605;COOP SICREDI GRANDES RIOS;5;13355,35
202606;4;MT;26529420;COOP SICREDI OURO VERDE MT/PA;15;42906,89
202606;4;MT;70431630;COOP SICREDI UNIVALES MT/RO;25;62687,26
202606;4;MT;81099491;COOP SICREDI VALE DO PIQUIRI;1;1196,33
202606;4;MT;80996;INTER - PRUDENCIAL;136;484262,90
202606;4;MT;80099;ITAU - PRUDENCIAL;650;1484379,68
202606;4;MT;80123;MERCANTIL DO BRASIL - PRUDENCIAL;1338;1627353,96
202606;4;MT;85702;NEON PAGAMENTOS IP - PRUDENCIAL;168;190219,44
202606;4;MT;84693;NU PAGAMENTOS - PRUDENCIAL;3810;8105093,75
202606;4;MT;80903;ORIGINAL - PRUDENCIAL;53;99236,89
202606;4;MT;88022;PICPAY - PRUDENCIAL;2179;3948778,90
202606;4;MT;80185;SANTANDER - PRUDENCIAL;618;1112337,55
202606;4;MT;80484;VOTORANTIM - PRUDENCIAL;1;209,74
202606;4;PA;84844;BANCO C6 - PRUDENCIAL;4;10651,59
202606;4;PA;80154;BANRISUL - PRUDENCIAL;1;2129,77
202606;4;PA;80329;BB - PRUDENCIAL;256;904682,28
202606;4;PA;81610;BCO CSF S.A. - PRUDENCIAL;242;366320,32
202606;4;PA;80075;BRADESCO - PRUDENCIAL;2356;4859398,61
202606;4;PA;80336;BTG PACTUAL - PRUDENCIAL;217;275874,78
202606;4;PA;79052122;COOP SICREDI ALIANÇA;1;1645,80
202606;4;PA;37442605;COOP SICREDI GRANDES RIOS;11;47240,78
202606;4;PA;26529420;COOP SICREDI OURO VERDE MT/PA;2;7032,70
202606;4;PA;79086997;COOP SICREDI PARANAPANEMA SERRANA PR/SP/RJ;1;1184,33
202606;4;PA;76059997;COOP SICREDI PROGRESSO PR/SP;1;5791,77
202606;4;PA;80996;INTER - PRUDENCIAL;353;1092616,73
202606;4;PA;80099;ITAU - PRUDENCIAL;1356;2648799,85
202606;4;PA;80123;MERCANTIL DO BRASIL - PRUDENCIAL;1677;2409837,43
202606;4;PA;85702;NEON PAGAMENTOS IP - PRUDENCIAL;333;306325,50
202606;4;PA;84693;NU PAGAMENTOS - PRUDENCIAL;6640;12598581,53
202606;4;PA;80903;ORIGINAL - PRUDENCIAL;117;192282,47
202606;4;PA;88022;PICPAY - PRUDENCIAL;7495;12237738,32
202606;4;PA;80185;SANTANDER - PRUDENCIAL;1167;1683762,33
202606;4;PA;32474884;SICOOB SUL-LITORÂNEO;1;2744,71
202606;4;PB;84844;BANCO C6 - PRUDENCIAL;2;4133,82
202606;4;PB;80154;BANRISUL - PRUDENCIAL;1;3124,18
202606;4;PB;80329;BB - PRUDENCIAL;189;567127,83
202606;4;PB;81610;BCO CSF S.A. - PRUDENCIAL;240;437486,56
202606;4;PB;80075;BRADESCO - PRUDENCIAL;1318;2834201,20
202606;4;PB;80336;BTG PACTUAL - PRUDENCIAL;88;107838,61
202606;4;PB;80996;INTER - PRUDENCIAL;170;570727,82
202606;4;PB;80099;ITAU - PRUDENCIAL;816;2007227,59
202606;4;PB;80123;MERCANTIL DO BRASIL - PRUDENCIAL;1225;1670526,47
202606;4;PB;85702;NEON PAGAMENTOS IP - PRUDENCIAL;191;195864,66
202606;4;PB;84693;NU PAGAMENTOS - PRUDENCIAL;3176;5387061,33
202606;4;PB;80903;ORIGINAL - PRUDENCIAL;50;97304,26
202606;4;PB;88022;PICPAY - PRUDENCIAL;2985;5415530,41
202606;4;PB;80185;SANTANDER - PRUDENCIAL;657;1159675,27
202606;4;PE;84844;BANCO C6 - PRUDENCIAL;7;29219,25
202606;4;PE;80329;BB - PRUDENCIAL;283;762705,62
202606;4;PE;81610;BCO CSF S.A. - PRUDENCIAL;608;1032268,74
202606;4;PE;80075;BRADESCO - PRUDENCIAL;2744;6500569,90
202606;4;PE;80336;BTG PACTUAL - PRUDENCIAL;200;232805,52
202606;4;PE;80738;CAIXA ECONÔMICA FEDERAL - PRUDENCIAL;1;170,97
202606;4;PE;87795639;COOP SICREDI ALIANÇA;1;1172,72
202606;4;PE;80996;INTER - PRUDENCIAL;375;1326888,19
202606;4;PE;80099;ITAU - PRUDENCIAL;2171;4640769,64
202606;4;PE;80123;MERCANTIL DO BRASIL - PRUDENCIAL;3753;5375999,18
202606;4;PE;85702;NEON PAGAMENTOS IP - PRUDENCIAL;370;319620,52
202606;4;PE;84693;NU PAGAMENTOS - PRUDENCIAL;6794;11121409,84
202606;4;PE;80903;ORIGINAL - PRUDENCIAL;104;228780,56
202606;4;PE;88022;PICPAY - PRUDENCIAL;7007;13261437,35
202606;4;PE;80185;SANTANDER - PRUDENCIAL;1900;2941224,31
202606;4;PI;84844;BANCO C6 - PRUDENCIAL;2;3402,56
202606;4;PI;80329;BB - PRUDENCIAL;299;938345,33
202606;4;PI;81610;BCO CSF S.A. - PRUDENCIAL;130;199557,30
202606;4;PI;80075;BRADESCO - PRUDENCIAL;647;1196725,67
202606;4;PI;80336;BTG PACTUAL - PRUDENCIAL;74;109028,16
202606;4;PI;87510475;COOP SICREDI ROTA DAS TERRAS;1;2772,38
202606;4;PI;10348181;COOP SICREDI VALE LITORAL SC;1;1190,01
202606;4;PI;80996;INTER - PRUDENCIAL;131;370421,64
202606;4;PI;80099;ITAU - PRUDENCIAL;563;1016940,24
202606;4;PI;80123;MERCANTIL DO BRASIL - PRUDENCIAL;629;829982,90
202606;4;PI;85702;NEON PAGAMENTOS IP - PRUDENCIAL;159;141937,61
202606;4;PI;84693;NU PAGAMENTOS - PRUDENCIAL;3301;6108886,02
202606;4;PI;80903;ORIGINAL - PRUDENCIAL;56;94395,78
202606;4;PI;88022;PICPAY - PRUDENCIAL;2768;4723396,50
202606;4;PI;80185;SANTANDER - PRUDENCIAL;530;836552,48
202606;4;PR;84844;BANCO C6 - PRUDENCIAL;14;31786,47
202606;4;PR;80154;BANRISUL - PRUDENCIAL;2;3863,64
202606;4;PR;80329;BB - PRUDENCIAL;882;2789364,44
202606;4;PR;81610;BCO CSF S.A. - PRUDENCIAL;558;1139334,69
202606;4;PR;80075;BRADESCO - PRUDENCIAL;4386;10511445,67
202606;4;PR;80336;BTG PACTUAL - PRUDENCIAL;339;456082,98
202606;4;PR;80738;CAIXA ECONÔMICA FEDERAL - PRUDENCIAL;3;3176,72
202606;4;PR;7122321;CC INTEGRADO - SICOOB INTEGRADO;46;112466,18
202606;4;PR;79457883;COOP SICREDI AGROEMPRESARIAL;28;61508,22
202606;4;PR;79052122;COOP SICREDI ALIANÇA;20;71763,85
202606;4;PR;81466286;COOP SICREDI CAMPOS GERAIS E GRANDE CURITIBA PR/SP;8;22620,06
202606;4;PR;6078926;COOP SICREDI CREDENOREG;4;8891,71
202606;4;PR;79342069;COOP SICREDI DEXIS;46;153398,38
202606;4;PR;7070495;COOP SICREDI EMPREENDEDORES;3;4305,25
202606;4;PR;82527557;COOP SICREDI FRONTEIR PR/SC/SP;8;25662,11
202606;4;PR;81115149;COOP SICREDI GRANDES LAGOS;1;4491,54
202606;4;PR;84974278;COOP SICREDI IGUAÇU PR/SC E REGIÃO METROP. DE CAMPINAS/SP;11;49669,88
202606;4;PR;91159764;COOP SICREDI INTEGRAÇÃO RS/MG;1;3272,46
202606;4;PR;79063574;COOP SICREDI NORTE SUL;2;8387,24
202606;4;PR;81192106;COOP SICREDI NOSSA TERRA PR/SP;1;7531,83
202606;4;PR;79086997;COOP SICREDI PARANAPANEMA SERRANA PR/SP/RJ;68;234708,79
202606;4;PR;77984870;COOP SICREDI PLANALT DAS ÁGUAS;1;1316,84
202606;4;PR;76059997;COOP SICREDI PROGRESSO PR/SP;22;97794,31
202606;4;PR;89126130;COOP SICREDI REGIÃO DOS VALES;1;3908,56
202606;4;PR;81099491;COOP SICREDI VALE DO PIQUIRI;20;110520,00
202606;4;PR;10348181;COOP SICREDI VALE LITORAL SC;1;1286,01
202606;4;PR;78414067;COOP SICREDI VANGUARDA PR/SP/RJ;9;27423,27
202606;4;PR;81706616;COOP SICREDI VLR SUSTENT PR/SP;49;158020,37
202606;4;PR;80996;INTER - PRUDENCIAL;377;1365545,29
202606;4;PR;80099;ITAU - PRUDENCIAL;3337;7793499,26
202606;4;PR;80123;MERCANTIL DO BRASIL - PRUDENCIAL;2523;3730564,96
202606;4;PR;85702;NEON PAGAMENTOS IP - PRUDENCIAL;435;455508,88
202606;4;PR;84693;NU PAGAMENTOS - PRUDENCIAL;9803;19159274,36
202606;4;PR;80903;ORIGINAL - PRUDENCIAL;185;339709,96
202606;4;PR;88022;PICPAY - PRUDENCIAL;6012;10563742,03
202606;4;PR;80185;SANTANDER - PRUDENCIAL;2213;3720303,61
202606;4;PR;87781530;SICREDI INTEGRAÇÃO DE ESTADOS RS/SC/MG;1;2722,61
202606;4;RJ;84844;BANCO C6 - PRUDENCIAL;15;22808,24
202606;4;RJ;80154;BANRISUL - PRUDENCIAL;4;7060,61
202606;4;RJ;80329;BB - PRUDENCIAL;335;938726,43
202606;4;RJ;81610;BCO CSF S.A. - PRUDENCIAL;1277;2377215,52
202606;4;RJ;80075;BRADESCO - PRUDENCIAL;7310;15847401,62
202606;4;RJ;80336;BTG PACTUAL - PRUDENCIAL;512;599973,86
202606;4;RJ;80738;CAIXA ECONÔMICA FEDERAL - PRUDENCIAL;1;675,01
202606;4;RJ;41697103;CC CREDILIVRE LTDA. - SICOOB CREDILIVRE;1;313,40
202606;4;RJ;1152097;CC CREDIMATA;1;760,69
202606;4;RJ;87795639;COOP SICREDI ALIANÇA;1;2097,70
202606;4;RJ;91159764;COOP SICREDI INTEGRAÇÃO RS/MG;1;594,35
202606;4;RJ;90497256;COOP SICREDI INTERESTADOS;1;3310,10
202606;4;RJ;79086997;COOP SICREDI PARANAPANEMA SERRANA PR/SP/RJ;11;46418,31
202606;4;RJ;76059997;COOP SICREDI PROGRESSO PR/SP;1;3957,48
202606;4;RJ;78414067;COOP SICREDI VANGUARDA PR/SP/RJ;2;6899,36
202606;4;RJ;80996;INTER - PRUDENCIAL;754;2710117,88
202606;4;RJ;80099;ITAU - PRUDENCIAL;6726;14868054,43
202606;4;RJ;80123;MERCANTIL DO BRASIL - PRUDENCIAL;6360;9560470,39
202606;4;RJ;85702;NEON PAGAMENTOS IP - PRUDENCIAL;594;520155,19
202606;4;RJ;84693;NU PAGAMENTOS - PRUDENCIAL;13890;23100540,45
202606;4;RJ;80903;ORIGINAL - PRUDENCIAL;285;647456,98
202606;4;RJ;88022;PICPAY - PRUDENCIAL;11967;23575457,52
202606;4;RJ;80185;SANTANDER - PRUDENCIAL;5249;8037196,65
202606;4;RJ;3358914;SICOOB CREDIROCHAS;8;45183,69
202606;4;RJ;2931668;SICOOB FLUMINENSE;1;2878,22
202606;4;RJ;32467086;SICOOB SUL;5;9137,08
202606;4;RN;84844;BANCO C6 - PRUDENCIAL;3;3662,02
202606;4;RN;80154;BANRISUL - PRUDENCIAL;1;3048,03
202606;4;RN;80329;BB - PRUDENCIAL;243;691220,51
202606;4;RN;81610;BCO CSF S.A. - PRUDENCIAL;256;485690,19
202606;4;RN;80075;BRADESCO - PRUDENCIAL;868;1545916,16
202606;4;RN;80336;BTG PACTUAL - PRUDENCIAL;97;124685,90
202606;4;RN;90608712;COOP SICREDI SERRANA RS;1;3965,84
202606;4;RN;80996;INTER - PRUDENCIAL;160;570860,73
202606;4;RN;80099;ITAU - PRUDENCIAL;711;1488781,95
202606;4;RN;80123;MERCANTIL DO BRASIL - PRUDENCIAL;1286;1789181,73
202606;4;RN;85702;NEON PAGAMENTOS IP - PRUDENCIAL;151;134806,28
202606;4;RN;84693;NU PAGAMENTOS - PRUDENCIAL;2889;4780899,97
202606;4;RN;80903;ORIGINAL - PRUDENCIAL;52;89068,82
202606;4;RN;88022;PICPAY - PRUDENCIAL;3149;5951218,38
202606;4;RN;80185;SANTANDER - PRUDENCIAL;668;1033064,02
202606;4;RN;80484;VOTORANTIM - PRUDENCIAL;1;240,36
202606;4;RO;84844;BANCO C6 - PRUDENCIAL;3;7650,57
202606;4;RO;80329;BB - PRUDENCIAL;175;557711,05
202606;4;RO;81610;BCO CSF S.A. - PRUDENCIAL;75;134063,21
202606;4;RO;80075;BRADESCO - PRUDENCIAL;510;1107011,71
202606;4;RO;80336;BTG PACTUAL - PRUDENCIAL;40;53515,12
202606;4;RO;8044854;COOP SICOOB CENTRO;1;1103,53
202606;4;RO;70431630;COOP SICREDI UNIVALES MT/RO;16;43614,24
202606;4;RO;80996;INTER - PRUDENCIAL;81;301599,47
202606;4;RO;80099;ITAU - PRUDENCIAL;174;423421,23
202606;4;RO;80123;MERCANTIL DO BRASIL - PRUDENCIAL;101;136515,64
202606;4;RO;85702;NEON PAGAMENTOS IP - PRUDENCIAL;86;75216,95
202606;4;RO;84693;NU PAGAMENTOS - PRUDENCIAL;1782;3611761,29
202606;4;RO;80903;ORIGINAL - PRUDENCIAL;32;52203,89
202606;4;RO;88022;PICPAY - PRUDENCIAL;1167;1973357,02
202606;4;RO;80185;SANTANDER - PRUDENCIAL;218;420672,09
202606;4;RR;80154;BANRISUL - PRUDENCIAL;8;9603,47
202606;4;RR;80329;BB - PRUDENCIAL;67;280577,76
202606;4;RR;81610;BCO CSF S.A. - PRUDENCIAL;30;66799,75
202606;4;RR;80075;BRADESCO - PRUDENCIAL;140;258395,57
202606;4;RR;80336;BTG PACTUAL - PRUDENCIAL;23;37851,39
202606;4;RR;87795639;COOP SICREDI ALIANÇA;1;1767,74
202606;4;RR;92555150;COOP SICREDI ALT SERRA RS/SC;1;6428,80
202606;4;RR;79086997;COOP SICREDI PARANAPANEMA SERRANA PR/SP/RJ;1;3661,04
202606;4;RR;80996;INTER - PRUDENCIAL;48;182529,43
202606;4;RR;80099;ITAU - PRUDENCIAL;149;274868,65
202606;4;RR;80123;MERCANTIL DO BRASIL - PRUDENCIAL;124;156022,73
202606;4;RR;85702;NEON PAGAMENTOS IP - PRUDENCIAL;25;22739,61
202606;4;RR;84693;NU PAGAMENTOS - PRUDENCIAL;632;1143166,60
202606;4;RR;80903;ORIGINAL - PRUDENCIAL;16;24684,76
202606;4;RR;88022;PICPAY - PRUDENCIAL;883;1243894,11
202606;4;RR;80185;SANTANDER - PRUDENCIAL;163;257607,00
202606;4;RR;87781530;SICREDI INTEGRAÇÃO DE ESTADOS RS/SC/MG;1;3072,83
202606;4;RS;84844;BANCO C6 - PRUDENCIAL;6;11842,71
202606;4;RS;80154;BANRISUL - PRUDENCIAL;1890;6791528,01
202606;4;RS;80329;BB - PRUDENCIAL;582;1977490,13
202606;4;RS;81610;BCO CSF S.A. - PRUDENCIAL;604;1125904,74
202606;4;RS;80075;BRADESCO - PRUDENCIAL;2474;5889679,36
202606;4;RS;80336;BTG PACTUAL - PRUDENCIAL;195;281670,00
202606;4;RS;81014060;CCLAA ITAIPU SICOOB CREDITAIPU;1;910,97
202606;4;RS;78825270;CCLAA SICOOB MAXICRÉDITO;34;185142,19
202606;4;RS;88530142;COOP DE CRED E INVEST LIBERDADE - SICREDI LIBERDADE;1;14967,95
202606;4;RS;79052122;COOP SICREDI ALIANÇA;2;7213,71
202606;4;RS;87795639;COOP SICREDI ALIANÇA;21;61552,97
202606;4;RS;92555150;COOP SICREDI ALT SERRA RS/SC;47;198958,58
202606;4;RS;87900601;COOP SICREDI BOTUCARAÍ RS/MG;2;16964,92
202606;4;RS;90729369;COOP SICREDI CULTURAS RS/MG;17;57380,67
202606;4;RS;4525997;COOP SICREDI EDUCAÇÃO RS;4;17128,77
202606;4;RS;88471024;COOP SICREDI GERAÇÕES RS/MG;7;11575,02
202606;4;RS;91159764;COOP SICREDI INTEGRAÇÃO RS/MG;7;56583,80
202606;4;RS;90497256;COOP SICREDI INTERESTADOS;9;28255,13
202606;4;RS;91586982;COOP SICREDI PIONEIRA RS;18;96156,67
202606;4;RS;95594941;COOP SICREDI REG CENTRO RS/MG;11;31529,32
202606;4;RS;89468565;COOP SICREDI REG PROD RS/SC/MG;11;28945,66
202606;4;RS;89126130;COOP SICREDI REGIÃO DOS VALES;31;126095,39
202606;4;RS;87510475;COOP SICREDI ROTA DAS TERRAS;34;144114,31
202606;4;RS;90608712;COOP SICREDI SERRANA RS;45;221682,21
202606;4;RS;87784088;COOP SICREDI SUL MINAS RS/MG;1;4780,25
202606;4;RS;88894548;COOP SICREDI UNIÃO RS;2;15933,92
202606;4;RS;10348181;COOP SICREDI VALE LITORAL SC;1;1075,85
202606;4;RS;87780284;COOP SICREDI VL JAGUA ZN MATA;2;4625,36
202606;4;RS;80996;INTER - PRUDENCIAL;384;1642608,73
202606;4;RS;80099;ITAU - PRUDENCIAL;2417;5485387,77
202606;4;RS;80123;MERCANTIL DO BRASIL - PRUDENCIAL;2940;4282735,65
202606;4;RS;85702;NEON PAGAMENTOS IP - PRUDENCIAL;295;269084,52
202606;4;RS;84693;NU PAGAMENTOS - PRUDENCIAL;9259;18202698,95
202606;4;RS;80903;ORIGINAL - PRUDENCIAL;172;335074,02
202606;4;RS;88022;PICPAY - PRUDENCIAL;3193;5676174,94
202606;4;RS;80185;SANTANDER - PRUDENCIAL;2235;3712858,27
202606;4;RS;31804966;SICOOB COOPERMAIS;1;894,55
202606;4;RS;87781530;SICREDI INTEGRAÇÃO DE ESTADOS RS/SC/MG;7;36952,74
202606;4;RS;80484;VOTORANTIM - PRUDENCIAL;2;573,82
202606;4;SC;84844;BANCO C6 - PRUDENCIAL;12;15232,20
202606;4;SC;80154;BANRISUL - PRUDENCIAL;66;269723,22
202606;4;SC;80329;BB - PRUDENCIAL;664;2364673,08
202606;4;SC;81610;BCO CSF S.A. - PRUDENCIAL;177;340113,24
202606;4;SC;80075;BRADESCO - PRUDENCIAL;2575;6189767,89
202606;4;SC;80336;BTG PACTUAL - PRUDENCIAL;168;251395,96
202606;4;SC;80738;CAIXA ECONÔMICA FEDERAL - PRUDENCIAL;3;12656,97
202606;4;SC;7122321;CC INTEGRADO - SICOOB INTEGRADO;3;4828,58
202606;4;SC;81014060;CCLAA ITAIPU SICOOB CREDITAIPU;1;1640,29
202606;4;SC;78825270;CCLAA SICOOB MAXICRÉDITO;45;175296,05
202606;4;SC;79457883;COOP SICREDI AGROEMPRESARIAL;1;2141,83
202606;4;SC;87795639;COOP SICREDI ALIANÇA;25;82695,03
202606;4;SC;92555150;COOP SICREDI ALT SERRA RS/SC;41;160024,49
202606;4;SC;26408161;COOP SICREDI CENTRO-SUL MS/BA;1;5733,76
202606;4;SC;79342069;COOP SICREDI DEXIS;1;537,75
202606;4;SC;84974278;COOP SICREDI IGUAÇU PR/SC E REGIÃO METROP. DE CAMPINAS/SP;1;12006,32
202606;4;SC;95594941;COOP SICREDI REG CENTRO RS/MG;2;12490,30
202606;4;SC;89468565;COOP SICREDI REG PROD RS/SC/MG;27;93420,72
202606;4;SC;87510475;COOP SICREDI ROTA DAS TERRAS;1;3904,46
202606;4;SC;82065285;COOP SICREDI SOMA;2;10050,95
202606;4;SC;3793242;COOP SICREDI SUL SC;3;8731,77
202606;4;SC;10348181;COOP SICREDI VALE LITORAL SC;30;126148,02
202606;4;SC;81706616;COOP SICREDI VLR SUSTENT PR/SP;1;1324,50
202606;4;SC;80996;INTER - PRUDENCIAL;271;1281662,61
202606;4;SC;80099;ITAU - PRUDENCIAL;1523;3747777,27
202606;4;SC;80123;MERCANTIL DO BRASIL - PRUDENCIAL;1728;2669891,07
202606;4;SC;85702;NEON PAGAMENTOS IP - PRUDENCIAL;245;296372,11
202606;4;SC;84693;NU PAGAMENTOS - PRUDENCIAL;6068;12839904,65
202606;4;SC;80903;ORIGINAL - PRUDENCIAL;105;214403,81
202606;4;SC;88022;PICPAY - PRUDENCIAL;3377;6588583,15
202606;4;SC;80185;SANTANDER - PRUDENCIAL;1348;2326508,87
202606;4;SC;87781530;SICREDI INTEGRAÇÃO DE ESTADOS RS/SC/MG;7;16430,95
202606;4;SE;84844;BANCO C6 - PRUDENCIAL;6;17557,62
202606;4;SE;80329;BB - PRUDENCIAL;85;215888,22
202606;4;SE;81610;BCO CSF S.A. - PRUDENCIAL;99;151928,17
202606;4;SE;80075;BRADESCO - PRUDENCIAL;477;782689,98
202606;4;SE;80336;BTG PACTUAL - PRUDENCIAL;57;61363,73
202606;4;SE;80996;INTER - PRUDENCIAL;135;449228,18
202606;4;SE;80099;ITAU - PRUDENCIAL;449;963347,14
202606;4;SE;80123;MERCANTIL DO BRASIL - PRUDENCIAL;952;1403672,49
202606;4;SE;85702;NEON PAGAMENTOS IP - PRUDENCIAL;152;129055,25
202606;4;SE;84693;NU PAGAMENTOS - PRUDENCIAL;1849;3047222,86
202606;4;SE;80903;ORIGINAL - PRUDENCIAL;34;57236,43
202606;4;SE;88022;PICPAY - PRUDENCIAL;2065;3644457,84
202606;4;SE;80185;SANTANDER - PRUDENCIAL;480;751265,44
202606;4;SP;84844;BANCO C6 - PRUDENCIAL;64;129284,20
202606;4;SP;80154;BANRISUL - PRUDENCIAL;6;19843,54
202606;4;SP;80329;BB - PRUDENCIAL;2020;6177809,38
202606;4;SP;81610;BCO CSF S.A. - PRUDENCIAL;4830;8975331,04
202606;4;SP;80178;BMG - PRUDENCIAL;1;244,46
202606;4;SP;80075;BRADESCO - PRUDENCIAL;27071;59729941,73
202606;4;SP;80336;BTG PACTUAL - PRUDENCIAL;1807;2608745,26
202606;4;SP;80738;CAIXA ECONÔMICA FEDERAL - PRUDENCIAL;4;6501,08
202606;4;SP;42873828;CC AGROCREDI LTDA;1;2752,00
202606;4;SP;24048910;CC CREDINTER;3;16833,37
202606;4;SP;7122321;CC INTEGRADO - SICOOB INTEGRADO;22;54315,33
202606;4;SP;78825270;CCLAA SICOOB MAXICRÉDITO;1;1447,85
202606;4;SP;69346856;COOP SICOOB CREDIMOGIANA;1;10298,94
202606;4;SP;5241619;COOP SICOOB PRIMAVERA;1;551,59
202606;4;SP;79457883;COOP SICREDI AGROEMPRESARIAL;15;34125,38
202606;4;SP;79052122;COOP SICREDI ALIANÇA;27;86843,19
202606;4;SP;87795639;COOP SICREDI ALIANÇA;2;6386,86
202606;4;SP;92555150;COOP SICREDI ALT SERRA RS/SC;1;1024,74
202606;4;SP;4484490;COOP SICREDI ALTA NOROESTE SP;5;25032,43
202606;4;SP;81466286;COOP SICREDI CAMPOS GERAIS E GRANDE CURITIBA PR/SP;3;10363,75
202606;4;SP;26408161;COOP SICREDI CENTRO-SUL MS/BA;1;3266,33
202606;4;SP;79342069;COOP SICREDI DEXIS;64;192226,84
202606;4;SP;82527557;COOP SICREDI FRONTEIR PR/SC/SP;9;24370,96
202606;4;SP;84974278;COOP SICREDI IGUAÇU PR/SC E REGIÃO METROP. DE CAMPINAS/SP;5;8830,84
202606;4;SP;73113243;COOP SICREDI MORADA DO SOL SP;1;2187,08
202606;4;SP;3065046;COOP SICREDI NOROESTE SP;2;8481,26
202606;4;SP;79063574;COOP SICREDI NORTE SUL;1;866,92
202606;4;SP;81192106;COOP SICREDI NOSSA TERRA PR/SP;6;37292,35
202606;4;SP;79086997;COOP SICREDI PARANAPANEMA SERRANA PR/SP/RJ;36;111370,38
202606;4;SP;77984870;COOP SICREDI PLANALT DAS ÁGUAS;1;961,36
202606;4;SP;76059997;COOP SICREDI PROGRESSO PR/SP;10;21858,62
202606;4;SP;95594941;COOP SICREDI REG CENTRO RS/MG;1;1456,61
202606;4;SP;81099491;COOP SICREDI VALE DO PIQUIRI;3;5239,62
202606;4;SP;10348181;COOP SICREDI VALE LITORAL SC;1;6681,26
202606;4;SP;78414067;COOP SICREDI VANGUARDA PR/SP/RJ;3;25603,36
202606;4;SP;81706616;COOP SICREDI VLR SUSTENT PR/SP;17;32730,06
202606;4;SP;80996;INTER - PRUDENCIAL;2315;9182275,86
202606;4;SP;80099;ITAU - PRUDENCIAL;18497;43008264,85
202606;4;SP;80123;MERCANTIL DO BRASIL - PRUDENCIAL;28952;38757535,16
202606;4;SP;85702;NEON PAGAMENTOS IP - PRUDENCIAL;1935;1919126,43
202606;4;SP;84693;NU PAGAMENTOS - PRUDENCIAL;47631;88056970,85
202606;4;SP;80903;ORIGINAL - PRUDENCIAL;933;2099616,19
202606;4;SP;88022;PICPAY - PRUDENCIAL;27555;47237963,28
202606;4;SP;80185;SANTANDER - PRUDENCIAL;17458;28761918,04
202606;4;SP;32430233;SICOOB CONEXÃO;1;14918,63
202606;4;SP;47074323;SICOOB CREDICONSUMO CC;2;10067,97
202606;4;SP;80484;VOTORANTIM - PRUDENCIAL;5;2171,07
202606;4;TO;84844;BANCO C6 - PRUDENCIAL;1;1457,80
202606;4;TO;80329;BB - PRUDENCIAL;191;733351,72
202606;4;TO;81610;BCO CSF S.A. - PRUDENCIAL;61;113241,28
202606;4;TO;80075;BRADESCO - PRUDENCIAL;576;1366164,59
202606;4;TO;80336;BTG PACTUAL - PRUDENCIAL;34;50261,01
202606;4;TO;26960328;CCLA DO TOCANTINS;4;14064,25
202606;4;TO;70431630;COOP SICREDI UNIVALES MT/RO;1;5538,51
202606;4;TO;80996;INTER - PRUDENCIAL;84;262019,78
202606;4;TO;80099;ITAU - PRUDENCIAL;217;450223,12
202606;4;TO;80123;MERCANTIL DO BRASIL - PRUDENCIAL;113;151536,38
202606;4;TO;85702;NEON PAGAMENTOS IP - PRUDENCIAL;63;57215,31
202606;4;TO;84693;NU PAGAMENTOS - PRUDENCIAL;1460;3213692,15
202606;4;TO;80903;ORIGINAL - PRUDENCIAL;38;59646,40
202606;4;TO;88022;PICPAY - PRUDENCIAL;1147;1914532,83
202606;4;TO;80185;SANTANDER - PRUDENCIAL;203;326573,01
202607;1;AC;80329;BB - PRUDENCIAL;2;525,51
202607;1;AC;80738;CAIXA ECONÔMICA FEDERAL - PRUDENCIAL;1;102,70
202607;1;AC;80185;SANTANDER - PRUDENCIAL;2;3218,55
202607;1;AL;80738;CAIXA ECONÔMICA FEDERAL - PRUDENCIAL;1;162,12
202607;1;AM;80329;BB - PRUDENCIAL;1;201,56
202607;1;AM;80738;CAIXA ECONÔMICA FEDERAL - PRUDENCIAL;1;125,75
202607;1;AM;84693;NU PAGAMENTOS - PRUDENCIAL;1;177,02
202607;1;AM;80185;SANTANDER - PRUDENCIAL;3;2819,01
202607;1;AP;80329;BB - PRUDENCIAL;2;453,43
202607;1;BA;80329;BB - PRUDENCIAL;7;1777,36
202607;1;BA;80738;CAIXA ECONÔMICA FEDERAL - PRUDENCIAL;3;464,11
202607;1;BA;84693;NU PAGAMENTOS - PRUDENCIAL;1;216,23
202607;1;BA;80185;SANTANDER - PRUDENCIAL;3;2598,51
202607;1;CE;84844;BANCO C6 - PRUDENCIAL;2;278,25
202607;1;CE;80329;BB - PRUDENCIAL;4;987,99
202607;1;CE;80738;CAIXA ECONÔMICA FEDERAL - PRUDENCIAL;2;320,28
202607;1;CE;80996;INTER - PRUDENCIAL;1;100,40
202607;1;CE;84693;NU PAGAMENTOS - PRUDENCIAL;1;105,58
202607;1;CE;80185;SANTANDER - PRUDENCIAL;1;668,94
202607;1;DF;80329;BB - PRUDENCIAL;3;862,09
202607;1;DF;80738;CAIXA ECONÔMICA FEDERAL - PRUDENCIAL;1;104,07
202607;1;ES;84844;BANCO C6 - PRUDENCIAL;1;0,75
202607;1;ES;80329;BB - PRUDENCIAL;4;1203,20
202607;1;GO;80329;BB - PRUDENCIAL;3;760,57
202607;1;GO;80738;CAIXA ECONÔMICA FEDERAL - PRUDENCIAL;1;161,72
202607;1;GO;84693;NU PAGAMENTOS - PRUDENCIAL;1;104,54
202607;1;GO;80185;SANTANDER - PRUDENCIAL;1;556,74
202607;1;MA;80329;BB - PRUDENCIAL;3;872,48
202607;1;MA;80738;CAIXA ECONÔMICA FEDERAL - PRUDENCIAL;1;124,38
202607;1;MA;80185;SANTANDER - PRUDENCIAL;4;6404,74
202607;1;MG;84844;BANCO C6 - PRUDENCIAL;1;172,36
202607;1;MG;80329;BB - PRUDENCIAL;4;1088,39
202607;1;MG;80075;BRADESCO - PRUDENCIAL;1;1843,45
202607;1;MG;80738;CAIXA ECONÔMICA FEDERAL - PRUDENCIAL;5;584,50
202607;1;MG;80996;INTER - PRUDENCIAL;1;201,01
202607;1;MG;84693;NU PAGAMENTOS - PRUDENCIAL;2;190,44
202607;1;MG;80185;SANTANDER - PRUDENCIAL;9;2769,73
202607;1;MS;84844;BANCO C6 - PRUDENCIAL;1;163,69
202607;1;MS;80329;BB - PRUDENCIAL;3;723,72
202607;1;MS;80738;CAIXA ECONÔMICA FEDERAL - PRUDENCIAL;1;151,56
202607;1;MS;80185;SANTANDER - PRUDENCIAL;3;2402,75
202607;1;MT;80329;BB - PRUDENCIAL;4;1030,64
202607;1;MT;80738;CAIXA ECONÔMICA FEDERAL - PRUDENCIAL;2;336,01
202607;1;MT;80185;SANTANDER - PRUDENCIAL;1;2409,80
202607;1;PA;80329;BB - PRUDENCIAL;5;1234,01
202607;1;PA;80738;CAIXA ECONÔMICA FEDERAL - PRUDENCIAL;4;502,62
202607;1;PA;84693;NU PAGAMENTOS - PRUDENCIAL;2;285,97
202607;1;PA;80185;SANTANDER - PRUDENCIAL;3;140,81
202607;1;PB;80329;BB - PRUDENCIAL;1;229,41
202607;1;PE;80329;BB - PRUDENCIAL;5;1146,09
202607;1;PE;80075;BRADESCO - PRUDENCIAL;1;235,69
202607;1;PE;80738;CAIXA ECONÔMICA FEDERAL - PRUDENCIAL;1;151,16
202607;1;PE;80996;INTER - PRUDENCIAL;1;106,28
202607;1;PE;84693;NU PAGAMENTOS - PRUDENCIAL;2;276,93
202607;1;PE;80185;SANTANDER - PRUDENCIAL;7;5955,46
202607;1;PI;80329;BB - PRUDENCIAL;3;674,14
202607;1;PI;80738;CAIXA ECONÔMICA FEDERAL - PRUDENCIAL;1;156,28
202607;1;PI;84693;NU PAGAMENTOS - PRUDENCIAL;1;105,73
202607;1;PI;80185;SANTANDER - PRUDENCIAL;1;1948,72
202607;1;PR;84844;BANCO C6 - PRUDENCIAL;2;223,81
202607;1;PR;80329;BB - PRUDENCIAL;5;1356,46
202607;1;PR;80336;BTG PACTUAL - PRUDENCIAL;1;201,93
202607;1;PR;80738;CAIXA ECONÔMICA FEDERAL - PRUDENCIAL;2;351,76
202607;1;PR;84693;NU PAGAMENTOS - PRUDENCIAL;1;70,95
202607;1;PR;80185;SANTANDER - PRUDENCIAL;4;1594,80
202607;1;RJ;84844;BANCO C6 - PRUDENCIAL;4;564,81
202607;1;RJ;80329;BB - PRUDENCIAL;8;2308,37
202607;1;RJ;80075;BRADESCO - PRUDENCIAL;1;132,44
202607;1;RJ;80336;BTG PACTUAL - PRUDENCIAL;1;200,81
202607;1;RJ;80738;CAIXA ECONÔMICA FEDERAL - PRUDENCIAL;7;822,91
202607;1;RJ;80996;INTER - PRUDENCIAL;1;50,17
202607;1;RJ;84693;NU PAGAMENTOS - PRUDENCIAL;4;540,96
202607;1;RJ;80185;SANTANDER - PRUDENCIAL;11;9384,31
202607;1;RN;80329;BB - PRUDENCIAL;3;667,85
202607;1;RN;84693;NU PAGAMENTOS - PRUDENCIAL;2;247,23
202607;1;RN;80185;SANTANDER - PRUDENCIAL;1;43,71
202607;1;RO;80329;BB - PRUDENCIAL;3;753,48
202607;1;RO;80738;CAIXA ECONÔMICA FEDERAL - PRUDENCIAL;1;190,71
202607;1;RR;80329;BB - PRUDENCIAL;1;244,52
202607;1;RS;80329;BB - PRUDENCIAL;3;778,18
202607;1;RS;80075;BRADESCO - PRUDENCIAL;1;222,10
202607;1;RS;80336;BTG PACTUAL - PRUDENCIAL;1;65,90
202607;1;RS;80738;CAIXA ECONÔMICA FEDERAL - PRUDENCIAL;3;402,46
202607;1;RS;84693;NU PAGAMENTOS - PRUDENCIAL;2;273,68
202607;1;RS;80185;SANTANDER - PRUDENCIAL;5;2434,31
202607;1;SC;84844;BANCO C6 - PRUDENCIAL;1;117,18
202607;1;SC;80329;BB - PRUDENCIAL;7;1923,14
202607;1;SC;80336;BTG PACTUAL - PRUDENCIAL;1;200,19
202607;1;SC;80738;CAIXA ECONÔMICA FEDERAL - PRUDENCIAL;2;326,64
202607;1;SC;80996;INTER - PRUDENCIAL;1;111,81
202607;1;SC;84693;NU PAGAMENTOS - PRUDENCIAL;2;172,32
202607;1;SC;80185;SANTANDER - PRUDENCIAL;3;4074,31
202607;1;SP;84844;BANCO C6 - PRUDENCIAL;6;555,08
202607;1;SP;80329;BB - PRUDENCIAL;32;8284,65
202607;1;SP;80075;BRADESCO - PRUDENCIAL;1;223,66
202607;1;SP;80336;BTG PACTUAL - PRUDENCIAL;1;99,02
202607;1;SP;80738;CAIXA ECONÔMICA FEDERAL - PRUDENCIAL;8;1084,01
202607;1;SP;84693;NU PAGAMENTOS - PRUDENCIAL;12;1135,17
202607;1;SP;80185;SANTANDER - PRUDENCIAL;31;17093,15
202607;1;TO;80738;CAIXA ECONÔMICA FEDERAL - PRUDENCIAL;1;155,33
202607;2;AL;80075;BRADESCO - PRUDENCIAL;1;1295,07
202607;2;AM;80075;BRADESCO - PRUDENCIAL;1;1663,63
202607;2;AM;80484;VOTORANTIM - PRUDENCIAL;1;608,40
202607;2;BA;84844;BANCO C6 - PRUDENCIAL;4;330,27
202607;2;BA;80075;BRADESCO - PRUDENCIAL;3;5434,95
202607;2;CE;84844;BANCO C6 - PRUDENCIAL;1;113,87
202607;2;CE;81593;BCO DO NORDESTE DO BRASIL S.A. - PRUDENCIAL;2;39059,13
202607;2;CE;80075;BRADESCO - PRUDENCIAL;2;14396,95
202607;2;ES;80738;CAIXA ECONÔMICA FEDERAL - PRUDENCIAL;1;69,01
202607;2;MA;80075;BRADESCO - PRUDENCIAL;1;15,05
202607;2;MG;80075;BRADESCO - PRUDENCIAL;1;6795,15
202607;2;MG;80484;VOTORANTIM - PRUDENCIAL;3;9808,29
202607;2;MS;80484;VOTORANTIM - PRUDENCIAL;1;9338,26
202607;2;PA;80484;VOTORANTIM - PRUDENCIAL;1;268,29
202607;2;PB;80484;VOTORANTIM - PRUDENCIAL;2;8279,44
202607;2;PE;80075;BRADESCO - PRUDENCIAL;1;8526,39
202607;2;PE;80484;VOTORANTIM - PRUDENCIAL;1;1377,78
202607;2;PR;84844;BANCO C6 - PRUDENCIAL;4;308,09
202607;2;PR;80484;VOTORANTIM - PRUDENCIAL;2;24480,69
202607;2;RJ;84844;BANCO C6 - PRUDENCIAL;1;185,19
202607;2;RJ;80075;BRADESCO - PRUDENCIAL;2;7560,98
202607;2;RJ;80099;ITAU - PRUDENCIAL;4;172,51
202607;2;RJ;80484;VOTORANTIM - PRUDENCIAL;4;5284,26
202607;2;RN;80075;BRADESCO - PRUDENCIAL;1;1788,77
202607;2;RO;84844;BANCO C6 - PRUDENCIAL;1;117,64
202607;2;RS;84844;BANCO C6 - PRUDENCIAL;1;196,80
202607;2;RS;80484;VOTORANTIM - PRUDENCIAL;3;9876,86
202607;2;SC;84844;BANCO C6 - PRUDENCIAL;1;110,05
202607;2;SC;80484;VOTORANTIM - PRUDENCIAL;2;8351,53
202607;2;SP;84844;BANCO C6 - PRUDENCIAL;4;229,21
202607;2;SP;80075;BRADESCO - PRUDENCIAL;7;30196,35
202607;2;SP;80484;VOTORANTIM - PRUDENCIAL;13;37781,23
202607;2;TO;80075;BRADESCO - PRUDENCIAL;1;5697,70
202607;3;AL;80185;SANTANDER - PRUDENCIAL;1;1779,69
202607;3;AM;80075;BRADESCO - PRUDENCIAL;4;96997,73
202607;3;AP;80075;BRADESCO - PRUDENCIAL;2;91052,63
202607;3;BA;81593;BCO DO NORDESTE DO BRASIL S.A. - PRUDENCIAL;2;76326,35
202607;3;BA;80075;BRADESCO - PRUDENCIAL;9;84312,25
202607;3;BA;80185;SANTANDER - PRUDENCIAL;4;56835,98
202607;3;CE;80075;BRADESCO - PRUDENCIAL;4;24789,32
202607;3;DF;80075;BRADESCO - PRUDENCIAL;2;45328,70
202607;3;ES;80075;BRADESCO - PRUDENCIAL;4;25399,05
202607;3;GO;80075;BRADESCO - PRUDENCIAL;11;173452,47
202607;3;GO;80185;SANTANDER - PRUDENCIAL;6;108393,07
202607;3;MA;80075;BRADESCO - PRUDENCIAL;2;33551,12
202607;3;MG;80075;BRADESCO - PRUDENCIAL;17;322077,71
202607;3;MS;80075;BRADESCO - PRUDENCIAL;6;110126,87
202607;3;MT;80075;BRADESCO - PRUDENCIAL;4;23707,63
202607;3;PA;80075;BRADESCO - PRUDENCIAL;9;214357,54
202607;3;PB;80075;BRADESCO - PRUDENCIAL;2;75504,62
202607;3;PE;80075;BRADESCO - PRUDENCIAL;4;24713,76
202607;3;PE;80185;SANTANDER - PRUDENCIAL;2;5525,47
202607;3;PI;80075;BRADESCO - PRUDENCIAL;2;9728,31
202607;3;PR;80075;BRADESCO - PRUDENCIAL;11;229689,20
202607;3;PR;80185;SANTANDER - PRUDENCIAL;1;16960,18
202607;3;RJ;80075;BRADESCO - PRUDENCIAL;22;291663,42
202607;3;RN;80075;BRADESCO - PRUDENCIAL;5;34502,31
202607;3;RS;80075;BRADESCO - PRUDENCIAL;7;41483,39
202607;3;RS;80185;SANTANDER - PRUDENCIAL;5;39542,91
202607;3;SC;80075;BRADESCO - PRUDENCIAL;15;237012,15
202607;3;SC;80185;SANTANDER - PRUDENCIAL;1;10813,64
202607;3;SE;80075;BRADESCO - PRUDENCIAL;3;42133,67
202607;3;SP;80075;BRADESCO - PRUDENCIAL;55;1979600,43
202607;3;SP;80185;SANTANDER - PRUDENCIAL;9;229985,25
202607;3;TO;80075;BRADESCO - PRUDENCIAL;3;52913,13
202607;4;AC;83694;AGIBANK - PRUDENCIAL;11;19804,87
202607;4;AC;80154;BANRISUL - PRUDENCIAL;1;1648,90
202607;4;AC;80329;BB - PRUDENCIAL;139;529404,02
202607;4;AC;81610;BCO CSF S.A. - PRUDENCIAL;43;82063,66
202607;4;AC;81438;BCO TRIANGULO S.A. - PRUDENCIAL;43;26595,80
202607;4;AC;80178;BMG - PRUDENCIAL;2;4072,64
202607;4;AC;80075;BRADESCO - PRUDENCIAL;61;185383,81
202607;4;AC;80336;BTG PACTUAL - PRUDENCIAL;16;29371,73
202607;4;AC;80738;CAIXA ECONÔMICA FEDERAL - PRUDENCIAL;71;145098,16
202607;4;AC;80996;INTER - PRUDENCIAL;24;87761,70
202607;4;AC;80099;ITAU - PRUDENCIAL;99;229358,60
202607;4;AC;84820;MERCADO PAGO IP - PRUDENCIAL;21;18483,54
202607;4;AC;85702;NEON PAGAMENTOS IP - PRUDENCIAL;29;25740,77
202607;4;AC;84693;NU PAGAMENTOS - PRUDENCIAL;540;1192195,72
202607;4;AC;80903;ORIGINAL - PRUDENCIAL;3;5149,68
202607;4;AC;88022;PICPAY - PRUDENCIAL;372;752332,50
202607;4;AC;80185;SANTANDER - PRUDENCIAL;132;185255,32
202607;4;AL;83694;AGIBANK - PRUDENCIAL;6;9967,08
202607;4;AL;84844;BANCO C6 - PRUDENCIAL;17;34074,46
202607;4;AL;80329;BB - PRUDENCIAL;302;970652,99
202607;4;AL;81610;BCO CSF S.A. - PRUDENCIAL;359;516591,95
202607;4;AL;81593;BCO DO NORDESTE DO BRASIL S.A. - PRUDENCIAL;1;9549,26
202607;4;AL;81438;BCO TRIANGULO S.A. - PRUDENCIAL;56;37643,84
202607;4;AL;80178;BMG - PRUDENCIAL;16;29116,67
202607;4;AL;80075;BRADESCO - PRUDENCIAL;302;608364,05
202607;4;AL;80336;BTG PACTUAL - PRUDENCIAL;36;23782,83
202607;4;AL;80738;CAIXA ECONÔMICA FEDERAL - PRUDENCIAL;188;356986,99
202607;4;AL;3412878;CC CREDIRAMA;1;5202,02
202607;4;AL;80996;INTER - PRUDENCIAL;178;758863,18
202607;4;AL;80099;ITAU - PRUDENCIAL;866;1666011,36
202607;4;AL;84820;MERCADO PAGO IP - PRUDENCIAL;39;54621,61
202607;4;AL;85702;NEON PAGAMENTOS IP - PRUDENCIAL;104;79664,28
202607;4;AL;84693;NU PAGAMENTOS - PRUDENCIAL;1662;2729454,95
202607;4;AL;80903;ORIGINAL - PRUDENCIAL;10;12504,14
202607;4;AL;80305;PEFISA S.A. - PRUDENCIAL;59;74497,09
202607;4;AL;88022;PICPAY - PRUDENCIAL;1519;3354879,52
202607;4;AL;80642;PORTO SEGURO - PRUDENCIAL;9;16247,01
202607;4;AL;80109;SAFRA - PRUDENCIAL;1;997,09
202607;4;AL;80185;SANTANDER - PRUDENCIAL;644;982897,38
202607;4;AL;80484;VOTORANTIM - PRUDENCIAL;1;614,23
202607;4;AM;83694;AGIBANK - PRUDENCIAL;25;31230,42
202607;4;AM;84844;BANCO C6 - PRUDENCIAL;9;9078,04
202607;4;AM;80154;BANRISUL - PRUDENCIAL;2;4206,03
202607;4;AM;80329;BB - PRUDENCIAL;122;466708,83
202607;4;AM;81610;BCO CSF S.A. - PRUDENCIAL;535;1071971,96
202607;4;AM;81438;BCO TRIANGULO S.A. - PRUDENCIAL;118;65970,13
202607;4;AM;80178;BMG - PRUDENCIAL;25;54522,42
202607;4;AM;80075;BRADESCO - PRUDENCIAL;1216;3198496,09
202607;4;AM;80336;BTG PACTUAL - PRUDENCIAL;68;74084,65
202607;4;AM;80738;CAIXA ECONÔMICA FEDERAL - PRUDENCIAL;137;224357,97
202607;4;AM;8044854;COOP SICOOB CENTRO;2;3946,25
202607;4;AM;37442605;COOP SICREDI GRANDES RIOS;1;867,16
202607;4;AM;81099491;COOP SICREDI VALE DO PIQUIRI;1;9815,43
202607;4;AM;80996;INTER - PRUDENCIAL;209;828648,52
202607;4;AM;80099;ITAU - PRUDENCIAL;819;1440927,37
202607;4;AM;84820;MERCADO PAGO IP - PRUDENCIAL;49;87599,74
202607;4;AM;85702;NEON PAGAMENTOS IP - PRUDENCIAL;101;85833,73
202607;4;AM;84693;NU PAGAMENTOS - PRUDENCIAL;2060;3862135,55
202607;4;AM;80903;ORIGINAL - PRUDENCIAL;15;12536,42
202607;4;AM;80305;PEFISA S.A. - PRUDENCIAL;4;3341,14
202607;4;AM;88022;PICPAY - PRUDENCIAL;1610;2949333,31
202607;4;AM;80642;PORTO SEGURO - PRUDENCIAL;2;688,25
202607;4;AM;80109;SAFRA - PRUDENCIAL;2;883,04
202607;4;AM;80185;SANTANDER - PRUDENCIAL;702;1034478,51
202607;4;AP;83694;AGIBANK - PRUDENCIAL;2;3604,87
202607;4;AP;84844;BANCO C6 - PRUDENCIAL;4;8505,17
202607;4;AP;80329;BB - PRUDENCIAL;94;367156,16
202607;4;AP;81610;BCO CSF S.A. - PRUDENCIAL;89;130579,89
202607;4;AP;81438;BCO TRIANGULO S.A. - PRUDENCIAL;10;7364,63
202607;4;AP;80178;BMG - PRUDENCIAL;5;14870,81
202607;4;AP;80075;BRADESCO - PRUDENCIAL;70;133247,79
202607;4;AP;80336;BTG PACTUAL - PRUDENCIAL;15;18389,52
202607;4;AP;80738;CAIXA ECONÔMICA FEDERAL - PRUDENCIAL;25;53179,60
202607;4;AP;80996;INTER - PRUDENCIAL;37;162087,98
202607;4;AP;80099;ITAU - PRUDENCIAL;130;208562,52
202607;4;AP;84820;MERCADO PAGO IP - PRUDENCIAL;10;12421,49
202607;4;AP;85702;NEON PAGAMENTOS IP - PRUDENCIAL;22;17627,47
202607;4;AP;84693;NU PAGAMENTOS - PRUDENCIAL;411;710494,61
202607;4;AP;80903;ORIGINAL - PRUDENCIAL;3;1331,67
202607;4;AP;80305;PEFISA S.A. - PRUDENCIAL;2;1971,56
202607;4;AP;88022;PICPAY - PRUDENCIAL;327;600882,24
202607;4;AP;80642;PORTO SEGURO - PRUDENCIAL;2;2534,10
202607;4;AP;80185;SANTANDER - PRUDENCIAL;115;207497,21
202607;4;BA;83694;AGIBANK - PRUDENCIAL;53;67276,33
202607;4;BA;84844;BANCO C6 - PRUDENCIAL;66;130042,49
202607;4;BA;80154;BANRISUL - PRUDENCIAL;4;8853,66
202607;4;BA;80329;BB - PRUDENCIAL;1041;3308055,42
202607;4;BA;81610;BCO CSF S.A. - PRUDENCIAL;1625;2420039,04
202607;4;BA;81438;BCO TRIANGULO S.A. - PRUDENCIAL;94;53543,79
202607;4;BA;80178;BMG - PRUDENCIAL;91;158897,04
202607;4;BA;80075;BRADESCO - PRUDENCIAL;2536;6154124,26
202607;4;BA;80336;BTG PACTUAL - PRUDENCIAL;243;380144,69
202607;4;BA;80738;CAIXA ECONÔMICA FEDERAL - PRUDENCIAL;661;1265227,37
202607;4;BA;3645752;CC CREDISG;1;1378,66
202607;4;BA;2057584;CC SICOOB SERTÃO;2;5897,02
202607;4;BA;78825270;CCLAA SICOOB MAXICRÉDITO;1;2770,92
202607;4;BA;87795639;COOP SICREDI ALIANÇA;1;2597,80
202607;4;BA;26408161;COOP SICREDI CENTRO-SUL MS/BA;7;30529,28
202607;4;BA;90497256;COOP SICREDI INTERESTADOS;1;949,41
202607;4;BA;81192106;COOP SICREDI NOSSA TERRA PR/SP;1;2071,69
202607;4;BA;10736214;COOP SICREDI PLAN CENTRAL;1;3574,26
202607;4;BA;80996;INTER - PRUDENCIAL;760;3537155,66
202607;4;BA;80099;ITAU - PRUDENCIAL;3596;7415543,59
202607;4;BA;84820;MERCADO PAGO IP - PRUDENCIAL;186;289307,40
202607;4;BA;85702;NEON PAGAMENTOS IP - PRUDENCIAL;572;502644,38
202607;4;BA;84693;NU PAGAMENTOS - PRUDENCIAL;7992;14479766,11
202607;4;BA;80903;ORIGINAL - PRUDENCIAL;42;40587,83
202607;4;BA;80305;PEFISA S.A. - PRUDENCIAL;228;279269,64
202607;4;BA;88022;PICPAY - PRUDENCIAL;6904;15184481,56
202607;4;BA;80642;PORTO SEGURO - PRUDENCIAL;41;122242,52
202607;4;BA;80109;SAFRA - PRUDENCIAL;5;3981,09
202607;4;BA;80185;SANTANDER - PRUDENCIAL;2453;3793185,36
202607;4;BA;32430233;SICOOB CONEXÃO;3;18227,83
202607;4;BA;31804966;SICOOB COOPERMAIS;7;25895,81
202607;4;BA;73398646;SOC CC SICOOB COOPERE;2;7786,76
202607;4;BA;80484;VOTORANTIM - PRUDENCIAL;4;2765,42
202607;4;CE;83694;AGIBANK - PRUDENCIAL;32;33563,62
202607;4;CE;84844;BANCO C6 - PRUDENCIAL;44;74458,17
202607;4;CE;80154;BANRISUL - PRUDENCIAL;1;1716,82
202607;4;CE;80329;BB - PRUDENCIAL;811;2695850,38
202607;4;CE;81610;BCO CSF S.A. - PRUDENCIAL;666;1064589,63
202607;4;CE;81438;BCO TRIANGULO S.A. - PRUDENCIAL;69;36278,46
202607;4;CE;80178;BMG - PRUDENCIAL;63;148769,62
202607;4;CE;80075;BRADESCO - PRUDENCIAL;1587;3975466,37
202607;4;CE;80336;BTG PACTUAL - PRUDENCIAL;143;192496,14
202607;4;CE;80738;CAIXA ECONÔMICA FEDERAL - PRUDENCIAL;411;626926,72
202607;4;CE;80996;INTER - PRUDENCIAL;562;3019886,60
202607;4;CE;80099;ITAU - PRUDENCIAL;2080;4467957,90
202607;4;CE;84820;MERCADO PAGO IP - PRUDENCIAL;76;122857,49
202607;4;CE;85702;NEON PAGAMENTOS IP - PRUDENCIAL;329;302789,39
202607;4;CE;84693;NU PAGAMENTOS - PRUDENCIAL;5601;10353164,49
202607;4;CE;80903;ORIGINAL - PRUDENCIAL;29;28364,05
202607;4;CE;80305;PEFISA S.A. - PRUDENCIAL;31;55248,91
202607;4;CE;88022;PICPAY - PRUDENCIAL;3890;9067925,51
202607;4;CE;80642;PORTO SEGURO - PRUDENCIAL;22;43333,36
202607;4;CE;80109;SAFRA - PRUDENCIAL;1;1773,30
202607;4;CE;80185;SANTANDER - PRUDENCIAL;2444;3786969,23
202607;4;CE;80484;VOTORANTIM - PRUDENCIAL;3;1511,37
202607;4;DF;83694;AGIBANK - PRUDENCIAL;17;25978,63
202607;4;DF;84844;BANCO C6 - PRUDENCIAL;28;53091,53
202607;4;DF;80154;BANRISUL - PRUDENCIAL;1;14183,23
202607;4;DF;80329;BB - PRUDENCIAL;217;713738,30
202607;4;DF;81610;BCO CSF S.A. - PRUDENCIAL;435;823020,80
202607;4;DF;81438;BCO TRIANGULO S.A. - PRUDENCIAL;9;3910,76
202607;4;DF;80178;BMG - PRUDENCIAL;20;40276,99
202607;4;DF;80075;BRADESCO - PRUDENCIAL;331;840488,54
202607;4;DF;80336;BTG PACTUAL - PRUDENCIAL;51;60959,30
202607;4;DF;80738;CAIXA ECONÔMICA FEDERAL - PRUDENCIAL;229;469916,28
202607;4;DF;10736214;COOP SICREDI PLAN CENTRAL;1;3253,15
202607;4;DF;87510475;COOP SICREDI ROTA DAS TERRAS;1;1359,97
202607;4;DF;80996;INTER - PRUDENCIAL;327;2135839,18
202607;4;DF;80099;ITAU - PRUDENCIAL;1105;2451244,40
202607;4;DF;84820;MERCADO PAGO IP - PRUDENCIAL;36;47717,41
202607;4;DF;85702;NEON PAGAMENTOS IP - PRUDENCIAL;101;81088,74
202607;4;DF;84693;NU PAGAMENTOS - PRUDENCIAL;2304;5158659,60
202607;4;DF;80903;ORIGINAL - PRUDENCIAL;10;14383,77
202607;4;DF;80305;PEFISA S.A. - PRUDENCIAL;101;129349,23
202607;4;DF;88022;PICPAY - PRUDENCIAL;1354;3512732,67
202607;4;DF;80642;PORTO SEGURO - PRUDENCIAL;7;34538,17
202607;4;DF;80109;SAFRA - PRUDENCIAL;1;694,13
202607;4;DF;80185;SANTANDER - PRUDENCIAL;798;1407093,32
202607;4;DF;80484;VOTORANTIM - PRUDENCIAL;1;993,62
202607;4;ES;83694;AGIBANK - PRUDENCIAL;35;59225,57
202607;4;ES;84844;BANCO C6 - PRUDENCIAL;21;40918,81
202607;4;ES;80329;BB - PRUDENCIAL;205;800467,29
202607;4;ES;81610;BCO CSF S.A. - PRUDENCIAL;267;432870,77
202607;4;ES;81438;BCO TRIANGULO S.A. - PRUDENCIAL;14;9457,77
202607;4;ES;80178;BMG - PRUDENCIAL;40;65899,16
202607;4;ES;80075;BRADESCO - PRUDENCIAL;361;980630,15
202607;4;ES;80336;BTG PACTUAL - PRUDENCIAL;65;85897,53
202607;4;ES;80738;CAIXA ECONÔMICA FEDERAL - PRUDENCIAL;363;747965,72
202607;4;ES;41697103;CC CREDILIVRE LTDA. - SICOOB CREDILIVRE;1;1798,82
202607;4;ES;87795639;COOP SICREDI ALIANÇA;16;50783,55
202607;4;ES;90497256;COOP SICREDI INTERESTADOS;5;23642,40
202607;4;ES;90608712;COOP SICREDI SERRANA RS;6;23024,48
202607;4;ES;88894548;COOP SICREDI UNIÃO RS;19;56573,03
202607;4;ES;80996;INTER - PRUDENCIAL;238;1450790,27
202607;4;ES;80099;ITAU - PRUDENCIAL;831;1801593,63
202607;4;ES;84820;MERCADO PAGO IP - PRUDENCIAL;39;59689,93
202607;4;ES;85702;NEON PAGAMENTOS IP - PRUDENCIAL;91;89691,90
202607;4;ES;84693;NU PAGAMENTOS - PRUDENCIAL;1937;3767774,09
202607;4;ES;80903;ORIGINAL - PRUDENCIAL;49;64706,56
202607;4;ES;80305;PEFISA S.A. - PRUDENCIAL;83;111772,04
202607;4;ES;88022;PICPAY - PRUDENCIAL;2803;6906051,81
202607;4;ES;80642;PORTO SEGURO - PRUDENCIAL;10;56855,76
202607;4;ES;80109;SAFRA - PRUDENCIAL;1;1517,80
202607;4;ES;80185;SANTANDER - PRUDENCIAL;688;1087948,46
202607;4;ES;32430233;SICOOB CONEXÃO;57;270842,81
202607;4;ES;31804966;SICOOB COOPERMAIS;32;113127,00
202607;4;ES;47074323;SICOOB CREDICONSUMO CC;1;398,48
202607;4;ES;3358914;SICOOB CREDIROCHAS;5;16727,47
202607;4;ES;2931668;SICOOB FLUMINENSE;1;302,17
202607;4;ES;32467086;SICOOB SUL;18;72000,20
202607;4;ES;32474884;SICOOB SUL-LITORÂNEO;42;235536,37
202607;4;ES;815319;SICOOB SUL-SERRANO;47;170019,22
202607;4;ES;80484;VOTORANTIM - PRUDENCIAL;2;3653,84
202607;4;GO;83694;AGIBANK - PRUDENCIAL;35;69440,36
202607;4;GO;84844;BANCO C6 - PRUDENCIAL;41;85535,66
202607;4;GO;80154;BANRISUL - PRUDENCIAL;1;1135,54
202607;4;GO;80329;BB - PRUDENCIAL;545;2039224,68
202607;4;GO;81610;BCO CSF S.A. - PRUDENCIAL;885;1557791,34
202607;4;GO;81438;BCO TRIANGULO S.A. - PRUDENCIAL;64;41987,31
202607;4;GO;80178;BMG - PRUDENCIAL;36;57758,10
202607;4;GO;80075;BRADESCO - PRUDENCIAL;1083;3038018,26
202607;4;GO;80336;BTG PACTUAL - PRUDENCIAL;153;213998,93
202607;4;GO;80738;CAIXA ECONÔMICA FEDERAL - PRUDENCIAL;715;1469773,30
202607;4;GO;2935307;CC SICOOB CREDSEGURO LTDA.;1;412,11
202607;4;GO;33579731;CCLA CENTRO-SUL GOIANO;4;16729,46
202607;4;GO;9033698;CCLA DE RIO VERDE E REGIÃO;1;2152,64
202607;4;GO;26960328;CCLA DO TOCANTINS;1;947,51
202607;4;GO;73422792;CCLA RUBIATABA REGIAO;1;1736,62
202607;4;GO;78825270;CCLAA SICOOB MAXICRÉDITO;1;4856,45
202607;4;GO;2282709;COOP CENTRO NORTE BRASILEIRO;1;14383,76
202607;4;GO;79052122;COOP SICREDI ALIANÇA;1;1027,97
202607;4;GO;33021064;COOP SICREDI ARAXINGU;3;6564,78
202607;4;GO;81192106;COOP SICREDI NOSSA TERRA PR/SP;1;994,09
202607;4;GO;10736214;COOP SICREDI PLAN CENTRAL;3;16230,92
202607;4;GO;76059997;COOP SICREDI PROGRESSO PR/SP;1;2729,94
202607;4;GO;87510475;COOP SICREDI ROTA DAS TERRAS;1;835,87
202607;4;GO;80996;INTER - PRUDENCIAL;507;2739835,11
202607;4;GO;80099;ITAU - PRUDENCIAL;2697;6212517,16
202607;4;GO;84820;MERCADO PAGO IP - PRUDENCIAL;103;163552,73
202607;4;GO;85702;NEON PAGAMENTOS IP - PRUDENCIAL;268;257640,05
202607;4;GO;84693;NU PAGAMENTOS - PRUDENCIAL;5249;11689518,21
202607;4;GO;80903;ORIGINAL - PRUDENCIAL;29;29651,45
202607;4;GO;80305;PEFISA S.A. - PRUDENCIAL;147;191493,44
202607;4;GO;88022;PICPAY - PRUDENCIAL;3136;7822263,02
202607;4;GO;80642;PORTO SEGURO - PRUDENCIAL;29;90082,65
202607;4;GO;80109;SAFRA - PRUDENCIAL;2;4668,28
202607;4;GO;80185;SANTANDER - PRUDENCIAL;1370;2289543,48
202607;4;GO;80484;VOTORANTIM - PRUDENCIAL;1;805,21
202607;4;MA;83694;AGIBANK - PRUDENCIAL;21;30783,02
202607;4;MA;84844;BANCO C6 - PRUDENCIAL;16;25142,40
202607;4;MA;80329;BB - PRUDENCIAL;957;3637795,58
202607;4;MA;81610;BCO CSF S.A. - PRUDENCIAL;130;195751,32
202607;4;MA;81438;BCO TRIANGULO S.A. - PRUDENCIAL;16;9639,50
202607;4;MA;80178;BMG - PRUDENCIAL;43;85667,15
202607;4;MA;80075;BRADESCO - PRUDENCIAL;1016;2259063,47
202607;4;MA;80336;BTG PACTUAL - PRUDENCIAL;85;107040,75
202607;4;MA;80738;CAIXA ECONÔMICA FEDERAL - PRUDENCIAL;213;325047,96
202607;4;MA;37442605;COOP SICREDI GRANDES RIOS;1;974,46
202607;4;MA;70431630;COOP SICREDI UNIVALES MT/RO;1;2585,77
202607;4;MA;80996;INTER - PRUDENCIAL;312;1207455,33
202607;4;MA;80099;ITAU - PRUDENCIAL;976;1851974,20
202607;4;MA;84820;MERCADO PAGO IP - PRUDENCIAL;85;119452,24
202607;4;MA;85702;NEON PAGAMENTOS IP - PRUDENCIAL;231;195167,96
202607;4;MA;84693;NU PAGAMENTOS - PRUDENCIAL;4033;7930960,19
202607;4;MA;80903;ORIGINAL - PRUDENCIAL;22;23164,43
202607;4;MA;80305;PEFISA S.A. - PRUDENCIAL;18;17004,39
202607;4;MA;88022;PICPAY - PRUDENCIAL;2179;4215149,41
202607;4;MA;80642;PORTO SEGURO - PRUDENCIAL;5;22977,25
202607;4;MA;80185;SANTANDER - PRUDENCIAL;959;1604537,63
202607;4;MA;80484;VOTORANTIM - PRUDENCIAL;1;243,15
202607;4;MG;83694;AGIBANK - PRUDENCIAL;99;153777,00
202607;4;MG;84844;BANCO C6 - PRUDENCIAL;93;187394,00
202607;4;MG;80154;BANRISUL - PRUDENCIAL;2;4551,25
202607;4;MG;80329;BB - PRUDENCIAL;1480;5080702,03
202607;4;MG;81610;BCO CSF S.A. - PRUDENCIAL;1302;2421441,73
202607;4;MG;81593;BCO DO NORDESTE DO BRASIL S.A. - PRUDENCIAL;1;180480,18
202607;4;MG;81438;BCO TRIANGULO S.A. - PRUDENCIAL;158;94624,76
202607;4;MG;80178;BMG - PRUDENCIAL;155;380824,82
202607;4;MG;80075;BRADESCO - PRUDENCIAL;2592;6713767,50
202607;4;MG;80336;BTG PACTUAL - PRUDENCIAL;318;431798,42
202607;4;MG;80738;CAIXA ECONÔMICA FEDERAL - PRUDENCIAL;1616;3323830,89
202607;4;MG;42873828;CC AGROCREDI LTDA;5;7269,39
202607;4;MG;25353939;CC CREDIALP;4;31122,13
202607;4;MG;23949522;CC CREDICARPA;5;39639,45
202607;4;MG;38588174;CC CREDICOPE;1;2171,56
202607;4;MG;41931445;CC CREDIFOR LTDA;1;3488,96
202607;4;MG;41697103;CC CREDILIVRE LTDA. - SICOOB CREDILIVRE;17;45308,10
202607;4;MG;1152097;CC CREDIMATA;3;15912,78
202607;4;MG;24048910;CC CREDINTER;1;4280,48
202607;4;MG;3412878;CC CREDIRAMA;1;8757,53
202607;4;MG;3645752;CC CREDISG;12;40451,38
202607;4;MG;22656789;CC CREDISUDESTE LTDA;2;8003,17
202607;4;MG;25404542;CC CREDIVAG;11;38967,22
202607;4;MG;803287;CC CREDIVAZ LTDA;3;5175,01
202607;4;MG;42880617;CC SICOOB CREDITIROS;1;1833,37
202607;4;MG;25683475;CCLA VALE DO RIO GRANDE;1;10301,97
202607;4;MG;2335109;CCLA ZONA DA MATA LTDA;2;4143,09
202607;4;MG;87795639;COOP SICREDI ALIANÇA;1;1836,12
202607;4;MG;87900601;COOP SICREDI BOTUCARAÍ RS/MG;5;18887,37
202607;4;MG;90729369;COOP SICREDI CULTURAS RS/MG;8;20226,04
202607;4;MG;82527557;COOP SICREDI FRONTEIR PR/SC/SP;1;3551,32
202607;4;MG;91159764;COOP SICREDI INTEGRAÇÃO RS/MG;6;19803,35
202607;4;MG;90497256;COOP SICREDI INTERESTADOS;1;7012,58
202607;4;MG;87853206;COOP SICREDI OURO BRANCO RS/MG;1;1429,25
202607;4;MG;26529420;COOP SICREDI OURO VERDE MT/PA;1;9061,04
202607;4;MG;95594941;COOP SICREDI REG CENTRO RS/MG;4;6113,87
202607;4;MG;89468565;COOP SICREDI REG PROD RS/SC/MG;10;25154,96
202607;4;MG;87510475;COOP SICREDI ROTA DAS TERRAS;12;44512,73
202607;4;MG;87784088;COOP SICREDI SUL MINAS RS/MG;9;27407,37
202607;4;MG;87780284;COOP SICREDI VL JAGUA ZN MATA;2;4231,47
202607;4;MG;81706616;COOP SICREDI VLR SUSTENT PR/SP;1;1045,33
202607;4;MG;71243034;COOPERATIVA DE CRÉDITO CREDIJEQUITINHONHA LTDA.;9;23500,55
202607;4;MG;80996;INTER - PRUDENCIAL;2065;10516551,66
202607;4;MG;80099;ITAU - PRUDENCIAL;6688;15669109,30
202607;4;MG;84820;MERCADO PAGO IP - PRUDENCIAL;212;353374,44
202607;4;MG;85702;NEON PAGAMENTOS IP - PRUDENCIAL;523;460177,77
202607;4;MG;84693;NU PAGAMENTOS - PRUDENCIAL;12250;25430957,79
202607;4;MG;80903;ORIGINAL - PRUDENCIAL;88;131829,58
202607;4;MG;80305;PEFISA S.A. - PRUDENCIAL;451;565210,36
202607;4;MG;88022;PICPAY - PRUDENCIAL;8134;19727549,02
202607;4;MG;80642;PORTO SEGURO - PRUDENCIAL;59;211419,35
202607;4;MG;80109;SAFRA - PRUDENCIAL;8;15764,88
202607;4;MG;80185;SANTANDER - PRUDENCIAL;4377;6910914,95
202607;4;MG;31804966;SICOOB COOPERMAIS;2;6139,30
202607;4;MG;80484;VOTORANTIM - PRUDENCIAL;13;9118,31
202607;4;MS;83694;AGIBANK - PRUDENCIAL;15;13663,72
202607;4;MS;84844;BANCO C6 - PRUDENCIAL;8;18400,45
202607;4;MS;80329;BB - PRUDENCIAL;408;1408567,36
202607;4;MS;81610;BCO CSF S.A. - PRUDENCIAL;396;627240,11
202607;4;MS;81438;BCO TRIANGULO S.A. - PRUDENCIAL;24;13656,36
202607;4;MS;80178;BMG - PRUDENCIAL;16;42827,73
202607;4;MS;80075;BRADESCO - PRUDENCIAL;706;1861059,10
202607;4;MS;80336;BTG PACTUAL - PRUDENCIAL;71;107724,83
202607;4;MS;80738;CAIXA ECONÔMICA FEDERAL - PRUDENCIAL;299;638266,66
202607;4;MS;5247312;COOP SICOOB BURITIS;1;2696,87
202607;4;MS;5241619;COOP SICOOB PRIMAVERA;4;30895,79
202607;4;MS;26408161;COOP SICREDI CENTRO-SUL MS/BA;52;213912,81
202607;4;MS;91159764;COOP SICREDI INTEGRAÇÃO RS/MG;1;6652,54
202607;4;MS;76059997;COOP SICREDI PROGRESSO PR/SP;1;3724,70
202607;4;MS;81099491;COOP SICREDI VALE DO PIQUIRI;1;9164,47
202607;4;MS;80996;INTER - PRUDENCIAL;179;849407,43
202607;4;MS;80099;ITAU - PRUDENCIAL;698;1549225,59
202607;4;MS;84820;MERCADO PAGO IP - PRUDENCIAL;49;68309,60
202607;4;MS;85702;NEON PAGAMENTOS IP - PRUDENCIAL;84;80286,44
202607;4;MS;84693;NU PAGAMENTOS - PRUDENCIAL;1829;3580516,66
202607;4;MS;80903;ORIGINAL - PRUDENCIAL;15;19940,27
202607;4;MS;80305;PEFISA S.A. - PRUDENCIAL;117;184761,87
202607;4;MS;88022;PICPAY - PRUDENCIAL;1010;2351795,17
202607;4;MS;80642;PORTO SEGURO - PRUDENCIAL;8;25360,13
202607;4;MS;80185;SANTANDER - PRUDENCIAL;649;1061785,44
202607;4;MS;80484;VOTORANTIM - PRUDENCIAL;3;1119,65
202607;4;MT;83694;AGIBANK - PRUDENCIAL;12;33055,18
202607;4;MT;84844;BANCO C6 - PRUDENCIAL;10;27874,24
202607;4;MT;80329;BB - PRUDENCIAL;612;2348279,25
202607;4;MT;81610;BCO CSF S.A. - PRUDENCIAL;501;863018,60
202607;4;MT;81438;BCO TRIANGULO S.A. - PRUDENCIAL;40;31013,12
202607;4;MT;80178;BMG - PRUDENCIAL;16;42527,09
202607;4;MT;80075;BRADESCO - PRUDENCIAL;606;1853830,60
202607;4;MT;80336;BTG PACTUAL - PRUDENCIAL;101;160021,31
202607;4;MT;80738;CAIXA ECONÔMICA FEDERAL - PRUDENCIAL;256;563110,64
202607;4;MT;23623636;CCLA NORTE DE MATO GROSSO - SICOOB NORTE MT;6;22505,96
202607;4;MT;8742188;CCLA UNIÃO E NEGÓCIOS  - SICOOB INTEGRAÇÃO;11;37666,54
202607;4;MT;5241619;COOP SICOOB PRIMAVERA;1;6374,98
202607;4;MT;33021064;COOP SICREDI ARAXINGU;5;17256,76
202607;4;MT;26408161;COOP SICREDI CENTRO-SUL MS/BA;1;1722,77
202607;4;MT;37442605;COOP SICREDI GRANDES RIOS;7;24360,70
202607;4;MT;26529420;COOP SICREDI OURO VERDE MT/PA;73;267901,45
202607;4;MT;10736214;COOP SICREDI PLAN CENTRAL;1;3024,68
202607;4;MT;89468565;COOP SICREDI REG PROD RS/SC/MG;1;5782,46
202607;4;MT;70431630;COOP SICREDI UNIVALES MT/RO;10;41313,46
202607;4;MT;80996;INTER - PRUDENCIAL;257;1395168,55
202607;4;MT;80099;ITAU - PRUDENCIAL;774;1775583,15
202607;4;MT;84820;MERCADO PAGO IP - PRUDENCIAL;54;105632,56
202607;4;MT;85702;NEON PAGAMENTOS IP - PRUDENCIAL;138;142376,96
202607;4;MT;84693;NU PAGAMENTOS - PRUDENCIAL;2456;5362030,40
202607;4;MT;80903;ORIGINAL - PRUDENCIAL;12;13484,32
202607;4;MT;80305;PEFISA S.A. - PRUDENCIAL;73;91762,84
202607;4;MT;88022;PICPAY - PRUDENCIAL;1105;2567111,87
202607;4;MT;80642;PORTO SEGURO - PRUDENCIAL;13;44767,33
202607;4;MT;80185;SANTANDER - PRUDENCIAL;608;1074268,01
202607;4;MT;80484;VOTORANTIM - PRUDENCIAL;2;1317,62
202607;4;PA;83694;AGIBANK - PRUDENCIAL;27;28923,09
202607;4;PA;84844;BANCO C6 - PRUDENCIAL;29;63098,49
202607;4;PA;80154;BANRISUL - PRUDENCIAL;1;3882,86
202607;4;PA;80329;BB - PRUDENCIAL;447;1747729,41
202607;4;PA;81610;BCO CSF S.A. - PRUDENCIAL;454;648202,23
202607;4;PA;81438;BCO TRIANGULO S.A. - PRUDENCIAL;124;73433,15
202607;4;PA;80178;BMG - PRUDENCIAL;36;58133,89
202607;4;PA;80075;BRADESCO - PRUDENCIAL;1173;2819331,53
202607;4;PA;80336;BTG PACTUAL - PRUDENCIAL;162;196875,88
202607;4;PA;80738;CAIXA ECONÔMICA FEDERAL - PRUDENCIAL;281;516452,34
202607;4;PA;83836114;CCLA DO ESTADO DO PARÁ - SICOOB COOESA;1;5301,49
202607;4;PA;26960328;CCLA DO TOCANTINS;1;2080,83
202607;4;PA;5241619;COOP SICOOB PRIMAVERA;1;3357,01
202607;4;PA;37442605;COOP SICREDI GRANDES RIOS;17;61563,38
202607;4;PA;26529420;COOP SICREDI OURO VERDE MT/PA;2;10011,83
202607;4;PA;90608712;COOP SICREDI SERRANA RS;1;1210,23
202607;4;PA;80996;INTER - PRUDENCIAL;404;1798074,97
202607;4;PA;80099;ITAU - PRUDENCIAL;1543;2916197,07
202607;4;PA;84820;MERCADO PAGO IP - PRUDENCIAL;118;205133,99
202607;4;PA;85702;NEON PAGAMENTOS IP - PRUDENCIAL;246;228571,94
202607;4;PA;84693;NU PAGAMENTOS - PRUDENCIAL;4797;8893884,02
202607;4;PA;80903;ORIGINAL - PRUDENCIAL;38;50687,32
202607;4;PA;80305;PEFISA S.A. - PRUDENCIAL;19;25774,96
202607;4;PA;88022;PICPAY - PRUDENCIAL;3082;6143324,86
202607;4;PA;80642;PORTO SEGURO - PRUDENCIAL;5;18618,38
202607;4;PA;80109;SAFRA - PRUDENCIAL;1;2331,43
202607;4;PA;80185;SANTANDER - PRUDENCIAL;1114;1618324,81
202607;4;PA;80484;VOTORANTIM - PRUDENCIAL;3;3818,06
202607;4;PB;83694;AGIBANK - PRUDENCIAL;13;9845,06
202607;4;PB;84844;BANCO C6 - PRUDENCIAL;17;41058,86
202607;4;PB;80329;BB - PRUDENCIAL;326;1050714,54
202607;4;PB;81610;BCO CSF S.A. - PRUDENCIAL;381;672321,49
202607;4;PB;81593;BCO DO NORDESTE DO BRASIL S.A. - PRUDENCIAL;1;8710,15
202607;4;PB;81438;BCO TRIANGULO S.A. - PRUDENCIAL;65;47044,45
202607;4;PB;80178;BMG - PRUDENCIAL;14;25414,57
202607;4;PB;80075;BRADESCO - PRUDENCIAL;661;1785507,82
202607;4;PB;80336;BTG PACTUAL - PRUDENCIAL;55;73516,30
202607;4;PB;80738;CAIXA ECONÔMICA FEDERAL - PRUDENCIAL;117;186812,20
202607;4;PB;3732359;CCLA DE PERNAMBUCO - SICOOB PERNAMBUCO;1;3567,66
202607;4;PB;80996;INTER - PRUDENCIAL;209;928178,90
202607;4;PB;80099;ITAU - PRUDENCIAL;918;2008997,33
202607;4;PB;84820;MERCADO PAGO IP - PRUDENCIAL;38;50878,56
202607;4;PB;85702;NEON PAGAMENTOS IP - PRUDENCIAL;134;112685,87
202607;4;PB;84693;NU PAGAMENTOS - PRUDENCIAL;2169;3911068,63
202607;4;PB;80903;ORIGINAL - PRUDENCIAL;10;9818,39
202607;4;PB;80305;PEFISA S.A. - PRUDENCIAL;15;14999,85
202607;4;PB;88022;PICPAY - PRUDENCIAL;1940;4465659,31
202607;4;PB;80642;PORTO SEGURO - PRUDENCIAL;7;11457,67
202607;4;PB;80185;SANTANDER - PRUDENCIAL;781;1322372,13
202607;4;PB;80484;VOTORANTIM - PRUDENCIAL;2;1900,69
202607;4;PE;83694;AGIBANK - PRUDENCIAL;30;48343,52
202607;4;PE;84844;BANCO C6 - PRUDENCIAL;31;58545,55
202607;4;PE;80154;BANRISUL - PRUDENCIAL;2;6111,19
202607;4;PE;80329;BB - PRUDENCIAL;580;1753850,62
202607;4;PE;81610;BCO CSF S.A. - PRUDENCIAL;1121;1730044,04
202607;4;PE;81593;BCO DO NORDESTE DO BRASIL S.A. - PRUDENCIAL;1;51923,89
202607;4;PE;81438;BCO TRIANGULO S.A. - PRUDENCIAL;71;35540,49
202607;4;PE;80178;BMG - PRUDENCIAL;47;107890,08
202607;4;PE;80075;BRADESCO - PRUDENCIAL;1400;3697702,07
202607;4;PE;80336;BTG PACTUAL - PRUDENCIAL;143;174823,14
202607;4;PE;80738;CAIXA ECONÔMICA FEDERAL - PRUDENCIAL;245;374858,21
202607;4;PE;80996;INTER - PRUDENCIAL;469;2031029,62
202607;4;PE;80099;ITAU - PRUDENCIAL;2568;5397565,09
202607;4;PE;84820;MERCADO PAGO IP - PRUDENCIAL;97;136054,81
202607;4;PE;85702;NEON PAGAMENTOS IP - PRUDENCIAL;301;273466,08
202607;4;PE;84693;NU PAGAMENTOS - PRUDENCIAL;4606;7571463,64
202607;4;PE;80903;ORIGINAL - PRUDENCIAL;28;28392,79
202607;4;PE;80305;PEFISA S.A. - PRUDENCIAL;84;100619,61
202607;4;PE;88022;PICPAY - PRUDENCIAL;4335;9988107,28
202607;4;PE;80642;PORTO SEGURO - PRUDENCIAL;24;56999,98
202607;4;PE;80109;SAFRA - PRUDENCIAL;3;6175,93
202607;4;PE;80185;SANTANDER - PRUDENCIAL;1816;2820755,24
202607;4;PE;80484;VOTORANTIM - PRUDENCIAL;1;410,29
202607;4;PI;83694;AGIBANK - PRUDENCIAL;10;16376,65
202607;4;PI;84844;BANCO C6 - PRUDENCIAL;7;8067,90
202607;4;PI;80329;BB - PRUDENCIAL;421;1430583,40
202607;4;PI;81610;BCO CSF S.A. - PRUDENCIAL;238;396183,01
202607;4;PI;81593;BCO DO NORDESTE DO BRASIL S.A. - PRUDENCIAL;2;11639,03
202607;4;PI;81438;BCO TRIANGULO S.A. - PRUDENCIAL;9;7061,48
202607;4;PI;80178;BMG - PRUDENCIAL;16;31173,10
202607;4;PI;80075;BRADESCO - PRUDENCIAL;320;589337,17
202607;4;PI;80336;BTG PACTUAL - PRUDENCIAL;58;85823,53
202607;4;PI;80738;CAIXA ECONÔMICA FEDERAL - PRUDENCIAL;216;348790,55
202607;4;PI;2338666;CCLA CREDIEMBRAPA;1;2054,77
202607;4;PI;80996;INTER - PRUDENCIAL;150;554395,66
202607;4;PI;80099;ITAU - PRUDENCIAL;666;1361099,23
202607;4;PI;84820;MERCADO PAGO IP - PRUDENCIAL;53;109895,90
202607;4;PI;85702;NEON PAGAMENTOS IP - PRUDENCIAL;129;114294,50
202607;4;PI;84693;NU PAGAMENTOS - PRUDENCIAL;2392;4666776,07
202607;4;PI;80903;ORIGINAL - PRUDENCIAL;16;18320,55
202607;4;PI;80305;PEFISA S.A. - PRUDENCIAL;12;10550,50
202607;4;PI;88022;PICPAY - PRUDENCIAL;1028;2023275,20
202607;4;PI;80642;PORTO SEGURO - PRUDENCIAL;8;22227,28
202607;4;PI;80185;SANTANDER - PRUDENCIAL;605;887720,73
202607;4;PR;83694;AGIBANK - PRUDENCIAL;42;75954,67
202607;4;PR;84844;BANCO C6 - PRUDENCIAL;105;229001,49
202607;4;PR;80154;BANRISUL - PRUDENCIAL;5;14609,91
202607;4;PR;80329;BB - PRUDENCIAL;1410;4710579,28
202607;4;PR;81610;BCO CSF S.A. - PRUDENCIAL;1075;1954679,56
202607;4;PR;81438;BCO TRIANGULO S.A. - PRUDENCIAL;68;49730,76
202607;4;PR;84507;BECKER FINANCEIRA S.A. - CFI - PRUDENCIAL;1;3904,60
202607;4;PR;80178;BMG - PRUDENCIAL;41;105896,67
202607;4;PR;80075;BRADESCO - PRUDENCIAL;1823;5660738,08
202607;4;PR;80336;BTG PACTUAL - PRUDENCIAL;225;416681,04
202607;4;PR;80738;CAIXA ECONÔMICA FEDERAL - PRUDENCIAL;1415;3275749,25
202607;4;PR;7122321;CC INTEGRADO - SICOOB INTEGRADO;26;67075,87
202607;4;PR;6174009;CC SICOOB ALIANÇA;22;40085,85
202607;4;PR;2466552;CC SICOOB VALE SUL;28;71787,09
202607;4;PR;78825270;CCLAA SICOOB MAXICRÉDITO;4;23955,95
202607;4;PR;7097064;COOP SICOOB CONFIANÇA;1;813,75
202607;4;PR;4529074;COOP SICOOB CREDICAPITAL;9;38863,96
202607;4;PR;79457883;COOP SICREDI AGROEMPRESARIAL;31;173684,86
202607;4;PR;79052122;COOP SICREDI ALIANÇA;19;51516,53
202607;4;PR;81466286;COOP SICREDI CAMPOS GERAIS E GRANDE CURITIBA PR/SP;18;60299,18
202607;4;PR;90729369;COOP SICREDI CULTURAS RS/MG;1;3066,22
202607;4;PR;79342069;COOP SICREDI DEXIS;73;232964,54
202607;4;PR;7070495;COOP SICREDI EMPREENDEDORES;2;16292,43
202607;4;PR;82527557;COOP SICREDI FRONTEIR PR/SC/SP;5;43985,35
202607;4;PR;84974278;COOP SICREDI IGUAÇU PR/SC E REGIÃO METROP. DE CAMPINAS/SP;11;52030,95
202607;4;PR;79063574;COOP SICREDI NORTE SUL;3;14514,68
202607;4;PR;81192106;COOP SICREDI NOSSA TERRA PR/SP;14;71453,18
202607;4;PR;79086997;COOP SICREDI PARANAPANEMA SERRANA PR/SP/RJ;40;116505,98
202607;4;PR;77984870;COOP SICREDI PLANALT DAS ÁGUAS;2;10226,20
202607;4;PR;76059997;COOP SICREDI PROGRESSO PR/SP;13;62527,95
202607;4;PR;89468565;COOP SICREDI REG PROD RS/SC/MG;1;1593,88
202607;4;PR;82065285;COOP SICREDI SOMA;2;115429,49
202607;4;PR;81099491;COOP SICREDI VALE DO PIQUIRI;48;193492,19
202607;4;PR;78414067;COOP SICREDI VANGUARDA PR/SP/RJ;13;60429,43
202607;4;PR;81706616;COOP SICREDI VLR SUSTENT PR/SP;24;63438,30
202607;4;PR;5888589;COOP SUL;42;123792,00
202607;4;PR;80996;INTER - PRUDENCIAL;597;3564240,41
202607;4;PR;80099;ITAU - PRUDENCIAL;4225;9401977,41
202607;4;PR;84820;MERCADO PAGO IP - PRUDENCIAL;126;194958,86
202607;4;PR;85702;NEON PAGAMENTOS IP - PRUDENCIAL;310;302843,57
202607;4;PR;84693;NU PAGAMENTOS - PRUDENCIAL;7014;14760813,75
202607;4;PR;80903;ORIGINAL - PRUDENCIAL;67;101995,34
202607;4;PR;80305;PEFISA S.A. - PRUDENCIAL;388;512892,55
202607;4;PR;88022;PICPAY - PRUDENCIAL;2807;6020203,11
202607;4;PR;80642;PORTO SEGURO - PRUDENCIAL;41;125945,96
202607;4;PR;80109;SAFRA - PRUDENCIAL;7;17287,56
202607;4;PR;80185;SANTANDER - PRUDENCIAL;2249;3687106,06
202607;4;PR;80484;VOTORANTIM - PRUDENCIAL;12;9140,89
202607;4;RJ;83694;AGIBANK - PRUDENCIAL;86;153024,52
202607;4;RJ;84844;BANCO C6 - PRUDENCIAL;85;175259,57
202607;4;RJ;80154;BANRISUL - PRUDENCIAL;3;6408,49
202607;4;RJ;80329;BB - PRUDENCIAL;538;1528189,48
202607;4;RJ;81610;BCO CSF S.A. - PRUDENCIAL;2308;3887128,42
202607;4;RJ;81438;BCO TRIANGULO S.A. - PRUDENCIAL;54;38314,29
202607;4;RJ;80178;BMG - PRUDENCIAL;110;274848,87
202607;4;RJ;80075;BRADESCO - PRUDENCIAL;3247;8609464,34
202607;4;RJ;80336;BTG PACTUAL - PRUDENCIAL;272;332724,23
202607;4;RJ;80738;CAIXA ECONÔMICA FEDERAL - PRUDENCIAL;729;1238931,58
202607;4;RJ;41697103;CC CREDILIVRE LTDA. - SICOOB CREDILIVRE;1;2027,30
202607;4;RJ;26014175;CC GUARANICREDI;1;2228,05
202607;4;RJ;2335109;CCLA ZONA DA MATA LTDA;1;9281,31
202607;4;RJ;78840071;COOP SICOOB CREDIAUC;1;10341,58
202607;4;RJ;79086997;COOP SICREDI PARANAPANEMA SERRANA PR/SP/RJ;4;7802,83
202607;4;RJ;78414067;COOP SICREDI VANGUARDA PR/SP/RJ;2;3547,32
202607;4;RJ;80996;INTER - PRUDENCIAL;977;4731796,87
202607;4;RJ;80099;ITAU - PRUDENCIAL;7833;16765869,28
202607;4;RJ;84820;MERCADO PAGO IP - PRUDENCIAL;233;376083,43
202607;4;RJ;85702;NEON PAGAMENTOS IP - PRUDENCIAL;446;376208,71
202607;4;RJ;84693;NU PAGAMENTOS - PRUDENCIAL;9013;16198512,22
202607;4;RJ;80903;ORIGINAL - PRUDENCIAL;88;126792,21
202607;4;RJ;80305;PEFISA S.A. - PRUDENCIAL;525;633739,66
202607;4;RJ;88022;PICPAY - PRUDENCIAL;7950;19469782,08
202607;4;RJ;80642;PORTO SEGURO - PRUDENCIAL;57;145733,20
202607;4;RJ;80109;SAFRA - PRUDENCIAL;7;8654,57
202607;4;RJ;80185;SANTANDER - PRUDENCIAL;4960;7852831,37
202607;4;RJ;47074323;SICOOB CREDICONSUMO CC;1;341,99
202607;4;RJ;3358914;SICOOB CREDIROCHAS;9;30430,56
202607;4;RJ;2931668;SICOOB FLUMINENSE;18;33840,35
202607;4;RJ;32467086;SICOOB SUL;11;16466,68
202607;4;RJ;32474884;SICOOB SUL-LITORÂNEO;2;1765,55
202607;4;RJ;80484;VOTORANTIM - PRUDENCIAL;9;12331,15
202607;4;RN;83694;AGIBANK - PRUDENCIAL;20;34652,58
202607;4;RN;84844;BANCO C6 - PRUDENCIAL;15;11028,64
202607;4;RN;80329;BB - PRUDENCIAL;471;1548721,43
202607;4;RN;81610;BCO CSF S.A. - PRUDENCIAL;437;755488,27
202607;4;RN;81593;BCO DO NORDESTE DO BRASIL S.A. - PRUDENCIAL;2;139779,46
202607;4;RN;81438;BCO TRIANGULO S.A. - PRUDENCIAL;85;56033,45
202607;4;RN;80178;BMG - PRUDENCIAL;16;30577,89
202607;4;RN;80075;BRADESCO - PRUDENCIAL;399;908689,56
202607;4;RN;80336;BTG PACTUAL - PRUDENCIAL;72;83870,05
202607;4;RN;80738;CAIXA ECONÔMICA FEDERAL - PRUDENCIAL;167;259235,98
202607;4;RN;89468565;COOP SICREDI REG PROD RS/SC/MG;1;3728,75
202607;4;RN;80996;INTER - PRUDENCIAL;215;1033509,07
202607;4;RN;80099;ITAU - PRUDENCIAL;849;1905250,79
202607;4;RN;84820;MERCADO PAGO IP - PRUDENCIAL;34;46448,10
202607;4;RN;85702;NEON PAGAMENTOS IP - PRUDENCIAL;132;122934,25
202607;4;RN;84693;NU PAGAMENTOS - PRUDENCIAL;2009;3534840,98
202607;4;RN;80903;ORIGINAL - PRUDENCIAL;18;18544,13
202607;4;RN;80305;PEFISA S.A. - PRUDENCIAL;17;17140,45
202607;4;RN;88022;PICPAY - PRUDENCIAL;1799;4251997,92
202607;4;RN;80642;PORTO SEGURO - PRUDENCIAL;11;49085,08
202607;4;RN;80109;SAFRA - PRUDENCIAL;2;10096,39
202607;4;RN;80185;SANTANDER - PRUDENCIAL;699;1067969,42
202607;4;RN;80484;VOTORANTIM - PRUDENCIAL;1;1526,04
202607;4;RO;83694;AGIBANK - PRUDENCIAL;9;15842,54
202607;4;RO;84844;BANCO C6 - PRUDENCIAL;5;16790,65
202607;4;RO;80329;BB - PRUDENCIAL;273;929446,74
202607;4;RO;81610;BCO CSF S.A. - PRUDENCIAL;139;203622,12
202607;4;RO;81438;BCO TRIANGULO S.A. - PRUDENCIAL;34;18869,18
202607;4;RO;80178;BMG - PRUDENCIAL;6;13311,41
202607;4;RO;80075;BRADESCO - PRUDENCIAL;201;693396,03
202607;4;RO;80336;BTG PACTUAL - PRUDENCIAL;28;39020,38
202607;4;RO;80738;CAIXA ECONÔMICA FEDERAL - PRUDENCIAL;172;413871,50
202607;4;RO;2282709;COOP CENTRO NORTE BRASILEIRO;2;9205,21
202607;4;RO;8044854;COOP SICOOB CENTRO;9;42789,22
202607;4;RO;37442605;COOP SICREDI GRANDES RIOS;1;1501,42
202607;4;RO;70431630;COOP SICREDI UNIVALES MT/RO;11;30068,67
202607;4;RO;80996;INTER - PRUDENCIAL;111;450518,82
202607;4;RO;80099;ITAU - PRUDENCIAL;255;475501,37
202607;4;RO;84820;MERCADO PAGO IP - PRUDENCIAL;20;52035,22
202607;4;RO;85702;NEON PAGAMENTOS IP - PRUDENCIAL;52;40461,55
202607;4;RO;84693;NU PAGAMENTOS - PRUDENCIAL;1287;2718771,56
202607;4;RO;80903;ORIGINAL - PRUDENCIAL;13;13764,31
202607;4;RO;80305;PEFISA S.A. - PRUDENCIAL;3;3113,93
202607;4;RO;88022;PICPAY - PRUDENCIAL;620;1224840,84
202607;4;RO;80642;PORTO SEGURO - PRUDENCIAL;4;3330,24
202607;4;RO;80109;SAFRA - PRUDENCIAL;1;1851,35
202607;4;RO;80185;SANTANDER - PRUDENCIAL;226;434159,26
202607;4;RO;3632872;SICOOB CREDISUL;1;1991,05
202607;4;RO;80484;VOTORANTIM - PRUDENCIAL;1;615,65
202607;4;RR;83694;AGIBANK - PRUDENCIAL;5;6234,25
202607;4;RR;84844;BANCO C6 - PRUDENCIAL;1;3194,63
202607;4;RR;80154;BANRISUL - PRUDENCIAL;15;27350,15
202607;4;RR;80329;BB - PRUDENCIAL;124;501803,21
202607;4;RR;81610;BCO CSF S.A. - PRUDENCIAL;90;116796,36
202607;4;RR;81438;BCO TRIANGULO S.A. - PRUDENCIAL;13;6020,33
202607;4;RR;80178;BMG - PRUDENCIAL;3;5902,71
202607;4;RR;80075;BRADESCO - PRUDENCIAL;69;159199,40
202607;4;RR;80336;BTG PACTUAL - PRUDENCIAL;13;23458,37
202607;4;RR;80738;CAIXA ECONÔMICA FEDERAL - PRUDENCIAL;42;58775,41
202607;4;RR;79052122;COOP SICREDI ALIANÇA;1;4551,54
202607;4;RR;87795639;COOP SICREDI ALIANÇA;3;16132,67
202607;4;RR;92555150;COOP SICREDI ALT SERRA RS/SC;1;1205,98
202607;4;RR;89468565;COOP SICREDI REG PROD RS/SC/MG;2;5082,39
202607;4;RR;80996;INTER - PRUDENCIAL;45;265789,46
202607;4;RR;80099;ITAU - PRUDENCIAL;177;306085,91
202607;4;RR;84820;MERCADO PAGO IP - PRUDENCIAL;14;16447,04
202607;4;RR;85702;NEON PAGAMENTOS IP - PRUDENCIAL;20;14212,48
202607;4;RR;84693;NU PAGAMENTOS - PRUDENCIAL;422;828022,04
202607;4;RR;80903;ORIGINAL - PRUDENCIAL;5;7182,77
202607;4;RR;80305;PEFISA S.A. - PRUDENCIAL;4;3334,69
202607;4;RR;88022;PICPAY - PRUDENCIAL;372;588657,43
202607;4;RR;80185;SANTANDER - PRUDENCIAL;162;282777,90
202607;4;RS;83694;AGIBANK - PRUDENCIAL;85;146979,55
202607;4;RS;84844;BANCO C6 - PRUDENCIAL;32;52952,64
202607;4;RS;80154;BANRISUL - PRUDENCIAL;1935;6613937,07
202607;4;RS;80329;BB - PRUDENCIAL;911;3000040,67
202607;4;RS;81610;BCO CSF S.A. - PRUDENCIAL;1211;2191413,08
202607;4;RS;81438;BCO TRIANGULO S.A. - PRUDENCIAL;98;66485,73
202607;4;RS;84507;BECKER FINANCEIRA S.A. - CFI - PRUDENCIAL;44;67670,97
202607;4;RS;80178;BMG - PRUDENCIAL;54;177290,19
202607;4;RS;80075;BRADESCO - PRUDENCIAL;987;2921804,96
202607;4;RS;80336;BTG PACTUAL - PRUDENCIAL;133;168282,51
202607;4;RS;80738;CAIXA ECONÔMICA FEDERAL - PRUDENCIAL;1314;2778505,43
202607;4;RS;2466552;CC SICOOB VALE SUL;19;43594,66
202607;4;RS;81016131;CCLA VALE DO VINHO;1;3566,78
202607;4;RS;81014060;CCLAA ITAIPU SICOOB CREDITAIPU;11;38637,15
202607;4;RS;78825270;CCLAA SICOOB MAXICRÉDITO;45;139651,67
202607;4;RS;89280960;CECM DOS EMPR DAS EMP RANDON;1;1257,42
202607;4;RS;88530142;COOP DE CRED E INVEST LIBERDADE - SICREDI LIBERDADE;3;17975,62
202607;4;RS;7097064;COOP SICOOB CONFIANÇA;1;1341,79
202607;4;RS;78840071;COOP SICOOB CREDIAUC;1;3621,10
202607;4;RS;87795639;COOP SICREDI ALIANÇA;21;99607,37
202607;4;RS;92555150;COOP SICREDI ALT SERRA RS/SC;60;267178,10
202607;4;RS;87900601;COOP SICREDI BOTUCARAÍ RS/MG;1;4071,71
202607;4;RS;95213211;COOP SICREDI CAMINHO DAS ÁGUAS RS;18;60205,71
202607;4;RS;87067757;COOP SICREDI CENTRO SERRA;1;66852,88
202607;4;RS;19962468;COOP SICREDI COOABCRED RS;1;1604,47
202607;4;RS;90729369;COOP SICREDI CULTURAS RS/MG;37;120742,73
202607;4;RS;79342069;COOP SICREDI DEXIS;1;1364,31
202607;4;RS;4525997;COOP SICREDI EDUCAÇÃO RS;1;2218,53
202607;4;RS;88471024;COOP SICREDI GERAÇÕES RS/MG;3;10476,93
202607;4;RS;91159764;COOP SICREDI INTEGRAÇÃO RS/MG;10;45423,12
202607;4;RS;90497256;COOP SICREDI INTERESTADOS;14;64071,87
202607;4;RS;87853206;COOP SICREDI OURO BRANCO RS/MG;17;79462,49
202607;4;RS;91586982;COOP SICREDI PIONEIRA RS;7;41637,18
202607;4;RS;95594941;COOP SICREDI REG CENTRO RS/MG;12;47962,98
202607;4;RS;89468565;COOP SICREDI REG PROD RS/SC/MG;15;74765,66
202607;4;RS;89126130;COOP SICREDI REGIÃO DOS VALES;19;120252,56
202607;4;RS;87510475;COOP SICREDI ROTA DAS TERRAS;18;94259,13
202607;4;RS;90608712;COOP SICREDI SERRANA RS;68;281613,53
202607;4;RS;87784088;COOP SICREDI SUL MINAS RS/MG;6;37299,96
202607;4;RS;3793242;COOP SICREDI SUL SC;1;531,74
202607;4;RS;88894548;COOP SICREDI UNIÃO RS;22;57734,29
202607;4;RS;95424891;COOP SICREDI VALE DO RIO PARDO;10;23412,32
202607;4;RS;10348181;COOP SICREDI VALE LITORAL SC;2;3974,60
202607;4;RS;87780284;COOP SICREDI VL JAGUA ZN MATA;7;38233,55
202607;4;RS;87733770;COOP. CRED. POUP. INVEST. CONEXÃO;1;94039,41
202607;4;RS;80996;INTER - PRUDENCIAL;628;3339608,67
202607;4;RS;80099;ITAU - PRUDENCIAL;2883;6388705,53
202607;4;RS;84820;MERCADO PAGO IP - PRUDENCIAL;106;137865,74
202607;4;RS;85702;NEON PAGAMENTOS IP - PRUDENCIAL;211;193493,86
202607;4;RS;84693;NU PAGAMENTOS - PRUDENCIAL;6327;13307498,41
202607;4;RS;80903;ORIGINAL - PRUDENCIAL;37;72342,26
202607;4;RS;80305;PEFISA S.A. - PRUDENCIAL;176;242578,58
202607;4;RS;88022;PICPAY - PRUDENCIAL;1931;4294052,75
202607;4;RS;80642;PORTO SEGURO - PRUDENCIAL;27;83783,01
202607;4;RS;80185;SANTANDER - PRUDENCIAL;2359;3899870,93
202607;4;RS;87781530;SICREDI INTEGRAÇÃO DE ESTADOS RS/SC/MG;9;32646,47
202607;4;RS;80484;VOTORANTIM - PRUDENCIAL;7;7769,87
202607;4;SC;83694;AGIBANK - PRUDENCIAL;29;61766,16
202607;4;SC;84844;BANCO C6 - PRUDENCIAL;61;100558,36
202607;4;SC;80154;BANRISUL - PRUDENCIAL;79;233707,15
202607;4;SC;80329;BB - PRUDENCIAL;1039;4025477,17
202607;4;SC;81610;BCO CSF S.A. - PRUDENCIAL;363;660572,72
202607;4;SC;81438;BCO TRIANGULO S.A. - PRUDENCIAL;134;95107,94
202607;4;SC;84507;BECKER FINANCEIRA S.A. - CFI - PRUDENCIAL;2;2002,23
202607;4;SC;80178;BMG - PRUDENCIAL;23;48828,36
202607;4;SC;80075;BRADESCO - PRUDENCIAL;1045;3006534,24
202607;4;SC;80336;BTG PACTUAL - PRUDENCIAL;112;158664,43
202607;4;SC;80738;CAIXA ECONÔMICA FEDERAL - PRUDENCIAL;963;2059089,68
202607;4;SC;7122321;CC INTEGRADO - SICOOB INTEGRADO;1;2086,95
202607;4;SC;2466552;CC SICOOB VALE SUL;1;3987,04
202607;4;SC;81016131;CCLA VALE DO VINHO;2;3334,51
202607;4;SC;81014060;CCLAA ITAIPU SICOOB CREDITAIPU;4;14190,94
202607;4;SC;78825270;CCLAA SICOOB MAXICRÉDITO;102;356847,05
202607;4;SC;78840071;COOP SICOOB CREDIAUC;7;18717,88
202607;4;SC;87795639;COOP SICREDI ALIANÇA;33;106193,54
202607;4;SC;92555150;COOP SICREDI ALT SERRA RS/SC;23;57547,26
202607;4;SC;82527557;COOP SICREDI FRONTEIR PR/SC/SP;4;8675,93
202607;4;SC;88471024;COOP SICREDI GERAÇÕES RS/MG;1;3064,29
202607;4;SC;81115149;COOP SICREDI GRANDES LAGOS;1;1629,13
202607;4;SC;26529420;COOP SICREDI OURO VERDE MT/PA;1;4496,83
202607;4;SC;76059997;COOP SICREDI PROGRESSO PR/SP;1;5642,17
202607;4;SC;89468565;COOP SICREDI REG PROD RS/SC/MG;30;128210,80
202607;4;SC;3793242;COOP SICREDI SUL SC;7;19401,53
202607;4;SC;10348181;COOP SICREDI VALE LITORAL SC;29;142739,26
202607;4;SC;5888589;COOP SUL;4;7873,33
202607;4;SC;80996;INTER - PRUDENCIAL;396;2408303,96
202607;4;SC;80099;ITAU - PRUDENCIAL;1909;4530221,35
202607;4;SC;84820;MERCADO PAGO IP - PRUDENCIAL;60;98148,59
202607;4;SC;85702;NEON PAGAMENTOS IP - PRUDENCIAL;142;129860,78
202607;4;SC;84693;NU PAGAMENTOS - PRUDENCIAL;4121;9325075,32
202607;4;SC;80903;ORIGINAL - PRUDENCIAL;38;58713,37
202607;4;SC;80305;PEFISA S.A. - PRUDENCIAL;96;112879,02
202607;4;SC;88022;PICPAY - PRUDENCIAL;1919;4631258,34
202607;4;SC;80642;PORTO SEGURO - PRUDENCIAL;25;106491,87
202607;4;SC;80185;SANTANDER - PRUDENCIAL;1366;2287284,55
202607;4;SC;32467086;SICOOB SUL;1;1233,06
202607;4;SC;87781530;SICREDI INTEGRAÇÃO DE ESTADOS RS/SC/MG;2;5756,90
202607;4;SC;80484;VOTORANTIM - PRUDENCIAL;4;3553,12
202607;4;SE;83694;AGIBANK - PRUDENCIAL;3;6756,54
202607;4;SE;84844;BANCO C6 - PRUDENCIAL;13;17579,14
202607;4;SE;80329;BB - PRUDENCIAL;157;506907,04
202607;4;SE;81610;BCO CSF S.A. - PRUDENCIAL;159;224175,55
202607;4;SE;81593;BCO DO NORDESTE DO BRASIL S.A. - PRUDENCIAL;1;5681,04
202607;4;SE;81438;BCO TRIANGULO S.A. - PRUDENCIAL;11;6819,70
202607;4;SE;80178;BMG - PRUDENCIAL;16;14824,55
202607;4;SE;80075;BRADESCO - PRUDENCIAL;194;386693,01
202607;4;SE;80336;BTG PACTUAL - PRUDENCIAL;53;63131,57
202607;4;SE;80738;CAIXA ECONÔMICA FEDERAL - PRUDENCIAL;143;239591,97
202607;4;SE;10348181;COOP SICREDI VALE LITORAL SC;1;4034,30
202607;4;SE;80996;INTER - PRUDENCIAL;171;980284,84
202607;4;SE;80099;ITAU - PRUDENCIAL;561;1177154,56
202607;4;SE;84820;MERCADO PAGO IP - PRUDENCIAL;22;40539,91
202607;4;SE;85702;NEON PAGAMENTOS IP - PRUDENCIAL;101;95515,55
202607;4;SE;84693;NU PAGAMENTOS - PRUDENCIAL;1311;2149692,37
202607;4;SE;80903;ORIGINAL - PRUDENCIAL;12;15144,68
202607;4;SE;80305;PEFISA S.A. - PRUDENCIAL;29;34244,54
202607;4;SE;88022;PICPAY - PRUDENCIAL;1228;2787306,20
202607;4;SE;80642;PORTO SEGURO - PRUDENCIAL;9;27391,70
202607;4;SE;80185;SANTANDER - PRUDENCIAL;460;762431,09
202607;4;SE;80484;VOTORANTIM - PRUDENCIAL;1;233,72
202607;4;SP;83694;AGIBANK - PRUDENCIAL;241;388656,79
202607;4;SP;84844;BANCO C6 - PRUDENCIAL;396;747116,05
202607;4;SP;80154;BANRISUL - PRUDENCIAL;3;3627,31
202607;4;SP;80329;BB - PRUDENCIAL;3581;11523419,33
202607;4;SP;81610;BCO CSF S.A. - PRUDENCIAL;9316;16456031,52
202607;4;SP;81438;BCO TRIANGULO S.A. - PRUDENCIAL;332;208496,99
202607;4;SP;80178;BMG - PRUDENCIAL;272;700284,89
202607;4;SP;80075;BRADESCO - PRUDENCIAL;11474;30447958,58
202607;4;SP;80336;BTG PACTUAL - PRUDENCIAL;1060;1454419,58
202607;4;SP;80738;CAIXA ECONÔMICA FEDERAL - PRUDENCIAL;3819;7004655,70
202607;4;SP;42873828;CC AGROCREDI LTDA;6;13810,83
202607;4;SP;24048910;CC CREDINTER;2;7275,21
202607;4;SP;7122321;CC INTEGRADO - SICOOB INTEGRADO;7;11231,83
202607;4;SP;2466552;CC SICOOB VALE SUL;1;1214,07
202607;4;SP;10262276;CCLA DO ESTADO DE SÃO PAULO - SICOOB PAULISTA;1;4552,42
202607;4;SP;259231;CCLA SICOOB UNIMAIS METROPOLITANA;2;7703,18
202607;4;SP;81014060;CCLAA ITAIPU SICOOB CREDITAIPU;1;8842,87
202607;4;SP;4833655;CECM SICOOB METALCRED;1;3485,77
202607;4;SP;69346856;COOP SICOOB CREDIMOGIANA;1;1019,19
202607;4;SP;79457883;COOP SICREDI AGROEMPRESARIAL;10;24285,46
202607;4;SP;87795639;COOP SICREDI ALIANÇA;1;1124,11
202607;4;SP;79052122;COOP SICREDI ALIANÇA;40;108723,89
202607;4;SP;4484490;COOP SICREDI ALTA NOROESTE SP;4;14208,08
202607;4;SP;81466286;COOP SICREDI CAMPOS GERAIS E GRANDE CURITIBA PR/SP;3;4038,27
202607;4;SP;79342069;COOP SICREDI DEXIS;41;125002,39
202607;4;SP;82527557;COOP SICREDI FRONTEIR PR/SC/SP;9;29978,43
202607;4;SP;81115149;COOP SICREDI GRANDES LAGOS;1;1939,43
202607;4;SP;84974278;COOP SICREDI IGUAÇU PR/SC E REGIÃO METROP. DE CAMPINAS/SP;5;9132,46
202607;4;SP;73113243;COOP SICREDI MORADA DO SOL SP;1;1130,75
202607;4;SP;81192106;COOP SICREDI NOSSA TERRA PR/SP;15;56049,43
202607;4;SP;79086997;COOP SICREDI PARANAPANEMA SERRANA PR/SP/RJ;13;26664,27
202607;4;SP;77984870;COOP SICREDI PLANALT DAS ÁGUAS;1;1938,42
202607;4;SP;76059997;COOP SICREDI PROGRESSO PR/SP;2;3629,74
202607;4;SP;89468565;COOP SICREDI REG PROD RS/SC/MG;2;4519,07
202607;4;SP;70431630;COOP SICREDI UNIVALES MT/RO;1;980,94
202607;4;SP;81099491;COOP SICREDI VALE DO PIQUIRI;2;3011,84
202607;4;SP;78414067;COOP SICREDI VANGUARDA PR/SP/RJ;9;21820,54
202607;4;SP;81706616;COOP SICREDI VLR SUSTENT PR/SP;18;75025,65
202607;4;SP;2179673;COOPERATIVA DE CRÉDITO LIVRE ADMISSÃO SICOOB OURICRED;1;4012,43
202607;4;SP;80996;INTER - PRUDENCIAL;3321;19702209,00
202607;4;SP;80099;ITAU - PRUDENCIAL;23067;51804424,12
202607;4;SP;84820;MERCADO PAGO IP - PRUDENCIAL;649;950519,72
202607;4;SP;85702;NEON PAGAMENTOS IP - PRUDENCIAL;1461;1445832,45
202607;4;SP;84693;NU PAGAMENTOS - PRUDENCIAL;31889;62991229,04
202607;4;SP;80903;ORIGINAL - PRUDENCIAL;228;401911,68
202607;4;SP;80305;PEFISA S.A. - PRUDENCIAL;2332;2921664,57
202607;4;SP;88022;PICPAY - PRUDENCIAL;12433;26180309,47
202607;4;SP;80642;PORTO SEGURO - PRUDENCIAL;549;1979247,39
202607;4;SP;80109;SAFRA - PRUDENCIAL;42;101181,85
202607;4;SP;80185;SANTANDER - PRUDENCIAL;19127;31715950,42
202607;4;SP;80484;VOTORANTIM - PRUDENCIAL;40;24423,27
202607;4;TO;83694;AGIBANK - PRUDENCIAL;5;9378,67
202607;4;TO;84844;BANCO C6 - PRUDENCIAL;2;1814,16
202607;4;TO;80329;BB - PRUDENCIAL;348;1624225,94
202607;4;TO;81610;BCO CSF S.A. - PRUDENCIAL;96;181796,01
202607;4;TO;81438;BCO TRIANGULO S.A. - PRUDENCIAL;11;10149,31
202607;4;TO;80178;BMG - PRUDENCIAL;4;4982,98
202607;4;TO;80075;BRADESCO - PRUDENCIAL;318;921223,82
202607;4;TO;80336;BTG PACTUAL - PRUDENCIAL;19;33540,25
202607;4;TO;80738;CAIXA ECONÔMICA FEDERAL - PRUDENCIAL;75;192075,77
202607;4;TO;26960328;CCLA DO TOCANTINS;13;43254,09
202607;4;TO;80996;INTER - PRUDENCIAL;105;553601,23
202607;4;TO;80099;ITAU - PRUDENCIAL;212;443708,86
202607;4;TO;84820;MERCADO PAGO IP - PRUDENCIAL;27;52263,99
202607;4;TO;85702;NEON PAGAMENTOS IP - PRUDENCIAL;52;38738,30
202607;4;TO;84693;NU PAGAMENTOS - PRUDENCIAL;1057;2208894,07
202607;4;TO;80903;ORIGINAL - PRUDENCIAL;6;5843,54
202607;4;TO;80305;PEFISA S.A. - PRUDENCIAL;9;10328,89
202607;4;TO;88022;PICPAY - PRUDENCIAL;548;1073978,46
202607;4;TO;80642;PORTO SEGURO - PRUDENCIAL;2;3916,99
202607;4;TO;80109;SAFRA - PRUDENCIAL;1;4339,82
202607;4;TO;80185;SANTANDER - PRUDENCIAL;198;329062,38
